"Date","Price","Open","High","Low","Vol.","Change %"
"06/02/1988","100.02","100.02","100.02","100.02","","0.02%"
"06/03/1988","100.04","100.04","100.04","100.04","","0.02%"
"06/06/1988","100.09","100.09","100.09","100.09","","0.05%"
"06/07/1988","100.11","100.11","100.11","100.11","","0.02%"
"06/08/1988","100.13","100.13","100.13","100.13","","0.02%"
"06/09/1988","100.15","100.15","100.15","100.15","","0.02%"
"06/10/1988","100.16","100.16","100.16","100.16","","0.01%"
"06/13/1988","100.22","100.22","100.22","100.22","","0.06%"
"06/14/1988","100.24","100.24","100.24","100.24","","0.02%"
"06/15/1988","100.25","100.25","100.25","100.25","","0.01%"
"06/16/1988","100.27","100.27","100.27","100.27","","0.02%"
"06/17/1988","100.20","100.20","100.20","100.20","","-0.07%"
"06/20/1988","100.18","100.18","100.18","100.18","","-0.02%"
"06/21/1988","100.72","100.72","100.72","100.72","","0.54%"
"06/22/1988","101.31","101.31","101.31","101.31","","0.59%"
"06/23/1988","101.26","101.26","101.26","101.26","","-0.05%"
"06/24/1988","101.04","101.04","101.04","101.04","","-0.22%"
"06/27/1988","100.29","100.29","100.29","100.29","","-0.74%"
"06/28/1988","101.04","101.04","101.04","101.04","","0.75%"
"06/29/1988","100.99","100.99","100.99","100.99","","-0.05%"
"06/30/1988","101.48","101.48","101.48","101.48","","0.49%"
"07/01/1988","101.34","101.34","101.34","101.34","","-0.14%"
"07/05/1988","102.05","102.05","102.05","102.05","","0.70%"
"07/06/1988","101.45","101.45","101.45","101.45","","-0.59%"
"07/07/1988","101.64","101.64","101.64","101.64","","0.19%"
"07/08/1988","101.59","101.59","101.59","101.59","","-0.05%"
"07/11/1988","101.99","101.99","101.99","101.99","","0.39%"
"07/12/1988","101.52","101.52","101.52","101.52","","-0.46%"
"07/13/1988","102.13","102.13","102.13","102.13","","0.60%"
"07/14/1988","102.36","102.36","102.36","102.36","","0.23%"
"07/15/1988","102.76","102.76","102.76","102.76","","0.39%"
"07/18/1988","102.74","102.74","102.74","102.74","","-0.02%"
"07/19/1988","102.25","102.25","102.25","102.25","","-0.48%"
"07/20/1988","102.56","102.56","102.56","102.56","","0.30%"
"07/21/1988","101.73","101.73","101.73","101.73","","-0.81%"
"07/22/1988","101.14","101.14","101.14","101.14","","-0.58%"
"07/25/1988","101.51","101.51","101.51","101.51","","0.37%"
"07/26/1988","101.77","101.77","101.77","101.77","","0.26%"
"07/27/1988","101.11","101.11","101.11","101.11","","-0.65%"
"07/28/1988","102.23","102.23","102.23","102.23","","1.11%"
"07/29/1988","103.42","103.42","103.42","103.42","","1.16%"
"08/01/1988","103.67","103.67","103.67","103.67","","0.24%"
"08/02/1988","103.74","103.74","103.74","103.74","","0.07%"
"08/03/1988","104.00","104.00","104.00","104.00","","0.25%"
"08/04/1988","103.91","103.91","103.91","103.91","","-0.09%"
"08/05/1988","103.79","103.79","103.79","103.79","","-0.12%"
"08/08/1988","103.68","103.68","103.68","103.68","","-0.11%"
"08/09/1988","102.97","102.97","102.97","102.97","","-0.68%"
"08/10/1988","101.69","101.69","101.69","101.69","","-1.24%"
"08/11/1988","102.18","102.18","102.18","102.18","","0.48%"
"08/12/1988","101.98","101.98","101.98","101.98","","-0.20%"
"08/15/1988","100.94","100.94","100.94","100.94","","-1.02%"
"08/16/1988","101.78","101.78","101.78","101.78","","0.83%"
"08/17/1988","101.68","101.68","101.68","101.68","","-0.10%"
"08/18/1988","101.94","101.94","101.94","101.94","","0.26%"
"08/19/1988","101.52","101.52","101.52","101.52","","-0.41%"
"08/22/1988","100.63","100.63","100.63","100.63","","-0.88%"
"08/23/1988","100.90","100.90","100.90","100.90","","0.27%"
"08/24/1988","101.77","101.77","101.77","101.77","","0.86%"
"08/25/1988","101.54","101.54","101.54","101.54","","-0.23%"
"08/26/1988","101.69","101.69","101.69","101.69","","0.15%"
"08/29/1988","102.37","102.37","102.37","102.37","","0.67%"
"08/30/1988","102.54","102.54","102.54","102.54","","0.17%"
"08/31/1988","102.46","102.46","102.46","102.46","","-0.08%"
"09/01/1988","101.74","101.74","101.74","101.74","","-0.70%"
"09/02/1988","103.03","103.03","103.03","103.03","","1.27%"
"09/06/1988","103.34","103.34","103.34","103.34","","0.30%"
"09/07/1988","103.40","103.40","103.40","103.40","","0.06%"
"09/08/1988","103.44","103.44","103.44","103.44","","0.04%"
"09/09/1988","103.63","103.63","103.63","103.63","","0.18%"
"09/12/1988","103.74","103.74","103.74","103.74","","0.11%"
"09/13/1988","103.82","103.82","103.82","103.82","","0.08%"
"09/14/1988","103.94","103.94","103.94","103.94","","0.12%"
"09/15/1988","103.99","103.99","103.99","103.99","","0.05%"
"09/16/1988","103.99","103.99","103.99","103.99","","0.00%"
"09/19/1988","103.96","103.96","103.96","103.96","","-0.03%"
"09/20/1988","104.23","104.23","104.23","104.23","","0.26%"
"09/21/1988","104.37","104.37","104.37","104.37","","0.13%"
"09/22/1988","104.22","104.22","104.22","104.22","","-0.14%"
"09/23/1988","104.49","104.49","104.49","104.49","","0.26%"
"09/26/1988","104.40","104.40","104.40","104.40","","-0.09%"
"09/27/1988","104.32","104.32","104.32","104.32","","-0.08%"
"09/28/1988","104.59","104.59","104.59","104.59","","0.26%"
"09/29/1988","105.28","105.28","105.28","105.28","","0.66%"
"09/30/1988","105.19","105.19","105.19","105.19","","-0.09%"
"10/03/1988","105.18","105.18","105.18","105.18","","-0.01%"
"10/04/1988","105.15","105.15","105.15","105.15","","-0.03%"
"10/05/1988","105.33","105.33","105.33","105.33","","0.17%"
"10/06/1988","105.44","105.44","105.44","105.44","","0.10%"
"10/07/1988","106.05","106.05","106.05","106.05","","0.58%"
"10/10/1988","106.19","106.19","106.19","106.19","","0.13%"
"10/11/1988","106.22","106.22","106.22","106.22","","0.03%"
"10/12/1988","105.84","105.84","105.84","105.84","","-0.36%"
"10/13/1988","106.14","106.14","106.14","106.14","","0.28%"
"10/14/1988","106.25","106.25","106.25","106.25","","0.10%"
"10/17/1988","106.45","106.45","106.45","106.45","","0.19%"
"10/18/1988","106.56","106.56","106.56","106.56","","0.10%"
"10/19/1988","106.49","106.49","106.49","106.49","","-0.07%"
"10/20/1988","106.65","106.65","106.65","106.65","","0.15%"
"10/21/1988","106.68","106.68","106.68","106.68","","0.03%"
"10/24/1988","106.62","106.62","106.62","106.62","","-0.06%"
"10/25/1988","106.65","106.65","106.65","106.65","","0.03%"
"10/26/1988","106.47","106.47","106.47","106.47","","-0.17%"
"10/27/1988","105.67","105.67","105.67","105.67","","-0.75%"
"10/28/1988","106.03","106.03","106.03","106.03","","0.34%"
"10/31/1988","106.22","106.22","106.22","106.22","","0.18%"
"11/01/1988","106.36","106.36","106.36","106.36","","0.13%"
"11/02/1988","106.53","106.53","106.53","106.53","","0.16%"
"11/03/1988","106.55","106.55","106.55","106.55","","0.02%"
"11/04/1988","105.94","105.94","105.94","105.94","","-0.57%"
"11/07/1988","105.59","105.59","105.59","105.59","","-0.33%"
"11/08/1988","105.78","105.78","105.78","105.78","","0.18%"
"11/09/1988","105.73","105.73","105.73","105.73","","-0.05%"
"11/10/1988","105.78","105.78","105.78","105.78","","0.05%"
"11/11/1988","103.83","103.83","103.83","103.83","","-1.84%"
"11/14/1988","103.94","103.94","103.94","103.94","","0.11%"
"11/15/1988","104.11","104.11","104.11","104.11","","0.16%"
"11/16/1988","102.12","102.12","102.12","102.12","","-1.91%"
"11/17/1988","102.72","102.72","102.72","102.72","","0.59%"
"11/18/1988","103.41","103.41","103.41","103.41","","0.67%"
"11/21/1988","103.76","103.76","103.76","103.76","","0.34%"
"11/22/1988","104.08","104.08","104.08","104.08","","0.31%"
"11/23/1988","104.34","104.34","104.34","104.34","","0.25%"
"11/25/1988","104.10","104.10","104.10","104.10","","-0.23%"
"11/28/1988","104.52","104.52","104.52","104.52","","0.40%"
"11/29/1988","104.97","104.97","104.97","104.97","","0.43%"
"11/30/1988","105.18","105.18","105.18","105.18","","0.20%"
"12/01/1988","105.17","105.17","105.17","105.17","","-0.01%"
"12/02/1988","105.13","105.13","105.13","105.13","","-0.04%"
"12/05/1988","105.51","105.51","105.51","105.51","","0.36%"
"12/06/1988","105.61","105.61","105.61","105.61","","0.09%"
"12/07/1988","105.62","105.62","105.62","105.62","","0.01%"
"12/08/1988","105.66","105.66","105.66","105.66","","0.04%"
"12/09/1988","105.68","105.68","105.68","105.68","","0.02%"
"12/12/1988","105.79","105.79","105.79","105.79","","0.10%"
"12/13/1988","105.81","105.81","105.81","105.81","","0.02%"
"12/14/1988","105.88","105.88","105.88","105.88","","0.07%"
"12/15/1988","105.92","105.92","105.92","105.92","","0.04%"
"12/16/1988","105.92","105.92","105.92","105.92","","0.00%"
"12/19/1988","106.57","106.57","106.57","106.57","","0.61%"
"12/20/1988","106.36","106.36","106.36","106.36","","-0.20%"
"12/21/1988","106.43","106.43","106.43","106.43","","0.07%"
"12/22/1988","106.45","106.45","106.45","106.45","","0.02%"
"12/23/1988","106.57","106.57","106.57","106.57","","0.11%"
"12/27/1988","106.58","106.58","106.58","106.58","","0.01%"
"12/28/1988","106.70","106.70","106.70","106.70","","0.11%"
"12/29/1988","106.97","106.97","106.97","106.97","","0.25%"
"12/30/1988","106.90","106.90","106.90","106.90","","-0.07%"
"01/03/1989","106.62","106.62","106.62","106.62","","-0.26%"
"01/04/1989","107.32","107.32","107.32","107.32","","0.66%"
"01/05/1989","107.41","107.41","107.41","107.41","","0.08%"
"01/06/1989","107.56","107.56","107.56","107.56","","0.14%"
"01/09/1989","107.70","107.70","107.70","107.70","","0.13%"
"01/10/1989","107.73","107.73","107.73","107.73","","0.03%"
"01/11/1989","107.85","107.85","107.85","107.85","","0.11%"
"01/12/1989","107.97","107.97","107.97","107.97","","0.11%"
"01/13/1989","108.04","108.04","108.04","108.04","","0.06%"
"01/16/1989","108.14","108.14","108.14","108.14","","0.09%"
"01/17/1989","108.16","108.16","108.16","108.16","","0.02%"
"01/18/1989","108.23","108.23","108.23","108.23","","0.06%"
"01/19/1989","108.25","108.25","108.25","108.25","","0.02%"
"01/20/1989","108.26","108.26","108.26","108.26","","0.01%"
"01/23/1989","108.02","108.02","108.02","108.02","","-0.22%"
"01/24/1989","108.67","108.67","108.67","108.67","","0.60%"
"01/25/1989","108.81","108.81","108.81","108.81","","0.13%"
"01/26/1989","109.05","109.05","109.05","109.05","","0.22%"
"01/27/1989","109.17","109.17","109.17","109.17","","0.11%"
"01/30/1989","109.41","109.41","109.41","109.41","","0.22%"
"01/31/1989","109.64","109.64","109.64","109.64","","0.21%"
"02/01/1989","109.66","109.66","109.66","109.66","","0.02%"
"02/02/1989","109.69","109.69","109.69","109.69","","0.03%"
"02/03/1989","109.76","109.76","109.76","109.76","","0.06%"
"02/06/1989","109.81","109.81","109.81","109.81","","0.05%"
"02/07/1989","109.95","109.95","109.95","109.95","","0.13%"
"02/08/1989","109.95","109.95","109.95","109.95","","0.00%"
"02/09/1989","109.96","109.96","109.96","109.96","","0.01%"
"02/10/1989","109.84","109.84","109.84","109.84","","-0.11%"
"02/13/1989","110.05","110.05","110.05","110.05","","0.19%"
"02/14/1989","110.08","110.08","110.08","110.08","","0.03%"
"02/15/1989","110.22","110.22","110.22","110.22","","0.13%"
"02/16/1989","110.24","110.24","110.24","110.24","","0.02%"
"02/17/1989","110.18","110.18","110.18","110.18","","-0.05%"
"02/21/1989","110.15","110.15","110.15","110.15","","-0.03%"
"02/22/1989","109.29","109.29","109.29","109.29","","-0.78%"
"02/23/1989","109.51","109.51","109.51","109.51","","0.20%"
"02/24/1989","108.25","108.25","108.25","108.25","","-1.15%"
"02/27/1989","108.76","108.76","108.76","108.76","","0.47%"
"02/28/1989","109.05","109.05","109.05","109.05","","0.27%"
"03/01/1989","108.67","108.67","108.67","108.67","","-0.35%"
"03/02/1989","109.58","109.58","109.58","109.58","","0.84%"
"03/03/1989","109.96","109.96","109.96","109.96","","0.35%"
"03/06/1989","110.78","110.78","110.78","110.78","","0.75%"
"03/07/1989","110.76","110.76","110.76","110.76","","-0.02%"
"03/08/1989","110.90","110.90","110.90","110.90","","0.13%"
"03/09/1989","110.88","110.88","110.88","110.88","","-0.02%"
"03/10/1989","110.79","110.79","110.79","110.79","","-0.08%"
"03/13/1989","111.44","111.44","111.44","111.44","","0.59%"
"03/14/1989","111.41","111.41","111.41","111.41","","-0.03%"
"03/15/1989","111.82","111.82","111.82","111.82","","0.37%"
"03/16/1989","112.07","112.07","112.07","112.07","","0.22%"
"03/17/1989","111.21","111.21","111.21","111.21","","-0.77%"
"03/20/1989","111.12","111.12","111.12","111.12","","-0.08%"
"03/21/1989","111.61","111.61","111.61","111.61","","0.44%"
"03/22/1989","111.52","111.52","111.52","111.52","","-0.08%"
"03/23/1989","111.37","111.37","111.37","111.37","","-0.13%"
"03/27/1989","111.80","111.80","111.80","111.80","","0.39%"
"03/28/1989","112.08","112.08","112.08","112.08","","0.25%"
"03/29/1989","112.25","112.25","112.25","112.25","","0.15%"
"03/30/1989","112.25","112.25","112.25","112.25","","0.00%"
"03/31/1989","112.58","112.58","112.58","112.58","","0.29%"
"04/03/1989","112.85","112.85","112.85","112.85","","0.24%"
"04/04/1989","112.86","112.86","112.86","112.86","","0.01%"
"04/05/1989","113.00","113.00","113.00","113.00","","0.12%"
"04/06/1989","112.90","112.90","112.90","112.90","","-0.09%"
"04/07/1989","113.13","113.13","113.13","113.13","","0.20%"
"04/10/1989","113.22","113.22","113.22","113.22","","0.08%"
"04/11/1989","113.35","113.35","113.35","113.35","","0.11%"
"04/12/1989","113.40","113.40","113.40","113.40","","0.04%"
"04/13/1989","113.25","113.25","113.25","113.25","","-0.13%"
"04/14/1989","113.60","113.60","113.60","113.60","","0.31%"
"04/17/1989","113.70","113.70","113.70","113.70","","0.09%"
"04/18/1989","113.76","113.76","113.76","113.76","","0.05%"
"04/19/1989","113.78","113.78","113.78","113.78","","0.02%"
"04/20/1989","113.81","113.81","113.81","113.81","","0.03%"
"04/21/1989","113.81","113.81","113.81","113.81","","0.00%"
"04/24/1989","113.92","113.92","113.92","113.92","","0.10%"
"04/25/1989","113.72","113.72","113.72","113.72","","-0.18%"
"04/26/1989","113.77","113.77","113.77","113.77","","0.04%"
"04/27/1989","114.07","114.07","114.07","114.07","","0.26%"
"04/28/1989","114.12","114.12","114.12","114.12","","0.04%"
"05/01/1989","114.24","114.24","114.24","114.24","","0.11%"
"05/02/1989","114.21","114.21","114.21","114.21","","-0.03%"
"05/03/1989","114.27","114.27","114.27","114.27","","0.05%"
"05/04/1989","114.29","114.29","114.29","114.29","","0.02%"
"05/05/1989","114.39","114.39","114.39","114.39","","0.09%"
"05/08/1989","114.39","114.39","114.39","114.39","","0.00%"
"05/09/1989","114.29","114.29","114.29","114.29","","-0.09%"
"05/10/1989","114.41","114.41","114.41","114.41","","0.10%"
"05/11/1989","114.62","114.62","114.62","114.62","","0.18%"
"05/12/1989","115.23","115.23","115.23","115.23","","0.53%"
"05/15/1989","115.35","115.35","115.35","115.35","","0.10%"
"05/16/1989","115.40","115.40","115.40","115.40","","0.04%"
"05/17/1989","115.45","115.45","115.45","115.45","","0.04%"
"05/18/1989","115.50","115.50","115.50","115.50","","0.04%"
"05/19/1989","115.49","115.49","115.49","115.49","","-0.01%"
"05/22/1989","115.74","115.74","115.74","115.74","","0.22%"
"05/23/1989","115.35","115.35","115.35","115.35","","-0.34%"
"05/24/1989","115.59","115.59","115.59","115.59","","0.21%"
"05/25/1989","115.68","115.68","115.68","115.68","","0.08%"
"05/26/1989","116.10","116.10","116.10","116.10","","0.36%"
"05/30/1989","115.89","115.89","115.89","115.89","","-0.18%"
"05/31/1989","116.15","116.15","116.15","116.15","","0.22%"
"06/01/1989","116.47","116.47","116.47","116.47","","0.28%"
"06/02/1989","116.94","116.94","116.94","116.94","","0.40%"
"06/05/1989","116.65","116.65","116.65","116.65","","-0.25%"
"06/06/1989","117.00","117.00","117.00","117.00","","0.30%"
"06/07/1989","117.27","117.27","117.27","117.27","","0.23%"
"06/08/1989","117.25","117.25","117.25","117.25","","-0.02%"
"06/09/1989","117.31","117.31","117.31","117.31","","0.05%"
"06/12/1989","117.45","117.45","117.45","117.45","","0.12%"
"06/13/1989","117.42","117.42","117.42","117.42","","-0.03%"
"06/14/1989","117.46","117.46","117.46","117.46","","0.03%"
"06/15/1989","117.25","117.25","117.25","117.25","","-0.18%"
"06/16/1989","117.74","117.74","117.74","117.74","","0.42%"
"06/19/1989","118.05","118.05","118.05","118.05","","0.26%"
"06/20/1989","118.11","118.11","118.11","118.11","","0.05%"
"06/21/1989","118.02","118.02","118.02","118.02","","-0.08%"
"06/22/1989","118.33","118.33","118.33","118.33","","0.26%"
"06/23/1989","118.89","118.89","118.89","118.89","","0.47%"
"06/26/1989","118.92","118.92","118.92","118.92","","0.03%"
"06/27/1989","119.10","119.10","119.10","119.10","","0.15%"
"06/28/1989","118.92","118.92","118.92","118.92","","-0.15%"
"06/29/1989","118.10","118.10","118.10","118.10","","-0.69%"
"06/30/1989","117.78","117.78","117.78","117.78","","-0.27%"
"07/03/1989","118.16","118.16","118.16","118.16","","0.32%"
"07/05/1989","118.55","118.55","118.55","118.55","","0.33%"
"07/06/1989","118.67","118.67","118.67","118.67","","0.10%"
"07/07/1989","119.27","119.27","119.27","119.27","","0.51%"
"07/10/1989","119.53","119.53","119.53","119.53","","0.22%"
"07/11/1989","119.63","119.63","119.63","119.63","","0.08%"
"07/12/1989","119.71","119.71","119.71","119.71","","0.07%"
"07/13/1989","119.72","119.72","119.72","119.72","","0.01%"
"07/14/1989","119.85","119.85","119.85","119.85","","0.11%"
"07/17/1989","120.01","120.01","120.01","120.01","","0.13%"
"07/18/1989","120.02","120.02","120.02","120.02","","0.01%"
"07/19/1989","120.10","120.10","120.10","120.10","","0.07%"
"07/20/1989","120.13","120.13","120.13","120.13","","0.02%"
"07/21/1989","120.10","120.10","120.10","120.10","","-0.02%"
"07/24/1989","120.05","120.05","120.05","120.05","","-0.04%"
"07/25/1989","120.06","120.06","120.06","120.06","","0.01%"
"07/26/1989","120.77","120.77","120.77","120.77","","0.59%"
"07/27/1989","121.11","121.11","121.11","121.11","","0.28%"
"07/28/1989","121.24","121.24","121.24","121.24","","0.11%"
"07/31/1989","121.59","121.59","121.59","121.59","","0.29%"
"08/01/1989","121.38","121.38","121.38","121.38","","-0.17%"
"08/02/1989","121.50","121.50","121.50","121.50","","0.10%"
"08/03/1989","121.63","121.63","121.63","121.63","","0.11%"
"08/04/1989","121.69","121.69","121.69","121.69","","0.05%"
"08/07/1989","122.05","122.05","122.05","122.05","","0.30%"
"08/08/1989","122.13","122.13","122.13","122.13","","0.07%"
"08/09/1989","122.08","122.08","122.08","122.08","","-0.04%"
"08/10/1989","122.15","122.15","122.15","122.15","","0.06%"
"08/11/1989","122.06","122.06","122.06","122.06","","-0.07%"
"08/14/1989","122.21","122.21","122.21","122.21","","0.12%"
"08/15/1989","122.40","122.40","122.40","122.40","","0.16%"
"08/16/1989","122.46","122.46","122.46","122.46","","0.05%"
"08/17/1989","122.51","122.51","122.51","122.51","","0.04%"
"08/18/1989","122.51","122.51","122.51","122.51","","0.00%"
"08/21/1989","121.73","121.73","121.73","121.73","","-0.64%"
"08/22/1989","122.07","122.07","122.07","122.07","","0.28%"
"08/23/1989","122.80","122.80","122.80","122.80","","0.60%"
"08/24/1989","123.51","123.51","123.51","123.51","","0.58%"
"08/25/1989","123.48","123.48","123.48","123.48","","-0.02%"
"08/28/1989","123.71","123.71","123.71","123.71","","0.19%"
"08/29/1989","123.53","123.53","123.53","123.53","","-0.15%"
"08/30/1989","123.76","123.76","123.76","123.76","","0.19%"
"08/31/1989","123.79","123.79","123.79","123.79","","0.02%"
"09/01/1989","124.12","124.12","124.12","124.12","","0.27%"
"09/05/1989","124.27","124.27","124.27","124.27","","0.12%"
"09/06/1989","124.02","124.02","124.02","124.02","","-0.20%"
"09/07/1989","124.11","124.11","124.11","124.11","","0.07%"
"09/08/1989","124.26","124.26","124.26","124.26","","0.12%"
"09/11/1989","124.36","124.36","124.36","124.36","","0.08%"
"09/12/1989","124.58","124.58","124.58","124.58","","0.18%"
"09/13/1989","124.24","124.24","124.24","124.24","","-0.27%"
"09/14/1989","124.14","124.14","124.14","124.14","","-0.08%"
"09/15/1989","124.88","124.88","124.88","124.88","","0.60%"
"09/18/1989","125.40","125.40","125.40","125.40","","0.42%"
"09/19/1989","125.45","125.45","125.45","125.45","","0.04%"
"09/20/1989","125.48","125.48","125.48","125.48","","0.02%"
"09/21/1989","125.44","125.44","125.44","125.44","","-0.03%"
"09/22/1989","125.70","125.70","125.70","125.70","","0.21%"
"09/25/1989","125.41","125.41","125.41","125.41","","-0.23%"
"09/26/1989","125.60","125.60","125.60","125.60","","0.15%"
"09/27/1989","125.79","125.79","125.79","125.79","","0.15%"
"09/28/1989","126.23","126.23","126.23","126.23","","0.35%"
"09/29/1989","126.28","126.28","126.28","126.28","","0.04%"
"10/02/1989","126.70","126.70","126.70","126.70","","0.33%"
"10/03/1989","126.95","126.95","126.95","126.95","","0.20%"
"10/04/1989","127.03","127.03","127.03","127.03","","0.06%"
"10/05/1989","127.08","127.08","127.08","127.08","","0.04%"
"10/06/1989","127.18","127.18","127.18","127.18","","0.08%"
"10/09/1989","127.35","127.35","127.35","127.35","","0.13%"
"10/10/1989","127.35","127.35","127.35","127.35","","0.00%"
"10/11/1989","127.33","127.33","127.33","127.33","","-0.02%"
"10/12/1989","127.37","127.37","127.37","127.37","","0.03%"
"10/13/1989","120.90","120.90","120.90","120.90","","-5.08%"
"10/16/1989","125.43","125.43","125.43","125.43","","3.75%"
"10/17/1989","125.55","125.55","125.55","125.55","","0.10%"
"10/18/1989","126.08","126.08","126.08","126.08","","0.42%"
"10/19/1989","127.22","127.22","127.22","127.22","","0.90%"
"10/20/1989","127.66","127.66","127.66","127.66","","0.35%"
"10/23/1989","127.58","127.58","127.58","127.58","","-0.06%"
"10/24/1989","127.16","127.16","127.16","127.16","","-0.33%"
"10/25/1989","126.91","126.91","126.91","126.91","","-0.20%"
"10/26/1989","125.94","125.94","125.94","125.94","","-0.76%"
"10/27/1989","125.26","125.26","125.26","125.26","","-0.54%"
"10/30/1989","125.72","125.72","125.72","125.72","","0.37%"
"10/31/1989","127.39","127.39","127.39","127.39","","1.33%"
"11/01/1989","127.82","127.82","127.82","127.82","","0.34%"
"11/02/1989","127.00","127.00","127.00","127.00","","-0.64%"
"11/03/1989","127.07","127.07","127.07","127.07","","0.06%"
"11/06/1989","125.45","125.45","125.45","125.45","","-1.27%"
"11/07/1989","126.33","126.33","126.33","126.33","","0.70%"
"11/08/1989","127.40","127.40","127.40","127.40","","0.85%"
"11/09/1989","127.03","127.03","127.03","127.03","","-0.29%"
"11/10/1989","128.08","128.08","128.08","128.08","","0.83%"
"11/13/1989","128.59","128.59","128.59","128.59","","0.40%"
"11/14/1989","127.86","127.86","127.86","127.86","","-0.57%"
"11/15/1989","128.74","128.74","128.74","128.74","","0.69%"
"11/16/1989","128.80","128.80","128.80","128.80","","0.05%"
"11/17/1989","129.39","129.39","129.39","129.39","","0.46%"
"11/20/1989","129.18","129.18","129.18","129.18","","-0.16%"
"11/21/1989","129.30","129.30","129.30","129.30","","0.09%"
"11/22/1989","129.74","129.74","129.74","129.74","","0.34%"
"11/24/1989","130.14","130.14","130.14","130.14","","0.31%"
"11/27/1989","130.52","130.52","130.52","130.52","","0.29%"
"11/28/1989","130.50","130.50","130.50","130.50","","-0.02%"
"11/29/1989","130.28","130.28","130.28","130.28","","-0.17%"
"11/30/1989","130.66","130.66","130.66","130.66","","0.29%"
"12/01/1989","131.08","131.08","131.08","131.08","","0.32%"
"12/04/1989","131.27","131.27","131.27","131.27","","0.14%"
"12/05/1989","131.25","131.25","131.25","131.25","","-0.02%"
"12/06/1989","131.33","131.33","131.33","131.33","","0.06%"
"12/07/1989","131.31","131.31","131.31","131.31","","-0.02%"
"12/08/1989","131.52","131.52","131.52","131.52","","0.16%"
"12/11/1989","131.67","131.67","131.67","131.67","","0.11%"
"12/12/1989","131.73","131.73","131.73","131.73","","0.05%"
"12/13/1989","131.81","131.81","131.81","131.81","","0.06%"
"12/14/1989","131.84","131.84","131.84","131.84","","0.02%"
"12/15/1989","131.93","131.93","131.93","131.93","","0.07%"
"12/18/1989","130.69","130.69","130.69","130.69","","-0.94%"
"12/19/1989","130.52","130.52","130.52","130.52","","-0.13%"
"12/20/1989","130.74","130.74","130.74","130.74","","0.17%"
"12/21/1989","131.13","131.13","131.13","131.13","","0.30%"
"12/22/1989","131.98","131.98","131.98","131.98","","0.65%"
"12/26/1989","132.03","132.03","132.03","132.03","","0.04%"
"12/27/1989","132.56","132.56","132.56","132.56","","0.40%"
"12/28/1989","132.93","132.93","132.93","132.93","","0.28%"
"12/29/1989","133.17","133.17","133.17","133.17","","0.18%"
"01/02/1990","133.84","133.84","133.84","133.84","","0.50%"
"01/03/1990","133.87","133.87","133.87","133.87","","0.02%"
"01/04/1990","133.72","133.72","133.72","133.72","","-0.11%"
"01/05/1990","133.28","133.28","133.28","133.28","","-0.33%"
"01/08/1990","133.76","133.76","133.76","133.76","","0.36%"
"01/09/1990","133.13","133.13","133.13","133.13","","-0.47%"
"01/10/1990","132.72","132.72","132.72","132.72","","-0.31%"
"01/11/1990","133.31","133.31","133.31","133.31","","0.44%"
"01/12/1990","130.08","130.08","130.08","130.08","","-2.42%"
"01/15/1990","129.76","129.76","129.76","129.76","","-0.25%"
"01/16/1990","131.14","131.14","131.14","131.14","","1.06%"
"01/17/1990","129.62","129.62","129.62","129.62","","-1.16%"
"01/18/1990","130.67","130.67","130.67","130.67","","0.81%"
"01/19/1990","130.73","130.73","130.73","130.73","","0.05%"
"01/22/1990","128.50","128.50","128.50","128.50","","-1.71%"
"01/23/1990","129.52","129.52","129.52","129.52","","0.79%"
"01/24/1990","129.45","129.45","129.45","129.45","","-0.05%"
"01/25/1990","128.04","128.04","128.04","128.04","","-1.09%"
"01/26/1990","128.01","128.01","128.01","128.01","","-0.02%"
"01/29/1990","128.20","128.20","128.20","128.20","","0.15%"
"01/30/1990","127.73","127.73","127.73","127.73","","-0.37%"
"01/31/1990","129.45","129.45","129.45","129.45","","1.35%"
"02/01/1990","129.65","129.65","129.65","129.65","","0.15%"
"02/02/1990","130.11","130.11","130.11","130.11","","0.35%"
"02/05/1990","130.69","130.69","130.69","130.69","","0.45%"
"02/06/1990","130.22","130.22","130.22","130.22","","-0.36%"
"02/07/1990","131.47","131.47","131.47","131.47","","0.96%"
"02/08/1990","131.60","131.60","131.60","131.60","","0.10%"
"02/09/1990","131.77","131.77","131.77","131.77","","0.13%"
"02/12/1990","130.79","130.79","130.79","130.79","","-0.74%"
"02/13/1990","131.34","131.34","131.34","131.34","","0.42%"
"02/14/1990","131.62","131.62","131.62","131.62","","0.21%"
"02/15/1990","132.90","132.90","132.90","132.90","","0.97%"
"02/16/1990","132.43","132.43","132.43","132.43","","-0.35%"
"02/20/1990","131.60","131.60","131.60","131.60","","-0.63%"
"02/21/1990","131.73","131.73","131.73","131.73","","0.10%"
"02/22/1990","131.43","131.43","131.43","131.43","","-0.23%"
"02/23/1990","131.07","131.07","131.07","131.07","","-0.27%"
"02/26/1990","132.52","132.52","132.52","132.52","","1.11%"
"02/27/1990","132.81","132.81","132.81","132.81","","0.22%"
"02/28/1990","133.19","133.19","133.19","133.19","","0.29%"
"03/01/1990","133.35","133.35","133.35","133.35","","0.12%"
"03/02/1990","133.82","133.82","133.82","133.82","","0.35%"
"03/05/1990","133.97","133.97","133.97","133.97","","0.11%"
"03/06/1990","134.50","134.50","134.50","134.50","","0.40%"
"03/07/1990","134.38","134.38","134.38","134.38","","-0.09%"
"03/08/1990","134.76","134.76","134.76","134.76","","0.28%"
"03/09/1990","134.72","134.72","134.72","134.72","","-0.03%"
"03/12/1990","134.98","134.98","134.98","134.98","","0.19%"
"03/13/1990","134.83","134.83","134.83","134.83","","-0.11%"
"03/14/1990","135.05","135.05","135.05","135.05","","0.16%"
"03/15/1990","135.21","135.21","135.21","135.21","","0.12%"
"03/16/1990","135.25","135.25","135.25","135.25","","0.03%"
"03/19/1990","135.62","135.62","135.62","135.62","","0.27%"
"03/20/1990","135.01","135.01","135.01","135.01","","-0.45%"
"03/21/1990","134.79","134.79","134.79","134.79","","-0.16%"
"03/22/1990","133.95","133.95","133.95","133.95","","-0.62%"
"03/23/1990","134.49","134.49","134.49","134.49","","0.40%"
"03/26/1990","134.86","134.86","134.86","134.86","","0.28%"
"03/27/1990","135.75","135.75","135.75","135.75","","0.66%"
"03/28/1990","135.76","135.76","135.76","135.76","","0.01%"
"03/29/1990","135.68","135.68","135.68","135.68","","-0.06%"
"03/30/1990","135.13","135.13","135.13","135.13","","-0.41%"
"04/02/1990","135.37","135.37","135.37","135.37","","0.18%"
"04/03/1990","136.37","136.37","136.37","136.37","","0.74%"
"04/04/1990","135.86","135.86","135.86","135.86","","-0.37%"
"04/05/1990","136.04","136.04","136.04","136.04","","0.13%"
"04/06/1990","136.00","136.00","136.00","136.00","","-0.03%"
"04/09/1990","136.47","136.47","136.47","136.47","","0.35%"
"04/10/1990","136.80","136.80","136.80","136.80","","0.24%"
"04/11/1990","136.96","136.96","136.96","136.96","","0.12%"
"04/12/1990","137.45","137.45","137.45","137.45","","0.36%"
"04/16/1990","137.58","137.58","137.58","137.58","","0.09%"
"04/17/1990","137.77","137.77","137.77","137.77","","0.14%"
"04/18/1990","137.28","137.28","137.28","137.28","","-0.36%"
"04/19/1990","136.97","136.97","136.97","136.97","","-0.23%"
"04/20/1990","136.11","136.11","136.11","136.11","","-0.63%"
"04/23/1990","135.75","135.75","135.75","135.75","","-0.26%"
"04/24/1990","135.70","135.70","135.70","135.70","","-0.04%"
"04/25/1990","136.12","136.12","136.12","136.12","","0.31%"
"04/26/1990","136.49","136.49","136.49","136.49","","0.27%"
"04/27/1990","135.40","135.40","135.40","135.40","","-0.80%"
"04/30/1990","136.27","136.27","136.27","136.27","","0.64%"
"05/01/1990","136.54","136.54","136.54","136.54","","0.20%"
"05/02/1990","137.25","137.25","137.25","137.25","","0.52%"
"05/03/1990","137.56","137.56","137.56","137.56","","0.23%"
"05/04/1990","138.32","138.32","138.32","138.32","","0.55%"
"05/07/1990","138.65","138.65","138.65","138.65","","0.24%"
"05/08/1990","138.85","138.85","138.85","138.85","","0.14%"
"05/09/1990","138.89","138.89","138.89","138.89","","0.03%"
"05/10/1990","139.10","139.10","139.10","139.10","","0.15%"
"05/11/1990","139.30","139.30","139.30","139.30","","0.14%"
"05/14/1990","139.43","139.43","139.43","139.43","","0.09%"
"05/15/1990","139.47","139.47","139.47","139.47","","0.03%"
"05/16/1990","139.53","139.53","139.53","139.53","","0.04%"
"05/17/1990","139.57","139.57","139.57","139.57","","0.03%"
"05/18/1990","139.60","139.60","139.60","139.60","","0.02%"
"05/21/1990","140.23","140.23","140.23","140.23","","0.45%"
"05/22/1990","140.26","140.26","140.26","140.26","","0.02%"
"05/23/1990","140.34","140.34","140.34","140.34","","0.06%"
"05/24/1990","140.32","140.32","140.32","140.32","","-0.01%"
"05/25/1990","139.94","139.94","139.94","139.94","","-0.27%"
"05/29/1990","140.83","140.83","140.83","140.83","","0.64%"
"05/30/1990","140.91","140.91","140.91","140.91","","0.06%"
"05/31/1990","140.95","140.95","140.95","140.95","","0.03%"
"06/01/1990","141.10","141.10","141.10","141.10","","0.11%"
"06/04/1990","141.39","141.39","141.39","141.39","","0.21%"
"06/05/1990","141.41","141.41","141.41","141.41","","0.01%"
"06/06/1990","141.47","141.47","141.47","141.47","","0.04%"
"06/07/1990","141.50","141.50","141.50","141.50","","0.02%"
"06/08/1990","141.43","141.43","141.43","141.43","","-0.05%"
"06/11/1990","141.71","141.71","141.71","141.71","","0.20%"
"06/12/1990","141.78","141.78","141.78","141.78","","0.05%"
"06/13/1990","141.81","141.81","141.81","141.81","","0.02%"
"06/14/1990","141.89","141.89","141.89","141.89","","0.06%"
"06/15/1990","141.88","141.88","141.88","141.88","","-0.01%"
"06/18/1990","141.05","141.05","141.05","141.05","","-0.59%"
"06/19/1990","141.56","141.56","141.56","141.56","","0.36%"
"06/20/1990","141.76","141.76","141.76","141.76","","0.14%"
"06/21/1990","142.15","142.15","142.15","142.15","","0.28%"
"06/22/1990","141.07","141.07","141.07","141.07","","-0.76%"
"06/25/1990","140.21","140.21","140.21","140.21","","-0.61%"
"06/26/1990","140.17","140.17","140.17","140.17","","-0.03%"
"06/27/1990","141.23","141.23","141.23","141.23","","0.76%"
"06/28/1990","141.76","141.76","141.76","141.76","","0.38%"
"06/29/1990","141.97","141.97","141.97","141.97","","0.15%"
"07/02/1990","142.49","142.49","142.49","142.49","","0.37%"
"07/03/1990","142.70","142.70","142.70","142.70","","0.15%"
"07/05/1990","141.70","141.70","141.70","141.70","","-0.70%"
"07/06/1990","142.54","142.54","142.54","142.54","","0.59%"
"07/09/1990","142.96","142.96","142.96","142.96","","0.29%"
"07/10/1990","142.29","142.29","142.29","142.29","","-0.47%"
"07/11/1990","143.45","143.45","143.45","143.45","","0.82%"
"07/12/1990","144.00","144.00","144.00","144.00","","0.38%"
"07/13/1990","144.16","144.16","144.16","144.16","","0.11%"
"07/16/1990","144.44","144.44","144.44","144.44","","0.19%"
"07/17/1990","144.47","144.47","144.47","144.47","","0.02%"
"07/18/1990","144.43","144.43","144.43","144.43","","-0.03%"
"07/19/1990","144.65","144.65","144.65","144.65","","0.15%"
"07/20/1990","144.69","144.69","144.69","144.69","","0.03%"
"07/23/1990","143.27","143.27","143.27","143.27","","-0.98%"
"07/24/1990","143.74","143.74","143.74","143.74","","0.33%"
"07/25/1990","144.28","144.28","144.28","144.28","","0.38%"
"07/26/1990","143.83","143.83","143.83","143.83","","-0.31%"
"07/27/1990","143.30","143.30","143.30","143.30","","-0.37%"
"07/30/1990","144.08","144.08","144.08","144.08","","0.54%"
"07/31/1990","144.19","144.19","144.19","144.19","","0.08%"
"08/01/1990","144.17","144.17","144.17","144.17","","-0.01%"
"08/02/1990","143.03","143.03","143.03","143.03","","-0.79%"
"08/03/1990","140.60","140.60","140.60","140.60","","-1.70%"
"08/06/1990","137.05","137.05","137.05","137.05","","-2.52%"
"08/07/1990","137.13","137.13","137.13","137.13","","0.06%"
"08/08/1990","138.45","138.45","138.45","138.45","","0.96%"
"08/09/1990","139.15","139.15","139.15","139.15","","0.51%"
"08/10/1990","137.54","137.54","137.54","137.54","","-1.16%"
"08/13/1990","138.86","138.86","138.86","138.86","","0.96%"
"08/14/1990","139.20","139.20","139.20","139.20","","0.24%"
"08/15/1990","139.59","139.59","139.59","139.59","","0.28%"
"08/16/1990","136.45","136.45","136.45","136.45","","-2.25%"
"08/17/1990","134.46","134.46","134.46","134.46","","-1.46%"
"08/20/1990","134.86","134.86","134.86","134.86","","0.30%"
"08/21/1990","133.51","133.51","133.51","133.51","","-1.00%"
"08/22/1990","132.20","132.20","132.20","132.20","","-0.98%"
"08/23/1990","129.08","129.08","129.08","129.08","","-2.36%"
"08/24/1990","130.71","130.71","130.71","130.71","","1.26%"
"08/27/1990","134.05","134.05","134.05","134.05","","2.56%"
"08/28/1990","134.19","134.19","134.19","134.19","","0.10%"
"08/29/1990","134.86","134.86","134.86","134.86","","0.50%"
"08/30/1990","133.47","133.47","133.47","133.47","","-1.03%"
"08/31/1990","134.38","134.38","134.38","134.38","","0.68%"
"09/04/1990","135.14","135.14","135.14","135.14","","0.57%"
"09/05/1990","135.67","135.67","135.67","135.67","","0.39%"
"09/06/1990","134.80","134.80","134.80","134.80","","-0.64%"
"09/07/1990","135.71","135.71","135.71","135.71","","0.68%"
"09/10/1990","135.61","135.61","135.61","135.61","","-0.07%"
"09/11/1990","135.90","135.90","135.90","135.90","","0.21%"
"09/12/1990","136.17","136.17","136.17","136.17","","0.20%"
"09/13/1990","135.19","135.19","135.19","135.19","","-0.72%"
"09/14/1990","134.63","134.63","134.63","134.63","","-0.41%"
"09/17/1990","135.41","135.41","135.41","135.41","","0.58%"
"09/18/1990","135.65","135.65","135.65","135.65","","0.18%"
"09/19/1990","135.09","135.09","135.09","135.09","","-0.41%"
"09/20/1990","132.83","132.83","132.83","132.83","","-1.67%"
"09/21/1990","132.94","132.94","132.94","132.94","","0.08%"
"09/24/1990","131.86","131.86","131.86","131.86","","-0.81%"
"09/25/1990","132.88","132.88","132.88","132.88","","0.77%"
"09/26/1990","132.31","132.31","132.31","132.31","","-0.43%"
"09/27/1990","131.17","131.17","131.17","131.17","","-0.86%"
"09/28/1990","132.42","132.42","132.42","132.42","","0.95%"
"10/01/1990","134.60","134.60","134.60","134.60","","1.65%"
"10/02/1990","134.66","134.66","134.66","134.66","","0.04%"
"10/03/1990","134.33","134.33","134.33","134.33","","-0.25%"
"10/04/1990","134.72","134.72","134.72","134.72","","0.29%"
"10/05/1990","134.69","134.69","134.69","134.69","","-0.02%"
"10/08/1990","135.41","135.41","135.41","135.41","","0.53%"
"10/09/1990","133.12","133.12","133.12","133.12","","-1.69%"
"10/10/1990","131.85","131.85","131.85","131.85","","-0.95%"
"10/11/1990","130.19","130.19","130.19","130.19","","-1.26%"
"10/12/1990","132.21","132.21","132.21","132.21","","1.55%"
"10/15/1990","133.70","133.70","133.70","133.70","","1.13%"
"10/16/1990","132.10","132.10","132.10","132.10","","-1.20%"
"10/17/1990","132.08","132.08","132.08","132.08","","-0.02%"
"10/18/1990","134.92","134.92","134.92","134.92","","2.15%"
"10/19/1990","136.99","136.99","136.99","136.99","","1.53%"
"10/22/1990","137.88","137.88","137.88","137.88","","0.65%"
"10/23/1990","137.42","137.42","137.42","137.42","","-0.33%"
"10/24/1990","137.68","137.68","137.68","137.68","","0.19%"
"10/25/1990","137.11","137.11","137.11","137.11","","-0.41%"
"10/26/1990","135.72","135.72","135.72","135.72","","-1.01%"
"10/29/1990","135.41","135.41","135.41","135.41","","-0.23%"
"10/30/1990","136.24","136.24","136.24","136.24","","0.61%"
"10/31/1990","136.15","136.15","136.15","136.15","","-0.07%"
"11/01/1990","137.18","137.18","137.18","137.18","","0.76%"
"11/02/1990","138.20","138.20","138.20","138.20","","0.74%"
"11/05/1990","139.06","139.06","139.06","139.06","","0.62%"
"11/06/1990","138.72","138.72","138.72","138.72","","-0.24%"
"11/07/1990","137.44","137.44","137.44","137.44","","-0.92%"
"11/08/1990","138.01","138.01","138.01","138.01","","0.41%"
"11/09/1990","139.60","139.60","139.60","139.60","","1.15%"
"11/12/1990","140.60","140.60","140.60","140.60","","0.72%"
"11/13/1990","140.70","140.70","140.70","140.70","","0.07%"
"11/14/1990","140.87","140.87","140.87","140.87","","0.12%"
"11/15/1990","140.90","140.90","140.90","140.90","","0.02%"
"11/16/1990","141.00","141.00","141.00","141.00","","0.07%"
"11/19/1990","141.83","141.83","141.83","141.83","","0.59%"
"11/20/1990","141.29","141.29","141.29","141.29","","-0.38%"
"11/21/1990","141.55","141.55","141.55","141.55","","0.18%"
"11/23/1990","141.32","141.32","141.32","141.32","","-0.16%"
"11/26/1990","141.75","141.75","141.75","141.75","","0.30%"
"11/27/1990","142.09","142.09","142.09","142.09","","0.24%"
"11/28/1990","142.18","142.18","142.18","142.18","","0.06%"
"11/29/1990","141.92","141.92","141.92","141.92","","-0.18%"
"11/30/1990","143.13","143.13","143.13","143.13","","0.85%"
"12/03/1990","143.36","143.36","143.36","143.36","","0.16%"
"12/04/1990","143.70","143.70","143.70","143.70","","0.24%"
"12/05/1990","143.97","143.97","143.97","143.97","","0.19%"
"12/06/1990","143.93","143.93","143.93","143.93","","-0.03%"
"12/07/1990","143.93","143.93","143.93","143.93","","0.00%"
"12/10/1990","144.16","144.16","144.16","144.16","","0.16%"
"12/11/1990","144.23","144.23","144.23","144.23","","0.05%"
"12/12/1990","144.39","144.39","144.39","144.39","","0.11%"
"12/13/1990","144.48","144.48","144.48","144.48","","0.06%"
"12/14/1990","144.46","144.46","144.46","144.46","","-0.01%"
"12/17/1990","144.61","144.61","144.61","144.61","","0.10%"
"12/18/1990","144.74","144.74","144.74","144.74","","0.09%"
"12/19/1990","144.79","144.79","144.79","144.79","","0.03%"
"12/20/1990","144.86","144.86","144.86","144.86","","0.05%"
"12/21/1990","144.85","144.85","144.85","144.85","","-0.01%"
"12/24/1990","144.43","144.43","144.43","144.43","","-0.29%"
"12/26/1990","145.11","145.11","145.11","145.11","","0.47%"
"12/27/1990","144.49","144.49","144.49","144.49","","-0.43%"
"12/28/1990","144.75","144.75","144.75","144.75","","0.18%"
"12/31/1990","145.00","145.00","145.00","145.00","","0.17%"
"01/02/1991","144.78","144.78","144.78","144.78","","-0.15%"
"01/03/1991","143.49","143.49","143.49","143.49","","-0.89%"
"01/04/1991","143.33","143.33","143.33","143.33","","-0.11%"
"01/07/1991","141.34","141.34","141.34","141.34","","-1.39%"
"01/08/1991","141.14","141.14","141.14","141.14","","-0.14%"
"01/09/1991","139.26","139.26","139.26","139.26","","-1.33%"
"01/10/1991","140.86","140.86","140.86","140.86","","1.15%"
"01/11/1991","140.89","140.89","140.89","140.89","","0.02%"
"01/14/1991","139.97","139.97","139.97","139.97","","-0.65%"
"01/15/1991","140.39","140.39","140.39","140.39","","0.30%"
"01/16/1991","141.88","141.88","141.88","141.88","","1.06%"
"01/17/1991","147.13","147.13","147.13","147.13","","3.70%"
"01/18/1991","148.05","148.05","148.05","148.05","","0.63%"
"01/21/1991","148.46","148.46","148.46","148.46","","0.28%"
"01/22/1991","147.65","147.65","147.65","147.65","","-0.55%"
"01/23/1991","148.40","148.40","148.40","148.40","","0.51%"
"01/24/1991","149.33","149.33","149.33","149.33","","0.63%"
"01/25/1991","149.76","149.76","149.76","149.76","","0.29%"
"01/28/1991","149.93","149.93","149.93","149.93","","0.11%"
"01/29/1991","149.99","149.99","149.99","149.99","","0.04%"
"01/30/1991","150.73","150.73","150.73","150.73","","0.49%"
"01/31/1991","151.00","151.00","151.00","151.00","","0.18%"
"02/01/1991","150.98","150.98","150.98","150.98","","-0.01%"
"02/04/1991","151.41","151.41","151.41","151.41","","0.28%"
"02/05/1991","151.48","151.48","151.48","151.48","","0.05%"
"02/06/1991","151.61","151.61","151.61","151.61","","0.09%"
"02/07/1991","151.62","151.62","151.62","151.62","","0.01%"
"02/08/1991","151.72","151.72","151.72","151.72","","0.07%"
"02/11/1991","151.85","151.85","151.85","151.85","","0.09%"
"02/12/1991","151.92","151.92","151.92","151.92","","0.05%"
"02/13/1991","151.97","151.97","151.97","151.97","","0.03%"
"02/14/1991","152.01","152.01","152.01","152.01","","0.03%"
"02/15/1991","151.95","151.95","151.95","151.95","","-0.04%"
"02/19/1991","152.29","152.29","152.29","152.29","","0.22%"
"02/20/1991","151.57","151.57","151.57","151.57","","-0.47%"
"02/21/1991","151.68","151.68","151.68","151.68","","0.07%"
"02/22/1991","151.76","151.76","151.76","151.76","","0.05%"
"02/25/1991","152.26","152.26","152.26","152.26","","0.33%"
"02/26/1991","151.65","151.65","151.65","151.65","","-0.40%"
"02/27/1991","152.73","152.73","152.73","152.73","","0.71%"
"02/28/1991","152.84","152.84","152.84","152.84","","0.07%"
"03/05/1991","154.23","154.23","154.23","154.23","","0.91%"
"03/06/1991","154.19","154.19","154.19","154.19","","-0.03%"
"03/07/1991","154.29","154.29","154.29","154.29","","0.06%"
"03/08/1991","154.34","154.34","154.34","154.34","","0.03%"
"03/11/1991","154.46","154.46","154.46","154.46","","0.08%"
"03/12/1991","154.39","154.39","154.39","154.39","","-0.05%"
"03/13/1991","154.78","154.78","154.78","154.78","","0.25%"
"03/14/1991","154.83","154.83","154.83","154.83","","0.03%"
"03/15/1991","154.52","154.52","154.52","154.52","","-0.20%"
"03/18/1991","154.25","154.25","154.25","154.25","","-0.17%"
"03/19/1991","153.22","153.22","153.22","153.22","","-0.67%"
"03/20/1991","153.56","153.56","153.56","153.56","","0.22%"
"03/21/1991","153.27","153.27","153.27","153.27","","-0.19%"
"03/22/1991","153.48","153.48","153.48","153.48","","0.14%"
"03/25/1991","154.17","154.17","154.17","154.17","","0.45%"
"03/26/1991","155.34","155.34","155.34","155.34","","0.76%"
"03/27/1991","155.20","155.20","155.20","155.20","","-0.09%"
"03/28/1991","154.99","154.99","154.99","154.99","","-0.14%"
"04/01/1991","154.67","154.67","154.67","154.67","","-0.21%"
"04/02/1991","155.90","155.90","155.90","155.90","","0.80%"
"04/03/1991","155.81","155.81","155.81","155.81","","-0.06%"
"04/04/1991","155.92","155.92","155.92","155.92","","0.07%"
"04/05/1991","155.65","155.65","155.65","155.65","","-0.17%"
"04/08/1991","156.26","156.26","156.26","156.26","","0.39%"
"04/09/1991","155.67","155.67","155.67","155.67","","-0.38%"
"04/10/1991","155.77","155.77","155.77","155.77","","0.06%"
"04/11/1991","156.40","156.40","156.40","156.40","","0.40%"
"04/12/1991","156.63","156.63","156.63","156.63","","0.15%"
"04/15/1991","156.81","156.81","156.81","156.81","","0.11%"
"04/16/1991","156.96","156.96","156.96","156.96","","0.10%"
"04/17/1991","157.04","157.04","157.04","157.04","","0.05%"
"04/18/1991","157.08","157.08","157.08","157.08","","0.03%"
"04/19/1991","157.05","157.05","157.05","157.05","","-0.02%"
"04/22/1991","156.68","156.68","156.68","156.68","","-0.24%"
"04/23/1991","156.73","156.73","156.73","156.73","","0.03%"
"04/24/1991","157.02","157.02","157.02","157.02","","0.19%"
"04/25/1991","156.44","156.44","156.44","156.44","","-0.37%"
"04/26/1991","156.50","156.50","156.50","156.50","","0.04%"
"04/29/1991","155.63","155.63","155.63","155.63","","-0.56%"
"04/30/1991","156.05","156.05","156.05","156.05","","0.27%"
"05/01/1991","157.15","157.15","157.15","157.15","","0.70%"
"05/02/1991","157.28","157.28","157.28","157.28","","0.08%"
"05/03/1991","157.52","157.52","157.52","157.52","","0.15%"
"05/06/1991","157.55","157.55","157.55","157.55","","0.02%"
"05/07/1991","157.21","157.21","157.21","157.21","","-0.22%"
"05/08/1991","157.55","157.55","157.55","157.55","","0.22%"
"05/09/1991","158.44","158.44","158.44","158.44","","0.56%"
"05/10/1991","156.58","156.58","156.58","156.58","","-1.17%"
"05/13/1991","157.44","157.44","157.44","157.44","","0.55%"
"05/14/1991","155.63","155.63","155.63","155.63","","-1.15%"
"05/15/1991","154.61","154.61","154.61","154.61","","-0.66%"
"05/16/1991","156.37","156.37","156.37","156.37","","1.14%"
"05/17/1991","156.34","156.34","156.34","156.34","","-0.02%"
"05/20/1991","156.31","156.31","156.31","156.31","","-0.02%"
"05/21/1991","156.98","156.98","156.98","156.98","","0.43%"
"05/22/1991","157.11","157.11","157.11","157.11","","0.08%"
"05/23/1991","156.97","156.97","156.97","156.97","","-0.09%"
"05/24/1991","157.43","157.43","157.43","157.43","","0.29%"
"05/28/1991","158.01","158.01","158.01","158.01","","0.37%"
"05/29/1991","158.11","158.11","158.11","158.11","","0.06%"
"05/30/1991","158.32","158.32","158.32","158.32","","0.13%"
"05/31/1991","158.39","158.39","158.39","158.39","","0.04%"
"06/03/1991","158.46","158.46","158.46","158.46","","0.04%"
"06/04/1991","158.52","158.52","158.52","158.52","","0.04%"
"06/05/1991","158.49","158.49","158.49","158.49","","-0.02%"
"06/06/1991","158.48","158.48","158.48","158.48","","-0.01%"
"06/07/1991","158.48","158.48","158.48","158.48","","0.00%"
"06/10/1991","158.48","158.48","158.48","158.48","","0.00%"
"06/11/1991","158.68","158.68","158.68","158.68","","0.13%"
"06/12/1991","158.42","158.42","158.42","158.42","","-0.16%"
"06/13/1991","158.67","158.67","158.67","158.67","","0.16%"
"06/14/1991","158.94","158.94","158.94","158.94","","0.17%"
"06/17/1991","158.98","158.98","158.98","158.98","","0.03%"
"06/18/1991","159.08","159.08","159.08","159.08","","0.06%"
"06/19/1991","159.01","159.01","159.01","159.01","","-0.04%"
"06/20/1991","159.15","159.15","159.15","159.15","","0.09%"
"06/21/1991","159.20","159.20","159.20","159.20","","0.03%"
"06/24/1991","157.90","157.90","157.90","157.90","","-0.82%"
"06/25/1991","157.87","157.87","157.87","157.87","","-0.02%"
"06/26/1991","158.54","158.54","158.54","158.54","","0.42%"
"06/27/1991","159.02","159.02","159.02","159.02","","0.30%"
"06/28/1991","157.94","157.94","157.94","157.94","","-0.68%"
"07/01/1991","159.69","159.69","159.69","159.69","","1.11%"
"07/02/1991","159.98","159.98","159.98","159.98","","0.18%"
"07/03/1991","158.93","158.93","158.93","158.93","","-0.66%"
"07/05/1991","159.52","159.52","159.52","159.52","","0.37%"
"07/08/1991","160.10","160.10","160.10","160.10","","0.36%"
"07/09/1991","160.10","160.10","160.10","160.10","","0.00%"
"07/10/1991","160.20","160.20","160.20","160.20","","0.06%"
"07/11/1991","160.53","160.53","160.53","160.53","","0.21%"
"07/12/1991","161.20","161.20","161.20","161.20","","0.42%"
"07/15/1991","161.51","161.51","161.51","161.51","","0.19%"
"07/16/1991","161.55","161.55","161.55","161.55","","0.02%"
"07/17/1991","161.62","161.62","161.62","161.62","","0.04%"
"07/18/1991","161.79","161.79","161.79","161.79","","0.11%"
"07/19/1991","161.77","161.77","161.77","161.77","","-0.01%"
"07/22/1991","161.71","161.71","161.71","161.71","","-0.04%"
"07/23/1991","161.03","161.03","161.03","161.03","","-0.42%"
"07/24/1991","161.06","161.06","161.06","161.06","","0.02%"
"07/25/1991","161.65","161.65","161.65","161.65","","0.37%"
"07/26/1991","161.70","161.70","161.70","161.70","","0.03%"
"07/29/1991","162.26","162.26","162.26","162.26","","0.35%"
"07/30/1991","162.83","162.83","162.83","162.83","","0.35%"
"07/31/1991","162.96","162.96","162.96","162.96","","0.08%"
"08/01/1991","163.04","163.04","163.04","163.04","","0.05%"
"08/02/1991","163.06","163.06","163.06","163.06","","0.01%"
"08/05/1991","163.11","163.11","163.11","163.11","","0.03%"
"08/06/1991","163.63","163.63","163.63","163.63","","0.32%"
"08/08/1991","163.67","163.67","163.67","163.67","","0.02%"
"08/09/1991","163.63","163.63","163.63","163.63","","-0.02%"
"08/12/1991","163.88","163.88","163.88","163.88","","0.15%"
"08/13/1991","164.01","164.01","164.01","164.01","","0.08%"
"08/14/1991","164.05","164.05","164.05","164.05","","0.02%"
"08/15/1991","164.10","164.10","164.10","164.10","","0.03%"
"08/16/1991","164.11","164.11","164.11","164.11","","0.01%"
"08/19/1991","161.63","161.63","161.63","161.63","","-1.51%"
"08/20/1991","162.80","162.80","162.80","162.80","","0.72%"
"08/21/1991","165.16","165.16","165.16","165.16","","1.45%"
"08/22/1991","165.40","165.40","165.40","165.40","","0.15%"
"08/23/1991","165.79","165.79","165.79","165.79","","0.24%"
"08/26/1991","165.83","165.83","165.83","165.83","","0.02%"
"08/27/1991","165.93","165.93","165.93","165.93","","0.06%"
"08/28/1991","166.27","166.27","166.27","166.27","","0.20%"
"08/29/1991","166.29","166.29","166.29","166.29","","0.01%"
"08/30/1991","166.25","166.25","166.25","166.25","","-0.02%"
"09/03/1991","166.19","166.19","166.19","166.19","","-0.04%"
"09/04/1991","165.97","165.97","165.97","165.97","","-0.13%"
"09/05/1991","165.91","165.91","165.91","165.91","","-0.04%"
"09/06/1991","166.04","166.04","166.04","166.04","","0.08%"
"09/09/1991","166.06","166.06","166.06","166.06","","0.01%"
"09/10/1991","165.51","165.51","165.51","165.51","","-0.33%"
"09/11/1991","165.70","165.70","165.70","165.70","","0.11%"
"09/12/1991","166.35","166.35","166.35","166.35","","0.39%"
"09/13/1991","165.75","165.75","165.75","165.75","","-0.36%"
"09/16/1991","166.45","166.45","166.45","166.45","","0.42%"
"09/17/1991","166.72","166.72","166.72","166.72","","0.16%"
"09/18/1991","166.91","166.91","166.91","166.91","","0.11%"
"09/19/1991","167.29","167.29","167.29","167.29","","0.23%"
"09/20/1991","167.47","167.47","167.47","167.47","","0.11%"
"09/23/1991","167.49","167.49","167.49","167.49","","0.01%"
"09/24/1991","167.90","167.90","167.90","167.90","","0.24%"
"09/25/1991","167.82","167.82","167.82","167.82","","-0.05%"
"09/26/1991","168.01","168.01","168.01","168.01","","0.11%"
"09/27/1991","167.76","167.76","167.76","167.76","","-0.15%"
"09/30/1991","168.27","168.27","168.27","168.27","","0.30%"
"10/01/1991","168.58","168.58","168.58","168.58","","0.18%"
"10/02/1991","168.49","168.49","168.49","168.49","","-0.05%"
"10/03/1991","167.85","167.85","167.85","167.85","","-0.38%"
"10/04/1991","167.30","167.30","167.30","167.30","","-0.33%"
"10/07/1991","166.85","166.85","166.85","166.85","","-0.27%"
"10/08/1991","167.31","167.31","167.31","167.31","","0.28%"
"10/09/1991","166.23","166.23","166.23","166.23","","-0.65%"
"10/10/1991","167.42","167.42","167.42","167.42","","0.72%"
"10/11/1991","167.86","167.86","167.86","167.86","","0.26%"
"10/14/1991","169.34","169.34","169.34","169.34","","0.88%"
"10/15/1991","169.88","169.88","169.88","169.88","","0.32%"
"10/16/1991","170.07","170.07","170.07","170.07","","0.11%"
"10/17/1991","170.12","170.12","170.12","170.12","","0.03%"
"10/18/1991","170.19","170.19","170.19","170.19","","0.04%"
"10/21/1991","169.79","169.79","169.79","169.79","","-0.24%"
"10/22/1991","169.49","169.49","169.49","169.49","","-0.18%"
"10/23/1991","169.68","169.68","169.68","169.68","","0.11%"
"10/24/1991","168.76","168.76","168.76","168.76","","-0.54%"
"10/25/1991","168.59","168.59","168.59","168.59","","-0.10%"
"10/28/1991","170.25","170.25","170.25","170.25","","0.98%"
"10/29/1991","170.69","170.69","170.69","170.69","","0.26%"
"10/30/1991","171.02","171.02","171.02","171.02","","0.19%"
"10/31/1991","171.04","171.04","171.04","171.04","","0.01%"
"11/01/1991","170.99","170.99","170.99","170.99","","-0.03%"
"11/04/1991","170.84","170.84","170.84","170.84","","-0.09%"
"11/05/1991","170.73","170.73","170.73","170.73","","-0.06%"
"11/06/1991","171.03","171.03","171.03","171.03","","0.18%"
"11/07/1991","171.83","171.83","171.83","171.83","","0.47%"
"11/08/1991","171.94","171.94","171.94","171.94","","0.06%"
"11/11/1991","172.29","172.29","172.29","172.29","","0.20%"
"11/12/1991","172.65","172.65","172.65","172.65","","0.21%"
"11/13/1991","172.77","172.77","172.77","172.77","","0.07%"
"11/14/1991","172.83","172.83","172.83","172.83","","0.03%"
"11/15/1991","169.59","169.59","169.59","169.59","","-1.87%"
"11/18/1991","170.71","170.71","170.71","170.71","","0.66%"
"11/19/1991","169.65","169.65","169.65","169.65","","-0.62%"
"11/20/1991","169.42","169.42","169.42","169.42","","-0.14%"
"11/21/1991","169.78","169.78","169.78","169.78","","0.21%"
"11/22/1991","168.89","168.89","168.89","168.89","","-0.52%"
"11/25/1991","168.90","168.90","168.90","168.90","","0.01%"
"11/26/1991","169.95","169.95","169.95","169.95","","0.62%"
"11/27/1991","169.51","169.51","169.51","169.51","","-0.26%"
"11/29/1991","169.50","169.50","169.50","169.50","","-0.01%"
"12/02/1991","170.97","170.97","170.97","170.97","","0.87%"
"12/03/1991","171.02","171.02","171.02","171.02","","0.03%"
"12/04/1991","170.95","170.95","170.95","170.95","","-0.04%"
"12/05/1991","170.49","170.49","170.49","170.49","","-0.27%"
"12/06/1991","170.88","170.88","170.88","170.88","","0.23%"
"12/09/1991","171.01","171.01","171.01","171.01","","0.08%"
"12/10/1991","171.06","171.06","171.06","171.06","","0.03%"
"12/11/1991","171.05","171.05","171.05","171.05","","-0.01%"
"12/12/1991","172.19","172.19","172.19","172.19","","0.67%"
"12/13/1991","172.75","172.75","172.75","172.75","","0.33%"
"12/16/1991","173.12","173.12","173.12","173.12","","0.21%"
"12/17/1991","173.07","173.07","173.07","173.07","","-0.03%"
"12/18/1991","173.25","173.25","173.25","173.25","","0.10%"
"12/19/1991","173.29","173.29","173.29","173.29","","0.02%"
"12/20/1991","173.57","173.57","173.57","173.57","","0.16%"
"12/23/1991","175.05","175.05","175.05","175.05","","0.85%"
"12/24/1991","175.33","175.33","175.33","175.33","","0.16%"
"12/26/1991","175.68","175.68","175.68","175.68","","0.20%"
"12/27/1991","175.76","175.76","175.76","175.76","","0.05%"
"12/30/1991","175.88","175.88","175.88","175.88","","0.07%"
"12/31/1991","175.92","175.92","175.92","175.92","","0.02%"
"01/02/1992","176.02","176.02","176.02","176.02","","0.06%"
"01/03/1992","176.06","176.06","176.06","176.06","","0.02%"
"01/06/1992","176.17","176.17","176.17","176.17","","0.06%"
"01/07/1992","176.22","176.22","176.22","176.22","","0.03%"
"01/08/1992","176.27","176.27","176.27","176.27","","0.03%"
"01/09/1992","176.27","176.27","176.27","176.27","","0.00%"
"01/10/1992","176.33","176.33","176.33","176.33","","0.03%"
"01/13/1992","176.46","176.46","176.46","176.46","","0.07%"
"01/14/1992","176.49","176.49","176.49","176.49","","0.02%"
"01/15/1992","176.53","176.53","176.53","176.53","","0.02%"
"01/16/1992","176.57","176.57","176.57","176.57","","0.02%"
"01/17/1992","176.55","176.55","176.55","176.55","","-0.01%"
"01/20/1992","176.51","176.51","176.51","176.51","","-0.02%"
"01/21/1992","175.80","175.80","175.80","175.80","","-0.40%"
"01/22/1992","176.99","176.99","176.99","176.99","","0.68%"
"01/23/1992","176.28","176.28","176.28","176.28","","-0.40%"
"01/24/1992","176.68","176.68","176.68","176.68","","0.23%"
"01/27/1992","176.64","176.64","176.64","176.64","","-0.02%"
"01/28/1992","176.48","176.48","176.48","176.48","","-0.09%"
"01/29/1992","175.58","175.58","175.58","175.58","","-0.51%"
"01/30/1992","175.93","175.93","175.93","175.93","","0.20%"
"01/31/1992","175.11","175.11","175.11","175.11","","-0.47%"
"02/03/1992","175.42","175.42","175.42","175.42","","0.18%"
"02/04/1992","176.85","176.85","176.85","176.85","","0.82%"
"02/05/1992","177.04","177.04","177.04","177.04","","0.11%"
"02/06/1992","177.01","177.01","177.01","177.01","","-0.02%"
"02/07/1992","176.49","176.49","176.49","176.49","","-0.29%"
"02/10/1992","177.32","177.32","177.32","177.32","","0.47%"
"02/11/1992","177.75","177.75","177.75","177.75","","0.24%"
"02/12/1992","178.62","178.62","178.62","178.62","","0.49%"
"02/13/1992","177.77","177.77","177.77","177.77","","-0.48%"
"02/14/1992","177.92","177.92","177.92","177.92","","0.08%"
"02/18/1992","176.36","176.36","176.36","176.36","","-0.88%"
"02/19/1992","176.87","176.87","176.87","176.87","","0.29%"
"02/20/1992","178.71","178.71","178.71","178.71","","1.04%"
"02/21/1992","178.45","178.45","178.45","178.45","","-0.15%"
"02/24/1992","178.56","178.56","178.56","178.56","","0.06%"
"02/25/1992","178.39","178.39","178.39","178.39","","-0.10%"
"02/26/1992","179.26","179.26","179.26","179.26","","0.49%"
"02/27/1992","179.15","179.15","179.15","179.15","","-0.06%"
"02/28/1992","179.06","179.06","179.06","179.06","","-0.05%"
"03/02/1992","179.28","179.28","179.28","179.28","","0.12%"
"03/03/1992","179.25","179.25","179.25","179.25","","-0.02%"
"03/04/1992","178.74","178.74","178.74","178.74","","-0.28%"
"03/05/1992","178.21","178.21","178.21","178.21","","-0.30%"
"03/06/1992","177.56","177.56","177.56","177.56","","-0.36%"
"03/09/1992","177.93","177.93","177.93","177.93","","0.21%"
"03/10/1992","178.91","178.91","178.91","178.91","","0.55%"
"03/11/1992","177.91","177.91","177.91","177.91","","-0.56%"
"03/12/1992","178.10","178.10","178.10","178.10","","0.11%"
"03/13/1992","178.67","178.67","178.67","178.67","","0.32%"
"03/16/1992","178.95","178.95","178.95","178.95","","0.16%"
"03/17/1992","180.35","180.35","180.35","180.35","","0.78%"
"03/18/1992","180.43","180.43","180.43","180.43","","0.04%"
"03/19/1992","180.81","180.81","180.81","180.81","","0.21%"
"03/20/1992","181.32","181.32","181.32","181.32","","0.28%"
"03/23/1992","181.44","181.44","181.44","181.44","","0.07%"
"03/24/1992","181.52","181.52","181.52","181.52","","0.04%"
"03/25/1992","181.62","181.62","181.62","181.62","","0.06%"
"03/26/1992","181.30","181.30","181.30","181.30","","-0.18%"
"03/27/1992","180.20","180.20","180.20","180.20","","-0.61%"
"03/30/1992","180.20","180.20","180.20","180.20","","0.00%"
"03/31/1992","180.22","180.22","180.22","180.22","","0.01%"
"04/01/1992","180.78","180.78","180.78","180.78","","0.31%"
"04/02/1992","179.25","179.25","179.25","179.25","","-0.85%"
"04/03/1992","179.84","179.84","179.84","179.84","","0.33%"
"04/06/1992","181.53","181.53","181.53","181.53","","0.94%"
"04/07/1992","178.54","178.54","178.54","178.54","","-1.65%"
"04/08/1992","177.35","177.35","177.35","177.35","","-0.67%"
"04/09/1992","180.52","180.52","180.52","180.52","","1.79%"
"04/10/1992","181.47","181.47","181.47","181.47","","0.53%"
"04/13/1992","182.09","182.09","182.09","182.09","","0.34%"
"04/14/1992","183.99","183.99","183.99","183.99","","1.04%"
"04/15/1992","184.34","184.34","184.34","184.34","","0.19%"
"04/16/1992","184.40","184.40","184.40","184.40","","0.03%"
"04/20/1992","183.15","183.15","183.15","183.15","","-0.68%"
"04/21/1992","183.63","183.63","183.63","183.63","","0.26%"
"04/22/1992","183.53","183.53","183.53","183.53","","-0.05%"
"04/23/1992","183.72","183.72","183.72","183.72","","0.10%"
"04/24/1992","183.32","183.32","183.32","183.32","","-0.22%"
"04/27/1992","183.38","183.38","183.38","183.38","","0.03%"
"04/28/1992","183.51","183.51","183.51","183.51","","0.07%"
"04/29/1992","184.33","184.33","184.33","184.33","","0.45%"
"04/30/1992","185.08","185.08","185.08","185.08","","0.41%"
"05/01/1992","184.74","184.74","184.74","184.74","","-0.18%"
"05/04/1992","185.81","185.81","185.81","185.81","","0.58%"
"05/05/1992","186.00","186.00","186.00","186.00","","0.10%"
"05/06/1992","186.05","186.05","186.05","186.05","","0.03%"
"05/07/1992","185.96","185.96","185.96","185.96","","-0.05%"
"05/08/1992","186.32","186.32","186.32","186.32","","0.19%"
"05/11/1992","186.90","186.90","186.90","186.90","","0.31%"
"05/12/1992","186.77","186.77","186.77","186.77","","-0.07%"
"05/13/1992","186.90","186.90","186.90","186.90","","0.07%"
"05/14/1992","186.39","186.39","186.39","186.39","","-0.27%"
"05/15/1992","185.37","185.37","185.37","185.37","","-0.55%"
"05/18/1992","186.06","186.06","186.06","186.06","","0.37%"
"05/19/1992","186.71","186.71","186.71","186.71","","0.35%"
"05/20/1992","186.73","186.73","186.73","186.73","","0.01%"
"05/21/1992","186.23","186.23","186.23","186.23","","-0.27%"
"05/22/1992","186.63","186.63","186.63","186.63","","0.21%"
"05/26/1992","186.21","186.21","186.21","186.21","","-0.23%"
"05/27/1992","186.43","186.43","186.43","186.43","","0.12%"
"05/28/1992","187.29","187.29","187.29","187.29","","0.46%"
"05/29/1992","187.25","187.25","187.25","187.25","","-0.02%"
"06/01/1992","187.53","187.53","187.53","187.53","","0.15%"
"06/02/1992","187.18","187.18","187.18","187.18","","-0.19%"
"06/03/1992","187.49","187.49","187.49","187.49","","0.17%"
"06/04/1992","187.27","187.27","187.27","187.27","","-0.12%"
"06/05/1992","187.47","187.47","187.47","187.47","","0.11%"
"06/08/1992","187.45","187.45","187.45","187.45","","-0.01%"
"06/09/1992","187.02","187.02","187.02","187.02","","-0.23%"
"06/10/1992","186.47","186.47","186.47","186.47","","-0.29%"
"06/11/1992","187.03","187.03","187.03","187.03","","0.30%"
"06/12/1992","187.58","187.58","187.58","187.58","","0.29%"
"06/15/1992","187.91","187.91","187.91","187.91","","0.18%"
"06/16/1992","187.36","187.36","187.36","187.36","","-0.29%"
"06/17/1992","185.07","185.07","185.07","185.07","","-1.22%"
"06/18/1992","184.80","184.80","184.80","184.80","","-0.15%"
"06/19/1992","185.91","185.91","185.91","185.91","","0.60%"
"06/22/1992","185.99","185.99","185.99","185.99","","0.04%"
"06/23/1992","186.28","186.28","186.28","186.28","","0.16%"
"06/24/1992","186.30","186.30","186.30","186.30","","0.01%"
"06/25/1992","186.28","186.28","186.28","186.28","","-0.01%"
"06/26/1992","186.45","186.45","186.45","186.45","","0.09%"
"06/29/1992","187.52","187.52","187.52","187.52","","0.57%"
"06/30/1992","187.53","187.53","187.53","187.53","","0.01%"
"07/01/1992","187.87","187.87","187.87","187.87","","0.18%"
"07/02/1992","187.77","187.77","187.77","187.77","","-0.05%"
"07/06/1992","187.98","187.98","187.98","187.98","","0.11%"
"07/07/1992","187.69","187.69","187.69","187.69","","-0.15%"
"07/08/1992","187.99","187.99","187.99","187.99","","0.16%"
"07/09/1992","188.21","188.21","188.21","188.21","","0.12%"
"07/10/1992","188.26","188.26","188.26","188.26","","0.03%"
"07/13/1992","188.38","188.38","188.38","188.38","","0.06%"
"07/14/1992","188.45","188.45","188.45","188.45","","0.04%"
"07/15/1992","188.47","188.47","188.47","188.47","","0.01%"
"07/16/1992","188.52","188.52","188.52","188.52","","0.03%"
"07/17/1992","188.47","188.47","188.47","188.47","","-0.03%"
"07/20/1992","188.50","188.50","188.50","188.50","","0.02%"
"07/21/1992","188.28","188.28","188.28","188.28","","-0.12%"
"07/22/1992","187.49","187.49","187.49","187.49","","-0.42%"
"07/23/1992","187.98","187.98","187.98","187.98","","0.26%"
"07/24/1992","187.99","187.99","187.99","187.99","","0.01%"
"07/27/1992","188.25","188.25","188.25","188.25","","0.14%"
"07/28/1992","189.60","189.60","189.60","189.60","","0.72%"
"07/29/1992","190.21","190.21","190.21","190.21","","0.32%"
"07/30/1992","190.51","190.51","190.51","190.51","","0.16%"
"07/31/1992","190.57","190.57","190.57","190.57","","0.03%"
"08/03/1992","190.78","190.78","190.78","190.78","","0.11%"
"08/04/1992","190.85","190.85","190.85","190.85","","0.04%"
"08/05/1992","190.68","190.68","190.68","190.68","","-0.09%"
"08/06/1992","190.57","190.57","190.57","190.57","","-0.06%"
"08/07/1992","190.38","190.38","190.38","190.38","","-0.10%"
"08/10/1992","190.69","190.69","190.69","190.69","","0.16%"
"08/11/1992","190.59","190.59","190.59","190.59","","-0.05%"
"08/12/1992","190.58","190.58","190.58","190.58","","-0.01%"
"08/13/1992","190.63","190.63","190.63","190.63","","0.03%"
"08/14/1992","191.12","191.12","191.12","191.12","","0.26%"
"08/17/1992","191.37","191.37","191.37","191.37","","0.13%"
"08/18/1992","191.47","191.47","191.47","191.47","","0.05%"
"08/19/1992","191.36","191.36","191.36","191.36","","-0.06%"
"08/20/1992","191.51","191.51","191.51","191.51","","0.08%"
"08/21/1992","191.63","191.63","191.63","191.63","","0.06%"
"08/24/1992","190.80","190.80","190.80","190.80","","-0.43%"
"08/25/1992","191.20","191.20","191.20","191.20","","0.21%"
"08/26/1992","191.89","191.89","191.89","191.89","","0.36%"
"08/27/1992","192.15","192.15","192.15","192.15","","0.14%"
"08/28/1992","192.34","192.34","192.34","192.34","","0.10%"
"08/31/1992","192.51","192.51","192.51","192.51","","0.09%"
"09/01/1992","192.73","192.73","192.73","192.73","","0.11%"
"09/02/1992","193.13","193.13","193.13","193.13","","0.21%"
"09/03/1992","193.18","193.18","193.18","193.18","","0.03%"
"09/04/1992","193.14","193.14","193.14","193.14","","-0.02%"
"09/08/1992","193.00","193.00","193.00","193.00","","-0.07%"
"09/09/1992","193.37","193.37","193.37","193.37","","0.19%"
"09/10/1992","193.74","193.74","193.74","193.74","","0.19%"
"09/11/1992","193.77","193.77","193.77","193.77","","0.02%"
"09/14/1992","193.90","193.90","193.90","193.90","","0.07%"
"09/15/1992","193.91","193.91","193.91","193.91","","0.01%"
"09/16/1992","193.84","193.84","193.84","193.84","","-0.04%"
"09/17/1992","194.02","194.02","194.02","194.02","","0.09%"
"09/18/1992","194.02","194.02","194.02","194.02","","0.00%"
"09/21/1992","194.25","194.25","194.25","194.25","","0.12%"
"09/22/1992","193.24","193.24","193.24","193.24","","-0.52%"
"09/23/1992","193.32","193.32","193.32","193.32","","0.04%"
"09/24/1992","193.83","193.83","193.83","193.83","","0.26%"
"09/25/1992","192.47","192.47","192.47","192.47","","-0.70%"
"09/28/1992","193.28","193.28","193.28","193.28","","0.42%"
"09/29/1992","193.42","193.42","193.42","193.42","","0.07%"
"09/30/1992","193.78","193.78","193.78","193.78","","0.19%"
"10/01/1992","193.10","193.10","193.10","193.10","","-0.35%"
"10/02/1992","191.10","191.10","191.10","191.10","","-1.04%"
"10/05/1992","190.30","190.30","190.30","190.30","","-0.42%"
"10/06/1992","190.14","190.14","190.14","190.14","","-0.08%"
"10/07/1992","188.69","188.69","188.69","188.69","","-0.76%"
"10/08/1992","190.70","190.70","190.70","190.70","","1.07%"
"10/09/1992","188.38","188.38","188.38","188.38","","-1.22%"
"10/12/1992","190.65","190.65","190.65","190.65","","1.21%"
"10/13/1992","191.49","191.49","191.49","191.49","","0.44%"
"10/14/1992","191.50","191.50","191.50","191.50","","0.01%"
"10/15/1992","192.16","192.16","192.16","192.16","","0.34%"
"10/16/1992","192.70","192.70","192.70","192.70","","0.28%"
"10/19/1992","193.71","193.71","193.71","193.71","","0.52%"
"10/20/1992","193.81","193.81","193.81","193.81","","0.05%"
"10/21/1992","194.04","194.04","194.04","194.04","","0.12%"
"10/22/1992","193.88","193.88","193.88","193.88","","-0.08%"
"10/23/1992","193.98","193.98","193.98","193.98","","0.05%"
"10/26/1992","194.81","194.81","194.81","194.81","","0.43%"
"10/27/1992","194.86","194.86","194.86","194.86","","0.03%"
"10/28/1992","195.18","195.18","195.18","195.18","","0.16%"
"10/29/1992","195.28","195.28","195.28","195.28","","0.05%"
"10/30/1992","195.15","195.15","195.15","195.15","","-0.07%"
"11/02/1992","195.65","195.65","195.65","195.65","","0.26%"
"11/03/1992","195.32","195.32","195.32","195.32","","-0.17%"
"11/04/1992","195.32","195.32","195.32","195.32","","0.00%"
"11/05/1992","195.64","195.64","195.64","195.64","","0.16%"
"11/06/1992","195.73","195.73","195.73","195.73","","0.05%"
"11/09/1992","196.08","196.08","196.08","196.08","","0.18%"
"11/10/1992","196.16","196.16","196.16","196.16","","0.04%"
"11/11/1992","196.42","196.42","196.42","196.42","","0.13%"
"11/12/1992","196.43","196.43","196.43","196.43","","0.01%"
"11/13/1992","196.50","196.50","196.50","196.50","","0.04%"
"11/16/1992","196.53","196.53","196.53","196.53","","0.02%"
"11/17/1992","196.55","196.55","196.55","196.55","","0.01%"
"11/18/1992","196.74","196.74","196.74","196.74","","0.10%"
"11/19/1992","196.79","196.79","196.79","196.79","","0.03%"
"11/20/1992","197.03","197.03","197.03","197.03","","0.12%"
"11/23/1992","196.99","196.99","196.99","196.99","","-0.02%"
"11/24/1992","197.54","197.54","197.54","197.54","","0.28%"
"11/25/1992","197.85","197.85","197.85","197.85","","0.16%"
"11/27/1992","198.06","198.06","198.06","198.06","","0.11%"
"11/30/1992","198.35","198.35","198.35","198.35","","0.15%"
"12/01/1992","198.43","198.43","198.43","198.43","","0.04%"
"12/02/1992","198.40","198.40","198.40","198.40","","-0.02%"
"12/03/1992","198.52","198.52","198.52","198.52","","0.06%"
"12/04/1992","198.86","198.86","198.86","198.86","","0.17%"
"12/07/1992","199.18","199.18","199.18","199.18","","0.16%"
"12/08/1992","199.27","199.27","199.27","199.27","","0.05%"
"12/09/1992","199.25","199.25","199.25","199.25","","-0.01%"
"12/10/1992","199.22","199.22","199.22","199.22","","-0.02%"
"12/11/1992","199.31","199.31","199.31","199.31","","0.05%"
"12/14/1992","199.41","199.41","199.41","199.41","","0.05%"
"12/15/1992","199.48","199.48","199.48","199.48","","0.04%"
"12/16/1992","199.47","199.47","199.47","199.47","","-0.01%"
"12/17/1992","199.64","199.64","199.64","199.64","","0.09%"
"12/18/1992","200.00","200.00","200.00","200.00","","0.18%"
"12/21/1992","200.19","200.19","200.19","200.19","","0.10%"
"12/22/1992","200.38","200.38","200.38","200.38","","0.09%"
"12/23/1992","200.28","200.28","200.28","200.28","","-0.05%"
"12/24/1992","200.33","200.33","200.33","200.33","","0.02%"
"12/28/1992","200.43","200.43","200.43","200.43","","0.05%"
"12/29/1992","200.27","200.27","200.27","200.27","","-0.08%"
"12/30/1992","200.35","200.35","200.35","200.35","","0.04%"
"12/31/1992","200.19","200.19","200.19","200.19","","-0.08%"
"01/04/1993","199.89","199.89","199.89","199.89","","-0.15%"
"01/05/1993","199.99","199.99","199.99","199.99","","0.05%"
"01/06/1993","200.13","200.13","200.13","200.13","","0.07%"
"01/07/1993","198.87","198.87","198.87","198.87","","-0.63%"
"01/08/1993","198.71","198.71","198.71","198.71","","-0.08%"
"01/11/1993","199.38","199.38","199.38","199.38","","0.34%"
"01/12/1993","199.63","199.63","199.63","199.63","","0.13%"
"01/13/1993","200.57","200.57","200.57","200.57","","0.47%"
"01/14/1993","201.55","201.55","201.55","201.55","","0.49%"
"01/15/1993","201.36","201.36","201.36","201.36","","-0.09%"
"01/18/1993","201.59","201.59","201.59","201.59","","0.11%"
"01/19/1993","201.25","201.25","201.25","201.25","","-0.17%"
"01/20/1993","200.83","200.83","200.83","200.83","","-0.21%"
"01/21/1993","201.50","201.50","201.50","201.50","","0.33%"
"01/22/1993","201.75","201.75","201.75","201.75","","0.12%"
"01/25/1993","202.54","202.54","202.54","202.54","","0.39%"
"01/26/1993","202.58","202.58","202.58","202.58","","0.02%"
"01/27/1993","202.31","202.31","202.31","202.31","","-0.13%"
"01/28/1993","202.44","202.44","202.44","202.44","","0.06%"
"01/29/1993","202.43","202.43","202.43","202.43","","0.00%"
"02/01/1993","203.10","203.10","203.10","203.10","","0.33%"
"02/02/1993","203.22","203.22","203.22","203.22","","0.06%"
"02/03/1993","203.46","203.46","203.46","203.46","","0.12%"
"02/04/1993","203.60","203.60","203.60","203.60","","0.07%"
"02/05/1993","203.59","203.59","203.59","203.59","","0.00%"
"02/08/1993","203.64","203.64","203.64","203.64","","0.02%"
"02/09/1993","203.63","203.63","203.63","203.63","","0.00%"
"02/10/1993","203.69","203.69","203.69","203.69","","0.03%"
"02/11/1993","203.83","203.83","203.83","203.83","","0.07%"
"02/12/1993","203.86","203.86","203.86","203.86","","0.01%"
"02/16/1993","202.44","202.44","202.44","202.44","","-0.70%"
"02/17/1993","202.72","202.72","202.72","202.72","","0.14%"
"02/18/1993","203.13","203.13","203.13","203.13","","0.20%"
"02/19/1993","203.74","203.74","203.74","203.74","","0.30%"
"02/22/1993","204.15","204.15","204.15","204.15","","0.20%"
"02/23/1993","203.99","203.99","203.99","203.99","","-0.08%"
"02/24/1993","204.73","204.73","204.73","204.73","","0.36%"
"02/25/1993","205.03","205.03","205.03","205.03","","0.15%"
"02/26/1993","205.33","205.33","205.33","205.33","","0.15%"
"03/01/1993","205.28","205.28","205.28","205.28","","-0.02%"
"03/02/1993","205.67","205.67","205.67","205.67","","0.19%"
"03/03/1993","205.71","205.71","205.71","205.71","","0.02%"
"03/04/1993","205.64","205.64","205.64","205.64","","-0.03%"
"03/05/1993","205.63","205.63","205.63","205.63","","0.00%"
"03/08/1993","205.84","205.84","205.84","205.84","","0.10%"
"03/09/1993","205.95","205.95","205.95","205.95","","0.05%"
"03/10/1993","206.00","206.00","206.00","206.00","","0.02%"
"03/11/1993","206.01","206.01","206.01","206.01","","0.00%"
"03/12/1993","205.94","205.94","205.94","205.94","","-0.03%"
"03/15/1993","206.08","206.08","206.08","206.08","","0.07%"
"03/16/1993","206.13","206.13","206.13","206.13","","0.02%"
"03/17/1993","206.17","206.17","206.17","206.17","","0.02%"
"03/18/1993","206.22","206.22","206.22","206.22","","0.02%"
"03/19/1993","206.14","206.14","206.14","206.14","","-0.04%"
"03/22/1993","205.81","205.81","205.81","205.81","","-0.16%"
"03/23/1993","206.21","206.21","206.21","206.21","","0.19%"
"03/24/1993","206.19","206.19","206.19","206.19","","-0.01%"
"03/25/1993","206.97","206.97","206.97","206.97","","0.38%"
"03/26/1993","206.26","206.26","206.26","206.26","","-0.34%"
"03/29/1993","206.95","206.95","206.95","206.95","","0.33%"
"03/30/1993","207.34","207.34","207.34","207.34","","0.19%"
"03/31/1993","207.33","207.33","207.33","207.33","","0.00%"
"04/01/1993","206.88","206.88","206.88","206.88","","-0.22%"
"04/02/1993","204.37","204.37","204.37","204.37","","-1.21%"
"04/05/1993","204.97","204.97","204.97","204.97","","0.29%"
"04/06/1993","204.64","204.64","204.64","204.64","","-0.16%"
"04/07/1993","205.36","205.36","205.36","205.36","","0.35%"
"04/08/1993","205.05","205.05","205.05","205.05","","-0.15%"
"04/12/1993","207.71","207.71","207.71","207.71","","1.30%"
"04/13/1993","207.99","207.99","207.99","207.99","","0.13%"
"04/14/1993","208.09","208.09","208.09","208.09","","0.05%"
"04/15/1993","208.24","208.24","208.24","208.24","","0.07%"
"04/16/1993","208.65","208.65","208.65","208.65","","0.20%"
"04/19/1993","208.46","208.46","208.46","208.46","","-0.09%"
"04/20/1993","207.95","207.95","207.95","207.95","","-0.24%"
"04/21/1993","208.05","208.05","208.05","208.05","","0.05%"
"04/22/1993","206.85","206.85","206.85","206.85","","-0.58%"
"04/23/1993","205.77","205.77","205.77","205.77","","-0.52%"
"04/26/1993","204.52","204.52","204.52","204.52","","-0.61%"
"04/27/1993","206.32","206.32","206.32","206.32","","0.88%"
"04/28/1993","206.30","206.30","206.30","206.30","","-0.01%"
"04/29/1993","206.88","206.88","206.88","206.88","","0.28%"
"04/30/1993","207.11","207.11","207.11","207.11","","0.11%"
"05/03/1993","208.14","208.14","208.14","208.14","","0.50%"
"05/04/1993","208.84","208.84","208.84","208.84","","0.34%"
"05/05/1993","208.98","208.98","208.98","208.98","","0.07%"
"05/06/1993","208.67","208.67","208.67","208.67","","-0.15%"
"05/07/1993","208.54","208.54","208.54","208.54","","-0.06%"
"05/10/1993","208.82","208.82","208.82","208.82","","0.13%"
"05/11/1993","209.41","209.41","209.41","209.41","","0.28%"
"05/12/1993","209.39","209.39","209.39","209.39","","-0.01%"
"05/13/1993","207.87","207.87","207.87","207.87","","-0.73%"
"05/14/1993","207.62","207.62","207.62","207.62","","-0.12%"
"05/17/1993","208.44","208.44","208.44","208.44","","0.39%"
"05/18/1993","208.43","208.43","208.43","208.43","","0.00%"
"05/19/1993","210.91","210.91","210.91","210.91","","1.19%"
"05/20/1993","211.18","211.18","211.18","211.18","","0.13%"
"05/21/1993","210.34","210.34","210.34","210.34","","-0.40%"
"05/24/1993","211.02","211.02","211.02","211.02","","0.32%"
"05/25/1993","211.19","211.19","211.19","211.19","","0.08%"
"05/26/1993","212.05","212.05","212.05","212.05","","0.41%"
"05/27/1993","212.01","212.01","212.01","212.01","","-0.02%"
"05/28/1993","211.66","211.66","211.66","211.66","","-0.17%"
"06/01/1993","212.42","212.42","212.42","212.42","","0.36%"
"06/02/1993","212.40","212.40","212.40","212.40","","-0.01%"
"06/03/1993","212.37","212.37","212.37","212.37","","-0.01%"
"06/04/1993","212.21","212.21","212.21","212.21","","-0.08%"
"06/07/1993","212.02","212.02","212.02","212.02","","-0.09%"
"06/08/1993","211.50","211.50","211.50","211.50","","-0.25%"
"06/09/1993","212.00","212.00","212.00","212.00","","0.24%"
"06/10/1993","212.11","212.11","212.11","212.11","","0.05%"
"06/11/1993","212.69","212.69","212.69","212.69","","0.27%"
"06/14/1993","212.87","212.87","212.87","212.87","","0.08%"
"06/15/1993","212.90","212.90","212.90","212.90","","0.01%"
"06/16/1993","213.17","213.17","213.17","213.17","","0.13%"
"06/17/1993","213.39","213.39","213.39","213.39","","0.10%"
"06/18/1993","213.14","213.14","213.14","213.14","","-0.12%"
"06/21/1993","213.56","213.56","213.56","213.56","","0.20%"
"06/22/1993","213.58","213.58","213.58","213.58","","0.01%"
"06/23/1993","213.23","213.23","213.23","213.23","","-0.16%"
"06/24/1993","213.86","213.86","213.86","213.86","","0.30%"
"06/25/1993","214.12","214.12","214.12","214.12","","0.12%"
"06/28/1993","214.93","214.93","214.93","214.93","","0.38%"
"06/29/1993","214.84","214.84","214.84","214.84","","-0.04%"
"06/30/1993","214.83","214.83","214.83","214.83","","0.00%"
"07/01/1993","214.70","214.70","214.70","214.70","","-0.06%"
"07/02/1993","214.40","214.40","214.40","214.40","","-0.14%"
"07/06/1993","213.32","213.32","213.32","213.32","","-0.50%"
"07/07/1993","213.73","213.73","213.73","213.73","","0.19%"
"07/08/1993","215.07","215.07","215.07","215.07","","0.63%"
"07/09/1993","215.28","215.28","215.28","215.28","","0.10%"
"07/12/1993","215.55","215.55","215.55","215.55","","0.13%"
"07/13/1993","215.60","215.60","215.60","215.60","","0.02%"
"07/14/1993","215.87","215.87","215.87","215.87","","0.13%"
"07/15/1993","215.95","215.95","215.95","215.95","","0.04%"
"07/16/1993","215.65","215.65","215.65","215.65","","-0.14%"
"07/19/1993","215.70","215.70","215.70","215.70","","0.02%"
"07/20/1993","216.12","216.12","216.12","216.12","","0.19%"
"07/21/1993","216.11","216.11","216.11","216.11","","0.00%"
"07/22/1993","215.51","215.51","215.51","215.51","","-0.28%"
"07/23/1993","216.14","216.14","216.14","216.14","","0.29%"
"07/26/1993","216.75","216.75","216.75","216.75","","0.28%"
"07/27/1993","216.71","216.71","216.71","216.71","","-0.02%"
"07/28/1993","216.66","216.66","216.66","216.66","","-0.02%"
"07/29/1993","217.08","217.08","217.08","217.08","","0.19%"
"07/30/1993","216.70","216.70","216.70","216.70","","-0.18%"
"08/02/1993","217.20","217.20","217.20","217.20","","0.23%"
"08/03/1993","217.30","217.30","217.30","217.30","","0.05%"
"08/04/1993","217.16","217.16","217.16","217.16","","-0.06%"
"08/05/1993","217.18","217.18","217.18","217.18","","0.01%"
"08/06/1993","217.26","217.26","217.26","217.26","","0.04%"
"08/09/1993","217.79","217.79","217.79","217.79","","0.24%"
"08/10/1993","217.85","217.85","217.85","217.85","","0.03%"
"08/11/1993","217.95","217.95","217.95","217.95","","0.05%"
"08/12/1993","217.91","217.91","217.91","217.91","","-0.02%"
"08/13/1993","218.14","218.14","218.14","218.14","","0.11%"
"08/16/1993","218.42","218.42","218.42","218.42","","0.13%"
"08/17/1993","218.52","218.52","218.52","218.52","","0.05%"
"08/18/1993","218.63","218.63","218.63","218.63","","0.05%"
"08/19/1993","218.65","218.65","218.65","218.65","","0.01%"
"08/20/1993","218.68","218.68","218.68","218.68","","0.01%"
"08/23/1993","218.74","218.74","218.74","218.74","","0.03%"
"08/24/1993","219.58","219.58","219.58","219.58","","0.38%"
"08/25/1993","219.58","219.58","219.58","219.58","","0.00%"
"08/26/1993","219.66","219.66","219.66","219.66","","0.04%"
"08/27/1993","219.81","219.81","219.81","219.81","","0.07%"
"08/30/1993","220.07","220.07","220.07","220.07","","0.12%"
"08/31/1993","220.31","220.31","220.31","220.31","","0.11%"
"09/01/1993","220.33","220.33","220.33","220.33","","0.01%"
"09/02/1993","220.33","220.33","220.33","220.33","","0.00%"
"09/03/1993","220.49","220.49","220.49","220.49","","0.07%"
"09/07/1993","220.20","220.20","220.20","220.20","","-0.13%"
"09/08/1993","219.97","219.97","219.97","219.97","","-0.10%"
"09/09/1993","220.20","220.20","220.20","220.20","","0.10%"
"09/10/1993","220.85","220.85","220.85","220.85","","0.30%"
"09/13/1993","220.99","220.99","220.99","220.99","","0.06%"
"09/14/1993","220.95","220.95","220.95","220.95","","-0.02%"
"09/15/1993","221.15","221.15","221.15","221.15","","0.09%"
"09/16/1993","221.23","221.23","221.23","221.23","","0.04%"
"09/17/1993","220.79","220.79","220.79","220.79","","-0.20%"
"09/20/1993","220.05","220.05","220.05","220.05","","-0.34%"
"09/21/1993","219.27","219.27","219.27","219.27","","-0.35%"
"09/22/1993","220.64","220.64","220.64","220.64","","0.62%"
"09/23/1993","221.21","221.21","221.21","221.21","","0.26%"
"09/24/1993","221.23","221.23","221.23","221.23","","0.01%"
"09/27/1993","222.01","222.01","222.01","222.01","","0.35%"
"09/28/1993","222.04","222.04","222.04","222.04","","0.01%"
"09/29/1993","221.91","221.91","221.91","221.91","","-0.06%"
"09/30/1993","221.73","221.73","221.73","221.73","","-0.08%"
"10/01/1993","222.11","222.11","222.11","222.11","","0.17%"
"10/04/1993","222.37","222.37","222.37","222.37","","0.12%"
"10/05/1993","222.42","222.42","222.42","222.42","","0.02%"
"10/06/1993","222.45","222.45","222.45","222.45","","0.01%"
"10/07/1993","222.38","222.38","222.38","222.38","","-0.03%"
"10/08/1993","222.69","222.69","222.69","222.69","","0.14%"
"10/11/1993","222.90","222.90","222.90","222.90","","0.09%"
"10/12/1993","223.02","223.02","223.02","223.02","","0.05%"
"10/13/1993","223.13","223.13","223.13","223.13","","0.05%"
"10/14/1993","223.24","223.24","223.24","223.24","","0.05%"
"10/15/1993","223.19","223.19","223.19","223.19","","-0.02%"
"10/18/1993","223.15","223.15","223.15","223.15","","-0.02%"
"10/19/1993","222.62","222.62","222.62","222.62","","-0.24%"
"10/20/1993","222.83","222.83","222.83","222.83","","0.09%"
"10/21/1993","222.84","222.84","222.84","222.84","","0.00%"
"10/22/1993","222.38","222.38","222.38","222.38","","-0.21%"
"10/25/1993","222.74","222.74","222.74","222.74","","0.16%"
"10/26/1993","222.76","222.76","222.76","222.76","","0.01%"
"10/27/1993","222.77","222.77","222.77","222.77","","0.00%"
"10/28/1993","223.52","223.52","223.52","223.52","","0.34%"
"10/29/1993","223.60","223.60","223.60","223.60","","0.04%"
"11/01/1993","223.97","223.97","223.97","223.97","","0.17%"
"11/02/1993","223.98","223.98","223.98","223.98","","0.00%"
"11/03/1993","222.66","222.66","222.66","222.66","","-0.59%"
"11/04/1993","220.77","220.77","220.77","220.77","","-0.85%"
"11/05/1993","221.67","221.67","221.67","221.67","","0.41%"
"11/08/1993","222.30","222.30","222.30","222.30","","0.28%"
"11/09/1993","222.29","222.29","222.29","222.29","","0.00%"
"11/10/1993","223.61","223.61","223.61","223.61","","0.59%"
"11/11/1993","223.39","223.39","223.39","223.39","","-0.10%"
"11/12/1993","224.26","224.26","224.26","224.26","","0.39%"
"11/15/1993","223.92","223.92","223.92","223.92","","-0.15%"
"11/16/1993","224.67","224.67","224.67","224.67","","0.33%"
"11/17/1993","224.41","224.41","224.41","224.41","","-0.12%"
"11/18/1993","224.52","224.52","224.52","224.52","","0.05%"
"11/19/1993","224.41","224.41","224.41","224.41","","-0.05%"
"11/22/1993","223.82","223.82","223.82","223.82","","-0.26%"
"11/23/1993","224.76","224.76","224.76","224.76","","0.42%"
"11/24/1993","225.19","225.19","225.19","225.19","","0.19%"
"11/26/1993","225.44","225.44","225.44","225.44","","0.11%"
"11/29/1993","225.32","225.32","225.32","225.32","","-0.05%"
"11/30/1993","225.49","225.49","225.49","225.49","","0.08%"
"12/01/1993","225.57","225.57","225.57","225.57","","0.04%"
"12/02/1993","225.99","225.99","225.99","225.99","","0.19%"
"12/03/1993","226.31","226.31","226.31","226.31","","0.14%"
"12/06/1993","226.82","226.82","226.82","226.82","","0.23%"
"12/07/1993","226.84","226.84","226.84","226.84","","0.01%"
"12/08/1993","226.92","226.92","226.92","226.92","","0.04%"
"12/09/1993","226.88","226.88","226.88","226.88","","-0.02%"
"12/10/1993","226.96","226.96","226.96","226.96","","0.04%"
"12/13/1993","227.31","227.31","227.31","227.31","","0.15%"
"12/14/1993","227.07","227.07","227.07","227.07","","-0.11%"
"12/15/1993","227.23","227.23","227.23","227.23","","0.07%"
"12/16/1993","227.49","227.49","227.49","227.49","","0.11%"
"12/17/1993","227.82","227.82","227.82","227.82","","0.15%"
"12/20/1993","228.07","228.07","228.07","228.07","","0.11%"
"12/21/1993","228.11","228.11","228.11","228.11","","0.02%"
"12/22/1993","228.60","228.60","228.60","228.60","","0.21%"
"12/23/1993","228.63","228.63","228.63","228.63","","0.01%"
"12/27/1993","228.93","228.93","228.93","228.93","","0.13%"
"12/28/1993","229.00","229.00","229.00","229.00","","0.03%"
"12/29/1993","228.96","228.96","228.96","228.96","","-0.02%"
"12/30/1993","228.79","228.79","228.79","228.79","","-0.07%"
"12/31/1993","228.50","228.50","228.50","228.50","","-0.13%"
"01/03/1994","228.51","228.51","228.51","228.51","","0.00%"
"01/04/1994","228.79","228.79","228.79","228.79","","0.12%"
"01/05/1994","229.06","229.06","229.06","229.06","","0.12%"
"01/06/1994","229.18","229.18","229.18","229.18","","0.05%"
"01/07/1994","229.43","229.43","229.43","229.43","","0.11%"
"01/10/1994","229.60","229.60","229.60","229.60","","0.07%"
"01/11/1994","229.61","229.61","229.61","229.61","","0.00%"
"01/12/1994","229.63","229.63","229.63","229.63","","0.01%"
"01/13/1994","229.62","229.62","229.62","229.62","","0.00%"
"01/14/1994","229.70","229.70","229.70","229.70","","0.03%"
"01/17/1994","229.82","229.82","229.82","229.82","","0.05%"
"01/18/1994","229.87","229.87","229.87","229.87","","0.02%"
"01/19/1994","229.92","229.92","229.92","229.92","","0.02%"
"01/20/1994","229.97","229.97","229.97","229.97","","0.02%"
"01/21/1994","229.70","229.70","229.70","229.70","","-0.12%"
"01/24/1994","229.34","229.34","229.34","229.34","","-0.16%"
"01/25/1994","229.29","229.29","229.29","229.29","","-0.02%"
"01/26/1994","229.87","229.87","229.87","229.87","","0.25%"
"01/27/1994","230.90","230.90","230.90","230.90","","0.45%"
"01/28/1994","231.18","231.18","231.18","231.18","","0.12%"
"01/31/1994","231.65","231.65","231.65","231.65","","0.20%"
"02/01/1994","231.44","231.44","231.44","231.44","","-0.09%"
"02/02/1994","231.94","231.94","231.94","231.94","","0.22%"
"02/03/1994","231.68","231.68","231.68","231.68","","-0.11%"
"02/04/1994","228.76","228.76","228.76","228.76","","-1.26%"
"02/07/1994","229.80","229.80","229.80","229.80","","0.45%"
"02/08/1994","229.98","229.98","229.98","229.98","","0.08%"
"02/09/1994","230.58","230.58","230.58","230.58","","0.26%"
"02/10/1994","229.16","229.16","229.16","229.16","","-0.62%"
"02/11/1994","229.76","229.76","229.76","229.76","","0.26%"
"02/14/1994","230.04","230.04","230.04","230.04","","0.12%"
"02/15/1994","231.50","231.50","231.50","231.50","","0.63%"
"02/16/1994","231.47","231.47","231.47","231.47","","-0.01%"
"02/17/1994","230.47","230.47","230.47","230.47","","-0.43%"
"02/18/1994","229.75","229.75","229.75","229.75","","-0.31%"
"02/22/1994","230.99","230.99","230.99","230.99","","0.54%"
"02/23/1994","230.89","230.89","230.89","230.89","","-0.04%"
"02/24/1994","228.76","228.76","228.76","228.76","","-0.92%"
"02/25/1994","229.84","229.84","229.84","229.84","","0.47%"
"02/28/1994","230.31","230.31","230.31","230.31","","0.20%"
"03/01/1994","229.40","229.40","229.40","229.40","","-0.40%"
"03/02/1994","229.83","229.83","229.83","229.83","","0.19%"
"03/03/1994","229.16","229.16","229.16","229.16","","-0.29%"
"03/04/1994","229.99","229.99","229.99","229.99","","0.36%"
"03/07/1994","230.93","230.93","230.93","230.93","","0.41%"
"03/08/1994","230.51","230.51","230.51","230.51","","-0.18%"
"03/09/1994","231.28","231.28","231.28","231.28","","0.33%"
"03/10/1994","230.00","230.00","230.00","230.00","","-0.55%"
"03/11/1994","231.23","231.23","231.23","231.23","","0.53%"
"03/14/1994","231.64","231.64","231.64","231.64","","0.18%"
"03/15/1994","231.66","231.66","231.66","231.66","","0.01%"
"03/16/1994","233.03","233.03","233.03","233.03","","0.59%"
"03/17/1994","233.55","233.55","233.55","233.55","","0.22%"
"03/18/1994","233.84","233.84","233.84","233.84","","0.12%"
"03/21/1994","233.65","233.65","233.65","233.65","","-0.08%"
"03/22/1994","234.37","234.37","234.37","234.37","","0.31%"
"03/23/1994","234.26","234.26","234.26","234.26","","-0.05%"
"03/24/1994","232.93","232.93","232.93","232.93","","-0.57%"
"03/25/1994","231.43","231.43","231.43","231.43","","-0.64%"
"03/28/1994","231.37","231.37","231.37","231.37","","-0.03%"
"03/29/1994","228.14","228.14","228.14","228.14","","-1.40%"
"03/30/1994","225.51","225.51","225.51","225.51","","-1.15%"
"03/31/1994","224.40","224.40","224.40","224.40","","-0.49%"
"04/04/1994","220.45","220.45","220.45","220.45","","-1.76%"
"04/05/1994","225.58","225.58","225.58","225.58","","2.33%"
"04/06/1994","225.92","225.92","225.92","225.92","","0.15%"
"04/07/1994","227.71","227.71","227.71","227.71","","0.79%"
"04/08/1994","225.65","225.65","225.65","225.65","","-0.90%"
"04/11/1994","227.10","227.10","227.10","227.10","","0.64%"
"04/12/1994","226.36","226.36","226.36","226.36","","-0.33%"
"04/13/1994","224.37","224.37","224.37","224.37","","-0.88%"
"04/14/1994","225.15","225.15","225.15","225.15","","0.35%"
"04/15/1994","225.07","225.07","225.07","225.07","","-0.04%"
"04/18/1994","224.36","224.36","224.36","224.36","","-0.32%"
"04/19/1994","224.70","224.70","224.70","224.70","","0.15%"
"04/20/1994","224.50","224.50","224.50","224.50","","-0.09%"
"04/21/1994","226.36","226.36","226.36","226.36","","0.83%"
"04/22/1994","226.34","226.34","226.34","226.34","","-0.01%"
"04/25/1994","227.41","227.41","227.41","227.41","","0.47%"
"04/26/1994","227.46","227.46","227.46","227.46","","0.02%"
"04/28/1994","227.05","227.05","227.05","227.05","","-0.18%"
"04/29/1994","227.43","227.43","227.43","227.43","","0.17%"
"05/02/1994","227.94","227.94","227.94","227.94","","0.22%"
"05/03/1994","227.91","227.91","227.91","227.91","","-0.01%"
"05/04/1994","227.89","227.89","227.89","227.89","","-0.01%"
"05/05/1994","227.84","227.84","227.84","227.84","","-0.02%"
"05/06/1994","227.15","227.15","227.15","227.15","","-0.30%"
"05/09/1994","226.25","226.25","226.25","226.25","","-0.40%"
"05/10/1994","227.63","227.63","227.63","227.63","","0.61%"
"05/11/1994","226.49","226.49","226.49","226.49","","-0.50%"
"05/12/1994","226.99","226.99","226.99","226.99","","0.22%"
"05/13/1994","227.56","227.56","227.56","227.56","","0.25%"
"05/16/1994","227.82","227.82","227.82","227.82","","0.11%"
"05/17/1994","228.90","228.90","228.90","228.90","","0.47%"
"05/18/1994","229.32","229.32","229.32","229.32","","0.18%"
"05/19/1994","229.41","229.41","229.41","229.41","","0.04%"
"05/20/1994","229.35","229.35","229.35","229.35","","-0.03%"
"05/23/1994","229.33","229.33","229.33","229.33","","-0.01%"
"05/24/1994","229.75","229.75","229.75","229.75","","0.18%"
"05/25/1994","230.05","230.05","230.05","230.05","","0.13%"
"05/26/1994","230.16","230.16","230.16","230.16","","0.05%"
"05/27/1994","230.30","230.30","230.30","230.30","","0.06%"
"05/31/1994","230.42","230.42","230.42","230.42","","0.05%"
"06/01/1994","230.59","230.59","230.59","230.59","","0.07%"
"06/02/1994","230.75","230.75","230.75","230.75","","0.07%"
"06/03/1994","231.10","231.10","231.10","231.10","","0.15%"
"06/06/1994","231.14","231.14","231.14","231.14","","0.02%"
"06/07/1994","231.24","231.24","231.24","231.24","","0.04%"
"06/08/1994","231.10","231.10","231.10","231.10","","-0.06%"
"06/09/1994","231.35","231.35","231.35","231.35","","0.11%"
"06/10/1994","231.51","231.51","231.51","231.51","","0.07%"
"06/13/1994","231.74","231.74","231.74","231.74","","0.10%"
"06/14/1994","231.84","231.84","231.84","231.84","","0.04%"
"06/15/1994","231.90","231.90","231.90","231.90","","0.03%"
"06/16/1994","231.96","231.96","231.96","231.96","","0.03%"
"06/17/1994","230.89","230.89","230.89","230.89","","-0.46%"
"06/20/1994","230.33","230.33","230.33","230.33","","-0.24%"
"06/21/1994","228.80","228.80","228.80","228.80","","-0.66%"
"06/22/1994","229.68","229.68","229.68","229.68","","0.38%"
"06/23/1994","228.31","228.31","228.31","228.31","","-0.60%"
"06/24/1994","224.03","224.03","224.03","224.03","","-1.87%"
"06/27/1994","227.94","227.94","227.94","227.94","","1.75%"
"06/28/1994","227.33","227.33","227.33","227.33","","-0.27%"
"06/29/1994","228.25","228.25","228.25","228.25","","0.40%"
"06/30/1994","225.85","225.85","225.85","225.85","","-1.05%"
"07/01/1994","226.71","226.71","226.71","226.71","","0.38%"
"07/05/1994","227.26","227.26","227.26","227.26","","0.24%"
"07/06/1994","227.16","227.16","227.16","227.16","","-0.04%"
"07/07/1994","228.50","228.50","228.50","228.50","","0.59%"
"07/08/1994","228.68","228.68","228.68","228.68","","0.08%"
"07/11/1994","228.00","228.00","228.00","228.00","","-0.30%"
"07/12/1994","228.25","228.25","228.25","228.25","","0.11%"
"07/13/1994","229.01","229.01","229.01","229.01","","0.33%"
"07/14/1994","231.43","231.43","231.43","231.43","","1.06%"
"07/15/1994","229.70","229.70","229.70","229.70","","-0.75%"
"07/18/1994","230.14","230.14","230.14","230.14","","0.19%"
"07/19/1994","230.13","230.13","230.13","230.13","","0.00%"
"07/20/1994","229.67","229.67","229.67","229.67","","-0.20%"
"07/21/1994","230.05","230.05","230.05","230.05","","0.17%"
"07/22/1994","230.15","230.15","230.15","230.15","","0.04%"
"07/25/1994","230.47","230.47","230.47","230.47","","0.14%"
"07/26/1994","230.45","230.45","230.45","230.45","","-0.01%"
"07/27/1994","230.34","230.34","230.34","230.34","","-0.05%"
"07/28/1994","230.63","230.63","230.63","230.63","","0.13%"
"07/29/1994","231.40","231.40","231.40","231.40","","0.33%"
"08/01/1994","231.74","231.74","231.74","231.74","","0.15%"
"08/02/1994","231.70","231.70","231.70","231.70","","-0.02%"
"08/03/1994","231.79","231.79","231.79","231.79","","0.04%"
"08/04/1994","231.59","231.59","231.59","231.59","","-0.09%"
"08/05/1994","231.52","231.52","231.52","231.52","","-0.03%"
"08/08/1994","231.80","231.80","231.80","231.80","","0.12%"
"08/09/1994","231.97","231.97","231.97","231.97","","0.07%"
"08/10/1994","232.22","232.22","232.22","232.22","","0.11%"
"08/11/1994","232.14","232.14","232.14","232.14","","-0.03%"
"08/12/1994","232.41","232.41","232.41","232.41","","0.12%"
"08/15/1994","232.49","232.49","232.49","232.49","","0.03%"
"08/16/1994","232.58","232.58","232.58","232.58","","0.04%"
"08/17/1994","232.61","232.61","232.61","232.61","","0.01%"
"08/18/1994","232.67","232.67","232.67","232.67","","0.03%"
"08/19/1994","232.90","232.90","232.90","232.90","","0.10%"
"08/22/1994","232.93","232.93","232.93","232.93","","0.01%"
"08/23/1994","233.55","233.55","233.55","233.55","","0.27%"
"08/24/1994","234.11","234.11","234.11","234.11","","0.24%"
"08/25/1994","234.01","234.01","234.01","234.01","","-0.04%"
"08/26/1994","234.49","234.49","234.49","234.49","","0.21%"
"08/29/1994","234.80","234.80","234.80","234.80","","0.13%"
"08/30/1994","234.91","234.91","234.91","234.91","","0.05%"
"08/31/1994","234.86","234.86","234.86","234.86","","-0.02%"
"09/01/1994","234.88","234.88","234.88","234.88","","0.01%"
"09/02/1994","234.91","234.91","234.91","234.91","","0.01%"
"09/06/1994","235.15","235.15","235.15","235.15","","0.10%"
"09/07/1994","235.18","235.18","235.18","235.18","","0.01%"
"09/08/1994","235.33","235.33","235.33","235.33","","0.06%"
"09/09/1994","235.16","235.16","235.16","235.16","","-0.07%"
"09/12/1994","235.21","235.21","235.21","235.21","","0.02%"
"09/13/1994","235.52","235.52","235.52","235.52","","0.13%"
"09/14/1994","235.62","235.62","235.62","235.62","","0.04%"
"09/15/1994","235.68","235.68","235.68","235.68","","0.03%"
"09/16/1994","235.89","235.89","235.89","235.89","","0.09%"
"09/19/1994","236.07","236.07","236.07","236.07","","0.08%"
"09/20/1994","233.74","233.74","233.74","233.74","","-0.99%"
"09/21/1994","233.71","233.71","233.71","233.71","","-0.01%"
"09/22/1994","233.58","233.58","233.58","233.58","","-0.06%"
"09/23/1994","232.88","232.88","232.88","232.88","","-0.30%"
"09/26/1994","233.67","233.67","233.67","233.67","","0.34%"
"09/28/1994","235.26","235.26","235.26","235.26","","0.68%"
"09/29/1994","234.59","234.59","234.59","234.59","","-0.28%"
"09/30/1994","234.30","234.30","234.30","234.30","","-0.12%"
"10/03/1994","234.17","234.17","234.17","234.17","","-0.06%"
"10/04/1994","230.79","230.79","230.79","230.79","","-1.44%"
"10/05/1994","230.79","230.79","230.79","230.79","","0.00%"
"10/06/1994","230.41","230.41","230.41","230.41","","-0.16%"
"10/07/1994","231.77","231.77","231.77","231.77","","0.59%"
"10/10/1994","233.72","233.72","233.72","233.72","","0.84%"
"10/11/1994","236.58","236.58","236.58","236.58","","1.22%"
"10/12/1994","236.68","236.68","236.68","236.68","","0.04%"
"10/13/1994","237.25","237.25","237.25","237.25","","0.24%"
"10/14/1994","238.08","238.08","238.08","238.08","","0.35%"
"10/17/1994","238.14","238.14","238.14","238.14","","0.03%"
"10/18/1994","237.98","237.98","237.98","237.98","","-0.07%"
"10/19/1994","238.74","238.74","238.74","238.74","","0.32%"
"10/20/1994","238.07","238.07","238.07","238.07","","-0.28%"
"10/21/1994","237.44","237.44","237.44","237.44","","-0.26%"
"10/24/1994","236.62","236.62","236.62","236.62","","-0.35%"
"10/25/1994","237.07","237.07","237.07","237.07","","0.19%"
"10/26/1994","237.56","237.56","237.56","237.56","","0.21%"
"10/27/1994","238.24","238.24","238.24","238.24","","0.29%"
"10/28/1994","239.96","239.96","239.96","239.96","","0.72%"
"10/31/1994","239.92","239.92","239.92","239.92","","-0.02%"
"11/01/1994","239.53","239.53","239.53","239.53","","-0.16%"
"11/02/1994","239.10","239.10","239.10","239.10","","-0.18%"
"11/03/1994","239.39","239.39","239.39","239.39","","0.12%"
"11/04/1994","237.83","237.83","237.83","237.83","","-0.65%"
"11/07/1994","238.44","238.44","238.44","238.44","","0.26%"
"11/08/1994","239.48","239.48","239.48","239.48","","0.44%"
"11/09/1994","239.51","239.51","239.51","239.51","","0.01%"
"11/10/1994","239.54","239.54","239.54","239.54","","0.01%"
"11/11/1994","239.19","239.19","239.19","239.19","","-0.15%"
"11/14/1994","240.24","240.24","240.24","240.24","","0.44%"
"11/15/1994","240.38","240.38","240.38","240.38","","0.06%"
"11/16/1994","241.06","241.06","241.06","241.06","","0.28%"
"11/17/1994","240.90","240.90","240.90","240.90","","-0.07%"
"11/18/1994","240.53","240.53","240.53","240.53","","-0.15%"
"11/21/1994","239.81","239.81","239.81","239.81","","-0.30%"
"11/22/1994","236.49","236.49","236.49","236.49","","-1.38%"
"11/23/1994","237.19","237.19","237.19","237.19","","0.30%"
"11/25/1994","238.62","238.62","238.62","238.62","","0.60%"
"11/28/1994","239.43","239.43","239.43","239.43","","0.34%"
"11/29/1994","239.97","239.97","239.97","239.97","","0.23%"
"11/30/1994","239.47","239.47","239.47","239.47","","-0.21%"
"12/01/1994","237.65","237.65","237.65","237.65","","-0.76%"
"12/02/1994","239.34","239.34","239.34","239.34","","0.71%"
"12/05/1994","239.85","239.85","239.85","239.85","","0.21%"
"12/06/1994","239.96","239.96","239.96","239.96","","0.05%"
"12/07/1994","239.43","239.43","239.43","239.43","","-0.22%"
"12/08/1994","236.71","236.71","236.71","236.71","","-1.14%"
"12/09/1994","237.47","237.47","237.47","237.47","","0.32%"
"12/12/1994","239.11","239.11","239.11","239.11","","0.69%"
"12/13/1994","239.78","239.78","239.78","239.78","","0.28%"
"12/14/1994","241.68","241.68","241.68","241.68","","0.79%"
"12/15/1994","242.21","242.21","242.21","242.21","","0.22%"
"12/16/1994","243.56","243.56","243.56","243.56","","0.56%"
"12/19/1994","243.84","243.84","243.84","243.84","","0.11%"
"12/20/1994","243.80","243.80","243.80","243.80","","-0.02%"
"12/21/1994","244.62","244.62","244.62","244.62","","0.34%"
"12/22/1994","244.35","244.35","244.35","244.35","","-0.11%"
"12/23/1994","244.73","244.73","244.73","244.73","","0.16%"
"12/27/1994","245.18","245.18","245.18","245.18","","0.18%"
"12/28/1994","244.96","244.96","244.96","244.96","","-0.09%"
"12/29/1994","245.10","245.10","245.10","245.10","","0.06%"
"12/30/1994","244.71","244.71","244.71","244.71","","-0.16%"
"01/03/1995","244.93","244.93","244.93","244.93","","0.09%"
"01/04/1995","245.47","245.47","245.47","245.47","","0.22%"
"01/05/1995","245.46","245.46","245.46","245.46","","0.00%"
"01/06/1995","245.79","245.79","245.79","245.79","","0.13%"
"01/09/1995","246.05","246.05","246.05","246.05","","0.11%"
"01/10/1995","246.27","246.27","246.27","246.27","","0.09%"
"01/11/1995","246.41","246.41","246.41","246.41","","0.06%"
"01/12/1995","246.45","246.45","246.45","246.45","","0.02%"
"01/13/1995","246.81","246.81","246.81","246.81","","0.15%"
"01/16/1995","246.99","246.99","246.99","246.99","","0.07%"
"01/17/1995","247.02","247.02","247.02","247.02","","0.01%"
"01/18/1995","247.09","247.09","247.09","247.09","","0.03%"
"01/19/1995","247.13","247.13","247.13","247.13","","0.02%"
"01/20/1995","247.15","247.15","247.15","247.15","","0.01%"
"01/23/1995","247.55","247.55","247.55","247.55","","0.16%"
"01/24/1995","247.72","247.72","247.72","247.72","","0.07%"
"01/25/1995","248.05","248.05","248.05","248.05","","0.13%"
"01/26/1995","248.20","248.20","248.20","248.20","","0.06%"
"01/27/1995","248.48","248.48","248.48","248.48","","0.11%"
"01/30/1995","248.34","248.34","248.34","248.34","","-0.06%"
"01/31/1995","248.61","248.61","248.61","248.61","","0.11%"
"02/01/1995","248.75","248.75","248.75","248.75","","0.06%"
"02/02/1995","249.01","249.01","249.01","249.01","","0.10%"
"02/03/1995","249.25","249.25","249.25","249.25","","0.10%"
"02/06/1995","249.38","249.38","249.38","249.38","","0.05%"
"02/07/1995","249.43","249.43","249.43","249.43","","0.02%"
"02/08/1995","249.50","249.50","249.50","249.50","","0.03%"
"02/09/1995","249.54","249.54","249.54","249.54","","0.02%"
"02/10/1995","249.59","249.59","249.59","249.59","","0.02%"
"02/13/1995","249.72","249.72","249.72","249.72","","0.05%"
"02/14/1995","249.79","249.79","249.79","249.79","","0.03%"
"02/15/1995","249.83","249.83","249.83","249.83","","0.02%"
"02/16/1995","249.87","249.87","249.87","249.87","","0.02%"
"02/17/1995","249.73","249.73","249.73","249.73","","-0.06%"
"02/21/1995","249.98","249.98","249.98","249.98","","0.10%"
"02/22/1995","250.53","250.53","250.53","250.53","","0.22%"
"02/23/1995","250.79","250.79","250.79","250.79","","0.10%"
"02/24/1995","251.06","251.06","251.06","251.06","","0.11%"
"02/27/1995","250.59","250.59","250.59","250.59","","-0.19%"
"02/28/1995","251.14","251.14","251.14","251.14","","0.22%"
"03/01/1995","251.06","251.06","251.06","251.06","","-0.03%"
"03/02/1995","251.10","251.10","251.10","251.10","","0.02%"
"03/03/1995","251.32","251.32","251.32","251.32","","0.09%"
"03/06/1995","251.49","251.49","251.49","251.49","","0.07%"
"03/07/1995","250.78","250.78","250.78","250.78","","-0.28%"
"03/08/1995","251.21","251.21","251.21","251.21","","0.17%"
"03/09/1995","251.48","251.48","251.48","251.48","","0.11%"
"03/10/1995","252.23","252.23","252.23","252.23","","0.30%"
"03/13/1995","252.35","252.35","252.35","252.35","","0.05%"
"03/14/1995","252.52","252.52","252.52","252.52","","0.07%"
"03/15/1995","252.56","252.56","252.56","252.56","","0.02%"
"03/16/1995","252.64","252.64","252.64","252.64","","0.03%"
"03/17/1995","252.92","252.92","252.92","252.92","","0.11%"
"03/20/1995","253.27","253.27","253.27","253.27","","0.14%"
"03/21/1995","252.99","252.99","252.99","252.99","","-0.11%"
"03/22/1995","253.29","253.29","253.29","253.29","","0.12%"
"03/23/1995","253.42","253.42","253.42","253.42","","0.05%"
"03/24/1995","254.37","254.37","254.37","254.37","","0.37%"
"03/27/1995","254.85","254.85","254.85","254.85","","0.19%"
"03/28/1995","254.93","254.93","254.93","254.93","","0.03%"
"03/29/1995","254.84","254.84","254.84","254.84","","-0.04%"
"03/30/1995","254.72","254.72","254.72","254.72","","-0.05%"
"03/31/1995","254.50","254.50","254.50","254.50","","-0.09%"
"04/03/1995","254.83","254.83","254.83","254.83","","0.13%"
"04/04/1995","255.28","255.28","255.28","255.28","","0.18%"
"04/05/1995","255.42","255.42","255.42","255.42","","0.05%"
"04/06/1995","255.55","255.55","255.55","255.55","","0.05%"
"04/07/1995","255.74","255.74","255.74","255.74","","0.07%"
"04/10/1995","256.01","256.01","256.01","256.01","","0.11%"
"04/11/1995","256.11","256.11","256.11","256.11","","0.04%"
"04/12/1995","256.33","256.33","256.33","256.33","","0.09%"
"04/13/1995","256.47","256.47","256.47","256.47","","0.05%"
"04/17/1995","256.55","256.55","256.55","256.55","","0.03%"
"04/18/1995","256.63","256.63","256.63","256.63","","0.03%"
"04/19/1995","256.73","256.73","256.73","256.73","","0.04%"
"04/20/1995","256.86","256.86","256.86","256.86","","0.05%"
"04/21/1995","257.04","257.04","257.04","257.04","","0.07%"
"04/24/1995","257.92","257.92","257.92","257.92","","0.34%"
"04/25/1995","257.82","257.82","257.82","257.82","","-0.04%"
"04/26/1995","258.05","258.05","258.05","258.05","","0.09%"
"04/27/1995","258.24","258.24","258.24","258.24","","0.07%"
"04/28/1995","258.51","258.51","258.51","258.51","","0.10%"
"05/01/1995","258.55","258.55","258.55","258.55","","0.02%"
"05/02/1995","258.80","258.80","258.80","258.80","","0.10%"
"05/03/1995","259.29","259.29","259.29","259.29","","0.19%"
"05/04/1995","259.24","259.24","259.24","259.24","","-0.02%"
"05/05/1995","259.33","259.33","259.33","259.33","","0.03%"
"05/08/1995","259.63","259.63","259.63","259.63","","0.12%"
"05/09/1995","259.65","259.65","259.65","259.65","","0.01%"
"05/10/1995","259.71","259.71","259.71","259.71","","0.02%"
"05/11/1995","259.82","259.82","259.82","259.82","","0.04%"
"05/12/1995","259.89","259.89","259.89","259.89","","0.03%"
"05/15/1995","260.11","260.11","260.11","260.11","","0.08%"
"05/16/1995","260.15","260.15","260.15","260.15","","0.02%"
"05/17/1995","260.20","260.20","260.20","260.20","","0.02%"
"05/18/1995","260.27","260.27","260.27","260.27","","0.03%"
"05/19/1995","260.42","260.42","260.42","260.42","","0.06%"
"05/22/1995","261.57","261.57","261.57","261.57","","0.44%"
"05/23/1995","261.98","261.98","261.98","261.98","","0.16%"
"05/24/1995","262.04","262.04","262.04","262.04","","0.02%"
"05/25/1995","262.15","262.15","262.15","262.15","","0.04%"
"05/26/1995","261.74","261.74","261.74","261.74","","-0.16%"
"05/30/1995","261.94","261.94","261.94","261.94","","0.08%"
"05/31/1995","262.72","262.72","262.72","262.72","","0.30%"
"06/01/1995","262.76","262.76","262.76","262.76","","0.02%"
"06/02/1995","262.74","262.74","262.74","262.74","","-0.01%"
"06/05/1995","263.01","263.01","263.01","263.01","","0.10%"
"06/06/1995","263.11","263.11","263.11","263.11","","0.04%"
"06/07/1995","263.11","263.11","263.11","263.11","","0.00%"
"06/08/1995","263.16","263.16","263.16","263.16","","0.02%"
"06/09/1995","263.16","263.16","263.16","263.16","","0.00%"
"06/12/1995","263.46","263.46","263.46","263.46","","0.11%"
"06/13/1995","263.57","263.57","263.57","263.57","","0.04%"
"06/14/1995","263.61","263.61","263.61","263.61","","0.02%"
"06/15/1995","263.68","263.68","263.68","263.68","","0.03%"
"06/16/1995","263.71","263.71","263.71","263.71","","0.01%"
"06/19/1995","264.44","264.44","264.44","264.44","","0.28%"
"06/20/1995","264.47","264.47","264.47","264.47","","0.01%"
"06/21/1995","264.61","264.61","264.61","264.61","","0.05%"
"06/22/1995","265.16","265.16","265.16","265.16","","0.21%"
"06/23/1995","265.18","265.18","265.18","265.18","","0.01%"
"06/26/1995","264.82","264.82","264.82","264.82","","-0.14%"
"06/27/1995","264.58","264.58","264.58","264.58","","-0.09%"
"06/28/1995","265.06","265.06","265.06","265.06","","0.18%"
"06/29/1995","265.12","265.12","265.12","265.12","","0.02%"
"06/30/1995","265.19","265.19","265.19","265.19","","0.03%"
"07/03/1995","265.57","265.57","265.57","265.57","","0.14%"
"07/05/1995","265.78","265.78","265.78","265.78","","0.08%"
"07/06/1995","266.12","266.12","266.12","266.12","","0.13%"
"07/07/1995","266.28","266.28","266.28","266.28","","0.06%"
"07/10/1995","266.41","266.41","266.41","266.41","","0.05%"
"07/11/1995","266.42","266.42","266.42","266.42","","0.00%"
"07/12/1995","266.57","266.57","266.57","266.57","","0.06%"
"07/13/1995","266.65","266.65","266.65","266.65","","0.03%"
"07/14/1995","266.72","266.72","266.72","266.72","","0.03%"
"07/17/1995","266.88","266.88","266.88","266.88","","0.06%"
"07/18/1995","266.92","266.92","266.92","266.92","","0.01%"
"07/19/1995","266.92","266.92","266.92","266.92","","0.00%"
"07/20/1995","267.04","267.04","267.04","267.04","","0.04%"
"07/21/1995","266.88","266.88","266.88","266.88","","-0.06%"
"07/24/1995","267.90","267.90","267.90","267.90","","0.38%"
"07/25/1995","268.37","268.37","268.37","268.37","","0.18%"
"07/26/1995","268.49","268.49","268.49","268.49","","0.04%"
"07/27/1995","268.86","268.86","268.86","268.86","","0.14%"
"07/28/1995","268.78","268.78","268.78","268.78","","-0.03%"
"07/31/1995","268.89","268.89","268.89","268.89","","0.04%"
"08/01/1995","268.68","268.68","268.68","268.68","","-0.08%"
"08/02/1995","268.80","268.80","268.80","268.80","","0.04%"
"08/03/1995","268.88","268.88","268.88","268.88","","0.03%"
"08/04/1995","269.23","269.23","269.23","269.23","","0.13%"
"08/07/1995","269.61","269.61","269.61","269.61","","0.14%"
"08/08/1995","269.78","269.78","269.78","269.78","","0.06%"
"08/09/1995","269.86","269.86","269.86","269.86","","0.03%"
"08/10/1995","269.78","269.78","269.78","269.78","","-0.03%"
"08/11/1995","269.77","269.77","269.77","269.77","","0.00%"
"08/14/1995","270.42","270.42","270.42","270.42","","0.24%"
"08/15/1995","270.43","270.43","270.43","270.43","","0.00%"
"08/16/1995","270.47","270.47","270.47","270.47","","0.01%"
"08/17/1995","270.61","270.61","270.61","270.61","","0.05%"
"08/18/1995","270.42","270.42","270.42","270.42","","-0.07%"
"08/21/1995","270.12","270.12","270.12","270.12","","-0.11%"
"08/22/1995","270.53","270.53","270.53","270.53","","0.15%"
"08/23/1995","270.05","270.05","270.05","270.05","","-0.18%"
"08/24/1995","270.46","270.46","270.46","270.46","","0.15%"
"08/25/1995","271.36","271.36","271.36","271.36","","0.33%"
"08/28/1995","271.05","271.05","271.05","271.05","","-0.11%"
"08/29/1995","271.52","271.52","271.52","271.52","","0.17%"
"08/30/1995","271.87","271.87","271.87","271.87","","0.13%"
"08/31/1995","272.37","272.37","272.37","272.37","","0.18%"
"09/01/1995","272.78","272.78","272.78","272.78","","0.15%"
"09/05/1995","273.59","273.59","273.59","273.59","","0.30%"
"09/06/1995","273.73","273.73","273.73","273.73","","0.05%"
"09/07/1995","273.77","273.77","273.77","273.77","","0.01%"
"09/08/1995","273.99","273.99","273.99","273.99","","0.08%"
"09/11/1995","274.19","274.19","274.19","274.19","","0.07%"
"09/12/1995","274.30","274.30","274.30","274.30","","0.04%"
"09/13/1995","274.37","274.37","274.37","274.37","","0.03%"
"09/14/1995","274.44","274.44","274.44","274.44","","0.03%"
"09/15/1995","274.71","274.71","274.71","274.71","","0.10%"
"09/18/1995","274.66","274.66","274.66","274.66","","-0.02%"
"09/19/1995","275.15","275.15","275.15","275.15","","0.18%"
"09/20/1995","275.61","275.61","275.61","275.61","","0.17%"
"09/21/1995","275.05","275.05","275.05","275.05","","-0.20%"
"09/22/1995","275.10","275.10","275.10","275.10","","0.02%"
"09/25/1995","275.10","275.10","275.10","275.10","","0.00%"
"09/26/1995","275.32","275.32","275.32","275.32","","0.08%"
"09/27/1995","275.31","275.31","275.31","275.31","","0.00%"
"09/28/1995","276.07","276.07","276.07","276.07","","0.28%"
"09/29/1995","275.99","275.99","275.99","275.99","","-0.03%"
"10/02/1995","275.49","275.49","275.49","275.49","","-0.18%"
"10/03/1995","275.71","275.71","275.71","275.71","","0.08%"
"10/04/1995","275.51","275.51","275.51","275.51","","-0.07%"
"10/05/1995","275.82","275.82","275.82","275.82","","0.11%"
"10/06/1995","276.17","276.17","276.17","276.17","","0.13%"
"10/09/1995","275.75","275.75","275.75","275.75","","-0.15%"
"10/10/1995","275.83","275.83","275.83","275.83","","0.03%"
"10/11/1995","276.44","276.44","276.44","276.44","","0.22%"
"10/12/1995","277.29","277.29","277.29","277.29","","0.31%"
"10/13/1995","277.63","277.63","277.63","277.63","","0.12%"
"10/16/1995","277.61","277.61","277.61","277.61","","-0.01%"
"10/17/1995","278.18","278.18","278.18","278.18","","0.21%"
"10/18/1995","278.33","278.33","278.33","278.33","","0.05%"
"10/19/1995","278.56","278.56","278.56","278.56","","0.08%"
"10/20/1995","278.11","278.11","278.11","278.11","","-0.16%"
"10/23/1995","278.00","278.00","278.00","278.00","","-0.04%"
"10/24/1995","278.25","278.25","278.25","278.25","","0.09%"
"10/25/1995","277.36","277.36","277.36","277.36","","-0.32%"
"10/26/1995","275.68","275.68","275.68","275.68","","-0.61%"
"10/27/1995","276.93","276.93","276.93","276.93","","0.45%"
"10/30/1995","278.32","278.32","278.32","278.32","","0.50%"
"10/31/1995","278.10","278.10","278.10","278.10","","-0.08%"
"11/01/1995","278.83","278.83","278.83","278.83","","0.26%"
"11/02/1995","280.00","280.00","280.00","280.00","","0.42%"
"11/03/1995","280.30","280.30","280.30","280.30","","0.11%"
"11/06/1995","280.34","280.34","280.34","280.34","","0.01%"
"11/07/1995","280.05","280.05","280.05","280.05","","-0.10%"
"11/08/1995","281.03","281.03","281.03","281.03","","0.35%"
"11/09/1995","281.13","281.13","281.13","281.13","","0.04%"
"11/10/1995","281.07","281.07","281.07","281.07","","-0.02%"
"11/13/1995","281.38","281.38","281.38","281.38","","0.11%"
"11/14/1995","281.21","281.21","281.21","281.21","","-0.06%"
"11/15/1995","281.81","281.81","281.81","281.81","","0.21%"
"11/16/1995","281.99","281.99","281.99","281.99","","0.06%"
"11/17/1995","282.11","282.11","282.11","282.11","","0.04%"
"11/20/1995","282.12","282.12","282.12","282.12","","0.00%"
"11/21/1995","282.94","282.94","282.94","282.94","","0.29%"
"11/22/1995","282.92","282.92","282.92","282.92","","-0.01%"
"11/24/1995","283.16","283.16","283.16","283.16","","0.08%"
"11/27/1995","283.37","283.37","283.37","283.37","","0.07%"
"11/28/1995","284.15","284.15","284.15","284.15","","0.28%"
"11/29/1995","284.31","284.31","284.31","284.31","","0.06%"
"11/30/1995","284.31","284.31","284.31","284.31","","0.00%"
"12/01/1995","284.52","284.52","284.52","284.52","","0.07%"
"12/04/1995","285.01","285.01","285.01","285.01","","0.17%"
"12/05/1995","285.02","285.02","285.02","285.02","","0.00%"
"12/06/1995","285.02","285.02","285.02","285.02","","0.00%"
"12/07/1995","285.06","285.06","285.06","285.06","","0.01%"
"12/08/1995","285.24","285.24","285.24","285.24","","0.06%"
"12/11/1995","285.46","285.46","285.46","285.46","","0.08%"
"12/12/1995","285.53","285.53","285.53","285.53","","0.02%"
"12/13/1995","285.60","285.60","285.60","285.60","","0.02%"
"12/14/1995","285.65","285.65","285.65","285.65","","0.02%"
"12/15/1995","285.61","285.61","285.61","285.61","","-0.01%"
"12/18/1995","282.89","282.89","282.89","282.89","","-0.95%"
"12/19/1995","284.99","284.99","284.99","284.99","","0.74%"
"12/20/1995","283.80","283.80","283.80","283.80","","-0.42%"
"12/21/1995","284.90","284.90","284.90","284.90","","0.39%"
"12/22/1995","285.42","285.42","285.42","285.42","","0.18%"
"12/26/1995","286.12","286.12","286.12","286.12","","0.25%"
"12/27/1995","285.96","285.96","285.96","285.96","","-0.06%"
"12/28/1995","285.70","285.70","285.70","285.70","","-0.09%"
"12/29/1995","286.01","286.01","286.01","286.01","","0.11%"
"01/02/1996","287.48","287.48","287.48","287.48","","0.51%"
"01/03/1996","287.82","287.82","287.82","287.82","","0.12%"
"01/04/1996","287.01","287.01","287.01","287.01","","-0.28%"
"01/05/1996","287.05","287.05","287.05","287.05","","0.01%"
"01/08/1996","287.83","287.83","287.83","287.83","","0.27%"
"01/09/1996","285.25","285.25","285.25","285.25","","-0.90%"
"01/10/1996","280.82","280.82","280.82","280.82","","-1.55%"
"01/11/1996","283.33","283.33","283.33","283.33","","0.89%"
"01/12/1996","283.55","283.55","283.55","283.55","","0.08%"
"01/15/1996","282.51","282.51","282.51","282.51","","-0.37%"
"01/16/1996","285.97","285.97","285.97","285.97","","1.22%"
"01/17/1996","285.18","285.18","285.18","285.18","","-0.28%"
"01/18/1996","286.35","286.35","286.35","286.35","","0.41%"
"01/19/1996","286.42","286.42","286.42","286.42","","0.02%"
"01/22/1996","286.58","286.58","286.58","286.58","","0.06%"
"01/23/1996","286.75","286.75","286.75","286.75","","0.06%"
"01/24/1996","287.66","287.66","287.66","287.66","","0.32%"
"01/25/1996","287.31","287.31","287.31","287.31","","-0.12%"
"01/26/1996","288.04","288.04","288.04","288.04","","0.25%"
"01/29/1996","288.34","288.34","288.34","288.34","","0.10%"
"01/30/1996","288.63","288.63","288.63","288.63","","0.10%"
"01/31/1996","288.71","288.71","288.71","288.71","","0.03%"
"02/01/1996","288.83","288.83","288.83","288.83","","0.04%"
"02/02/1996","288.81","288.81","288.81","288.81","","-0.01%"
"02/05/1996","289.10","289.10","289.10","289.10","","0.10%"
"02/06/1996","289.13","289.13","289.13","289.13","","0.01%"
"02/07/1996","289.22","289.22","289.22","289.22","","0.03%"
"02/08/1996","289.31","289.31","289.31","289.31","","0.03%"
"02/09/1996","289.37","289.37","289.37","289.37","","0.02%"
"02/12/1996","289.57","289.57","289.57","289.57","","0.07%"
"02/13/1996","289.64","289.64","289.64","289.64","","0.02%"
"02/14/1996","289.69","289.69","289.69","289.69","","0.02%"
"02/15/1996","289.73","289.73","289.73","289.73","","0.01%"
"02/16/1996","289.67","289.67","289.67","289.67","","-0.02%"
"02/20/1996","288.06","288.06","288.06","288.06","","-0.56%"
"02/21/1996","290.78","290.78","290.78","290.78","","0.94%"
"02/22/1996","292.05","292.05","292.05","292.05","","0.44%"
"02/23/1996","292.17","292.17","292.17","292.17","","0.04%"
"02/26/1996","290.83","290.83","290.83","290.83","","-0.46%"
"02/27/1996","290.62","290.62","290.62","290.62","","-0.07%"
"02/28/1996","289.80","289.80","289.80","289.80","","-0.28%"
"02/29/1996","289.07","289.07","289.07","289.07","","-0.25%"
"03/01/1996","290.45","290.45","290.45","290.45","","0.48%"
"03/04/1996","292.02","292.02","292.02","292.02","","0.54%"
"03/05/1996","292.75","292.75","292.75","292.75","","0.25%"
"03/06/1996","292.30","292.30","292.30","292.30","","-0.15%"
"03/07/1996","292.85","292.85","292.85","292.85","","0.19%"
"03/08/1996","285.70","285.70","285.70","285.70","","-2.44%"
"03/11/1996","291.18","291.18","291.18","291.18","","1.92%"
"03/12/1996","290.17","290.17","290.17","290.17","","-0.35%"
"03/13/1996","290.92","290.92","290.92","290.92","","0.26%"
"03/14/1996","292.78","292.78","292.78","292.78","","0.64%"
"03/15/1996","292.31","292.31","292.31","292.31","","-0.16%"
"03/18/1996","294.26","294.26","294.26","294.26","","0.67%"
"03/19/1996","293.69","293.69","293.69","293.69","","-0.19%"
"03/20/1996","293.64","293.64","293.64","293.64","","-0.02%"
"03/21/1996","293.86","293.86","293.86","293.86","","0.07%"
"03/22/1996","294.39","294.39","294.39","294.39","","0.18%"
"03/25/1996","294.42","294.42","294.42","294.42","","0.01%"
"03/26/1996","294.84","294.84","294.84","294.84","","0.14%"
"03/27/1996","294.41","294.41","294.41","294.41","","-0.15%"
"03/28/1996","294.51","294.51","294.51","294.51","","0.03%"
"03/29/1996","294.00","294.00","294.00","294.00","","-0.17%"
"04/01/1996","295.69","295.69","295.69","295.69","","0.57%"
"04/02/1996","296.17","296.17","296.17","296.17","","0.16%"
"04/03/1996","296.38","296.38","296.38","296.38","","0.07%"
"04/04/1996","296.48","296.48","296.48","296.48","","0.03%"
"04/08/1996","295.27","295.27","295.27","295.27","","-0.41%"
"04/09/1996","295.54","295.54","295.54","295.54","","0.09%"
"04/10/1996","292.58","292.58","292.58","292.58","","-1.00%"
"04/11/1996","293.09","293.09","293.09","293.09","","0.17%"
"04/12/1996","295.25","295.25","295.25","295.25","","0.74%"
"04/15/1996","297.12","297.12","297.12","297.12","","0.63%"
"04/16/1996","297.60","297.60","297.60","297.60","","0.16%"
"04/17/1996","297.40","297.40","297.40","297.40","","-0.07%"
"04/18/1996","298.27","298.27","298.27","298.27","","0.29%"
"04/19/1996","298.00","298.00","298.00","298.00","","-0.09%"
"04/22/1996","298.83","298.83","298.83","298.83","","0.28%"
"04/23/1996","299.63","299.63","299.63","299.63","","0.27%"
"04/24/1996","299.41","299.41","299.41","299.41","","-0.07%"
"04/25/1996","300.01","300.01","300.01","300.01","","0.20%"
"04/26/1996","300.26","300.26","300.26","300.26","","0.08%"
"04/29/1996","300.41","300.41","300.41","300.41","","0.05%"
"04/30/1996","300.42","300.42","300.42","300.42","","0.00%"
"05/01/1996","300.46","300.46","300.46","300.46","","0.01%"
"05/02/1996","298.23","298.23","298.23","298.23","","-0.74%"
"05/03/1996","298.60","298.60","298.60","298.60","","0.12%"
"05/06/1996","298.92","298.92","298.92","298.92","","0.11%"
"05/07/1996","298.52","298.52","298.52","298.52","","-0.13%"
"05/08/1996","300.86","300.86","300.86","300.86","","0.78%"
"05/09/1996","300.57","300.57","300.57","300.57","","-0.10%"
"05/10/1996","302.02","302.02","302.02","302.02","","0.48%"
"05/13/1996","302.76","302.76","302.76","302.76","","0.25%"
"05/14/1996","303.04","303.04","303.04","303.04","","0.09%"
"05/15/1996","303.15","303.15","303.15","303.15","","0.04%"
"05/16/1996","303.25","303.25","303.25","303.25","","0.03%"
"05/17/1996","303.25","303.25","303.25","303.25","","0.00%"
"05/20/1996","303.90","303.90","303.90","303.90","","0.21%"
"05/21/1996","303.94","303.94","303.94","303.94","","0.01%"
"05/22/1996","304.68","304.68","304.68","304.68","","0.24%"
"05/23/1996","304.43","304.43","304.43","304.43","","-0.08%"
"05/24/1996","305.00","305.00","305.00","305.00","","0.19%"
"05/28/1996","304.24","304.24","304.24","304.24","","-0.25%"
"05/29/1996","303.73","303.73","303.73","303.73","","-0.17%"
"05/30/1996","304.65","304.65","304.65","304.65","","0.30%"
"05/31/1996","304.14","304.14","304.14","304.14","","-0.17%"
"06/03/1996","304.44","304.44","304.44","304.44","","0.10%"
"06/04/1996","305.39","305.39","305.39","305.39","","0.31%"
"06/05/1996","306.15","306.15","306.15","306.15","","0.25%"
"06/06/1996","305.56","305.56","305.56","305.56","","-0.19%"
"06/07/1996","305.98","305.98","305.98","305.98","","0.14%"
"06/10/1996","305.99","305.99","305.99","305.99","","0.00%"
"06/11/1996","306.35","306.35","306.35","306.35","","0.12%"
"06/12/1996","306.17","306.17","306.17","306.17","","-0.06%"
"06/13/1996","306.30","306.30","306.30","306.30","","0.04%"
"06/14/1996","306.17","306.17","306.17","306.17","","-0.04%"
"06/17/1996","306.85","306.85","306.85","306.85","","0.22%"
"06/18/1996","306.13","306.13","306.13","306.13","","-0.23%"
"06/19/1996","306.90","306.90","306.90","306.90","","0.25%"
"06/20/1996","307.03","307.03","307.03","307.03","","0.04%"
"06/21/1996","308.41","308.41","308.41","308.41","","0.45%"
"06/24/1996","309.25","309.25","309.25","309.25","","0.27%"
"06/25/1996","309.45","309.45","309.45","309.45","","0.06%"
"06/26/1996","308.99","308.99","308.99","308.99","","-0.15%"
"06/27/1996","309.98","309.98","309.98","309.98","","0.32%"
"06/28/1996","310.44","310.44","310.44","310.44","","0.15%"
"07/01/1996","311.22","311.22","311.22","311.22","","0.25%"
"07/02/1996","311.09","311.09","311.09","311.09","","-0.04%"
"07/03/1996","311.16","311.16","311.16","311.16","","0.02%"
"07/05/1996","308.43","308.43","308.43","308.43","","-0.88%"
"07/08/1996","307.40","307.40","307.40","307.40","","-0.33%"
"07/09/1996","308.81","308.81","308.81","308.81","","0.46%"
"07/10/1996","309.72","309.72","309.72","309.72","","0.29%"
"07/11/1996","305.37","305.37","305.37","305.37","","-1.40%"
"07/12/1996","305.89","305.89","305.89","305.89","","0.17%"
"07/15/1996","296.68","296.68","296.68","296.68","","-3.01%"
"07/16/1996","297.82","297.82","297.82","297.82","","0.38%"
"07/17/1996","300.65","300.65","300.65","300.65","","0.95%"
"07/18/1996","305.68","305.68","305.68","305.68","","1.67%"
"07/19/1996","304.40","304.40","304.40","304.40","","-0.42%"
"07/22/1996","302.80","302.80","302.80","302.80","","-0.53%"
"07/23/1996","300.77","300.77","300.77","300.77","","-0.67%"
"07/24/1996","301.18","301.18","301.18","301.18","","0.14%"
"07/25/1996","302.99","302.99","302.99","302.99","","0.60%"
"07/26/1996","304.85","304.85","304.85","304.85","","0.61%"
"07/29/1996","303.28","303.28","303.28","303.28","","-0.52%"
"07/30/1996","304.60","304.60","304.60","304.60","","0.44%"
"07/31/1996","306.07","306.07","306.07","306.07","","0.48%"
"08/01/1996","307.97","307.97","307.97","307.97","","0.62%"
"08/02/1996","309.59","309.59","309.59","309.59","","0.53%"
"08/05/1996","309.57","309.57","309.57","309.57","","-0.01%"
"08/06/1996","309.99","309.99","309.99","309.99","","0.14%"
"08/07/1996","310.17","310.17","310.17","310.17","","0.06%"
"08/08/1996","310.35","310.35","310.35","310.35","","0.06%"
"08/09/1996","310.43","310.43","310.43","310.43","","0.03%"
"08/12/1996","310.68","310.68","310.68","310.68","","0.08%"
"08/13/1996","310.66","310.66","310.66","310.66","","-0.01%"
"08/14/1996","310.86","310.86","310.86","310.86","","0.06%"
"08/15/1996","310.93","310.93","310.93","310.93","","0.02%"
"08/16/1996","310.96","310.96","310.96","310.96","","0.01%"
"08/19/1996","311.30","311.30","311.30","311.30","","0.11%"
"08/20/1996","311.49","311.49","311.49","311.49","","0.06%"
"08/21/1996","311.72","311.72","311.72","311.72","","0.07%"
"08/22/1996","312.84","312.84","312.84","312.84","","0.36%"
"08/23/1996","312.25","312.25","312.25","312.25","","-0.19%"
"08/26/1996","311.58","311.58","311.58","311.58","","-0.21%"
"08/27/1996","312.28","312.28","312.28","312.28","","0.22%"
"08/28/1996","312.15","312.15","312.15","312.15","","-0.04%"
"08/29/1996","310.26","310.26","310.26","310.26","","-0.61%"
"08/30/1996","308.39","308.39","308.39","308.39","","-0.60%"
"09/03/1996","309.76","309.76","309.76","309.76","","0.44%"
"09/04/1996","310.05","310.05","310.05","310.05","","0.09%"
"09/05/1996","307.41","307.41","307.41","307.41","","-0.85%"
"09/06/1996","311.03","311.03","311.03","311.03","","1.18%"
"09/09/1996","313.55","313.55","313.55","313.55","","0.81%"
"09/10/1996","313.86","313.86","313.86","313.86","","0.10%"
"09/11/1996","314.68","314.68","314.68","314.68","","0.26%"
"09/12/1996","315.44","315.44","315.44","315.44","","0.24%"
"09/13/1996","316.56","316.56","316.56","316.56","","0.36%"
"09/16/1996","316.80","316.80","316.80","316.80","","0.08%"
"09/17/1996","316.84","316.84","316.84","316.84","","0.01%"
"09/18/1996","316.95","316.95","316.95","316.95","","0.03%"
"09/19/1996","317.08","317.08","317.08","317.08","","0.04%"
"09/20/1996","317.32","317.32","317.32","317.32","","0.08%"
"09/23/1996","317.45","317.45","317.45","317.45","","0.04%"
"09/24/1996","317.56","317.56","317.56","317.56","","0.03%"
"09/25/1996","317.51","317.51","317.51","317.51","","-0.02%"
"09/26/1996","317.74","317.74","317.74","317.74","","0.07%"
"09/27/1996","317.90","317.90","317.90","317.90","","0.05%"
"09/30/1996","318.09","318.09","318.09","318.09","","0.06%"
"10/01/1996","318.55","318.55","318.55","318.55","","0.14%"
"10/02/1996","319.28","319.28","319.28","319.28","","0.23%"
"10/03/1996","319.29","319.29","319.29","319.29","","0.00%"
"10/04/1996","320.52","320.52","320.52","320.52","","0.39%"
"10/07/1996","320.81","320.81","320.81","320.81","","0.09%"
"10/08/1996","320.67","320.67","320.67","320.67","","-0.04%"
"10/09/1996","320.63","320.63","320.63","320.63","","-0.01%"
"10/10/1996","320.68","320.68","320.68","320.68","","0.02%"
"10/11/1996","321.31","321.31","321.31","321.31","","0.20%"
"10/14/1996","321.52","321.52","321.52","321.52","","0.07%"
"10/15/1996","321.54","321.54","321.54","321.54","","0.01%"
"10/16/1996","321.67","321.67","321.67","321.67","","0.04%"
"10/17/1996","321.78","321.78","321.78","321.78","","0.03%"
"10/18/1996","322.53","322.53","322.53","322.53","","0.23%"
"10/21/1996","322.41","322.41","322.41","322.41","","-0.04%"
"10/22/1996","321.82","321.82","321.82","321.82","","-0.18%"
"10/23/1996","322.12","322.12","322.12","322.12","","0.09%"
"10/24/1996","321.07","321.07","321.07","321.07","","-0.33%"
"10/25/1996","320.77","320.77","320.77","320.77","","-0.09%"
"10/28/1996","320.32","320.32","320.32","320.32","","-0.14%"
"10/29/1996","321.36","321.36","321.36","321.36","","0.32%"
"10/30/1996","321.23","321.23","321.23","321.23","","-0.04%"
"10/31/1996","322.52","322.52","322.52","322.52","","0.40%"
"11/01/1996","322.28","322.28","322.28","322.28","","-0.07%"
"11/04/1996","323.52","323.52","323.52","323.52","","0.38%"
"11/05/1996","324.75","324.75","324.75","324.75","","0.38%"
"11/06/1996","326.10","326.10","326.10","326.10","","0.42%"
"11/07/1996","326.16","326.16","326.16","326.16","","0.02%"
"11/08/1996","326.59","326.59","326.59","326.59","","0.13%"
"11/11/1996","326.84","326.84","326.84","326.84","","0.08%"
"11/12/1996","326.93","326.93","326.93","326.93","","0.03%"
"11/13/1996","327.05","327.05","327.05","327.05","","0.04%"
"11/14/1996","327.13","327.13","327.13","327.13","","0.02%"
"11/15/1996","326.29","326.29","326.29","326.29","","-0.26%"
"11/18/1996","326.28","326.28","326.28","326.28","","0.00%"
"11/19/1996","327.48","327.48","327.48","327.48","","0.37%"
"11/20/1996","327.42","327.42","327.42","327.42","","-0.02%"
"11/21/1996","327.52","327.52","327.52","327.52","","0.03%"
"11/22/1996","328.81","328.81","328.81","328.81","","0.39%"
"11/25/1996","329.56","329.56","329.56","329.56","","0.23%"
"11/26/1996","329.39","329.39","329.39","329.39","","-0.05%"
"11/27/1996","329.57","329.57","329.57","329.57","","0.05%"
"11/29/1996","329.89","329.89","329.89","329.89","","0.10%"
"12/02/1996","330.28","330.28","330.28","330.28","","0.12%"
"12/03/1996","328.87","328.87","328.87","328.87","","-0.43%"
"12/04/1996","329.45","329.45","329.45","329.45","","0.18%"
"12/05/1996","329.19","329.19","329.19","329.19","","-0.08%"
"12/06/1996","328.36","328.36","328.36","328.36","","-0.25%"
"12/09/1996","330.92","330.92","330.92","330.92","","0.78%"
"12/10/1996","330.66","330.66","330.66","330.66","","-0.08%"
"12/11/1996","329.52","329.52","329.52","329.52","","-0.34%"
"12/12/1996","326.17","326.17","326.17","326.17","","-1.02%"
"12/13/1996","326.86","326.86","326.86","326.86","","0.21%"
"12/16/1996","323.54","323.54","323.54","323.54","","-1.02%"
"12/17/1996","326.71","326.71","326.71","326.71","","0.98%"
"12/18/1996","328.72","328.72","328.72","328.72","","0.62%"
"12/19/1996","332.92","332.92","332.92","332.92","","1.28%"
"12/20/1996","333.07","333.07","333.07","333.07","","0.05%"
"12/23/1996","333.12","333.12","333.12","333.12","","0.02%"
"12/24/1996","334.02","334.02","334.02","334.02","","0.27%"
"12/26/1996","334.97","334.97","334.97","334.97","","0.28%"
"12/27/1996","335.02","335.02","335.02","335.02","","0.01%"
"12/30/1996","334.93","334.93","334.93","334.93","","-0.03%"
"12/31/1996","332.93","332.93","332.93","332.93","","-0.60%"
"01/02/1997","332.46","332.46","332.46","332.46","","-0.14%"
"01/03/1997","335.35","335.35","335.35","335.35","","0.87%"
"01/06/1997","335.21","335.21","335.21","335.21","","-0.04%"
"01/07/1997","336.48","336.48","336.48","336.48","","0.38%"
"01/08/1997","335.59","335.59","335.59","335.59","","-0.26%"
"01/09/1997","336.66","336.66","336.66","336.66","","0.32%"
"01/10/1997","337.73","337.73","337.73","337.73","","0.32%"
"01/13/1997","338.25","338.25","338.25","338.25","","0.15%"
"01/14/1997","338.89","338.89","338.89","338.89","","0.19%"
"01/15/1997","339.04","339.04","339.04","339.04","","0.04%"
"01/16/1997","339.20","339.20","339.20","339.20","","0.05%"
"01/17/1997","339.77","339.77","339.77","339.77","","0.17%"
"01/20/1997","340.31","340.31","340.31","340.31","","0.16%"
"01/21/1997","341.60","341.60","341.60","341.60","","0.38%"
"01/22/1997","342.29","342.29","342.29","342.29","","0.20%"
"01/23/1997","340.57","340.57","340.57","340.57","","-0.50%"
"01/24/1997","339.60","339.60","339.60","339.60","","-0.28%"
"01/27/1997","338.54","338.54","338.54","338.54","","-0.31%"
"01/28/1997","338.56","338.56","338.56","338.56","","0.01%"
"01/29/1997","340.52","340.52","340.52","340.52","","0.58%"
"01/30/1997","342.63","342.63","342.63","342.63","","0.62%"
"02/04/1997","343.94","343.94","343.94","343.94","","0.38%"
"02/05/1997","341.99","341.99","341.99","341.99","","-0.57%"
"02/06/1997","343.16","343.16","343.16","343.16","","0.34%"
"02/07/1997","344.87","344.87","344.87","344.87","","0.50%"
"02/10/1997","344.46","344.46","344.46","344.46","","-0.12%"
"02/11/1997","345.21","345.21","345.21","345.21","","0.22%"
"02/12/1997","346.07","346.07","346.07","346.07","","0.25%"
"02/13/1997","346.41","346.41","346.41","346.41","","0.10%"
"02/14/1997","346.58","346.58","346.58","346.58","","0.05%"
"02/18/1997","346.86","346.86","346.86","346.86","","0.08%"
"02/19/1997","346.98","346.98","346.98","346.98","","0.03%"
"02/20/1997","347.10","347.10","347.10","347.10","","0.03%"
"02/21/1997","346.72","346.72","346.72","346.72","","-0.11%"
"02/24/1997","348.91","348.91","348.91","348.91","","0.63%"
"02/25/1997","349.32","349.32","349.32","349.32","","0.12%"
"02/26/1997","348.18","348.18","348.18","348.18","","-0.33%"
"02/27/1997","346.15","346.15","346.15","346.15","","-0.58%"
"02/28/1997","345.37","345.37","345.37","345.37","","-0.23%"
"03/03/1997","346.76","346.76","346.76","346.76","","0.40%"
"03/04/1997","346.04","346.04","346.04","346.04","","-0.21%"
"03/05/1997","349.24","349.24","349.24","349.24","","0.92%"
"03/06/1997","348.35","348.35","348.35","348.35","","-0.25%"
"03/07/1997","350.15","350.15","350.15","350.15","","0.52%"
"03/10/1997","352.18","352.18","352.18","352.18","","0.58%"
"03/11/1997","352.06","352.06","352.06","352.06","","-0.03%"
"03/12/1997","351.19","351.19","351.19","351.19","","-0.25%"
"03/13/1997","348.03","348.03","348.03","348.03","","-0.90%"
"03/14/1997","349.85","349.85","349.85","349.85","","0.52%"
"03/17/1997","351.00","351.00","351.00","351.00","","0.33%"
"03/18/1997","349.33","349.33","349.33","349.33","","-0.48%"
"03/19/1997","347.99","347.99","347.99","347.99","","-0.38%"
"03/20/1997","346.21","346.21","346.21","346.21","","-0.51%"
"03/21/1997","348.54","348.54","348.54","348.54","","0.67%"
"03/24/1997","350.16","350.16","350.16","350.16","","0.46%"
"03/25/1997","350.38","350.38","350.38","350.38","","0.06%"
"03/26/1997","350.88","350.88","350.88","350.88","","0.14%"
"03/27/1997","346.67","346.67","346.67","346.67","","-1.20%"
"03/31/1997","341.87","341.87","341.87","341.87","","-1.38%"
"04/01/1997","343.29","343.29","343.29","343.29","","0.42%"
"04/02/1997","339.19","339.19","339.19","339.19","","-1.19%"
"04/03/1997","339.47","339.47","339.47","339.47","","0.08%"
"04/04/1997","342.98","342.98","342.98","342.98","","1.03%"
"04/07/1997","345.23","345.23","345.23","345.23","","0.66%"
"04/08/1997","347.15","347.15","347.15","347.15","","0.56%"
"04/09/1997","344.59","344.59","344.59","344.59","","-0.74%"
"04/10/1997","343.67","343.67","343.67","343.67","","-0.27%"
"04/11/1997","334.35","334.35","334.35","334.35","","-2.71%"
"04/14/1997","337.62","337.62","337.62","337.62","","0.98%"
"04/15/1997","342.84","342.84","342.84","342.84","","1.55%"
"04/16/1997","347.09","347.09","347.09","347.09","","1.24%"
"04/17/1997","345.72","345.72","345.72","345.72","","-0.39%"
"04/18/1997","347.06","347.06","347.06","347.06","","0.39%"
"04/21/1997","345.98","345.98","345.98","345.98","","-0.31%"
"04/22/1997","348.76","348.76","348.76","348.76","","0.80%"
"04/23/1997","348.46","348.46","348.46","348.46","","-0.09%"
"04/24/1997","348.28","348.28","348.28","348.28","","-0.05%"
"04/25/1997","347.28","347.28","347.28","347.28","","-0.29%"
"04/28/1997","348.94","348.94","348.94","348.94","","0.48%"
"04/29/1997","351.43","351.43","351.43","351.43","","0.71%"
"04/30/1997","351.72","351.72","351.72","351.72","","0.08%"
"05/01/1997","351.79","351.79","351.79","351.79","","0.02%"
"05/02/1997","352.66","352.66","352.66","352.66","","0.25%"
"05/05/1997","352.98","352.98","352.98","352.98","","0.09%"
"05/06/1997","352.97","352.97","352.97","352.97","","0.00%"
"05/07/1997","352.99","352.99","352.99","352.99","","0.01%"
"05/08/1997","353.20","353.20","353.20","353.20","","0.06%"
"05/09/1997","353.32","353.32","353.32","353.32","","0.03%"
"05/12/1997","353.54","353.54","353.54","353.54","","0.06%"
"05/13/1997","353.60","353.60","353.60","353.60","","0.02%"
"05/14/1997","353.67","353.67","353.67","353.67","","0.02%"
"05/15/1997","353.72","353.72","353.72","353.72","","0.01%"
"05/16/1997","351.55","351.55","351.55","351.55","","-0.61%"
"05/19/1997","352.79","352.79","352.79","352.79","","0.35%"
"05/20/1997","355.07","355.07","355.07","355.07","","0.65%"
"05/21/1997","354.85","354.85","354.85","354.85","","-0.06%"
"05/22/1997","354.63","354.63","354.63","354.63","","-0.06%"
"05/23/1997","356.91","356.91","356.91","356.91","","0.64%"
"05/27/1997","357.27","357.27","357.27","357.27","","0.10%"
"05/28/1997","357.27","357.27","357.27","357.27","","0.00%"
"05/29/1997","356.86","356.86","356.86","356.86","","-0.11%"
"05/30/1997","357.75","357.75","357.75","357.75","","0.25%"
"06/02/1997","357.74","357.74","357.74","357.74","","0.00%"
"06/03/1997","357.58","357.58","357.58","357.58","","-0.04%"
"06/04/1997","357.03","357.03","357.03","357.03","","-0.15%"
"06/05/1997","357.54","357.54","357.54","357.54","","0.14%"
"06/06/1997","360.20","360.20","360.20","360.20","","0.74%"
"06/09/1997","360.76","360.76","360.76","360.76","","0.16%"
"06/10/1997","361.22","361.22","361.22","361.22","","0.13%"
"06/11/1997","361.51","361.51","361.51","361.51","","0.08%"
"06/12/1997","361.86","361.86","361.86","361.86","","0.10%"
"06/13/1997","362.05","362.05","362.05","362.05","","0.05%"
"06/16/1997","362.27","362.27","362.27","362.27","","0.06%"
"06/17/1997","362.35","362.35","362.35","362.35","","0.02%"
"06/18/1997","362.46","362.46","362.46","362.46","","0.03%"
"06/19/1997","362.51","362.51","362.51","362.51","","0.01%"
"06/20/1997","362.39","362.39","362.39","362.39","","-0.03%"
"06/23/1997","357.20","357.20","357.20","357.20","","-1.43%"
"06/24/1997","362.63","362.63","362.63","362.63","","1.52%"
"06/25/1997","361.02","361.02","361.02","361.02","","-0.44%"
"06/26/1997","359.99","359.99","359.99","359.99","","-0.29%"
"06/27/1997","361.39","361.39","361.39","361.39","","0.39%"
"06/30/1997","360.72","360.72","360.72","360.72","","-0.19%"
"07/01/1997","362.73","362.73","362.73","362.73","","0.56%"
"07/02/1997","365.52","365.52","365.52","365.52","","0.77%"
"07/03/1997","367.77","367.77","367.77","367.77","","0.62%"
"07/07/1997","367.65","367.65","367.65","367.65","","-0.03%"
"07/08/1997","368.45","368.45","368.45","368.45","","0.22%"
"07/09/1997","367.18","367.18","367.18","367.18","","-0.34%"
"07/10/1997","368.19","368.19","368.19","368.19","","0.28%"
"07/11/1997","368.92","368.92","368.92","368.92","","0.20%"
"07/14/1997","369.43","369.43","369.43","369.43","","0.14%"
"07/15/1997","369.87","369.87","369.87","369.87","","0.12%"
"07/16/1997","370.02","370.02","370.02","370.02","","0.04%"
"07/17/1997","370.09","370.09","370.09","370.09","","0.02%"
"07/18/1997","369.10","369.10","369.10","369.10","","-0.27%"
"07/21/1997","369.15","369.15","369.15","369.15","","0.01%"
"07/22/1997","373.56","373.56","373.56","373.56","","1.19%"
"07/23/1997","373.98","373.98","373.98","373.98","","0.11%"
"07/24/1997","374.76","374.76","374.76","374.76","","0.21%"
"07/25/1997","374.81","374.81","374.81","374.81","","0.01%"
"07/28/1997","374.87","374.87","374.87","374.87","","0.02%"
"07/29/1997","375.54","375.54","375.54","375.54","","0.18%"
"07/30/1997","376.66","376.66","376.66","376.66","","0.30%"
"07/31/1997","376.95","376.95","376.95","376.95","","0.08%"
"08/01/1997","376.48","376.48","376.48","376.48","","-0.12%"
"08/04/1997","377.60","377.60","377.60","377.60","","0.30%"
"08/05/1997","378.12","378.12","378.12","378.12","","0.14%"
"08/06/1997","378.51","378.51","378.51","378.51","","0.10%"
"08/07/1997","378.51","378.51","378.51","378.51","","0.00%"
"08/08/1997","377.27","377.27","377.27","377.27","","-0.33%"
"08/11/1997","378.36","378.36","378.36","378.36","","0.29%"
"08/12/1997","377.69","377.69","377.69","377.69","","-0.18%"
"08/13/1997","377.80","377.80","377.80","377.80","","0.03%"
"08/14/1997","379.12","379.12","379.12","379.12","","0.35%"
"08/15/1997","375.46","375.46","375.46","375.46","","-0.97%"
"08/18/1997","379.20","379.20","379.20","379.20","","1.00%"
"08/19/1997","381.87","381.87","381.87","381.87","","0.70%"
"08/20/1997","384.33","384.33","384.33","384.33","","0.64%"
"08/21/1997","381.67","381.67","381.67","381.67","","-0.69%"
"08/22/1997","381.40","381.40","381.40","381.40","","-0.07%"
"08/25/1997","381.78","381.78","381.78","381.78","","0.10%"
"08/26/1997","380.08","380.08","380.08","380.08","","-0.45%"
"08/27/1997","381.10","381.10","381.10","381.10","","0.27%"
"08/28/1997","378.91","378.91","378.91","378.91","","-0.57%"
"08/29/1997","378.38","378.38","378.38","378.38","","-0.14%"
"09/02/1997","384.90","384.90","384.90","384.90","","1.72%"
"09/03/1997","384.74","384.74","384.74","384.74","","-0.04%"
"09/04/1997","385.39","385.39","385.39","385.39","","0.17%"
"09/05/1997","385.82","385.82","385.82","385.82","","0.11%"
"09/08/1997","387.05","387.05","387.05","387.05","","0.32%"
"09/09/1997","387.86","387.86","387.86","387.86","","0.21%"
"09/10/1997","385.64","385.64","385.64","385.64","","-0.57%"
"09/11/1997","384.55","384.55","384.55","384.55","","-0.28%"
"09/12/1997","387.60","387.60","387.60","387.60","","0.79%"
"09/15/1997","387.66","387.66","387.66","387.66","","0.02%"
"09/16/1997","390.25","390.25","390.25","390.25","","0.67%"
"09/17/1997","390.48","390.48","390.48","390.48","","0.06%"
"09/18/1997","390.64","390.64","390.64","390.64","","0.04%"
"09/19/1997","391.59","391.59","391.59","391.59","","0.24%"
"09/22/1997","393.22","393.22","393.22","393.22","","0.42%"
"09/23/1997","393.01","393.01","393.01","393.01","","-0.05%"
"09/24/1997","391.74","391.74","391.74","391.74","","-0.32%"
"09/25/1997","390.63","390.63","390.63","390.63","","-0.28%"
"09/26/1997","392.49","392.49","392.49","392.49","","0.48%"
"09/29/1997","394.52","394.52","394.52","394.52","","0.52%"
"09/30/1997","393.31","393.31","393.31","393.31","","-0.31%"
"10/01/1997","395.16","395.16","395.16","395.16","","0.47%"
"10/02/1997","395.91","395.91","395.91","395.91","","0.19%"
"10/03/1997","397.03","397.03","397.03","397.03","","0.28%"
"10/06/1997","398.18","398.18","398.18","398.18","","0.29%"
"10/07/1997","399.27","399.27","399.27","399.27","","0.27%"
"10/08/1997","398.88","398.88","398.88","398.88","","-0.10%"
"10/09/1997","398.99","398.99","398.99","398.99","","0.03%"
"10/10/1997","398.99","398.99","398.99","398.99","","0.00%"
"10/13/1997","399.70","399.70","399.70","399.70","","0.18%"
"10/14/1997","400.10","400.10","400.10","400.10","","0.10%"
"10/15/1997","400.18","400.18","400.18","400.18","","0.02%"
"10/16/1997","400.35","400.35","400.35","400.35","","0.04%"
"10/17/1997","399.74","399.74","399.74","399.74","","-0.15%"
"10/20/1997","402.56","402.56","402.56","402.56","","0.71%"
"10/21/1997","405.31","405.31","405.31","405.31","","0.68%"
"10/22/1997","405.02","405.02","405.02","405.02","","-0.07%"
"10/23/1997","401.43","401.43","401.43","401.43","","-0.89%"
"10/24/1997","400.07","400.07","400.07","400.07","","-0.34%"
"10/27/1997","376.85","376.85","376.85","376.85","","-5.80%"
"10/28/1997","393.72","393.72","393.72","393.72","","4.48%"
"10/29/1997","394.16","394.16","394.16","394.16","","0.11%"
"10/30/1997","388.78","388.78","388.78","388.78","","-1.36%"
"10/31/1997","392.70","392.70","392.70","392.70","","1.01%"
"11/03/1997","400.44","400.44","400.44","400.44","","1.97%"
"11/04/1997","400.72","400.72","400.72","400.72","","0.07%"
"11/05/1997","400.92","400.92","400.92","400.92","","0.05%"
"11/06/1997","401.08","401.08","401.08","401.08","","0.04%"
"11/07/1997","397.36","397.36","397.36","397.36","","-0.93%"
"11/10/1997","396.56","396.56","396.56","396.56","","-0.20%"
"11/11/1997","397.98","397.98","397.98","397.98","","0.36%"
"11/12/1997","392.43","392.43","392.43","392.43","","-1.39%"
"11/13/1997","396.90","396.90","396.90","396.90","","1.14%"
"11/14/1997","402.15","402.15","402.15","402.15","","1.32%"
"11/17/1997","407.53","407.53","407.53","407.53","","1.34%"
"11/19/1997","408.95","408.95","408.95","408.95","","0.35%"
"11/20/1997","411.23","411.23","411.23","411.23","","0.56%"
"11/21/1997","411.52","411.52","411.52","411.52","","0.07%"
"11/24/1997","407.85","407.85","407.85","407.85","","-0.89%"
"11/25/1997","409.56","409.56","409.56","409.56","","0.42%"
"11/26/1997","410.50","410.50","410.50","410.50","","0.23%"
"11/28/1997","411.01","411.01","411.01","411.01","","0.12%"
"12/01/1997","416.28","416.28","416.28","416.28","","1.28%"
"12/02/1997","415.95","415.95","415.95","415.95","","-0.08%"
"12/03/1997","417.72","417.72","417.72","417.72","","0.43%"
"12/04/1997","417.26","417.26","417.26","417.26","","-0.11%"
"12/05/1997","419.05","419.05","419.05","419.05","","0.43%"
"12/08/1997","419.45","419.45","419.45","419.45","","0.10%"
"12/09/1997","419.46","419.46","419.46","419.46","","0.00%"
"12/10/1997","418.66","418.66","418.66","418.66","","-0.19%"
"12/11/1997","415.15","415.15","415.15","415.15","","-0.84%"
"12/12/1997","415.57","415.57","415.57","415.57","","0.10%"
"12/15/1997","419.02","419.02","419.02","419.02","","0.83%"
"12/16/1997","420.12","420.12","420.12","420.12","","0.26%"
"12/17/1997","420.30","420.30","420.30","420.30","","0.04%"
"12/18/1997","419.37","419.37","419.37","419.37","","-0.22%"
"12/19/1997","418.28","418.28","418.28","418.28","","-0.26%"
"12/22/1997","420.16","420.16","420.16","420.16","","0.45%"
"12/23/1997","417.46","417.46","417.46","417.46","","-0.64%"
"12/24/1997","416.94","416.94","416.94","416.94","","-0.12%"
"12/26/1997","418.65","418.65","418.65","418.65","","0.41%"
"12/29/1997","422.60","422.60","422.60","422.60","","0.94%"
"12/30/1997","424.97","424.97","424.97","424.97","","0.56%"
"12/31/1997","425.09","425.09","425.09","425.09","","0.03%"
"01/02/1998","425.87","425.87","425.87","425.87","","0.18%"
"01/05/1998","426.40","426.40","426.40","426.40","","0.12%"
"01/06/1998","425.86","425.86","425.86","425.86","","-0.13%"
"01/07/1998","426.09","426.09","426.09","426.09","","0.05%"
"01/08/1998","425.84","425.84","425.84","425.84","","-0.06%"
"01/09/1998","420.97","420.97","420.97","420.97","","-1.14%"
"01/12/1998","425.21","425.21","425.21","425.21","","1.01%"
"01/13/1998","427.78","427.78","427.78","427.78","","0.60%"
"01/14/1998","428.39","428.39","428.39","428.39","","0.14%"
"01/15/1998","428.51","428.51","428.51","428.51","","0.03%"
"01/16/1998","428.17","428.17","428.17","428.17","","-0.08%"
"01/20/1998","431.65","431.65","431.65","431.65","","0.81%"
"01/21/1998","430.51","430.51","430.51","430.51","","-0.26%"
"01/22/1998","429.32","429.32","429.32","429.32","","-0.28%"
"01/23/1998","428.75","428.75","428.75","428.75","","-0.13%"
"01/26/1998","429.22","429.22","429.22","429.22","","0.11%"
"01/27/1998","432.09","432.09","432.09","432.09","","0.67%"
"01/28/1998","433.21","433.21","433.21","433.21","","0.26%"
"01/29/1998","434.39","434.39","434.39","434.39","","0.27%"
"01/30/1998","434.37","434.37","434.37","434.37","","0.00%"
"02/02/1998","436.50","436.50","436.50","436.50","","0.49%"
"02/03/1998","437.16","437.16","437.16","437.16","","0.15%"
"02/04/1998","437.40","437.40","437.40","437.40","","0.05%"
"02/05/1998","437.23","437.23","437.23","437.23","","-0.04%"
"02/06/1998","437.91","437.91","437.91","437.91","","0.16%"
"02/09/1998","438.17","438.17","438.17","438.17","","0.06%"
"02/10/1998","438.60","438.60","438.60","438.60","","0.10%"
"02/11/1998","438.78","438.78","438.78","438.78","","0.04%"
"02/12/1998","438.93","438.93","438.93","438.93","","0.03%"
"02/13/1998","438.96","438.96","438.96","438.96","","0.01%"
"02/17/1998","439.34","439.34","439.34","439.34","","0.09%"
"02/18/1998","439.48","439.48","439.48","439.48","","0.03%"
"02/19/1998","439.58","439.58","439.58","439.58","","0.02%"
"02/20/1998","440.59","440.59","440.59","440.59","","0.23%"
"02/23/1998","441.65","441.65","441.65","441.65","","0.24%"
"02/24/1998","440.84","440.84","440.84","440.84","","-0.18%"
"02/25/1998","442.82","442.82","442.82","442.82","","0.45%"
"02/26/1998","443.70","443.70","443.70","443.70","","0.20%"
"02/27/1998","443.99","443.99","443.99","443.99","","0.07%"
"03/02/1998","444.09","444.09","444.09","444.09","","0.02%"
"03/03/1998","444.79","444.79","444.79","444.79","","0.16%"
"03/04/1998","444.47","444.47","444.47","444.47","","-0.07%"
"03/05/1998","442.94","442.94","442.94","442.94","","-0.34%"
"03/06/1998","445.74","445.74","445.74","445.74","","0.63%"
"03/09/1998","445.88","445.88","445.88","445.88","","0.03%"
"03/10/1998","446.90","446.90","446.90","446.90","","0.23%"
"03/11/1998","447.29","447.29","447.29","447.29","","0.09%"
"03/12/1998","447.49","447.49","447.49","447.49","","0.04%"
"03/13/1998","447.45","447.45","447.45","447.45","","-0.01%"
"03/16/1998","447.98","447.98","447.98","447.98","","0.12%"
"03/17/1998","448.11","448.11","448.11","448.11","","0.03%"
"03/18/1998","448.31","448.31","448.31","448.31","","0.04%"
"03/19/1998","448.42","448.42","448.42","448.42","","0.02%"
"03/20/1998","449.38","449.38","449.38","449.38","","0.21%"
"03/23/1998","448.90","448.90","448.90","448.90","","-0.11%"
"03/24/1998","450.27","450.27","450.27","450.27","","0.31%"
"03/25/1998","449.13","449.13","449.13","449.13","","-0.25%"
"03/26/1998","449.30","449.30","449.30","449.30","","0.04%"
"03/27/1998","448.53","448.53","448.53","448.53","","-0.17%"
"03/30/1998","448.41","448.41","448.41","448.41","","-0.03%"
"03/31/1998","450.02","450.02","450.02","450.02","","0.36%"
"04/01/1998","451.52","451.52","451.52","451.52","","0.33%"
"04/02/1998","453.27","453.27","453.27","453.27","","0.39%"
"04/03/1998","453.80","453.80","453.80","453.80","","0.12%"
"04/06/1998","454.15","454.15","454.15","454.15","","0.08%"
"04/07/1998","453.33","453.33","453.33","453.33","","-0.18%"
"04/08/1998","453.03","453.03","453.03","453.03","","-0.07%"
"04/09/1998","454.93","454.93","454.93","454.93","","0.42%"
"04/13/1998","455.50","455.50","455.50","455.50","","0.13%"
"04/14/1998","456.35","456.35","456.35","456.35","","0.19%"
"04/15/1998","456.78","456.78","456.78","456.78","","0.09%"
"04/16/1998","456.87","456.87","456.87","456.87","","0.02%"
"04/17/1998","458.97","458.97","458.97","458.97","","0.46%"
"04/20/1998","460.01","460.01","460.01","460.01","","0.23%"
"04/21/1998","460.89","460.89","460.89","460.89","","0.19%"
"04/22/1998","461.88","461.88","461.88","461.88","","0.21%"
"04/23/1998","460.23","460.23","460.23","460.23","","-0.36%"
"04/24/1998","457.95","457.95","457.95","457.95","","-0.50%"
"04/27/1998","452.25","452.25","452.25","452.25","","-1.24%"
"04/28/1998","453.74","453.74","453.74","453.74","","0.33%"
"04/29/1998","456.20","456.20","456.20","456.20","","0.54%"
"04/30/1998","460.72","460.72","460.72","460.72","","0.99%"
"05/01/1998","463.21","463.21","463.21","463.21","","0.54%"
"05/04/1998","463.62","463.62","463.62","463.62","","0.09%"
"05/05/1998","462.48","462.48","462.48","462.48","","-0.25%"
"05/06/1998","460.28","460.28","460.28","460.28","","-0.48%"
"05/07/1998","458.08","458.08","458.08","458.08","","-0.48%"
"05/08/1998","462.88","462.88","462.88","462.88","","1.05%"
"05/11/1998","463.51","463.51","463.51","463.51","","0.14%"
"05/12/1998","465.42","465.42","465.42","465.42","","0.41%"
"05/13/1998","466.63","466.63","466.63","466.63","","0.26%"
"05/14/1998","467.43","467.43","467.43","467.43","","0.17%"
"05/15/1998","465.52","465.52","465.52","465.52","","-0.41%"
"05/18/1998","465.45","465.45","465.45","465.45","","-0.02%"
"05/19/1998","466.75","466.75","466.75","466.75","","0.28%"
"05/20/1998","468.81","468.81","468.81","468.81","","0.44%"
"05/21/1998","468.42","468.42","468.42","468.42","","-0.08%"
"05/22/1998","468.19","468.19","468.19","468.19","","-0.05%"
"05/26/1998","463.95","463.95","463.95","463.95","","-0.91%"
"05/27/1998","464.29","464.29","464.29","464.29","","0.07%"
"05/28/1998","466.07","466.07","466.07","466.07","","0.38%"
"05/29/1998","464.64","464.64","464.64","464.64","","-0.31%"
"06/01/1998","464.94","464.94","464.94","464.94","","0.06%"
"06/02/1998","465.87","465.87","465.87","465.87","","0.20%"
"06/03/1998","462.23","462.23","462.23","462.23","","-0.78%"
"06/04/1998","467.29","467.29","467.29","467.29","","1.09%"
"06/05/1998","472.46","472.46","472.46","472.46","","1.11%"
"06/08/1998","473.17","473.17","473.17","473.17","","0.15%"
"06/09/1998","473.91","473.91","473.91","473.91","","0.16%"
"06/10/1998","472.80","472.80","472.80","472.80","","-0.23%"
"06/11/1998","467.85","467.85","467.85","467.85","","-1.05%"
"06/12/1998","470.03","470.03","470.03","470.03","","0.47%"
"06/15/1998","462.13","462.13","462.13","462.13","","-1.68%"
"06/16/1998","466.60","466.60","466.60","466.60","","0.97%"
"06/17/1998","474.50","474.50","474.50","474.50","","1.69%"
"06/18/1998","475.21","475.21","475.21","475.21","","0.15%"
"06/19/1998","474.32","474.32","474.32","474.32","","-0.19%"
"06/22/1998","475.82","475.82","475.82","475.82","","0.32%"
"06/23/1998","478.78","478.78","478.78","478.78","","0.62%"
"06/24/1998","480.37","480.37","480.37","480.37","","0.33%"
"06/25/1998","480.24","480.24","480.24","480.24","","-0.03%"
"06/26/1998","480.97","480.97","480.97","480.97","","0.15%"
"06/29/1998","481.89","481.89","481.89","481.89","","0.19%"
"06/30/1998","481.71","481.71","481.71","481.71","","-0.04%"
"07/01/1998","483.19","483.19","483.19","483.19","","0.31%"
"07/02/1998","483.38","483.38","483.38","483.38","","0.04%"
"07/06/1998","484.11","484.11","484.11","484.11","","0.15%"
"07/07/1998","484.15","484.15","484.15","484.15","","0.01%"
"07/08/1998","484.60","484.60","484.60","484.60","","0.09%"
"07/09/1998","484.63","484.63","484.63","484.63","","0.01%"
"07/10/1998","484.82","484.82","484.82","484.82","","0.04%"
"07/13/1998","485.12","485.12","485.12","485.12","","0.06%"
"07/14/1998","485.28","485.28","485.28","485.28","","0.03%"
"07/15/1998","485.40","485.40","485.40","485.40","","0.02%"
"07/16/1998","485.47","485.47","485.47","485.47","","0.01%"
"07/17/1998","485.29","485.29","485.29","485.29","","-0.04%"
"07/20/1998","485.23","485.23","485.23","485.23","","-0.01%"
"07/21/1998","480.79","480.79","480.79","480.79","","-0.92%"
"07/22/1998","480.86","480.86","480.86","480.86","","0.01%"
"07/23/1998","474.01","474.01","474.01","474.01","","-1.42%"
"07/24/1998","474.29","474.29","474.29","474.29","","0.06%"
"07/27/1998","476.52","476.52","476.52","476.52","","0.47%"
"07/28/1998","471.53","471.53","471.53","471.53","","-1.05%"
"07/29/1998","469.56","469.56","469.56","469.56","","-0.42%"
"07/30/1998","475.86","475.86","475.86","475.86","","1.34%"
"07/31/1998","467.34","467.34","467.34","467.34","","-1.79%"
"08/03/1998","465.60","465.60","465.60","465.60","","-0.37%"
"08/04/1998","448.95","448.95","448.95","448.95","","-3.58%"
"08/05/1998","452.43","452.43","452.43","452.43","","0.78%"
"08/06/1998","456.43","456.43","456.43","456.43","","0.88%"
"08/07/1998","456.34","456.34","456.34","456.34","","-0.02%"
"08/10/1998","454.30","454.30","454.30","454.30","","-0.45%"
"08/11/1998","447.66","447.66","447.66","447.66","","-1.46%"
"08/12/1998","454.33","454.33","454.33","454.33","","1.49%"
"08/13/1998","450.68","450.68","450.68","450.68","","-0.80%"
"08/14/1998","445.14","445.14","445.14","445.14","","-1.23%"
"08/17/1998","454.10","454.10","454.10","454.10","","2.01%"
"08/18/1998","461.56","461.56","461.56","461.56","","1.64%"
"08/19/1998","460.53","460.53","460.53","460.53","","-0.22%"
"08/20/1998","457.51","457.51","457.51","457.51","","-0.66%"
"08/21/1998","455.38","455.38","455.38","455.38","","-0.47%"
"08/24/1998","457.44","457.44","457.44","457.44","","0.45%"
"08/25/1998","458.74","458.74","458.74","458.74","","0.28%"
"08/26/1998","457.92","457.92","457.92","457.92","","-0.18%"
"08/27/1998","447.90","447.90","447.90","447.90","","-2.19%"
"08/28/1998","444.89","444.89","444.89","444.89","","-0.67%"
"08/31/1998","419.35","419.35","419.35","419.35","","-5.74%"
"09/01/1998","435.30","435.30","435.30","435.30","","3.80%"
"09/02/1998","433.33","433.33","433.33","433.33","","-0.45%"
"09/03/1998","430.15","430.15","430.15","430.15","","-0.73%"
"09/04/1998","427.19","427.19","427.19","427.19","","-0.69%"
"09/08/1998","446.69","446.69","446.69","446.69","","4.56%"
"09/09/1998","441.14","441.14","441.14","441.14","","-1.24%"
"09/10/1998","429.99","429.99","429.99","429.99","","-2.53%"
"09/11/1998","442.76","442.76","442.76","442.76","","2.97%"
"09/14/1998","451.63","451.63","451.63","451.63","","2.00%"
"09/15/1998","456.09","456.09","456.09","456.09","","0.99%"
"09/16/1998","459.13","459.13","459.13","459.13","","0.67%"
"09/17/1998","447.56","447.56","447.56","447.56","","-2.52%"
"09/18/1998","447.97","447.97","447.97","447.97","","0.09%"
"09/21/1998","449.43","449.43","449.43","449.43","","0.33%"
"09/22/1998","451.96","451.96","451.96","451.96","","0.56%"
"09/23/1998","457.64","457.64","457.64","457.64","","1.26%"
"09/24/1998","455.17","455.17","455.17","455.17","","-0.54%"
"09/25/1998","455.63","455.63","455.63","455.63","","0.10%"
"09/28/1998","456.57","456.57","456.57","456.57","","0.21%"
"09/29/1998","457.38","457.38","457.38","457.38","","0.18%"
"09/30/1998","451.66","451.66","451.66","451.66","","-1.25%"
"10/01/1998","444.73","444.73","444.73","444.73","","-1.53%"
"10/02/1998","450.26","450.26","450.26","450.26","","1.24%"
"10/05/1998","447.05","447.05","447.05","447.05","","-0.71%"
"10/06/1998","447.06","447.06","447.06","447.06","","0.00%"
"10/07/1998","442.92","442.92","442.92","442.92","","-0.93%"
"10/08/1998","439.30","439.30","439.30","439.30","","-0.82%"
"10/09/1998","449.89","449.89","449.89","449.89","","2.41%"
"10/12/1998","455.69","455.69","455.69","455.69","","1.29%"
"10/13/1998","456.30","456.30","456.30","456.30","","0.13%"
"10/14/1998","459.42","459.42","459.42","459.42","","0.68%"
"10/15/1998","464.69","464.69","464.69","464.69","","1.15%"
"10/16/1998","462.79","462.79","462.79","462.79","","-0.41%"
"10/19/1998","466.28","466.28","466.28","466.28","","0.75%"
"10/20/1998","466.97","466.97","466.97","466.97","","0.15%"
"10/21/1998","468.15","468.15","468.15","468.15","","0.25%"
"10/22/1998","470.58","470.58","470.58","470.58","","0.52%"
"10/23/1998","469.05","469.05","469.05","469.05","","-0.33%"
"10/26/1998","471.12","471.12","471.12","471.12","","0.44%"
"10/27/1998","470.02","470.02","470.02","470.02","","-0.23%"
"10/28/1998","470.85","470.85","470.85","470.85","","0.18%"
"10/29/1998","475.19","475.19","475.19","475.19","","0.92%"
"10/30/1998","476.85","476.85","476.85","476.85","","0.35%"
"11/02/1998","478.81","478.81","478.81","478.81","","0.41%"
"11/03/1998","478.76","478.76","478.76","478.76","","-0.01%"
"11/04/1998","479.33","479.33","479.33","479.33","","0.12%"
"11/05/1998","480.54","480.54","480.54","480.54","","0.25%"
"11/06/1998","480.97","480.97","480.97","480.97","","0.09%"
"11/09/1998","480.79","480.79","480.79","480.79","","-0.04%"
"11/10/1998","481.09","481.09","481.09","481.09","","0.06%"
"11/11/1998","481.15","481.15","481.15","481.15","","0.01%"
"11/12/1998","481.30","481.30","481.30","481.30","","0.03%"
"11/13/1998","481.89","481.89","481.89","481.89","","0.12%"
"11/16/1998","482.56","482.56","482.56","482.56","","0.14%"
"11/17/1998","482.82","482.82","482.82","482.82","","0.05%"
"11/18/1998","482.97","482.97","482.97","482.97","","0.03%"
"11/19/1998","483.08","483.08","483.08","483.08","","0.02%"
"11/20/1998","483.87","483.87","483.87","483.87","","0.16%"
"11/23/1998","487.78","487.78","487.78","487.78","","0.81%"
"11/24/1998","487.04","487.04","487.04","487.04","","-0.15%"
"11/25/1998","488.04","488.04","488.04","488.04","","0.21%"
"11/27/1998","489.06","489.06","489.06","489.06","","0.21%"
"11/30/1998","484.87","484.87","484.87","484.87","","-0.86%"
"12/01/1998","487.38","487.38","487.38","487.38","","0.52%"
"12/02/1998","486.86","486.86","486.86","486.86","","-0.11%"
"12/03/1998","482.12","482.12","482.12","482.12","","-0.97%"
"12/04/1998","488.47","488.47","488.47","488.47","","1.32%"
"12/07/1998","490.80","490.80","490.80","490.80","","0.48%"
"12/08/1998","490.31","490.31","490.31","490.31","","-0.10%"
"12/09/1998","490.92","490.92","490.92","490.92","","0.12%"
"12/10/1998","488.77","488.77","488.77","488.77","","-0.44%"
"12/11/1998","488.97","488.97","488.97","488.97","","0.04%"
"12/14/1998","483.37","483.37","483.37","483.37","","-1.15%"
"12/15/1998","490.67","490.67","490.67","490.67","","1.51%"
"12/16/1998","491.26","491.26","491.26","491.26","","0.12%"
"12/17/1998","494.00","494.00","494.00","494.00","","0.56%"
"12/18/1998","496.69","496.69","496.69","496.69","","0.54%"
"12/21/1998","499.73","499.73","499.73","499.73","","0.61%"
"12/22/1998","500.66","500.66","500.66","500.66","","0.19%"
"12/23/1998","503.31","503.31","503.31","503.31","","0.53%"
"12/24/1998","503.15","503.15","503.15","503.15","","-0.03%"
"12/28/1998","503.37","503.37","503.37","503.37","","0.04%"
"12/29/1998","504.49","504.49","504.49","504.49","","0.22%"
"12/30/1998","504.06","504.06","504.06","504.06","","-0.09%"
"12/31/1998","503.91","503.91","503.91","503.91","","-0.03%"
"01/04/1999","504.48","504.48","504.48","504.48","","0.11%"
"01/05/1999","505.62","505.62","505.62","505.62","","0.23%"
"01/06/1999","506.33","506.33","506.33","506.33","","0.14%"
"01/07/1999","506.35","506.35","506.35","506.35","","0.00%"
"01/08/1999","506.51","506.51","506.51","506.51","","0.03%"
"01/11/1999","506.53","506.53","506.53","506.53","","0.00%"
"01/12/1999","506.59","506.59","506.59","506.59","","0.01%"
"01/13/1999","506.62","506.62","506.62","506.62","","0.01%"
"01/14/1999","506.77","506.77","506.77","506.77","","0.03%"
"01/15/1999","508.87","508.87","508.87","508.87","","0.41%"
"01/19/1999","511.80","511.80","511.80","511.80","","0.58%"
"01/20/1999","512.82","512.82","512.82","512.82","","0.20%"
"01/21/1999","509.14","509.14","509.14","509.14","","-0.72%"
"01/22/1999","507.62","507.62","507.62","507.62","","-0.30%"
"01/25/1999","510.68","510.68","510.68","510.68","","0.60%"
"01/26/1999","514.49","514.49","514.49","514.49","","0.75%"
"01/27/1999","513.05","513.05","513.05","513.05","","-0.28%"
"01/28/1999","516.65","516.65","516.65","516.65","","0.70%"
"01/29/1999","518.62","518.62","518.62","518.62","","0.38%"
"02/01/1999","518.83","518.83","518.83","518.83","","0.04%"
"02/02/1999","518.07","518.07","518.07","518.07","","-0.15%"
"02/03/1999","519.39","519.39","519.39","519.39","","0.25%"
"02/04/1999","516.59","516.59","516.59","516.59","","-0.54%"
"02/05/1999","515.85","515.85","515.85","515.85","","-0.14%"
"02/08/1999","517.54","517.54","517.54","517.54","","0.33%"
"02/09/1999","513.51","513.51","513.51","513.51","","-0.78%"
"02/10/1999","516.17","516.17","516.17","516.17","","0.52%"
"02/11/1999","521.77","521.77","521.77","521.77","","1.08%"
"02/12/1999","519.29","519.29","519.29","519.29","","-0.48%"
"02/16/1999","522.20","522.20","522.20","522.20","","0.56%"
"02/17/1999","520.60","520.60","520.60","520.60","","-0.31%"
"02/18/1999","524.23","524.23","524.23","524.23","","0.70%"
"02/19/1999","525.13","525.13","525.13","525.13","","0.17%"
"02/22/1999","531.94","531.94","531.94","531.94","","1.30%"
"02/23/1999","531.57","531.57","531.57","531.57","","-0.07%"
"02/24/1999","529.22","529.22","529.22","529.22","","-0.44%"
"02/25/1999","528.44","528.44","528.44","528.44","","-0.15%"
"02/26/1999","527.41","527.41","527.41","527.41","","-0.19%"
"03/01/1999","527.99","527.99","527.99","527.99","","0.11%"
"03/02/1999","526.52","526.52","526.52","526.52","","-0.28%"
"03/03/1999","527.31","527.31","527.31","527.31","","0.15%"
"03/04/1999","531.65","531.65","531.65","531.65","","0.82%"
"03/05/1999","536.28","536.28","536.28","536.28","","0.87%"
"03/08/1999","537.36","537.36","537.36","537.36","","0.20%"
"03/09/1999","537.53","537.53","537.53","537.53","","0.03%"
"03/10/1999","538.20","538.20","538.20","538.20","","0.12%"
"03/11/1999","539.01","539.01","539.01","539.01","","0.15%"
"03/12/1999","539.05","539.05","539.05","539.05","","0.01%"
"03/15/1999","539.64","539.64","539.64","539.64","","0.11%"
"03/16/1999","539.83","539.83","539.83","539.83","","0.04%"
"03/17/1999","539.92","539.92","539.92","539.92","","0.02%"
"03/18/1999","540.04","540.04","540.04","540.04","","0.02%"
"03/19/1999","536.13","536.13","536.13","536.13","","-0.72%"
"03/22/1999","536.39","536.39","536.39","536.39","","0.05%"
"03/23/1999","526.52","526.52","526.52","526.52","","-1.84%"
"03/24/1999","528.37","528.37","528.37","528.37","","0.35%"
"03/25/1999","535.86","535.86","535.86","535.86","","1.42%"
"03/26/1999","534.82","534.82","534.82","534.82","","-0.19%"
"03/29/1999","541.76","541.76","541.76","541.76","","1.30%"
"03/30/1999","540.62","540.62","540.62","540.62","","-0.21%"
"03/31/1999","536.32","536.32","536.32","536.32","","-0.80%"
"04/01/1999","539.70","539.70","539.70","539.70","","0.63%"
"04/05/1999","547.07","547.07","547.07","547.07","","1.37%"
"04/06/1999","546.25","546.25","546.25","546.25","","-0.15%"
"04/07/1999","548.32","548.32","548.32","548.32","","0.38%"
"04/08/1999","550.59","550.59","550.59","550.59","","0.41%"
"04/09/1999","551.19","551.19","551.19","551.19","","0.11%"
"04/12/1999","552.29","552.29","552.29","552.29","","0.20%"
"04/13/1999","552.09","552.09","552.09","552.09","","-0.04%"
"04/14/1999","550.64","550.64","550.64","550.64","","-0.26%"
"04/15/1999","552.76","552.76","552.76","552.76","","0.39%"
"04/16/1999","553.36","553.36","553.36","553.36","","0.11%"
"04/19/1999","547.46","547.46","547.46","547.46","","-1.07%"
"04/20/1999","551.18","551.18","551.18","551.18","","0.68%"
"04/21/1999","556.49","556.49","556.49","556.49","","0.96%"
"04/22/1999","559.56","559.56","559.56","559.56","","0.55%"
"04/23/1999","559.30","559.30","559.30","559.30","","-0.05%"
"04/26/1999","560.60","560.60","560.60","560.60","","0.23%"
"04/27/1999","561.05","561.05","561.05","561.05","","0.08%"
"04/28/1999","559.87","559.87","559.87","559.87","","-0.21%"
"04/29/1999","559.34","559.34","559.34","559.34","","-0.09%"
"04/30/1999","558.24","558.24","558.24","558.24","","-0.20%"
"05/03/1999","561.80","561.80","561.80","561.80","","0.64%"
"05/04/1999","559.64","559.64","559.64","559.64","","-0.38%"
"05/05/1999","561.67","561.67","561.67","561.67","","0.36%"
"05/06/1999","559.72","559.72","559.72","559.72","","-0.35%"
"05/07/1999","562.03","562.03","562.03","562.03","","0.41%"
"05/10/1999","562.08","562.08","562.08","562.08","","0.01%"
"05/11/1999","563.84","563.84","563.84","563.84","","0.31%"
"05/12/1999","564.40","564.40","564.40","564.40","","0.10%"
"05/13/1999","565.12","565.12","565.12","565.12","","0.13%"
"05/14/1999","563.61","563.61","563.61","563.61","","-0.27%"
"05/17/1999","564.94","564.94","564.94","564.94","","0.24%"
"05/18/1999","565.37","565.37","565.37","565.37","","0.08%"
"05/19/1999","566.58","566.58","566.58","566.58","","0.21%"
"05/20/1999","566.88","566.88","566.88","566.88","","0.05%"
"05/21/1999","565.96","565.96","565.96","565.96","","-0.16%"
"05/24/1999","560.34","560.34","560.34","560.34","","-0.99%"
"05/25/1999","554.35","554.35","554.35","554.35","","-1.07%"
"05/26/1999","560.59","560.59","560.59","560.59","","1.13%"
"05/27/1999","554.33","554.33","554.33","554.33","","-1.12%"
"05/28/1999","561.66","561.66","561.66","561.66","","1.32%"
"06/01/1999","560.42","560.42","560.42","560.42","","-0.22%"
"06/02/1999","561.15","561.15","561.15","561.15","","0.13%"
"06/03/1999","562.70","562.70","562.70","562.70","","0.28%"
"06/04/1999","571.28","571.28","571.28","571.28","","1.52%"
"06/07/1999","573.60","573.60","573.60","573.60","","0.41%"
"06/08/1999","570.43","570.43","570.43","570.43","","-0.55%"
"06/09/1999","570.83","570.83","570.83","570.83","","0.07%"
"06/10/1999","566.70","566.70","566.70","566.70","","-0.72%"
"06/11/1999","563.28","563.28","563.28","563.28","","-0.60%"
"06/14/1999","564.32","564.32","564.32","564.32","","0.18%"
"06/15/1999","567.61","567.61","567.61","567.61","","0.58%"
"06/16/1999","577.29","577.29","577.29","577.29","","1.71%"
"06/17/1999","580.31","580.31","580.31","580.31","","0.52%"
"06/18/1999","581.77","581.77","581.77","581.77","","0.25%"
"06/21/1999","583.44","583.44","583.44","583.44","","0.29%"
"06/22/1999","582.06","582.06","582.06","582.06","","-0.24%"
"06/23/1999","581.86","581.86","581.86","581.86","","-0.03%"
"06/24/1999","578.24","578.24","578.24","578.24","","-0.62%"
"06/25/1999","579.57","579.57","579.57","579.57","","0.23%"
"06/28/1999","582.90","582.90","582.90","582.90","","0.57%"
"06/29/1999","585.66","585.66","585.66","585.66","","0.47%"
"06/30/1999","588.30","588.30","588.30","588.30","","0.45%"
"07/01/1999","589.52","589.52","589.52","589.52","","0.21%"
"07/02/1999","590.32","590.32","590.32","590.32","","0.14%"
"07/06/1999","590.67","590.67","590.67","590.67","","0.06%"
"07/07/1999","591.11","591.11","591.11","591.11","","0.07%"
"07/08/1999","591.27","591.27","591.27","591.27","","0.03%"
"07/09/1999","591.71","591.71","591.71","591.71","","0.07%"
"07/12/1999","592.01","592.01","592.01","592.01","","0.05%"
"07/13/1999","592.10","592.10","592.10","592.10","","0.02%"
"07/14/1999","592.30","592.30","592.30","592.30","","0.03%"
"07/15/1999","592.47","592.47","592.47","592.47","","0.03%"
"07/16/1999","594.12","594.12","594.12","594.12","","0.28%"
"07/19/1999","592.57","592.57","592.57","592.57","","-0.26%"
"07/20/1999","584.73","584.73","584.73","584.73","","-1.32%"
"07/21/1999","585.45","585.45","585.45","585.45","","0.12%"
"07/22/1999","580.25","580.25","580.25","580.25","","-0.89%"
"07/23/1999","579.25","579.25","579.25","579.25","","-0.17%"
"07/26/1999","576.35","576.35","576.35","576.35","","-0.50%"
"07/27/1999","582.46","582.46","582.46","582.46","","1.06%"
"07/28/1999","583.66","583.66","583.66","583.66","","0.21%"
"07/29/1999","575.55","575.55","575.55","575.55","","-1.39%"
"07/30/1999","570.40","570.40","570.40","570.40","","-0.89%"
"08/02/1999","570.63","570.63","570.63","570.63","","0.04%"
"08/03/1999","568.17","568.17","568.17","568.17","","-0.43%"
"08/04/1999","560.98","560.98","560.98","560.98","","-1.27%"
"08/05/1999","564.50","564.50","564.50","564.50","","0.63%"
"08/06/1999","559.14","559.14","559.14","559.14","","-0.95%"
"08/09/1999","558.72","558.72","558.72","558.72","","-0.08%"
"08/10/1999","551.79","551.79","551.79","551.79","","-1.24%"
"08/11/1999","560.48","560.48","560.48","560.48","","1.57%"
"08/12/1999","558.94","558.94","558.94","558.94","","-0.27%"
"08/13/1999","572.11","572.11","572.11","572.11","","2.36%"
"08/16/1999","573.79","573.79","573.79","573.79","","0.29%"
"08/17/1999","579.41","579.41","579.41","579.41","","0.98%"
"08/18/1999","574.15","574.15","574.15","574.15","","-0.91%"
"08/19/1999","570.78","570.78","570.78","570.78","","-0.59%"
"08/20/1999","573.27","573.27","573.27","573.27","","0.44%"
"08/23/1999","578.02","578.02","578.02","578.02","","0.83%"
"08/24/1999","578.43","578.43","578.43","578.43","","0.07%"
"08/25/1999","581.10","581.10","581.10","581.10","","0.46%"
"08/26/1999","579.44","579.44","579.44","579.44","","-0.29%"
"08/27/1999","578.06","578.06","578.06","578.06","","-0.24%"
"08/30/1999","573.43","573.43","573.43","573.43","","-0.80%"
"08/31/1999","573.62","573.62","573.62","573.62","","0.03%"
"09/01/1999","576.76","576.76","576.76","576.76","","0.55%"
"09/02/1999","573.83","573.83","573.83","573.83","","-0.51%"
"09/03/1999","582.07","582.07","582.07","582.07","","1.44%"
"09/07/1999","581.55","581.55","581.55","581.55","","-0.09%"
"09/08/1999","580.80","580.80","580.80","580.80","","-0.13%"
"09/09/1999","582.14","582.14","582.14","582.14","","0.23%"
"09/10/1999","583.82","583.82","583.82","583.82","","0.29%"
"09/13/1999","583.72","583.72","583.72","583.72","","-0.02%"
"09/14/1999","582.97","582.97","582.97","582.97","","-0.13%"
"09/15/1999","579.63","579.63","579.63","579.63","","-0.57%"
"09/16/1999","581.52","581.52","581.52","581.52","","0.33%"
"09/17/1999","585.70","585.70","585.70","585.70","","0.72%"
"09/20/1999","586.47","586.47","586.47","586.47","","0.13%"
"09/21/1999","580.25","580.25","580.25","580.25","","-1.06%"
"09/22/1999","581.63","581.63","581.63","581.63","","0.24%"
"09/23/1999","572.44","572.44","572.44","572.44","","-1.58%"
"09/24/1999","572.47","572.47","572.47","572.47","","0.01%"
"09/27/1999","575.58","575.58","575.58","575.58","","0.54%"
"09/28/1999","575.38","575.38","575.38","575.38","","-0.03%"
"09/29/1999","570.71","570.71","570.71","570.71","","-0.81%"
"09/30/1999","576.66","576.66","576.66","576.66","","1.04%"
"10/01/1999","577.14","577.14","577.14","577.14","","0.08%"
"10/04/1999","584.58","584.58","584.58","584.58","","1.29%"
"10/05/1999","584.74","584.74","584.74","584.74","","0.03%"
"10/06/1999","591.09","591.09","591.09","591.09","","1.09%"
"10/07/1999","589.59","589.59","589.59","589.59","","-0.25%"
"10/08/1999","594.86","594.86","594.86","594.86","","0.89%"
"10/11/1999","596.00","596.00","596.00","596.00","","0.19%"
"10/12/1999","591.16","591.16","591.16","591.16","","-0.81%"
"10/13/1999","579.83","579.83","579.83","579.83","","-1.92%"
"10/14/1999","579.74","579.74","579.74","579.74","","-0.02%"
"10/15/1999","569.52","569.52","569.52","569.52","","-1.76%"
"10/18/1999","572.70","572.70","572.70","572.70","","0.56%"
"10/19/1999","574.72","574.72","574.72","574.72","","0.35%"
"10/20/1999","580.81","580.81","580.81","580.81","","1.06%"
"10/21/1999","580.48","580.48","580.48","580.48","","-0.06%"
"10/22/1999","583.85","583.85","583.85","583.85","","0.58%"
"10/25/1999","582.85","582.85","582.85","582.85","","-0.17%"
"10/26/1999","581.51","581.51","581.51","581.51","","-0.23%"
"10/27/1999","583.59","583.59","583.59","583.59","","0.36%"
"10/28/1999","587.79","587.79","587.79","587.79","","0.72%"
"10/29/1999","588.23","588.23","588.23","588.23","","0.07%"
"11/01/1999","588.69","588.69","588.69","588.69","","0.08%"
"11/02/1999","588.24","588.24","588.24","588.24","","-0.08%"
"11/03/1999","588.85","588.85","588.85","588.85","","0.10%"
"11/04/1999","589.16","589.16","589.16","589.16","","0.05%"
"11/05/1999","589.71","589.71","589.71","589.71","","0.09%"
"11/08/1999","590.29","590.29","590.29","590.29","","0.10%"
"11/09/1999","590.25","590.25","590.25","590.25","","-0.01%"
"11/10/1999","590.57","590.57","590.57","590.57","","0.05%"
"11/11/1999","590.76","590.76","590.76","590.76","","0.03%"
"11/12/1999","590.99","590.99","590.99","590.99","","0.04%"
"11/15/1999","591.25","591.25","591.25","591.25","","0.04%"
"11/16/1999","591.36","591.36","591.36","591.36","","0.02%"
"11/17/1999","591.49","591.49","591.49","591.49","","0.02%"
"11/18/1999","591.58","591.58","591.58","591.58","","0.02%"
"11/19/1999","592.10","592.10","592.10","592.10","","0.09%"
"11/22/1999","592.41","592.41","592.41","592.41","","0.05%"
"11/23/1999","589.46","589.46","589.46","589.46","","-0.50%"
"11/24/1999","592.10","592.10","592.10","592.10","","0.45%"
"11/26/1999","590.57","590.57","590.57","590.57","","-0.26%"
"11/29/1999","590.24","590.24","590.24","590.24","","-0.06%"
"11/30/1999","586.49","586.49","586.49","586.49","","-0.64%"
"12/01/1999","589.45","589.45","589.45","589.45","","0.50%"
"12/02/1999","592.04","592.04","592.04","592.04","","0.44%"
"12/03/1999","597.56","597.56","597.56","597.56","","0.93%"
"12/06/1999","596.91","596.91","596.91","596.91","","-0.11%"
"12/07/1999","595.83","595.83","595.83","595.83","","-0.18%"
"12/08/1999","593.67","593.67","593.67","593.67","","-0.36%"
"12/09/1999","595.04","595.04","595.04","595.04","","0.23%"
"12/10/1999","598.29","598.29","598.29","598.29","","0.55%"
"12/13/1999","598.95","598.95","598.95","598.95","","0.11%"
"12/14/1999","596.21","596.21","596.21","596.21","","-0.46%"
"12/15/1999","599.39","599.39","599.39","599.39","","0.53%"
"12/16/1999","601.82","601.82","601.82","601.82","","0.41%"
"12/17/1999","601.72","601.72","601.72","601.72","","-0.02%"
"12/20/1999","599.81","599.81","599.81","599.81","","-0.32%"
"12/21/1999","603.48","603.48","603.48","603.48","","0.61%"
"12/22/1999","604.40","604.40","604.40","604.40","","0.15%"
"12/23/1999","608.12","608.12","608.12","608.12","","0.62%"
"12/27/1999","607.90","607.90","607.90","607.90","","-0.04%"
"12/28/1999","608.69","608.69","608.69","608.69","","0.13%"
"12/29/1999","609.16","609.16","609.16","609.16","","0.08%"
"12/30/1999","608.76","608.76","608.76","608.76","","-0.07%"
"12/31/1999","609.80","609.80","609.80","609.80","","0.17%"
"01/03/2000","609.60","609.60","609.60","609.60","","-0.03%"
"01/04/2000","598.79","598.79","598.79","598.79","","-1.77%"
"01/05/2000","600.13","600.13","600.13","600.13","","0.22%"
"01/06/2000","600.81","600.81","600.81","600.81","","0.11%"
"01/07/2000","610.11","610.11","610.11","610.11","","1.55%"
"01/10/2000","613.24","613.24","613.24","613.24","","0.51%"
"01/11/2000","611.27","611.27","611.27","611.27","","-0.32%"
"01/12/2000","610.76","610.76","610.76","610.76","","-0.08%"
"01/13/2000","613.99","613.99","613.99","613.99","","0.53%"
"01/14/2000","616.28","616.28","616.28","616.28","","0.37%"
"01/18/2000","616.38","616.38","616.38","616.38","","0.02%"
"01/19/2000","617.07","617.07","617.07","617.07","","0.11%"
"01/20/2000","617.63","617.63","617.63","617.63","","0.09%"
"01/21/2000","617.51","617.51","617.51","617.51","","-0.02%"
"01/24/2000","608.50","608.50","608.50","608.50","","-1.46%"
"01/25/2000","611.68","611.68","611.68","611.68","","0.52%"
"01/26/2000","610.94","610.94","610.94","610.94","","-0.12%"
"01/27/2000","609.93","609.93","609.93","609.93","","-0.17%"
"01/28/2000","597.37","597.37","597.37","597.37","","-2.06%"
"01/31/2000","608.18","608.18","608.18","608.18","","1.81%"
"02/01/2000","613.35","613.35","613.35","613.35","","0.85%"
"02/02/2000","613.72","613.72","613.72","613.72","","0.06%"
"02/03/2000","618.67","618.67","618.67","618.67","","0.81%"
"02/04/2000","619.42","619.42","619.42","619.42","","0.12%"
"02/07/2000","619.63","619.63","619.63","619.63","","0.03%"
"02/08/2000","623.58","623.58","623.58","623.58","","0.64%"
"02/09/2000","617.71","617.71","617.71","617.71","","-0.94%"
"02/10/2000","618.99","618.99","618.99","618.99","","0.21%"
"02/11/2000","610.93","610.93","610.93","610.93","","-1.30%"
"02/14/2000","613.35","613.35","613.35","613.35","","0.40%"
"02/15/2000","618.80","618.80","618.80","618.80","","0.89%"
"02/16/2000","612.48","612.48","612.48","612.48","","-1.02%"
"02/17/2000","611.91","611.91","611.91","611.91","","-0.09%"
"02/18/2000","604.26","604.26","604.26","604.26","","-1.25%"
"02/22/2000","606.36","606.36","606.36","606.36","","0.35%"
"02/23/2000","610.11","610.11","610.11","610.11","","0.62%"
"02/24/2000","607.13","607.13","607.13","607.13","","-0.49%"
"02/25/2000","603.06","603.06","603.06","603.06","","-0.67%"
"02/28/2000","607.57","607.57","607.57","607.57","","0.75%"
"02/29/2000","613.15","613.15","613.15","613.15","","0.92%"
"03/01/2000","616.84","616.84","616.84","616.84","","0.60%"
"03/02/2000","618.37","618.37","618.37","618.37","","0.25%"
"03/03/2000","623.32","623.32","623.32","623.32","","0.80%"
"03/06/2000","621.16","621.16","621.16","621.16","","-0.35%"
"03/07/2000","613.21","613.21","613.21","613.21","","-1.28%"
"03/08/2000","616.84","616.84","616.84","616.84","","0.59%"
"03/09/2000","623.51","623.51","623.51","623.51","","1.08%"
"03/10/2000","623.72","623.72","623.72","623.72","","0.03%"
"03/13/2000","622.70","622.70","622.70","622.70","","-0.16%"
"03/14/2000","617.72","617.72","617.72","617.72","","-0.80%"
"03/15/2000","624.89","624.89","624.89","624.89","","1.16%"
"03/16/2000","627.64","627.64","627.64","627.64","","0.44%"
"03/17/2000","626.58","626.58","626.58","626.58","","-0.17%"
"03/20/2000","625.67","625.67","625.67","625.67","","-0.15%"
"03/21/2000","631.55","631.55","631.55","631.55","","0.94%"
"03/22/2000","632.20","632.20","632.20","632.20","","0.10%"
"03/23/2000","634.37","634.37","634.37","634.37","","0.34%"
"03/24/2000","634.28","634.28","634.28","634.28","","-0.01%"
"03/27/2000","634.16","634.16","634.16","634.16","","-0.02%"
"03/28/2000","633.38","633.38","633.38","633.38","","-0.12%"
"03/29/2000","634.11","634.11","634.11","634.11","","0.12%"
"03/30/2000","631.28","631.28","631.28","631.28","","-0.45%"
"03/31/2000","633.98","633.98","633.98","633.98","","0.43%"
"04/03/2000","635.55","635.55","635.55","635.55","","0.25%"
"04/04/2000","633.83","633.83","633.83","633.83","","-0.27%"
"04/05/2000","631.88","631.88","631.88","631.88","","-0.31%"
"04/06/2000","634.53","634.53","634.53","634.53","","0.42%"
"04/07/2000","637.39","637.39","637.39","637.39","","0.45%"
"04/10/2000","636.86","636.86","636.86","636.86","","-0.08%"
"04/11/2000","636.69","636.69","636.69","636.69","","-0.03%"
"04/12/2000","632.53","632.53","632.53","632.53","","-0.65%"
"04/13/2000","627.81","627.81","627.81","627.81","","-0.75%"
"04/14/2000","595.72","595.72","595.72","595.72","","-5.11%"
"04/17/2000","618.26","618.26","618.26","618.26","","3.78%"
"04/18/2000","632.96","632.96","632.96","632.96","","2.38%"
"04/19/2000","631.73","631.73","631.73","631.73","","-0.19%"
"04/20/2000","633.22","633.22","633.22","633.22","","0.24%"
"04/24/2000","633.16","633.16","633.16","633.16","","-0.01%"
"04/25/2000","640.85","640.85","640.85","640.85","","1.21%"
"04/26/2000","638.44","638.44","638.44","638.44","","-0.38%"
"04/27/2000","639.40","639.40","639.40","639.40","","0.15%"
"04/28/2000","638.50","638.50","638.50","638.50","","-0.14%"
"05/01/2000","641.69","641.69","641.69","641.69","","0.50%"
"05/02/2000","637.97","637.97","637.97","637.97","","-0.58%"
"05/03/2000","630.82","630.82","630.82","630.82","","-1.12%"
"05/04/2000","630.92","630.92","630.92","630.92","","0.02%"
"05/05/2000","637.76","637.76","637.76","637.76","","1.08%"
"05/08/2000","637.63","637.63","637.63","637.63","","-0.02%"
"05/09/2000","635.14","635.14","635.14","635.14","","-0.39%"
"05/10/2000","627.31","627.31","627.31","627.31","","-1.23%"
"05/11/2000","635.62","635.62","635.62","635.62","","1.32%"
"05/12/2000","640.18","640.18","640.18","640.18","","0.72%"
"05/15/2000","646.64","646.64","646.64","646.64","","1.01%"
"05/16/2000","648.96","648.96","648.96","648.96","","0.36%"
"05/17/2000","648.84","648.84","648.84","648.84","","-0.02%"
"05/18/2000","649.74","649.74","649.74","649.74","","0.14%"
"05/19/2000","646.48","646.48","646.48","646.48","","-0.50%"
"05/22/2000","645.79","645.79","645.79","645.79","","-0.11%"
"05/23/2000","640.41","640.41","640.41","640.41","","-0.83%"
"05/24/2000","647.51","647.51","647.51","647.51","","1.11%"
"05/25/2000","644.56","644.56","644.56","644.56","","-0.46%"
"05/26/2000","644.19","644.19","644.19","644.19","","-0.06%"
"05/30/2000","654.63","654.63","654.63","654.63","","1.62%"
"05/31/2000","654.21","654.21","654.21","654.21","","-0.06%"
"06/01/2000","658.58","658.58","658.58","658.58","","0.67%"
"06/02/2000","660.76","660.76","660.76","660.76","","0.33%"
"06/05/2000","660.90","660.90","660.90","660.90","","0.02%"
"06/06/2000","660.83","660.83","660.83","660.83","","-0.01%"
"06/07/2000","661.76","661.76","661.76","661.76","","0.14%"
"06/08/2000","661.63","661.63","661.63","661.63","","-0.02%"
"06/09/2000","662.03","662.03","662.03","662.03","","0.06%"
"06/12/2000","662.32","662.32","662.32","662.32","","0.04%"
"06/13/2000","663.27","663.27","663.27","663.27","","0.14%"
"06/14/2000","663.53","663.53","663.53","663.53","","0.04%"
"06/15/2000","663.72","663.72","663.72","663.72","","0.03%"
"06/16/2000","662.73","662.73","662.73","662.73","","-0.15%"
"06/19/2000","665.86","665.86","665.86","665.86","","0.47%"
"06/20/2000","664.97","664.97","664.97","664.97","","-0.13%"
"06/21/2000","665.67","665.67","665.67","665.67","","0.11%"
"06/22/2000","661.22","661.22","661.22","661.22","","-0.67%"
"06/23/2000","658.99","658.99","658.99","658.99","","-0.34%"
"06/26/2000","662.58","662.58","662.58","662.58","","0.54%"
"06/27/2000","662.89","662.89","662.89","662.89","","0.05%"
"06/28/2000","664.55","664.55","664.55","664.55","","0.25%"
"06/29/2000","662.88","662.88","662.88","662.88","","-0.25%"
"06/30/2000","665.64","665.64","665.64","665.64","","0.42%"
"07/03/2000","669.53","669.53","669.53","669.53","","0.58%"
"07/05/2000","664.89","664.89","664.89","664.89","","-0.69%"
"07/06/2000","667.40","667.40","667.40","667.40","","0.38%"
"07/07/2000","672.09","672.09","672.09","672.09","","0.70%"
"07/10/2000","672.50","672.50","672.50","672.50","","0.06%"
"07/11/2000","673.37","673.37","673.37","673.37","","0.13%"
"07/12/2000","674.76","674.76","674.76","674.76","","0.21%"
"07/13/2000","675.16","675.16","675.16","675.16","","0.06%"
"07/14/2000","676.03","676.03","676.03","676.03","","0.13%"
"07/17/2000","676.70","676.70","676.70","676.70","","0.10%"
"07/18/2000","676.78","676.78","676.78","676.78","","0.01%"
"07/19/2000","676.83","676.83","676.83","676.83","","0.01%"
"07/20/2000","677.36","677.36","677.36","677.36","","0.08%"
"07/21/2000","677.19","677.19","677.19","677.19","","-0.03%"
"07/24/2000","674.25","674.25","674.25","674.25","","-0.43%"
"07/25/2000","676.64","676.64","676.64","676.64","","0.35%"
"07/26/2000","673.13","673.13","673.13","673.13","","-0.52%"
"07/27/2000","671.19","671.19","671.19","671.19","","-0.29%"
"07/28/2000","660.90","660.90","660.90","660.90","","-1.53%"
"07/31/2000","664.50","664.50","664.50","664.50","","0.54%"
"08/01/2000","667.83","667.83","667.83","667.83","","0.50%"
"08/02/2000","669.46","669.46","669.46","669.46","","0.24%"
"08/03/2000","673.60","673.60","673.60","673.60","","0.62%"
"08/04/2000","677.33","677.33","677.33","677.33","","0.55%"
"08/07/2000","682.63","682.63","682.63","682.63","","0.78%"
"08/08/2000","684.32","684.32","684.32","684.32","","0.25%"
"08/09/2000","682.73","682.73","682.73","682.73","","-0.23%"
"08/10/2000","679.51","679.51","679.51","679.51","","-0.47%"
"08/11/2000","683.25","683.25","683.25","683.25","","0.55%"
"08/14/2000","689.25","689.25","689.25","689.25","","0.88%"
"08/15/2000","688.83","688.83","688.83","688.83","","-0.06%"
"08/16/2000","688.30","688.30","688.30","688.30","","-0.08%"
"08/17/2000","691.65","691.65","691.65","691.65","","0.49%"
"08/18/2000","690.84","690.84","690.84","690.84","","-0.12%"
"08/21/2000","692.86","692.86","692.86","692.86","","0.29%"
"08/22/2000","693.09","693.09","693.09","693.09","","0.03%"
"08/23/2000","694.40","694.40","694.40","694.40","","0.19%"
"08/24/2000","695.46","695.46","695.46","695.46","","0.15%"
"08/25/2000","695.76","695.76","695.76","695.76","","0.04%"
"08/28/2000","697.71","697.71","697.71","697.71","","0.28%"
"08/29/2000","697.30","697.30","697.30","697.30","","-0.06%"
"08/30/2000","695.94","695.94","695.94","695.94","","-0.20%"
"08/31/2000","698.90","698.90","698.90","698.90","","0.43%"
"09/01/2000","699.26","699.26","699.26","699.26","","0.05%"
"09/05/2000","697.96","697.96","697.96","697.96","","-0.19%"
"09/06/2000","695.72","695.72","695.72","695.72","","-0.32%"
"09/07/2000","698.62","698.62","698.62","698.62","","0.42%"
"09/08/2000","698.15","698.15","698.15","698.15","","-0.07%"
"09/11/2000","698.62","698.62","698.62","698.62","","0.07%"
"09/12/2000","697.86","697.86","697.86","697.86","","-0.11%"
"09/13/2000","699.45","699.45","699.45","699.45","","0.23%"
"09/14/2000","700.17","700.17","700.17","700.17","","0.10%"
"09/15/2000","697.87","697.87","697.87","697.87","","-0.33%"
"09/18/2000","693.58","693.58","693.58","693.58","","-0.61%"
"09/19/2000","697.25","697.25","697.25","697.25","","0.53%"
"09/20/2000","695.42","695.42","695.42","695.42","","-0.26%"
"09/21/2000","695.35","695.35","695.35","695.35","","-0.01%"
"09/22/2000","695.29","695.29","695.29","695.29","","-0.01%"
"09/25/2000","693.76","693.76","693.76","693.76","","-0.22%"
"09/26/2000","690.70","690.70","690.70","690.70","","-0.44%"
"09/27/2000","690.76","690.76","690.76","690.76","","0.01%"
"09/28/2000","700.61","700.61","700.61","700.61","","1.43%"
"09/29/2000","695.16","695.16","695.16","695.16","","-0.78%"
"10/02/2000","695.40","695.40","695.40","695.40","","0.03%"
"10/03/2000","691.61","691.61","691.61","691.61","","-0.55%"
"10/04/2000","695.71","695.71","695.71","695.71","","0.59%"
"10/05/2000","696.81","696.81","696.81","696.81","","0.16%"
"10/06/2000","686.65","686.65","686.65","686.65","","-1.46%"
"10/09/2000","684.81","684.81","684.81","684.81","","-0.27%"
"10/10/2000","678.02","678.02","678.02","678.02","","-0.99%"
"10/11/2000","667.01","667.01","667.01","667.01","","-1.62%"
"10/12/2000","650.62","650.62","650.62","650.62","","-2.46%"
"10/13/2000","671.17","671.17","671.17","671.17","","3.16%"
"10/16/2000","673.13","673.13","673.13","673.13","","0.29%"
"10/17/2000","660.77","660.77","660.77","660.77","","-1.84%"
"10/18/2000","656.73","656.73","656.73","656.73","","-0.61%"
"10/19/2000","679.24","679.24","679.24","679.24","","3.43%"
"10/20/2000","675.00","675.00","675.00","675.00","","-0.62%"
"10/23/2000","676.11","676.11","676.11","676.11","","0.16%"
"10/24/2000","677.10","677.10","677.10","677.10","","0.15%"
"10/25/2000","669.57","669.57","669.57","669.57","","-1.11%"
"10/26/2000","667.74","667.74","667.74","667.74","","-0.27%"
"10/27/2000","674.13","674.13","674.13","674.13","","0.96%"
"10/30/2000","678.62","678.62","678.62","678.62","","0.67%"
"10/31/2000","683.32","683.32","683.32","683.32","","0.69%"
"11/01/2000","682.62","682.62","682.62","682.62","","-0.10%"
"11/02/2000","683.96","683.96","683.96","683.96","","0.20%"
"11/03/2000","684.11","684.11","684.11","684.11","","0.02%"
"11/06/2000","685.37","685.37","685.37","685.37","","0.18%"
"11/07/2000","685.58","685.58","685.58","685.58","","0.03%"
"11/08/2000","683.69","683.69","683.69","683.69","","-0.28%"
"11/09/2000","682.61","682.61","682.61","682.61","","-0.16%"
"11/10/2000","676.11","676.11","676.11","676.11","","-0.95%"
"11/13/2000","673.86","673.86","673.86","673.86","","-0.33%"
"11/14/2000","684.14","684.14","684.14","684.14","","1.53%"
"11/15/2000","687.65","687.65","687.65","687.65","","0.51%"
"11/16/2000","686.48","686.48","686.48","686.48","","-0.17%"
"11/17/2000","688.75","688.75","688.75","688.75","","0.33%"
"11/20/2000","682.17","682.17","682.17","682.17","","-0.96%"
"11/21/2000","683.85","683.85","683.85","683.85","","0.25%"
"11/22/2000","676.50","676.50","676.50","676.50","","-1.07%"
"11/24/2000","684.79","684.79","684.79","684.79","","1.23%"
"11/27/2000","687.69","687.69","687.69","687.69","","0.42%"
"11/28/2000","682.94","682.94","682.94","682.94","","-0.69%"
"11/29/2000","685.60","685.60","685.60","685.60","","0.39%"
"11/30/2000","674.75","674.75","674.75","674.75","","-1.58%"
"12/01/2000","678.05","678.05","678.05","678.05","","0.49%"
"12/04/2000","683.16","683.16","683.16","683.16","","0.75%"
"12/05/2000","698.07","698.07","698.07","698.07","","2.18%"
"12/06/2000","693.00","693.00","693.00","693.00","","-0.73%"
"12/07/2000","691.18","691.18","691.18","691.18","","-0.26%"
"12/08/2000","699.80","699.80","699.80","699.80","","1.25%"
"12/11/2000","701.07","701.07","701.07","701.07","","0.18%"
"12/12/2000","699.64","699.64","699.64","699.64","","-0.20%"
"12/13/2000","700.99","700.99","700.99","700.99","","0.19%"
"12/14/2000","694.89","694.89","694.89","694.89","","-0.87%"
"12/15/2000","682.61","682.61","682.61","682.61","","-1.77%"
"12/18/2000","684.29","684.29","684.29","684.29","","0.25%"
"12/19/2000","682.14","682.14","682.14","682.14","","-0.31%"
"12/20/2000","668.47","668.47","668.47","668.47","","-2.00%"
"12/21/2000","673.79","673.79","673.79","673.79","","0.80%"
"12/22/2000","683.45","683.45","683.45","683.45","","1.43%"
"12/26/2000","686.30","686.30","686.30","686.30","","0.42%"
"12/27/2000","688.89","688.89","688.89","688.89","","0.38%"
"12/28/2000","691.11","691.11","691.11","691.11","","0.32%"
"12/29/2000","689.44","689.44","689.44","689.44","","-0.24%"
"01/02/2001","680.11","680.11","680.11","680.11","","-1.35%"
"01/03/2001","695.66","695.66","695.66","695.66","","2.29%"
"01/04/2001","693.88","693.88","693.88","693.88","","-0.26%"
"01/05/2001","687.17","687.17","687.17","687.17","","-0.97%"
"01/08/2001","687.87","687.87","687.87","687.87","","0.10%"
"01/09/2001","690.56","690.56","690.56","690.56","","0.39%"
"01/10/2001","694.88","694.88","694.88","694.88","","0.63%"
"01/11/2001","697.91","697.91","697.91","697.91","","0.44%"
"01/16/2001","701.15","701.15","701.15","701.15","","0.46%"
"01/17/2001","702.56","702.56","702.56","702.56","","0.20%"
"01/18/2001","703.27","703.27","703.27","703.27","","0.10%"
"01/19/2001","703.65","703.65","703.65","703.65","","0.05%"
"01/22/2001","705.20","705.20","705.20","705.20","","0.22%"
"01/23/2001","709.06","709.06","709.06","709.06","","0.55%"
"01/24/2001","709.79","709.79","709.79","709.79","","0.10%"
"01/25/2001","709.44","709.44","709.44","709.44","","-0.05%"
"01/26/2001","709.19","709.19","709.19","709.19","","-0.04%"
"01/29/2001","711.40","711.40","711.40","711.40","","0.31%"
"01/30/2001","712.66","712.66","712.66","712.66","","0.18%"
"01/31/2001","712.92","712.92","712.92","712.92","","0.04%"
"02/01/2001","714.05","714.05","714.05","714.05","","0.16%"
"02/02/2001","711.62","711.62","711.62","711.62","","-0.34%"
"02/05/2001","713.67","713.67","713.67","713.67","","0.29%"
"02/06/2001","714.06","714.06","714.06","714.06","","0.05%"
"02/07/2001","713.02","713.02","713.02","713.02","","-0.15%"
"02/08/2001","712.44","712.44","712.44","712.44","","-0.08%"
"02/09/2001","708.33","708.33","708.33","708.33","","-0.58%"
"02/12/2001","713.91","713.91","713.91","713.91","","0.79%"
"02/13/2001","711.67","711.67","711.67","711.67","","-0.31%"
"02/14/2001","712.90","712.90","712.90","712.90","","0.17%"
"02/15/2001","717.10","717.10","717.10","717.10","","0.59%"
"02/16/2001","704.44","704.44","704.44","704.44","","-1.77%"
"02/20/2001","698.70","698.70","698.70","698.70","","-0.81%"
"02/21/2001","689.74","689.74","689.74","689.74","","-1.28%"
"02/22/2001","688.84","688.84","688.84","688.84","","-0.13%"
"02/23/2001","686.16","686.16","686.16","686.16","","-0.39%"
"02/26/2001","696.90","696.90","696.90","696.90","","1.57%"
"02/27/2001","693.28","693.28","693.28","693.28","","-0.52%"
"02/28/2001","684.38","684.38","684.38","684.38","","-1.28%"
"03/01/2001","685.75","685.75","685.75","685.75","","0.20%"
"03/02/2001","682.80","682.80","682.80","682.80","","-0.43%"
"03/05/2001","687.81","687.81","687.81","687.81","","0.73%"
"03/06/2001","694.86","694.86","694.86","694.86","","1.02%"
"03/07/2001","698.79","698.79","698.79","698.79","","0.57%"
"03/08/2001","699.94","699.94","699.94","699.94","","0.16%"
"03/09/2001","683.60","683.60","683.60","683.60","","-2.33%"
"03/12/2001","653.51","653.51","653.51","653.51","","-4.40%"
"03/13/2001","665.44","665.44","665.44","665.44","","1.83%"
"03/14/2001","647.49","647.49","647.49","647.49","","-2.70%"
"03/15/2001","651.86","651.86","651.86","651.86","","0.67%"
"03/16/2001","640.32","640.32","640.32","640.32","","-1.77%"
"03/19/2001","646.38","646.38","646.38","646.38","","0.95%"
"03/20/2001","639.41","639.41","639.41","639.41","","-1.08%"
"03/21/2001","633.61","633.61","633.61","633.61","","-0.91%"
"03/22/2001","631.04","631.04","631.04","631.04","","-0.41%"
"03/23/2001","640.49","640.49","640.49","640.49","","1.50%"
"03/26/2001","646.14","646.14","646.14","646.14","","0.88%"
"03/27/2001","653.20","653.20","653.20","653.20","","1.09%"
"03/28/2001","646.75","646.75","646.75","646.75","","-0.99%"
"03/29/2001","645.92","645.92","645.92","645.92","","-0.13%"
"03/30/2001","648.99","648.99","648.99","648.99","","0.48%"
"04/02/2001","644.75","644.75","644.75","644.75","","-0.65%"
"04/03/2001","631.08","631.08","631.08","631.08","","-2.12%"
"04/04/2001","630.25","630.25","630.25","630.25","","-0.13%"
"04/05/2001","649.53","649.53","649.53","649.53","","3.06%"
"04/06/2001","642.10","642.10","642.10","642.10","","-1.14%"
"04/09/2001","646.77","646.77","646.77","646.77","","0.73%"
"04/10/2001","656.17","656.17","656.17","656.17","","1.45%"
"04/11/2001","657.27","657.27","657.27","657.27","","0.17%"
"04/12/2001","661.24","661.24","661.24","661.24","","0.60%"
"04/16/2001","662.09","662.09","662.09","662.09","","0.13%"
"04/17/2001","663.63","663.63","663.63","663.63","","0.23%"
"04/18/2001","664.38","664.38","664.38","664.38","","0.11%"
"04/19/2001","664.75","664.75","664.75","664.75","","0.06%"
"04/20/2001","663.80","663.80","663.80","663.80","","-0.14%"
"04/23/2001","659.06","659.06","659.06","659.06","","-0.71%"
"04/24/2001","656.10","656.10","656.10","656.10","","-0.45%"
"04/25/2001","661.93","661.93","661.93","661.93","","0.89%"
"04/26/2001","664.10","664.10","664.10","664.10","","0.33%"
"04/27/2001","668.85","668.85","668.85","668.85","","0.72%"
"04/30/2001","668.71","668.71","668.71","668.71","","-0.02%"
"05/01/2001","671.99","671.99","671.99","671.99","","0.49%"
"05/02/2001","672.58","672.58","672.58","672.58","","0.09%"
"05/03/2001","670.06","670.06","670.06","670.06","","-0.37%"
"05/04/2001","673.45","673.45","673.45","673.45","","0.51%"
"05/07/2001","673.70","673.70","673.70","673.70","","0.04%"
"05/08/2001","674.38","674.38","674.38","674.38","","0.10%"
"05/09/2001","674.22","674.22","674.22","674.22","","-0.02%"
"05/10/2001","674.86","674.86","674.86","674.86","","0.09%"
"05/11/2001","674.18","674.18","674.18","674.18","","-0.10%"
"05/14/2001","675.45","675.45","675.45","675.45","","0.19%"
"05/15/2001","676.79","676.79","676.79","676.79","","0.20%"
"05/16/2001","678.78","678.78","678.78","678.78","","0.29%"
"05/17/2001","679.08","679.08","679.08","679.08","","0.04%"
"05/18/2001","679.12","679.12","679.12","679.12","","0.01%"
"05/21/2001","683.97","683.97","683.97","683.97","","0.71%"
"05/22/2001","683.39","683.39","683.39","683.39","","-0.08%"
"05/23/2001","679.92","679.92","679.92","679.92","","-0.51%"
"05/24/2001","681.80","681.80","681.80","681.80","","0.28%"
"05/25/2001","679.11","679.11","679.11","679.11","","-0.39%"
"05/29/2001","676.61","676.61","676.61","676.61","","-0.37%"
"05/30/2001","669.34","669.34","669.34","669.34","","-1.07%"
"05/31/2001","672.54","672.54","672.54","672.54","","0.48%"
"06/01/2001","675.79","675.79","675.79","675.79","","0.48%"
"06/04/2001","678.64","678.64","678.64","678.64","","0.42%"
"06/05/2001","685.04","685.04","685.04","685.04","","0.94%"
"06/06/2001","681.15","681.15","681.15","681.15","","-0.57%"
"06/07/2001","683.78","683.78","683.78","683.78","","0.39%"
"06/08/2001","679.88","679.88","679.88","679.88","","-0.57%"
"06/11/2001","675.61","675.61","675.61","675.61","","-0.63%"
"06/12/2001","676.92","676.92","676.92","676.92","","0.19%"
"06/13/2001","670.08","670.08","670.08","670.08","","-1.01%"
"06/14/2001","657.79","657.79","657.79","657.79","","-1.83%"
"06/15/2001","650.85","650.85","650.85","650.85","","-1.06%"
"06/18/2001","650.46","650.46","650.46","650.46","","-0.06%"
"06/19/2001","652.25","652.25","652.25","652.25","","0.28%"
"06/20/2001","654.78","654.78","654.78","654.78","","0.39%"
"06/21/2001","658.49","658.49","658.49","658.49","","0.57%"
"06/22/2001","656.41","656.41","656.41","656.41","","-0.32%"
"06/25/2001","656.28","656.28","656.28","656.28","","-0.02%"
"06/26/2001","655.62","655.62","655.62","655.62","","-0.10%"
"06/27/2001","655.49","655.49","655.49","655.49","","-0.02%"
"06/28/2001","658.78","658.78","658.78","658.78","","0.50%"
"06/29/2001","659.84","659.84","659.84","659.84","","0.16%"
"07/02/2001","661.76","661.76","661.76","661.76","","0.29%"
"07/03/2001","662.05","662.05","662.05","662.05","","0.04%"
"07/05/2001","659.90","659.90","659.90","659.90","","-0.32%"
"07/06/2001","652.69","652.69","652.69","652.69","","-1.09%"
"07/09/2001","655.92","655.92","655.92","655.92","","0.49%"
"07/10/2001","650.85","650.85","650.85","650.85","","-0.77%"
"07/11/2001","650.19","650.19","650.19","650.19","","-0.10%"
"07/12/2001","660.14","660.14","660.14","660.14","","1.53%"
"07/13/2001","662.67","662.67","662.67","662.67","","0.38%"
"07/16/2001","660.79","660.79","660.79","660.79","","-0.28%"
"07/17/2001","663.49","663.49","663.49","663.49","","0.41%"
"07/18/2001","663.17","663.17","663.17","663.17","","-0.05%"
"07/19/2001","665.73","665.73","665.73","665.73","","0.39%"
"07/20/2001","665.59","665.59","665.59","665.59","","-0.02%"
"07/23/2001","660.89","660.89","660.89","660.89","","-0.71%"
"07/24/2001","654.31","654.31","654.31","654.31","","-1.00%"
"07/25/2001","661.17","661.17","661.17","661.17","","1.05%"
"07/26/2001","665.99","665.99","665.99","665.99","","0.73%"
"07/27/2001","667.11","667.11","667.11","667.11","","0.17%"
"07/30/2001","667.42","667.42","667.42","667.42","","0.05%"
"07/31/2001","669.75","669.75","669.75","669.75","","0.35%"
"08/01/2001","671.57","671.57","671.57","671.57","","0.27%"
"08/02/2001","672.54","672.54","672.54","672.54","","0.14%"
"08/03/2001","672.44","672.44","672.44","672.44","","-0.01%"
"08/06/2001","669.75","669.75","669.75","669.75","","-0.40%"
"08/07/2001","671.52","671.52","671.52","671.52","","0.26%"
"08/08/2001","665.22","665.22","665.22","665.22","","-0.94%"
"08/09/2001","665.96","665.96","665.96","665.96","","0.11%"
"08/10/2001","669.34","669.34","669.34","669.34","","0.51%"
"08/13/2001","670.90","670.90","670.90","670.90","","0.23%"
"08/14/2001","669.75","669.75","669.75","669.75","","-0.17%"
"08/15/2001","666.17","666.17","666.17","666.17","","-0.53%"
"08/16/2001","668.47","668.47","668.47","668.47","","0.35%"
"08/17/2001","661.77","661.77","661.77","661.77","","-1.00%"
"08/20/2001","665.51","665.51","665.51","665.51","","0.57%"
"08/21/2001","662.14","662.14","662.14","662.14","","-0.51%"
"08/22/2001","665.34","665.34","665.34","665.34","","0.48%"
"08/23/2001","664.93","664.93","664.93","664.93","","-0.06%"
"08/24/2001","670.89","670.89","670.89","670.89","","0.90%"
"08/27/2001","670.55","670.55","670.55","670.55","","-0.05%"
"08/28/2001","666.62","666.62","666.62","666.62","","-0.59%"
"08/29/2001","662.78","662.78","662.78","662.78","","-0.58%"
"08/30/2001","654.87","654.87","654.87","654.87","","-1.19%"
"08/31/2001","657.63","657.63","657.63","657.63","","0.42%"
"09/04/2001","656.94","656.94","656.94","656.94","","-0.10%"
"09/05/2001","657.38","657.38","657.38","657.38","","0.07%"
"09/06/2001","646.27","646.27","646.27","646.27","","-1.69%"
"09/07/2001","635.36","635.36","635.36","635.36","","-1.69%"
"09/10/2001","639.48","639.48","639.48","639.48","","0.65%"
"09/17/2001","609.23","609.23","609.23","609.23","","-4.73%"
"09/18/2001","605.83","605.83","605.83","605.83","","-0.56%"
"09/19/2001","594.81","594.81","594.81","594.81","","-1.82%"
"09/20/2001","577.51","577.51","577.51","577.51","","-2.91%"
"09/21/2001","553.01","553.01","553.01","553.01","","-4.24%"
"09/24/2001","563.60","563.60","563.60","563.60","","1.91%"
"09/25/2001","565.99","565.99","565.99","565.99","","0.42%"
"09/26/2001","565.92","565.92","565.92","565.92","","-0.01%"
"09/27/2001","568.26","568.26","568.26","568.26","","0.41%"
"09/28/2001","571.29","571.29","571.29","571.29","","0.53%"
"10/01/2001","571.92","571.92","571.92","571.92","","0.11%"
"10/02/2001","573.12","573.12","573.12","573.12","","0.21%"
"10/03/2001","574.01","574.01","574.01","574.01","","0.16%"
"10/04/2001","573.82","573.82","573.82","573.82","","-0.03%"
"10/05/2001","573.66","573.66","573.66","573.66","","-0.03%"
"10/08/2001","573.76","573.76","573.76","573.76","","0.02%"
"10/09/2001","573.93","573.93","573.93","573.93","","0.03%"
"10/10/2001","575.53","575.53","575.53","575.53","","0.28%"
"10/11/2001","575.97","575.97","575.97","575.97","","0.08%"
"10/12/2001","575.80","575.80","575.80","575.80","","-0.03%"
"10/15/2001","576.36","576.36","576.36","576.36","","0.10%"
"10/16/2001","576.66","576.66","576.66","576.66","","0.05%"
"10/17/2001","576.57","576.57","576.57","576.57","","-0.02%"
"10/18/2001","576.85","576.85","576.85","576.85","","0.05%"
"10/19/2001","579.43","579.43","579.43","579.43","","0.45%"
"10/22/2001","584.57","584.57","584.57","584.57","","0.89%"
"10/23/2001","584.15","584.15","584.15","584.15","","-0.07%"
"10/24/2001","585.19","585.19","585.19","585.19","","0.18%"
"10/25/2001","588.00","588.00","588.00","588.00","","0.48%"
"10/26/2001","589.58","589.58","589.58","589.58","","0.27%"
"10/29/2001","585.79","585.79","585.79","585.79","","-0.64%"
"10/30/2001","581.25","581.25","581.25","581.25","","-0.78%"
"10/31/2001","581.65","581.65","581.65","581.65","","0.07%"
"11/01/2001","587.33","587.33","587.33","587.33","","0.98%"
"11/02/2001","589.33","589.33","589.33","589.33","","0.34%"
"11/05/2001","592.34","592.34","592.34","592.34","","0.51%"
"11/06/2001","594.51","594.51","594.51","594.51","","0.37%"
"11/07/2001","594.50","594.50","594.50","594.50","","0.00%"
"11/08/2001","595.29","595.29","595.29","595.29","","0.13%"
"11/09/2001","595.95","595.95","595.95","595.95","","0.11%"
"11/12/2001","595.81","595.81","595.81","595.81","","-0.02%"
"11/13/2001","596.92","596.92","596.92","596.92","","0.19%"
"11/14/2001","596.89","596.89","596.89","596.89","","-0.01%"
"11/15/2001","597.16","597.16","597.16","597.16","","0.05%"
"11/16/2001","596.62","596.62","596.62","596.62","","-0.09%"
"11/19/2001","600.17","600.17","600.17","600.17","","0.60%"
"11/20/2001","599.28","599.28","599.28","599.28","","-0.15%"
"11/21/2001","598.08","598.08","598.08","598.08","","-0.20%"
"11/23/2001","602.37","602.37","602.37","602.37","","0.72%"
"11/26/2001","603.95","603.95","603.95","603.95","","0.26%"
"11/27/2001","602.34","602.34","602.34","602.34","","-0.27%"
"11/28/2001","596.69","596.69","596.69","596.69","","-0.94%"
"11/29/2001","600.71","600.71","600.71","600.71","","0.67%"
"11/30/2001","601.44","601.44","601.44","601.44","","0.12%"
"12/03/2001","598.74","598.74","598.74","598.74","","-0.45%"
"12/04/2001","604.08","604.08","604.08","604.08","","0.89%"
"12/05/2001","608.77","608.77","608.77","608.77","","0.78%"
"12/06/2001","608.59","608.59","608.59","608.59","","-0.03%"
"12/07/2001","607.68","607.68","607.68","607.68","","-0.15%"
"12/10/2001","604.14","604.14","604.14","604.14","","-0.58%"
"12/11/2001","604.01","604.01","604.01","604.01","","-0.02%"
"12/12/2001","604.82","604.82","604.82","604.82","","0.13%"
"12/13/2001","598.80","598.80","598.80","598.80","","-1.00%"
"12/14/2001","601.58","601.58","601.58","601.58","","0.46%"
"12/17/2001","606.74","606.74","606.74","606.74","","0.86%"
"12/18/2001","610.16","610.16","610.16","610.16","","0.56%"
"12/19/2001","612.16","612.16","612.16","612.16","","0.33%"
"12/20/2001","611.57","611.57","611.57","611.57","","-0.10%"
"12/21/2001","613.43","613.43","613.43","613.43","","0.30%"
"12/24/2001","614.43","614.43","614.43","614.43","","0.16%"
"12/26/2001","616.26","616.26","616.26","616.26","","0.30%"
"12/27/2001","617.88","617.88","617.88","617.88","","0.26%"
"12/28/2001","618.79","618.79","618.79","618.79","","0.15%"
"12/31/2001","616.15","616.15","616.15","616.15","","-0.43%"
"01/02/2002","618.35","618.35","618.35","618.35","","0.36%"
"01/03/2002","621.00","621.00","621.00","621.00","","0.43%"
"01/04/2002","622.40","622.40","622.40","622.40","","0.23%"
"01/07/2002","621.95","621.95","621.95","621.95","","-0.07%"
"01/08/2002","621.85","621.85","621.85","621.85","","-0.02%"
"01/09/2002","621.25","621.25","621.25","621.25","","-0.10%"
"01/10/2002","622.02","622.02","622.02","622.02","","0.12%"
"01/11/2002","620.60","620.60","620.60","620.60","","-0.23%"
"01/14/2002","620.04","620.04","620.04","620.04","","-0.09%"
"01/15/2002","622.96","622.96","622.96","622.96","","0.47%"
"01/16/2002","618.63","618.63","618.63","618.63","","-0.70%"
"01/17/2002","623.63","623.63","623.63","623.63","","0.81%"
"01/18/2002","617.53","617.53","617.53","617.53","","-0.98%"
"01/22/2002","615.87","615.87","615.87","615.87","","-0.27%"
"01/23/2002","619.65","619.65","619.65","619.65","","0.61%"
"01/24/2002","620.95","620.95","620.95","620.95","","0.21%"
"01/25/2002","621.48","621.48","621.48","621.48","","0.09%"
"01/28/2002","622.45","622.45","622.45","622.45","","0.16%"
"01/29/2002","610.96","610.96","610.96","610.96","","-1.85%"
"01/30/2002","616.47","616.47","616.47","616.47","","0.90%"
"01/31/2002","622.36","622.36","622.36","622.36","","0.96%"
"02/01/2002","621.10","621.10","621.10","621.10","","-0.20%"
"02/04/2002","609.64","609.64","609.64","609.64","","-1.85%"
"02/05/2002","607.83","607.83","607.83","607.83","","-0.30%"
"02/06/2002","605.40","605.40","605.40","605.40","","-0.40%"
"02/07/2002","603.48","603.48","603.48","603.48","","-0.32%"
"02/08/2002","612.41","612.41","612.41","612.41","","1.48%"
"02/11/2002","620.88","620.88","620.88","620.88","","1.38%"
"02/12/2002","619.15","619.15","619.15","619.15","","-0.28%"
"02/13/2002","624.67","624.67","624.67","624.67","","0.89%"
"02/14/2002","624.48","624.48","624.48","624.48","","-0.03%"
"02/15/2002","621.99","621.99","621.99","621.99","","-0.40%"
"02/19/2002","615.48","615.48","615.48","615.48","","-1.05%"
"02/20/2002","621.68","621.68","621.68","621.68","","1.01%"
"02/21/2002","615.45","615.45","615.45","615.45","","-1.00%"
"02/22/2002","619.33","619.33","619.33","619.33","","0.63%"
"02/25/2002","626.58","626.58","626.58","626.58","","1.17%"
"02/26/2002","626.66","626.66","626.66","626.66","","0.01%"
"02/27/2002","627.73","627.73","627.73","627.73","","0.17%"
"02/28/2002","627.07","627.07","627.07","627.07","","-0.11%"
"03/01/2002","632.79","632.79","632.79","632.79","","0.91%"
"03/04/2002","635.44","635.44","635.44","635.44","","0.42%"
"03/05/2002","635.32","635.32","635.32","635.32","","-0.02%"
"03/06/2002","636.40","636.40","636.40","636.40","","0.17%"
"03/07/2002","636.52","636.52","636.52","636.52","","0.02%"
"03/08/2002","637.12","637.12","637.12","637.12","","0.09%"
"03/11/2002","637.45","637.45","637.45","637.45","","0.05%"
"03/12/2002","637.55","637.55","637.55","637.55","","0.02%"
"03/13/2002","637.64","637.64","637.64","637.64","","0.01%"
"03/14/2002","637.78","637.78","637.78","637.78","","0.02%"
"03/15/2002","638.71","638.71","638.71","638.71","","0.15%"
"03/18/2002","638.55","638.55","638.55","638.55","","-0.03%"
"03/19/2002","640.43","640.43","640.43","640.43","","0.29%"
"03/20/2002","636.20","636.20","636.20","636.20","","-0.66%"
"03/21/2002","637.18","637.18","637.18","637.18","","0.15%"
"03/22/2002","636.20","636.20","636.20","636.20","","-0.15%"
"03/25/2002","630.74","630.74","630.74","630.74","","-0.86%"
"03/26/2002","633.58","633.58","633.58","633.58","","0.45%"
"03/27/2002","636.19","636.19","636.19","636.19","","0.41%"
"03/28/2002","637.23","637.23","637.23","637.23","","0.16%"
"04/01/2002","637.19","637.19","637.19","637.19","","-0.01%"
"04/02/2002","634.07","634.07","634.07","634.07","","-0.49%"
"04/03/2002","628.71","628.71","628.71","628.71","","-0.85%"
"04/04/2002","629.59","629.59","629.59","629.59","","0.14%"
"04/05/2002","628.55","628.55","628.55","628.55","","-0.17%"
"04/08/2002","630.22","630.22","630.22","630.22","","0.27%"
"04/09/2002","626.77","626.77","626.77","626.77","","-0.55%"
"04/10/2002","633.54","633.54","633.54","633.54","","1.08%"
"04/11/2002","619.75","619.75","619.75","619.75","","-2.18%"
"04/12/2002","622.87","622.87","622.87","622.87","","0.50%"
"04/15/2002","619.37","619.37","619.37","619.37","","-0.56%"
"04/16/2002","633.22","633.22","633.22","633.22","","2.24%"
"04/17/2002","632.74","632.74","632.74","632.74","","-0.08%"
"04/18/2002","631.26","631.26","631.26","631.26","","-0.23%"
"04/19/2002","634.37","634.37","634.37","634.37","","0.49%"
"04/22/2002","629.74","629.74","629.74","629.74","","-0.73%"
"04/23/2002","627.11","627.11","627.11","627.11","","-0.42%"
"04/24/2002","624.12","624.12","624.12","624.12","","-0.48%"
"04/25/2002","623.52","623.52","623.52","623.52","","-0.10%"
"04/26/2002","616.63","616.63","616.63","616.63","","-1.11%"
"04/29/2002","611.42","611.42","611.42","611.42","","-0.84%"
"04/30/2002","617.79","617.79","617.79","617.79","","1.04%"
"05/01/2002","622.84","622.84","622.84","622.84","","0.82%"
"05/02/2002","622.23","622.23","622.23","622.23","","-0.10%"
"05/03/2002","617.25","617.25","617.25","617.25","","-0.80%"
"05/06/2002","605.93","605.93","605.93","605.93","","-1.83%"
"05/07/2002","603.94","603.94","603.94","603.94","","-0.33%"
"05/08/2002","625.07","625.07","625.07","625.07","","3.50%"
"05/09/2002","617.32","617.32","617.32","617.32","","-1.24%"
"05/10/2002","607.95","607.95","607.95","607.95","","-1.52%"
"05/13/2002","618.65","618.65","618.65","618.65","","1.76%"
"05/14/2002","631.19","631.19","631.19","631.19","","2.03%"
"05/15/2002","628.63","628.63","628.63","628.63","","-0.41%"
"05/16/2002","632.98","632.98","632.98","632.98","","0.69%"
"05/17/2002","636.18","636.18","636.18","636.18","","0.51%"
"05/20/2002","632.69","632.69","632.69","632.69","","-0.55%"
"05/21/2002","629.22","629.22","629.22","629.22","","-0.55%"
"05/22/2002","631.30","631.30","631.30","631.30","","0.33%"
"05/23/2002","635.15","635.15","635.15","635.15","","0.61%"
"05/24/2002","631.83","631.83","631.83","631.83","","-0.52%"
"05/28/2002","629.23","629.23","629.23","629.23","","-0.41%"
"05/29/2002","626.65","626.65","626.65","626.65","","-0.41%"
"05/30/2002","625.91","625.91","625.91","625.91","","-0.12%"
"05/31/2002","627.40","627.40","627.40","627.40","","0.24%"
"06/03/2002","613.76","613.76","613.76","613.76","","-2.17%"
"06/04/2002","613.94","613.94","613.94","613.94","","0.03%"
"06/05/2002","619.63","619.63","619.63","619.63","","0.93%"
"06/06/2002","608.99","608.99","608.99","608.99","","-1.72%"
"06/07/2002","608.49","608.49","608.49","608.49","","-0.08%"
"06/10/2002","610.07","610.07","610.07","610.07","","0.26%"
"06/11/2002","600.49","600.49","600.49","600.49","","-1.57%"
"06/12/2002","604.38","604.38","604.38","604.38","","0.65%"
"06/13/2002","598.30","598.30","598.30","598.30","","-1.01%"
"06/14/2002","597.14","597.14","597.14","597.14","","-0.19%"
"06/17/2002","614.26","614.26","614.26","614.26","","2.87%"
"06/18/2002","614.64","614.64","614.64","614.64","","0.06%"
"06/19/2002","604.42","604.42","604.42","604.42","","-1.66%"
"06/20/2002","596.50","596.50","596.50","596.50","","-1.31%"
"06/21/2002","584.47","584.47","584.47","584.47","","-2.02%"
"06/24/2002","586.65","586.65","586.65","586.65","","0.37%"
"06/25/2002","581.22","581.22","581.22","581.22","","-0.93%"
"06/26/2002","580.46","580.46","580.46","580.46","","-0.13%"
"06/27/2002","587.34","587.34","587.34","587.34","","1.19%"
"06/28/2002","587.79","587.79","587.79","587.79","","0.08%"
"07/01/2002","580.66","580.66","580.66","580.66","","-1.21%"
"07/02/2002","570.93","570.93","570.93","570.93","","-1.68%"
"07/03/2002","574.17","574.17","574.17","574.17","","0.57%"
"07/05/2002","590.12","590.12","590.12","590.12","","2.78%"
"07/08/2002","586.08","586.08","586.08","586.08","","-0.68%"
"07/09/2002","575.26","575.26","575.26","575.26","","-1.85%"
"07/10/2002","556.79","556.79","556.79","556.79","","-3.21%"
"07/11/2002","561.98","561.98","561.98","561.98","","0.93%"
"07/12/2002","558.19","558.19","558.19","558.19","","-0.67%"
"07/15/2002","555.79","555.79","555.79","555.79","","-0.43%"
"07/16/2002","546.42","546.42","546.42","546.42","","-1.69%"
"07/17/2002","549.84","549.84","549.84","549.84","","0.63%"
"07/18/2002","533.50","533.50","533.50","533.50","","-2.97%"
"07/19/2002","517.22","517.22","517.22","517.22","","-3.05%"
"07/22/2002","507.58","507.58","507.58","507.58","","-1.86%"
"07/23/2002","497.81","497.81","497.81","497.81","","-1.92%"
"07/24/2002","517.35","517.35","517.35","517.35","","3.93%"
"07/25/2002","516.49","516.49","516.49","516.49","","-0.17%"
"07/26/2002","523.51","523.51","523.51","523.51","","1.36%"
"07/29/2002","534.42","534.42","534.42","534.42","","2.08%"
"07/30/2002","534.99","534.99","534.99","534.99","","0.11%"
"07/31/2002","535.81","535.81","535.81","535.81","","0.15%"
"08/01/2002","531.19","531.19","531.19","531.19","","-0.86%"
"08/02/2002","526.77","526.77","526.77","526.77","","-0.83%"
"08/05/2002","517.95","517.95","517.95","517.95","","-1.67%"
"08/06/2002","527.45","527.45","527.45","527.45","","1.83%"
"08/07/2002","532.97","532.97","532.97","532.97","","1.05%"
"08/08/2002","537.10","537.10","537.10","537.10","","0.77%"
"08/09/2002","538.15","538.15","538.15","538.15","","0.20%"
"08/12/2002","538.49","538.49","538.49","538.49","","0.06%"
"08/13/2002","538.35","538.35","538.35","538.35","","-0.03%"
"08/14/2002","539.98","539.98","539.98","539.98","","0.30%"
"08/15/2002","540.22","540.22","540.22","540.22","","0.04%"
"08/16/2002","539.96","539.96","539.96","539.96","","-0.05%"
"08/19/2002","545.15","545.15","545.15","545.15","","0.96%"
"08/20/2002","542.59","542.59","542.59","542.59","","-0.47%"
"08/21/2002","545.69","545.69","545.69","545.69","","0.57%"
"08/22/2002","548.54","548.54","548.54","548.54","","0.52%"
"08/23/2002","544.35","544.35","544.35","544.35","","-0.76%"
"08/26/2002","546.29","546.29","546.29","546.29","","0.36%"
"08/27/2002","543.69","543.69","543.69","543.69","","-0.48%"
"08/28/2002","538.66","538.66","538.66","538.66","","-0.93%"
"08/29/2002","538.77","538.77","538.77","538.77","","0.02%"
"08/30/2002","539.31","539.31","539.31","539.31","","0.10%"
"09/03/2002","522.81","522.81","522.81","522.81","","-3.06%"
"09/04/2002","530.66","530.66","530.66","530.66","","1.50%"
"09/05/2002","525.54","525.54","525.54","525.54","","-0.96%"
"09/06/2002","532.82","532.82","532.82","532.82","","1.39%"
"09/09/2002","537.48","537.48","537.48","537.48","","0.87%"
"09/10/2002","541.24","541.24","541.24","541.24","","0.70%"
"09/11/2002","541.38","541.38","541.38","541.38","","0.03%"
"09/12/2002","532.10","532.10","532.10","532.10","","-1.71%"
"09/13/2002","534.50","534.50","534.50","534.50","","0.45%"
"09/16/2002","535.54","535.54","535.54","535.54","","0.19%"
"09/17/2002","526.10","526.10","526.10","526.10","","-1.76%"
"09/18/2002","523.54","523.54","523.54","523.54","","-0.49%"
"09/19/2002","507.65","507.65","507.65","507.65","","-3.04%"
"09/20/2002","511.02","511.02","511.02","511.02","","0.66%"
"09/23/2002","509.05","509.05","509.05","509.05","","-0.39%"
"09/24/2002","504.99","504.99","504.99","504.99","","-0.80%"
"09/25/2002","512.34","512.34","512.34","512.34","","1.46%"
"09/26/2002","517.85","517.85","517.85","517.85","","1.08%"
"09/27/2002","510.41","510.41","510.41","510.41","","-1.44%"
"09/30/2002","506.15","506.15","506.15","506.15","","-0.83%"
"10/01/2002","518.22","518.22","518.22","518.22","","2.38%"
"10/02/2002","512.00","512.00","512.00","512.00","","-1.20%"
"10/03/2002","509.38","509.38","509.38","509.38","","-0.51%"
"10/04/2002","503.06","503.06","503.06","503.06","","-1.24%"
"10/07/2002","496.37","496.37","496.37","496.37","","-1.33%"
"10/08/2002","503.28","503.28","503.28","503.28","","1.39%"
"10/09/2002","492.53","492.53","492.53","492.53","","-2.14%"
"10/10/2002","507.40","507.40","507.40","507.40","","3.02%"
"10/11/2002","520.37","520.37","520.37","520.37","","2.56%"
"10/14/2002","523.50","523.50","523.50","523.50","","0.60%"
"10/15/2002","528.20","528.20","528.20","528.20","","0.90%"
"10/16/2002","527.37","527.37","527.37","527.37","","-0.16%"
"10/17/2002","528.82","528.82","528.82","528.82","","0.27%"
"10/18/2002","529.32","529.32","529.32","529.32","","0.09%"
"10/21/2002","533.74","533.74","533.74","533.74","","0.84%"
"10/22/2002","531.98","531.98","531.98","531.98","","-0.33%"
"10/23/2002","533.97","533.97","533.97","533.97","","0.37%"
"10/24/2002","530.90","530.90","530.90","530.90","","-0.57%"
"10/25/2002","536.37","536.37","536.37","536.37","","1.03%"
"10/28/2002","535.78","535.78","535.78","535.78","","-0.11%"
"10/29/2002","533.71","533.71","533.71","533.71","","-0.39%"
"10/30/2002","536.43","536.43","536.43","536.43","","0.51%"
"10/31/2002","535.95","535.95","535.95","535.95","","-0.09%"
"11/01/2002","540.29","540.29","540.29","540.29","","0.81%"
"11/04/2002","541.39","541.39","541.39","541.39","","0.20%"
"11/05/2002","542.51","542.51","542.51","542.51","","0.21%"
"11/06/2002","543.75","543.75","543.75","543.75","","0.23%"
"11/07/2002","542.28","542.28","542.28","542.28","","-0.27%"
"11/08/2002","542.27","542.27","542.27","542.27","","0.00%"
"11/11/2002","539.31","539.31","539.31","539.31","","-0.55%"
"11/12/2002","542.24","542.24","542.24","542.24","","0.54%"
"11/13/2002","543.45","543.45","543.45","543.45","","0.22%"
"11/14/2002","546.82","546.82","546.82","546.82","","0.62%"
"11/15/2002","549.66","549.66","549.66","549.66","","0.52%"
"11/18/2002","547.82","547.82","547.82","547.82","","-0.33%"
"11/19/2002","547.84","547.84","547.84","547.84","","0.00%"
"11/20/2002","552.92","552.92","552.92","552.92","","0.93%"
"11/21/2002","556.61","556.61","556.61","556.61","","0.67%"
"11/22/2002","556.81","556.81","556.81","556.81","","0.04%"
"11/25/2002","557.31","557.31","557.31","557.31","","0.09%"
"11/26/2002","554.07","554.07","554.07","554.07","","-0.58%"
"11/27/2002","557.03","557.03","557.03","557.03","","0.53%"
"11/29/2002","557.14","557.14","557.14","557.14","","0.02%"
"12/02/2002","557.92","557.92","557.92","557.92","","0.14%"
"12/03/2002","556.07","556.07","556.07","556.07","","-0.33%"
"12/04/2002","555.77","555.77","555.77","555.77","","-0.05%"
"12/05/2002","553.61","553.61","553.61","553.61","","-0.39%"
"12/06/2002","555.59","555.59","555.59","555.59","","0.36%"
"12/09/2002","551.63","551.63","551.63","551.63","","-0.71%"
"12/10/2002","555.95","555.95","555.95","555.95","","0.78%"
"12/11/2002","557.36","557.36","557.36","557.36","","0.25%"
"12/12/2002","557.32","557.32","557.32","557.32","","-0.01%"
"12/13/2002","554.43","554.43","554.43","554.43","","-0.52%"
"12/16/2002","560.87","560.87","560.87","560.87","","1.16%"
"12/17/2002","560.26","560.26","560.26","560.26","","-0.11%"
"12/18/2002","558.60","558.60","558.60","558.60","","-0.30%"
"12/19/2002","558.27","558.27","558.27","558.27","","-0.06%"
"12/20/2002","563.82","563.82","563.82","563.82","","0.99%"
"12/23/2002","565.71","565.71","565.71","565.71","","0.34%"
"12/24/2002","564.85","564.85","564.85","564.85","","-0.15%"
"12/26/2002","564.07","564.07","564.07","564.07","","-0.14%"
"12/27/2002","559.56","559.56","559.56","559.56","","-0.80%"
"12/30/2002","561.92","561.92","561.92","561.92","","0.42%"
"12/31/2002","563.31","563.31","563.31","563.31","","0.25%"
"01/02/2003","571.47","571.47","571.47","571.47","","1.45%"
"01/03/2003","572.02","572.02","572.02","572.02","","0.10%"
"01/06/2003","574.69","574.69","574.69","574.69","","0.47%"
"01/07/2003","574.52","574.52","574.52","574.52","","-0.03%"
"01/08/2003","573.49","573.49","573.49","573.49","","-0.18%"
"01/09/2003","575.51","575.51","575.51","575.51","","0.35%"
"01/10/2003","575.66","575.66","575.66","575.66","","0.03%"
"01/13/2003","575.85","575.85","575.85","575.85","","0.03%"
"01/14/2003","576.26","576.26","576.26","576.26","","0.07%"
"01/15/2003","576.29","576.29","576.29","576.29","","0.01%"
"01/16/2003","576.38","576.38","576.38","576.38","","0.02%"
"01/17/2003","575.66","575.66","575.66","575.66","","-0.12%"
"01/21/2003","570.89","570.89","570.89","570.89","","-0.83%"
"01/22/2003","567.23","567.23","567.23","567.23","","-0.64%"
"01/23/2003","571.36","571.36","571.36","571.36","","0.73%"
"01/24/2003","559.36","559.36","559.36","559.36","","-2.10%"
"01/27/2003","551.58","551.58","551.58","551.58","","-1.39%"
"01/28/2003","558.26","558.26","558.26","558.26","","1.21%"
"01/29/2003","562.29","562.29","562.29","562.29","","0.72%"
"01/30/2003","552.34","552.34","552.34","552.34","","-1.77%"
"01/31/2003","558.41","558.41","558.41","558.41","","1.10%"
"02/03/2003","561.57","561.57","561.57","561.57","","0.57%"
"02/04/2003","554.97","554.97","554.97","554.97","","-1.18%"
"02/05/2003","552.16","552.16","552.16","552.16","","-0.51%"
"02/06/2003","549.87","549.87","549.87","549.87","","-0.41%"
"02/07/2003","544.36","544.36","544.36","544.36","","-1.00%"
"02/10/2003","549.33","549.33","549.33","549.33","","0.91%"
"02/11/2003","544.90","544.90","544.90","544.90","","-0.81%"
"02/12/2003","538.40","538.40","538.40","538.40","","-1.19%"
"02/13/2003","537.96","537.96","537.96","537.96","","-0.08%"
"02/14/2003","549.63","549.63","549.63","549.63","","2.17%"
"02/18/2003","560.45","560.45","560.45","560.45","","1.97%"
"02/19/2003","556.65","556.65","556.65","556.65","","-0.68%"
"02/20/2003","550.81","550.81","550.81","550.81","","-1.05%"
"02/21/2003","556.69","556.69","556.69","556.69","","1.07%"
"02/24/2003","552.39","552.39","552.39","552.39","","-0.77%"
"02/25/2003","554.40","554.40","554.40","554.40","","0.36%"
"02/26/2003","551.22","551.22","551.22","551.22","","-0.57%"
"02/27/2003","555.60","555.60","555.60","555.60","","0.79%"
"02/28/2003","557.68","557.68","557.68","557.68","","0.37%"
"03/03/2003","556.60","556.60","556.60","556.60","","-0.19%"
"03/04/2003","552.43","552.43","552.43","552.43","","-0.75%"
"03/05/2003","555.92","555.92","555.92","555.92","","0.63%"
"03/06/2003","553.64","553.64","553.64","553.64","","-0.41%"
"03/07/2003","556.44","556.44","556.44","556.44","","0.51%"
"03/10/2003","548.21","548.21","548.21","548.21","","-1.48%"
"03/11/2003","545.21","545.21","545.21","545.21","","-0.55%"
"03/12/2003","547.60","547.60","547.60","547.60","","0.44%"
"03/13/2003","560.60","560.60","560.60","560.60","","2.37%"
"03/14/2003","561.79","561.79","561.79","561.79","","0.21%"
"03/17/2003","567.62","567.62","567.62","567.62","","1.04%"
"03/18/2003","569.15","569.15","569.15","569.15","","0.27%"
"03/19/2003","569.73","569.73","569.73","569.73","","0.10%"
"03/20/2003","570.25","570.25","570.25","570.25","","0.09%"
"03/21/2003","573.84","573.84","573.84","573.84","","0.63%"
"03/24/2003","564.35","564.35","564.35","564.35","","-1.65%"
"03/25/2003","569.58","569.58","569.58","569.58","","0.93%"
"03/26/2003","568.53","568.53","568.53","568.53","","-0.18%"
"03/27/2003","568.48","568.48","568.48","568.48","","-0.01%"
"03/28/2003","567.03","567.03","567.03","567.03","","-0.26%"
"03/31/2003","560.41","560.41","560.41","560.41","","-1.17%"
"04/01/2003","566.37","566.37","566.37","566.37","","1.06%"
"04/02/2003","574.94","574.94","574.94","574.94","","1.51%"
"04/03/2003","573.93","573.93","573.93","573.93","","-0.18%"
"04/04/2003","574.65","574.65","574.65","574.65","","0.13%"
"04/07/2003","576.51","576.51","576.51","576.51","","0.32%"
"04/08/2003","577.56","577.56","577.56","577.56","","0.18%"
"04/09/2003","572.94","572.94","572.94","572.94","","-0.80%"
"04/10/2003","576.70","576.70","576.70","576.70","","0.66%"
"04/11/2003","577.05","577.05","577.05","577.05","","0.06%"
"04/14/2003","583.99","583.99","583.99","583.99","","1.20%"
"04/15/2003","586.31","586.31","586.31","586.31","","0.40%"
"04/16/2003","585.90","585.90","585.90","585.90","","-0.07%"
"04/17/2003","589.97","589.97","589.97","589.97","","0.69%"
"04/21/2003","590.49","590.49","590.49","590.49","","0.09%"
"04/22/2003","594.98","594.98","594.98","594.98","","0.76%"
"04/23/2003","596.16","596.16","596.16","596.16","","0.20%"
"04/24/2003","595.60","595.60","595.60","595.60","","-0.09%"
"04/25/2003","593.71","593.71","593.71","593.71","","-0.32%"
"04/28/2003","597.04","597.04","597.04","597.04","","0.56%"
"04/29/2003","597.47","597.47","597.47","597.47","","0.07%"
"04/30/2003","597.22","597.22","597.22","597.22","","-0.04%"
"05/01/2003","597.58","597.58","597.58","597.58","","0.06%"
"05/02/2003","599.03","599.03","599.03","599.03","","0.24%"
"05/05/2003","599.23","599.23","599.23","599.23","","0.03%"
"05/06/2003","599.65","599.65","599.65","599.65","","0.07%"
"05/07/2003","599.73","599.73","599.73","599.73","","0.01%"
"05/08/2003","599.45","599.45","599.45","599.45","","-0.05%"
"05/09/2003","600.21","600.21","600.21","600.21","","0.13%"
"05/12/2003","600.45","600.45","600.45","600.45","","0.04%"
"05/13/2003","600.54","600.54","600.54","600.54","","0.01%"
"05/14/2003","600.60","600.60","600.60","600.60","","0.01%"
"05/15/2003","600.70","600.70","600.70","600.70","","0.02%"
"05/16/2003","601.72","601.72","601.72","601.72","","0.17%"
"05/19/2003","593.15","593.15","593.15","593.15","","-1.42%"
"05/20/2003","592.58","592.58","592.58","592.58","","-0.10%"
"05/21/2003","594.52","594.52","594.52","594.52","","0.33%"
"05/22/2003","598.69","598.69","598.69","598.69","","0.70%"
"05/23/2003","599.52","599.52","599.52","599.52","","0.14%"
"05/27/2003","605.27","605.27","605.27","605.27","","0.96%"
"05/28/2003","605.85","605.85","605.85","605.85","","0.10%"
"05/29/2003","604.89","604.89","604.89","604.89","","-0.16%"
"05/30/2003","608.50","608.50","608.50","608.50","","0.60%"
"06/02/2003","608.97","608.97","608.97","608.97","","0.08%"
"06/03/2003","609.81","609.81","609.81","609.81","","0.14%"
"06/04/2003","611.33","611.33","611.33","611.33","","0.25%"
"06/05/2003","611.77","611.77","611.77","611.77","","0.07%"
"06/06/2003","611.85","611.85","611.85","611.85","","0.01%"
"06/09/2003","611.38","611.38","611.38","611.38","","-0.08%"
"06/10/2003","612.74","612.74","612.74","612.74","","0.22%"
"06/11/2003","613.35","613.35","613.35","613.35","","0.10%"
"06/12/2003","613.44","613.44","613.44","613.44","","0.01%"
"06/13/2003","613.53","613.53","613.53","613.53","","0.01%"
"06/16/2003","613.94","613.94","613.94","613.94","","0.07%"
"06/17/2003","613.96","613.96","613.96","613.96","","0.00%"
"06/18/2003","614.02","614.02","614.02","614.02","","0.01%"
"06/19/2003","614.06","614.06","614.06","614.06","","0.01%"
"06/20/2003","612.62","612.62","612.62","612.62","","-0.23%"
"06/23/2003","607.96","607.96","607.96","607.96","","-0.76%"
"06/24/2003","608.76","608.76","608.76","608.76","","0.13%"
"06/25/2003","606.11","606.11","606.11","606.11","","-0.44%"
"06/26/2003","611.18","611.18","611.18","611.18","","0.84%"
"06/27/2003","607.43","607.43","607.43","607.43","","-0.61%"
"06/30/2003","607.30","607.30","607.30","607.30","","-0.02%"
"07/01/2003","610.96","610.96","610.96","610.96","","0.60%"
"07/02/2003","614.90","614.90","614.90","614.90","","0.64%"
"07/03/2003","611.97","611.97","611.97","611.97","","-0.48%"
"07/07/2003","619.04","619.04","619.04","619.04","","1.16%"
"07/08/2003","620.32","620.32","620.32","620.32","","0.21%"
"07/09/2003","620.02","620.02","620.02","620.02","","-0.05%"
"07/10/2003","616.27","616.27","616.27","616.27","","-0.60%"
"07/11/2003","620.18","620.18","620.18","620.18","","0.63%"
"07/14/2003","622.09","622.09","622.09","622.09","","0.31%"
"07/15/2003","622.26","622.26","622.26","622.26","","0.03%"
"07/16/2003","621.12","621.12","621.12","621.12","","-0.18%"
"07/17/2003","616.77","616.77","616.77","616.77","","-0.70%"
"07/18/2003","623.28","623.28","623.28","623.28","","1.06%"
"07/21/2003","620.14","620.14","620.14","620.14","","-0.50%"
"07/22/2003","623.03","623.03","623.03","623.03","","0.47%"
"07/23/2003","623.79","623.79","623.79","623.79","","0.12%"
"07/24/2003","622.23","622.23","622.23","622.23","","-0.25%"
"07/25/2003","627.41","627.41","627.41","627.41","","0.83%"
"07/28/2003","627.08","627.08","627.08","627.08","","-0.05%"
"07/29/2003","625.67","625.67","625.67","625.67","","-0.22%"
"07/30/2003","625.40","625.40","625.40","625.40","","-0.04%"
"07/31/2003","626.13","626.13","626.13","626.13","","0.12%"
"08/01/2003","623.21","623.21","623.21","623.21","","-0.47%"
"08/04/2003","624.46","624.46","624.46","624.46","","0.20%"
"08/05/2003","618.31","618.31","618.31","618.31","","-0.98%"
"08/06/2003","620.26","620.26","620.26","620.26","","0.32%"
"08/07/2003","624.22","624.22","624.22","624.22","","0.64%"
"08/08/2003","626.31","626.31","626.31","626.31","","0.33%"
"08/11/2003","627.91","627.91","627.91","627.91","","0.26%"
"08/12/2003","631.13","631.13","631.13","631.13","","0.51%"
"08/13/2003","630.53","630.53","630.53","630.53","","-0.10%"
"08/14/2003","632.81","632.81","632.81","632.81","","0.36%"
"08/15/2003","632.37","632.37","632.37","632.37","","-0.07%"
"08/18/2003","636.01","636.01","636.01","636.01","","0.58%"
"08/19/2003","637.01","637.01","637.01","637.01","","0.16%"
"08/20/2003","636.70","636.70","636.70","636.70","","-0.05%"
"08/21/2003","637.60","637.60","637.60","637.60","","0.14%"
"08/22/2003","634.97","634.97","634.97","634.97","","-0.41%"
"08/25/2003","635.25","635.25","635.25","635.25","","0.04%"
"08/26/2003","636.50","636.50","636.50","636.50","","0.20%"
"08/27/2003","637.08","637.08","637.08","637.08","","0.09%"
"08/28/2003","639.25","639.25","639.25","639.25","","0.34%"
"08/29/2003","640.44","640.44","640.44","640.44","","0.19%"
"09/02/2003","642.99","642.99","642.99","642.99","","0.40%"
"09/03/2003","643.46","643.46","643.46","643.46","","0.07%"
"09/04/2003","644.03","644.03","644.03","644.03","","0.09%"
"09/05/2003","644.15","644.15","644.15","644.15","","0.02%"
"09/08/2003","645.24","645.24","645.24","645.24","","0.17%"
"09/09/2003","644.87","644.87","644.87","644.87","","-0.06%"
"09/10/2003","643.84","643.84","643.84","643.84","","-0.16%"
"09/11/2003","645.03","645.03","645.03","645.03","","0.18%"
"09/12/2003","645.64","645.64","645.64","645.64","","0.09%"
"09/15/2003","645.72","645.72","645.72","645.72","","0.01%"
"09/16/2003","646.41","646.41","646.41","646.41","","0.11%"
"09/17/2003","646.46","646.46","646.46","646.46","","0.01%"
"09/18/2003","646.57","646.57","646.57","646.57","","0.02%"
"09/19/2003","646.48","646.48","646.48","646.48","","-0.01%"
"09/22/2003","642.13","642.13","642.13","642.13","","-0.67%"
"09/23/2003","644.38","644.38","644.38","644.38","","0.35%"
"09/24/2003","636.80","636.80","636.80","636.80","","-1.18%"
"09/25/2003","634.40","634.40","634.40","634.40","","-0.38%"
"09/26/2003","631.61","631.61","631.61","631.61","","-0.44%"
"09/29/2003","636.54","636.54","636.54","636.54","","0.78%"
"09/30/2003","631.61","631.61","631.61","631.61","","-0.77%"
"10/01/2003","642.09","642.09","642.09","642.09","","1.66%"
"10/02/2003","643.80","643.80","643.80","643.80","","0.27%"
"10/03/2003","647.93","647.93","647.93","647.93","","0.64%"
"10/06/2003","650.15","650.15","650.15","650.15","","0.34%"
"10/07/2003","651.34","651.34","651.34","651.34","","0.18%"
"10/08/2003","650.82","650.82","650.82","650.82","","-0.08%"
"10/09/2003","652.65","652.65","652.65","652.65","","0.28%"
"10/10/2003","653.24","653.24","653.24","653.24","","0.09%"
"10/13/2003","655.30","655.30","655.30","655.30","","0.32%"
"10/14/2003","656.05","656.05","656.05","656.05","","0.11%"
"10/15/2003","656.50","656.50","656.50","656.50","","0.07%"
"10/16/2003","656.85","656.85","656.85","656.85","","0.05%"
"10/17/2003","655.23","655.23","655.23","655.23","","-0.25%"
"10/20/2003","657.57","657.57","657.57","657.57","","0.36%"
"10/21/2003","659.03","659.03","659.03","659.03","","0.22%"
"10/22/2003","653.67","653.67","653.67","653.67","","-0.81%"
"10/23/2003","655.23","655.23","655.23","655.23","","0.24%"
"10/24/2003","654.06","654.06","654.06","654.06","","-0.18%"
"10/27/2003","655.08","655.08","655.08","655.08","","0.16%"
"10/28/2003","660.76","660.76","660.76","660.76","","0.87%"
"10/29/2003","661.68","661.68","661.68","661.68","","0.14%"
"10/30/2003","661.57","661.57","661.57","661.57","","-0.02%"
"10/31/2003","662.81","662.81","662.81","662.81","","0.19%"
"11/03/2003","664.76","664.76","664.76","664.76","","0.29%"
"11/04/2003","664.10","664.10","664.10","664.10","","-0.10%"
"11/05/2003","663.80","663.80","663.80","663.80","","-0.05%"
"11/06/2003","665.30","665.30","665.30","665.30","","0.23%"
"11/07/2003","664.86","664.86","664.86","664.86","","-0.07%"
"11/10/2003","663.88","663.88","663.88","663.88","","-0.15%"
"11/11/2003","664.16","664.16","664.16","664.16","","0.04%"
"11/12/2003","667.30","667.30","667.30","667.30","","0.47%"
"11/13/2003","667.61","667.61","667.61","667.61","","0.05%"
"11/14/2003","666.66","666.66","666.66","666.66","","-0.14%"
"11/17/2003","665.42","665.42","665.42","665.42","","-0.19%"
"11/18/2003","662.67","662.67","662.67","662.67","","-0.41%"
"11/19/2003","667.42","667.42","667.42","667.42","","0.72%"
"11/20/2003","664.12","664.12","664.12","664.12","","-0.49%"
"11/21/2003","669.24","669.24","669.24","669.24","","0.77%"
"11/24/2003","674.78","674.78","674.78","674.78","","0.83%"
"11/25/2003","675.79","675.79","675.79","675.79","","0.15%"
"11/26/2003","676.50","676.50","676.50","676.50","","0.11%"
"11/28/2003","676.93","676.93","676.93","676.93","","0.06%"
"12/01/2003","678.27","678.27","678.27","678.27","","0.20%"
"12/02/2003","678.29","678.29","678.29","678.29","","0.00%"
"12/03/2003","678.34","678.34","678.34","678.34","","0.01%"
"12/04/2003","678.92","678.92","678.92","678.92","","0.09%"
"12/05/2003","678.38","678.38","678.38","678.38","","-0.08%"
"12/08/2003","679.49","679.49","679.49","679.49","","0.16%"
"12/09/2003","678.97","678.97","678.97","678.97","","-0.08%"
"12/10/2003","679.16","679.16","679.16","679.16","","0.03%"
"12/11/2003","680.23","680.23","680.23","680.23","","0.16%"
"12/12/2003","680.42","680.42","680.42","680.42","","0.03%"
"12/15/2003","680.30","680.30","680.30","680.30","","-0.02%"
"12/16/2003","680.73","680.73","680.73","680.73","","0.06%"
"12/17/2003","680.92","680.92","680.92","680.92","","0.03%"
"12/18/2003","680.98","680.98","680.98","680.98","","0.01%"
"12/19/2003","679.67","679.67","679.67","679.67","","-0.19%"
"12/22/2003","681.15","681.15","681.15","681.15","","0.22%"
"12/23/2003","682.56","682.56","682.56","682.56","","0.21%"
"12/24/2003","682.14","682.14","682.14","682.14","","-0.06%"
"12/26/2003","682.62","682.62","682.62","682.62","","0.07%"
"12/29/2003","686.13","686.13","686.13","686.13","","0.51%"
"12/30/2003","686.11","686.11","686.11","686.11","","0.00%"
"12/31/2003","685.97","685.97","685.97","685.97","","-0.02%"
"01/02/2004","686.01","686.01","686.01","686.01","","0.01%"
"01/05/2004","688.69","688.69","688.69","688.69","","0.39%"
"01/06/2004","689.47","689.47","689.47","689.47","","0.11%"
"01/07/2004","690.01","690.01","690.01","690.01","","0.08%"
"01/08/2004","690.30","690.30","690.30","690.30","","0.04%"
"01/09/2004","690.06","690.06","690.06","690.06","","-0.03%"
"01/12/2004","690.67","690.67","690.67","690.67","","0.09%"
"01/13/2004","690.66","690.66","690.66","690.66","","0.00%"
"01/14/2004","691.01","691.01","691.01","691.01","","0.05%"
"01/15/2004","691.17","691.17","691.17","691.17","","0.02%"
"01/16/2004","692.13","692.13","692.13","692.13","","0.14%"
"01/20/2004","692.79","692.79","692.79","692.79","","0.10%"
"01/21/2004","695.26","695.26","695.26","695.26","","0.36%"
"01/22/2004","694.38","694.38","694.38","694.38","","-0.13%"
"01/23/2004","693.72","693.72","693.72","693.72","","-0.10%"
"01/26/2004","697.22","697.22","697.22","697.22","","0.50%"
"01/27/2004","695.22","695.22","695.22","695.22","","-0.29%"
"01/28/2004","690.98","690.98","690.98","690.98","","-0.61%"
"01/29/2004","692.52","692.52","692.52","692.52","","0.22%"
"01/30/2004","692.29","692.29","692.29","692.29","","-0.03%"
"02/02/2004","693.83","693.83","693.83","693.83","","0.22%"
"02/03/2004","694.10","694.10","694.10","694.10","","0.04%"
"02/04/2004","691.91","691.91","691.91","691.91","","-0.32%"
"02/05/2004","692.95","692.95","692.95","692.95","","0.15%"
"02/06/2004","697.54","697.54","697.54","697.54","","0.66%"
"02/09/2004","697.50","697.50","697.50","697.50","","-0.01%"
"02/10/2004","699.04","699.04","699.04","699.04","","0.22%"
"02/11/2004","700.56","700.56","700.56","700.56","","0.22%"
"02/12/2004","700.58","700.58","700.58","700.58","","0.00%"
"02/13/2004","700.30","700.30","700.30","700.30","","-0.04%"
"02/17/2004","701.42","701.42","701.42","701.42","","0.16%"
"02/18/2004","701.62","701.62","701.62","701.62","","0.03%"
"02/19/2004","701.72","701.72","701.72","701.72","","0.01%"
"02/20/2004","702.80","702.80","702.80","702.80","","0.15%"
"02/23/2004","702.32","702.32","702.32","702.32","","-0.07%"
"02/24/2004","702.34","702.34","702.34","702.34","","0.00%"
"02/25/2004","704.39","704.39","704.39","704.39","","0.29%"
"02/26/2004","705.31","705.31","705.31","705.31","","0.13%"
"02/27/2004","705.93","705.93","705.93","705.93","","0.09%"
"03/01/2004","708.36","708.36","708.36","708.36","","0.34%"
"03/02/2004","707.34","707.34","707.34","707.34","","-0.14%"
"03/03/2004","708.05","708.05","708.05","708.05","","0.10%"
"03/04/2004","708.91","708.91","708.91","708.91","","0.12%"
"03/05/2004","709.68","709.68","709.68","709.68","","0.11%"
"03/08/2004","708.05","708.05","708.05","708.05","","-0.23%"
"03/09/2004","706.19","706.19","706.19","706.19","","-0.26%"
"03/10/2004","699.48","699.48","699.48","699.48","","-0.95%"
"03/11/2004","690.02","690.02","690.02","690.02","","-1.35%"
"03/12/2004","699.33","699.33","699.33","699.33","","1.35%"
"03/15/2004","690.19","690.19","690.19","690.19","","-1.31%"
"03/17/2004","703.05","703.05","703.05","703.05","","1.86%"
"03/18/2004","702.07","702.07","702.07","702.07","","-0.14%"
"03/19/2004","696.97","696.97","696.97","696.97","","-0.73%"
"03/22/2004","690.43","690.43","690.43","690.43","","-0.94%"
"03/23/2004","691.50","691.50","691.50","691.50","","0.15%"
"03/24/2004","690.15","690.15","690.15","690.15","","-0.20%"
"03/25/2004","698.96","698.96","698.96","698.96","","1.28%"
"03/26/2004","699.61","699.61","699.61","699.61","","0.09%"
"03/29/2004","704.64","704.64","704.64","704.64","","0.72%"
"03/30/2004","706.03","706.03","706.03","706.03","","0.20%"
"03/31/2004","705.95","705.95","705.95","705.95","","-0.01%"
"04/01/2004","707.50","707.50","707.50","707.50","","0.22%"
"04/02/2004","709.90","709.90","709.90","709.90","","0.34%"
"04/05/2004","711.55","711.55","711.55","711.55","","0.23%"
"04/06/2004","711.60","711.60","711.60","711.60","","0.01%"
"04/07/2004","711.11","711.11","711.11","711.11","","-0.07%"
"04/08/2004","710.93","710.93","710.93","710.93","","-0.03%"
"04/12/2004","712.47","712.47","712.47","712.47","","0.22%"
"04/13/2004","710.55","710.55","710.55","710.55","","-0.27%"
"04/14/2004","711.97","711.97","711.97","711.97","","0.20%"
"04/15/2004","712.97","712.97","712.97","712.97","","0.14%"
"04/16/2004","713.50","713.50","713.50","713.50","","0.07%"
"04/19/2004","714.81","714.81","714.81","714.81","","0.18%"
"04/20/2004","709.34","709.34","709.34","709.34","","-0.77%"
"04/21/2004","711.86","711.86","711.86","711.86","","0.36%"
"04/22/2004","717.28","717.28","717.28","717.28","","0.76%"
"04/23/2004","717.87","717.87","717.87","717.87","","0.08%"
"04/26/2004","716.51","716.51","716.51","716.51","","-0.19%"
"04/27/2004","717.88","717.88","717.88","717.88","","0.19%"
"04/28/2004","712.28","712.28","712.28","712.28","","-0.78%"
"04/29/2004","709.44","709.44","709.44","709.44","","-0.40%"
"04/30/2004","706.76","706.76","706.76","706.76","","-0.38%"
"05/03/2004","711.60","711.60","711.60","711.60","","0.68%"
"05/04/2004","712.71","712.71","712.71","712.71","","0.16%"
"05/05/2004","714.14","714.14","714.14","714.14","","0.20%"
"05/06/2004","710.66","710.66","710.66","710.66","","-0.49%"
"05/07/2004","703.23","703.23","703.23","703.23","","-1.05%"
"05/10/2004","696.67","696.67","696.67","696.67","","-0.93%"
"05/11/2004","702.34","702.34","702.34","702.34","","0.81%"
"05/12/2004","703.96","703.96","703.96","703.96","","0.23%"
"05/13/2004","703.21","703.21","703.21","703.21","","-0.11%"
"05/14/2004","703.04","703.04","703.04","703.04","","-0.02%"
"05/17/2004","695.70","695.70","695.70","695.70","","-1.04%"
"05/18/2004","700.93","700.93","700.93","700.93","","0.75%"
"05/19/2004","699.40","699.40","699.40","699.40","","-0.22%"
"05/20/2004","699.90","699.90","699.90","699.90","","0.07%"
"05/21/2004","701.34","701.34","701.34","701.34","","0.21%"
"05/24/2004","703.40","703.40","703.40","703.40","","0.29%"
"05/25/2004","709.10","709.10","709.10","709.10","","0.81%"
"05/26/2004","709.58","709.58","709.58","709.58","","0.07%"
"05/27/2004","711.17","711.17","711.17","711.17","","0.22%"
"05/28/2004","711.29","711.29","711.29","711.29","","0.02%"
"06/01/2004","711.53","711.53","711.53","711.53","","0.03%"
"06/02/2004","712.44","712.44","712.44","712.44","","0.13%"
"06/03/2004","711.12","711.12","711.12","711.12","","-0.19%"
"06/04/2004","712.71","712.71","712.71","712.71","","0.22%"
"06/07/2004","714.81","714.81","714.81","714.81","","0.29%"
"06/08/2004","715.01","715.01","715.01","715.01","","0.03%"
"06/09/2004","714.72","714.72","714.72","714.72","","-0.04%"
"06/10/2004","715.21","715.21","715.21","715.21","","0.07%"
"06/14/2004","715.05","715.05","715.05","715.05","","-0.02%"
"06/15/2004","715.59","715.59","715.59","715.59","","0.08%"
"06/16/2004","715.68","715.68","715.68","715.68","","0.01%"
"06/17/2004","715.86","715.86","715.86","715.86","","0.03%"
"06/18/2004","714.40","714.40","714.40","714.40","","-0.20%"
"06/21/2004","713.56","713.56","713.56","713.56","","-0.12%"
"06/22/2004","715.88","715.88","715.88","715.88","","0.33%"
"06/23/2004","718.52","718.52","718.52","718.52","","0.37%"
"06/24/2004","717.36","717.36","717.36","717.36","","-0.16%"
"06/25/2004","716.97","716.97","716.97","716.97","","-0.05%"
"06/28/2004","715.72","715.72","715.72","715.72","","-0.17%"
"06/29/2004","717.21","717.21","717.21","717.21","","0.21%"
"06/30/2004","719.30","719.30","719.30","719.30","","0.29%"
"07/01/2004","715.68","715.68","715.68","715.68","","-0.50%"
"07/02/2004","714.30","714.30","714.30","714.30","","-0.19%"
"07/06/2004","710.93","710.93","710.93","710.93","","-0.47%"
"07/07/2004","712.61","712.61","712.61","712.61","","0.24%"
"07/08/2004","707.65","707.65","707.65","707.65","","-0.70%"
"07/09/2004","710.25","710.25","710.25","710.25","","0.37%"
"07/12/2004","711.50","711.50","711.50","711.50","","0.18%"
"07/13/2004","712.16","712.16","712.16","712.16","","0.09%"
"07/14/2004","709.94","709.94","709.94","709.94","","-0.31%"
"07/15/2004","706.89","706.89","706.89","706.89","","-0.43%"
"07/16/2004","710.66","710.66","710.66","710.66","","0.53%"
"07/19/2004","711.22","711.22","711.22","711.22","","0.08%"
"07/20/2004","713.83","713.83","713.83","713.83","","0.37%"
"07/21/2004","708.54","708.54","708.54","708.54","","-0.74%"
"07/22/2004","709.93","709.93","709.93","709.93","","0.20%"
"07/23/2004","705.56","705.56","705.56","705.56","","-0.62%"
"07/26/2004","705.49","705.49","705.49","705.49","","-0.01%"
"07/27/2004","710.36","710.36","710.36","710.36","","0.69%"
"07/28/2004","711.24","711.24","711.24","711.24","","0.12%"
"07/29/2004","713.68","713.68","713.68","713.68","","0.34%"
"07/30/2004","714.56","714.56","714.56","714.56","","0.12%"
"08/02/2004","716.68","716.68","716.68","716.68","","0.30%"
"08/03/2004","714.18","714.18","714.18","714.18","","-0.35%"
"08/04/2004","714.07","714.07","714.07","714.07","","-0.02%"
"08/05/2004","705.63","705.63","705.63","705.63","","-1.18%"
"08/06/2004","696.27","696.27","696.27","696.27","","-1.33%"
"08/09/2004","697.45","697.45","697.45","697.45","","0.17%"
"08/10/2004","705.67","705.67","705.67","705.67","","1.18%"
"08/11/2004","704.51","704.51","704.51","704.51","","-0.16%"
"08/12/2004","696.79","696.79","696.79","696.79","","-1.10%"
"08/13/2004","698.25","698.25","698.25","698.25","","0.21%"
"08/16/2004","707.69","707.69","707.69","707.69","","1.35%"
"08/17/2004","709.02","709.02","709.02","709.02","","0.19%"
"08/18/2004","717.44","717.44","717.44","717.44","","1.19%"
"08/19/2004","715.03","715.03","715.03","715.03","","-0.34%"
"08/20/2004","716.55","716.55","716.55","716.55","","0.21%"
"08/23/2004","716.87","716.87","716.87","716.87","","0.04%"
"08/24/2004","717.36","717.36","717.36","717.36","","0.07%"
"08/25/2004","719.79","719.79","719.79","719.79","","0.34%"
"08/26/2004","720.22","720.22","720.22","720.22","","0.06%"
"08/27/2004","720.78","720.78","720.78","720.78","","0.08%"
"08/30/2004","719.44","719.44","719.44","719.44","","-0.19%"
"08/31/2004","720.67","720.67","720.67","720.67","","0.17%"
"09/01/2004","721.43","721.43","721.43","721.43","","0.11%"
"09/02/2004","723.53","723.53","723.53","723.53","","0.29%"
"09/03/2004","723.52","723.52","723.52","723.52","","0.00%"
"09/07/2004","724.71","724.71","724.71","724.71","","0.16%"
"09/08/2004","724.80","724.80","724.80","724.80","","0.01%"
"09/09/2004","725.05","725.05","725.05","725.05","","0.03%"
"09/10/2004","725.61","725.61","725.61","725.61","","0.08%"
"09/13/2004","725.77","725.77","725.77","725.77","","0.02%"
"09/14/2004","725.98","725.98","725.98","725.98","","0.03%"
"09/15/2004","725.99","725.99","725.99","725.99","","0.00%"
"09/16/2004","726.17","726.17","726.17","726.17","","0.02%"
"09/17/2004","725.84","725.84","725.84","725.84","","-0.05%"
"09/20/2004","724.62","724.62","724.62","724.62","","-0.17%"
"09/21/2004","727.11","727.11","727.11","727.11","","0.34%"
"09/22/2004","721.48","721.48","721.48","721.48","","-0.77%"
"09/23/2004","719.81","719.81","719.81","719.81","","-0.23%"
"09/24/2004","721.41","721.41","721.41","721.41","","0.22%"
"09/27/2004","718.49","718.49","718.49","718.49","","-0.40%"
"09/28/2004","722.38","722.38","722.38","722.38","","0.54%"
"09/29/2004","724.11","724.11","724.11","724.11","","0.24%"
"09/30/2004","724.34","724.34","724.34","724.34","","0.03%"
"10/01/2004","730.41","730.41","730.41","730.41","","0.84%"
"10/04/2004","731.35","731.35","731.35","731.35","","0.13%"
"10/05/2004","731.54","731.54","731.54","731.54","","0.03%"
"10/06/2004","733.14","733.14","733.14","733.14","","0.22%"
"10/07/2004","730.92","730.92","730.92","730.92","","-0.30%"
"10/08/2004","729.64","729.64","729.64","729.64","","-0.18%"
"10/11/2004","731.36","731.36","731.36","731.36","","0.24%"
"10/12/2004","730.97","730.97","730.97","730.97","","-0.05%"
"10/13/2004","727.17","727.17","727.17","727.17","","-0.52%"
"10/14/2004","721.22","721.22","721.22","721.22","","-0.82%"
"10/15/2004","723.77","723.77","723.77","723.77","","0.35%"
"10/18/2004","725.90","725.90","725.90","725.90","","0.29%"
"10/19/2004","723.19","723.19","723.19","723.19","","-0.37%"
"10/20/2004","723.56","723.56","723.56","723.56","","0.05%"
"10/21/2004","724.72","724.72","724.72","724.72","","0.16%"
"10/22/2004","721.18","721.18","721.18","721.18","","-0.49%"
"10/25/2004","720.48","720.48","720.48","720.48","","-0.10%"
"10/26/2004","725.57","725.57","725.57","725.57","","0.71%"
"10/27/2004","729.80","729.80","729.80","729.80","","0.58%"
"10/28/2004","730.49","730.49","730.49","730.49","","0.09%"
"10/29/2004","730.52","730.52","730.52","730.52","","0.00%"
"11/01/2004","731.08","731.08","731.08","731.08","","0.08%"
"11/02/2004","731.17","731.17","731.17","731.17","","0.01%"
"11/03/2004","734.04","734.04","734.04","734.04","","0.39%"
"11/04/2004","735.00","735.00","735.00","735.00","","0.13%"
"11/05/2004","735.11","735.11","735.11","735.11","","0.01%"
"11/08/2004","735.49","735.49","735.49","735.49","","0.05%"
"11/09/2004","735.68","735.68","735.68","735.68","","0.03%"
"11/10/2004","735.76","735.76","735.76","735.76","","0.01%"
"11/11/2004","735.79","735.79","735.79","735.79","","0.00%"
"11/12/2004","735.75","735.75","735.75","735.75","","-0.01%"
"11/15/2004","735.98","735.98","735.98","735.98","","0.03%"
"11/16/2004","735.87","735.87","735.87","735.87","","-0.01%"
"11/17/2004","736.12","736.12","736.12","736.12","","0.03%"
"11/18/2004","736.17","736.17","736.17","736.17","","0.01%"
"11/19/2004","735.39","735.39","735.39","735.39","","-0.11%"
"11/22/2004","737.94","737.94","737.94","737.94","","0.35%"
"11/23/2004","738.33","738.33","738.33","738.33","","0.05%"
"11/24/2004","739.72","739.72","739.72","739.72","","0.19%"
"11/26/2004","739.90","739.90","739.90","739.90","","0.02%"
"11/29/2004","739.71","739.71","739.71","739.71","","-0.03%"
"11/30/2004","739.12","739.12","739.12","739.12","","-0.08%"
"12/01/2004","742.54","742.54","742.54","742.54","","0.46%"
"12/02/2004","742.65","742.65","742.65","742.65","","0.01%"
"12/03/2004","743.11","743.11","743.11","743.11","","0.06%"
"12/06/2004","743.52","743.52","743.52","743.52","","0.06%"
"12/07/2004","741.59","741.59","741.59","741.59","","-0.26%"
"12/08/2004","743.13","743.13","743.13","743.13","","0.21%"
"12/09/2004","744.39","744.39","744.39","744.39","","0.17%"
"12/10/2004","744.69","744.69","744.69","744.69","","0.04%"
"12/13/2004","745.47","745.47","745.47","745.47","","0.10%"
"12/14/2004","745.77","745.77","745.77","745.77","","0.04%"
"12/15/2004","745.89","745.89","745.89","745.89","","0.02%"
"12/16/2004","746.02","746.02","746.02","746.02","","0.02%"
"12/17/2004","744.78","744.78","744.78","744.78","","-0.17%"
"12/20/2004","745.39","745.39","745.39","745.39","","0.08%"
"12/21/2004","748.82","748.82","748.82","748.82","","0.46%"
"12/22/2004","750.03","750.03","750.03","750.03","","0.16%"
"12/23/2004","750.61","750.61","750.61","750.61","","0.08%"
"12/27/2004","749.78","749.78","749.78","749.78","","-0.11%"
"12/28/2004","751.31","751.31","751.31","751.31","","0.20%"
"12/29/2004","751.42","751.42","751.42","751.42","","0.01%"
"12/30/2004","751.49","751.49","751.49","751.49","","0.01%"
"12/31/2004","751.00","751.00","751.00","751.00","","-0.07%"
"01/03/2005","749.07","749.07","749.07","749.07","","-0.26%"
"01/04/2005","745.70","745.70","745.70","745.70","","-0.45%"
"01/05/2005","744.29","744.29","744.29","744.29","","-0.19%"
"01/06/2005","746.36","746.36","746.36","746.36","","0.28%"
"01/07/2005","746.15","746.15","746.15","746.15","","-0.03%"
"01/10/2005","748.15","748.15","748.15","748.15","","0.27%"
"01/11/2005","746.01","746.01","746.01","746.01","","-0.29%"
"01/12/2005","748.46","748.46","748.46","748.46","","0.33%"
"01/13/2005","743.63","743.63","743.63","743.63","","-0.65%"
"01/14/2005","747.91","747.91","747.91","747.91","","0.58%"
"01/18/2005","753.09","753.09","753.09","753.09","","0.69%"
"01/19/2005","748.83","748.83","748.83","748.83","","-0.57%"
"01/20/2005","744.06","744.06","744.06","744.06","","-0.64%"
"01/21/2005","741.16","741.16","741.16","741.16","","-0.39%"
"01/24/2005","740.17","740.17","740.17","740.17","","-0.13%"
"01/25/2005","742.68","742.68","742.68","742.68","","0.34%"
"01/26/2005","745.17","745.17","745.17","745.17","","0.34%"
"01/27/2005","745.53","745.53","745.53","745.53","","0.05%"
"01/28/2005","744.45","744.45","744.45","744.45","","-0.14%"
"01/31/2005","748.21","748.21","748.21","748.21","","0.51%"
"02/01/2005","750.41","750.41","750.41","750.41","","0.29%"
"02/02/2005","751.45","751.45","751.45","751.45","","0.14%"
"02/03/2005","751.14","751.14","751.14","751.14","","-0.04%"
"02/04/2005","753.02","753.02","753.02","753.02","","0.25%"
"02/07/2005","753.16","753.16","753.16","753.16","","0.02%"
"02/08/2005","753.50","753.50","753.50","753.50","","0.05%"
"02/09/2005","752.72","752.72","752.72","752.72","","-0.10%"
"02/10/2005","753.59","753.59","753.59","753.59","","0.12%"
"02/11/2005","754.11","754.11","754.11","754.11","","0.07%"
"02/14/2005","754.50","754.50","754.50","754.50","","0.05%"
"02/15/2005","754.58","754.58","754.58","754.58","","0.01%"
"02/16/2005","754.62","754.62","754.62","754.62","","0.01%"
"02/17/2005","754.67","754.67","754.67","754.67","","0.01%"
"02/18/2005","755.24","755.24","755.24","755.24","","0.08%"
"02/22/2005","748.70","748.70","748.70","748.70","","-0.87%"
"02/23/2005","751.94","751.94","751.94","751.94","","0.43%"
"02/24/2005","755.63","755.63","755.63","755.63","","0.49%"
"02/25/2005","758.45","758.45","758.45","758.45","","0.37%"
"02/28/2005","756.83","756.83","756.83","756.83","","-0.21%"
"03/01/2005","758.57","758.57","758.57","758.57","","0.23%"
"03/02/2005","758.69","758.69","758.69","758.69","","0.02%"
"03/03/2005","758.87","758.87","758.87","758.87","","0.02%"
"03/04/2005","761.44","761.44","761.44","761.44","","0.34%"
"03/07/2005","762.05","762.05","762.05","762.05","","0.08%"
"03/08/2005","761.82","761.82","761.82","761.82","","-0.03%"
"03/09/2005","760.06","760.06","760.06","760.06","","-0.23%"
"03/10/2005","760.88","760.88","760.88","760.88","","0.11%"
"03/11/2005","759.50","759.50","759.50","759.50","","-0.18%"
"03/14/2005","761.76","761.76","761.76","761.76","","0.30%"
"03/15/2005","759.91","759.91","759.91","759.91","","-0.24%"
"03/16/2005","756.01","756.01","756.01","756.01","","-0.51%"
"03/17/2005","757.92","757.92","757.92","757.92","","0.25%"
"03/18/2005","758.39","758.39","758.39","758.39","","0.06%"
"03/21/2005","757.42","757.42","757.42","757.42","","-0.13%"
"03/22/2005","753.86","753.86","753.86","753.86","","-0.47%"
"03/23/2005","754.08","754.08","754.08","754.08","","0.03%"
"03/24/2005","754.98","754.98","754.98","754.98","","0.12%"
"03/28/2005","756.63","756.63","756.63","756.63","","0.22%"
"03/29/2005","752.43","752.43","752.43","752.43","","-0.56%"
"03/30/2005","758.95","758.95","758.95","758.95","","0.87%"
"03/31/2005","758.84","758.84","758.84","758.84","","-0.01%"
"04/01/2005","756.46","756.46","756.46","756.46","","-0.31%"
"04/04/2005","758.57","758.57","758.57","758.57","","0.28%"
"04/05/2005","760.93","760.93","760.93","760.93","","0.31%"
"04/06/2005","761.93","761.93","761.93","761.93","","0.13%"
"04/07/2005","764.13","764.13","764.13","764.13","","0.29%"
"04/08/2005","762.30","762.30","762.30","762.30","","-0.24%"
"04/11/2005","763.31","763.31","763.31","763.31","","0.13%"
"04/12/2005","765.65","765.65","765.65","765.65","","0.31%"
"04/13/2005","761.79","761.79","761.79","761.79","","-0.50%"
"04/14/2005","755.48","755.48","755.48","755.48","","-0.83%"
"04/15/2005","744.67","744.67","744.67","744.67","","-1.43%"
"04/18/2005","747.28","747.28","747.28","747.28","","0.35%"
"04/19/2005","750.87","750.87","750.87","750.87","","0.48%"
"04/20/2005","744.25","744.25","744.25","744.25","","-0.88%"
"04/21/2005","753.89","753.89","753.89","753.89","","1.30%"
"04/22/2005","751.27","751.27","751.27","751.27","","-0.35%"
"04/25/2005","755.56","755.56","755.56","755.56","","0.57%"
"04/26/2005","752.64","752.64","752.64","752.64","","-0.39%"
"04/27/2005","754.45","754.45","754.45","754.45","","0.24%"
"04/28/2005","748.19","748.19","748.19","748.19","","-0.83%"
"04/29/2005","754.26","754.26","754.26","754.26","","0.81%"
"05/02/2005","757.10","757.10","757.10","757.10","","0.38%"
"05/03/2005","757.42","757.42","757.42","757.42","","0.04%"
"05/04/2005","761.20","761.20","761.20","761.20","","0.50%"
"05/05/2005","761.06","761.06","761.06","761.06","","-0.02%"
"05/06/2005","761.11","761.11","761.11","761.11","","0.01%"
"05/09/2005","763.39","763.39","763.39","763.39","","0.30%"
"05/10/2005","760.54","760.54","760.54","760.54","","-0.37%"
"05/11/2005","762.58","762.58","762.58","762.58","","0.27%"
"05/12/2005","759.16","759.16","759.16","759.16","","-0.45%"
"05/13/2005","758.09","758.09","758.09","758.09","","-0.14%"
"05/16/2005","763.18","763.18","763.18","763.18","","0.67%"
"05/17/2005","765.33","765.33","765.33","765.33","","0.28%"
"05/18/2005","766.03","766.03","766.03","766.03","","0.09%"
"05/19/2005","766.27","766.27","766.27","766.27","","0.03%"
"05/20/2005","766.57","766.57","766.57","766.57","","0.04%"
"05/23/2005","768.55","768.55","768.55","768.55","","0.26%"
"05/24/2005","769.11","769.11","769.11","769.11","","0.07%"
"05/25/2005","768.51","768.51","768.51","768.51","","-0.08%"
"05/26/2005","770.51","770.51","770.51","770.51","","0.26%"
"05/27/2005","770.76","770.76","770.76","770.76","","0.03%"
"05/31/2005","769.70","769.70","769.70","769.70","","-0.14%"
"06/01/2005","772.22","772.22","772.22","772.22","","0.33%"
"06/02/2005","773.00","773.00","773.00","773.00","","0.10%"
"06/03/2005","772.04","772.04","772.04","772.04","","-0.12%"
"06/06/2005","773.11","773.11","773.11","773.11","","0.14%"
"06/07/2005","773.01","773.01","773.01","773.01","","-0.01%"
"06/08/2005","772.94","772.94","772.94","772.94","","-0.01%"
"06/09/2005","774.26","774.26","774.26","774.26","","0.17%"
"06/10/2005","774.42","774.42","774.42","774.42","","0.02%"
"06/13/2005","775.28","775.28","775.28","775.28","","0.11%"
"06/14/2005","775.67","775.67","775.67","775.67","","0.05%"
"06/15/2005","776.02","776.02","776.02","776.02","","0.05%"
"06/16/2005","776.16","776.16","776.16","776.16","","0.02%"
"06/17/2005","776.24","776.24","776.24","776.24","","0.01%"
"06/20/2005","776.85","776.85","776.85","776.85","","0.08%"
"06/21/2005","776.36","776.36","776.36","776.36","","-0.06%"
"06/22/2005","776.81","776.81","776.81","776.81","","0.06%"
"06/23/2005","771.80","771.80","771.80","771.80","","-0.64%"
"06/24/2005","767.56","767.56","767.56","767.56","","-0.55%"
"06/27/2005","767.75","767.75","767.75","767.75","","0.02%"
"06/28/2005","773.56","773.56","773.56","773.56","","0.76%"
"06/29/2005","772.91","772.91","772.91","772.91","","-0.08%"
"06/30/2005","768.32","768.32","768.32","768.32","","-0.59%"
"07/01/2005","771.10","771.10","771.10","771.10","","0.36%"
"07/05/2005","776.26","776.26","776.26","776.26","","0.67%"
"07/06/2005","771.34","771.34","771.34","771.34","","-0.63%"
"07/07/2005","772.95","772.95","772.95","772.95","","0.21%"
"07/08/2005","780.19","780.19","780.19","780.19","","0.94%"
"07/11/2005","782.77","782.77","782.77","782.77","","0.33%"
"07/12/2005","783.95","783.95","783.95","783.95","","0.15%"
"07/13/2005","784.62","784.62","784.62","784.62","","0.09%"
"07/14/2005","785.20","785.20","785.20","785.20","","0.07%"
"07/15/2005","786.29","786.29","786.29","786.29","","0.14%"
"07/18/2005","785.24","785.24","785.24","785.24","","-0.13%"
"07/19/2005","787.65","787.65","787.65","787.65","","0.31%"
"07/20/2005","789.05","789.05","789.05","789.05","","0.18%"
"07/21/2005","786.96","786.96","786.96","786.96","","-0.26%"
"07/22/2005","788.88","788.88","788.88","788.88","","0.24%"
"07/25/2005","788.42","788.42","788.42","788.42","","-0.06%"
"07/26/2005","789.39","789.39","789.39","789.39","","0.12%"
"07/27/2005","790.69","790.69","790.69","790.69","","0.16%"
"07/28/2005","791.80","791.80","791.80","791.80","","0.14%"
"07/29/2005","790.04","790.04","790.04","790.04","","-0.22%"
"08/01/2005","790.26","790.26","790.26","790.26","","0.03%"
"08/02/2005","792.11","792.11","792.11","792.11","","0.23%"
"08/03/2005","792.50","792.50","792.50","792.50","","0.05%"
"08/04/2005","791.23","791.23","791.23","791.23","","-0.16%"
"08/05/2005","789.82","789.82","789.82","789.82","","-0.18%"
"08/08/2005","789.55","789.55","789.55","789.55","","-0.03%"
"08/09/2005","792.06","792.06","792.06","792.06","","0.32%"
"08/10/2005","791.93","791.93","791.93","791.93","","-0.02%"
"08/11/2005","793.46","793.46","793.46","793.46","","0.19%"
"08/12/2005","793.02","793.02","793.02","793.02","","-0.06%"
"08/15/2005","794.13","794.13","794.13","794.13","","0.14%"
"08/16/2005","791.39","791.39","791.39","791.39","","-0.35%"
"08/17/2005","792.89","792.89","792.89","792.89","","0.19%"
"08/18/2005","793.25","793.25","793.25","793.25","","0.05%"
"08/19/2005","793.94","793.94","793.94","793.94","","0.09%"
"08/22/2005","795.40","795.40","795.40","795.40","","0.18%"
"08/23/2005","794.45","794.45","794.45","794.45","","-0.12%"
"08/24/2005","791.75","791.75","791.75","791.75","","-0.34%"
"08/25/2005","792.79","792.79","792.79","792.79","","0.13%"
"08/26/2005","790.82","790.82","790.82","790.82","","-0.25%"
"08/29/2005","794.45","794.45","794.45","794.45","","0.46%"
"08/30/2005","793.17","793.17","793.17","793.17","","-0.16%"
"08/31/2005","797.34","797.34","797.34","797.34","","0.53%"
"09/01/2005","798.21","798.21","798.21","798.21","","0.11%"
"09/02/2005","797.17","797.17","797.17","797.17","","-0.13%"
"09/06/2005","801.87","801.87","801.87","801.87","","0.59%"
"09/07/2005","802.87","802.87","802.87","802.87","","0.12%"
"09/08/2005","802.65","802.65","802.65","802.65","","-0.03%"
"09/09/2005","804.25","804.25","804.25","804.25","","0.20%"
"09/12/2005","804.59","804.59","804.59","804.59","","0.04%"
"09/13/2005","804.19","804.19","804.19","804.19","","-0.05%"
"09/14/2005","804.43","804.43","804.43","804.43","","0.03%"
"09/15/2005","804.99","804.99","804.99","804.99","","0.07%"
"09/16/2005","806.71","806.71","806.71","806.71","","0.21%"
"09/19/2005","805.08","805.08","805.08","805.08","","-0.20%"
"09/20/2005","802.74","802.74","802.74","802.74","","-0.29%"
"09/21/2005","797.50","797.50","797.50","797.50","","-0.65%"
"09/22/2005","800.04","800.04","800.04","800.04","","0.32%"
"09/23/2005","800.98","800.98","800.98","800.98","","0.12%"
"09/26/2005","801.61","801.61","801.61","801.61","","0.08%"
"09/27/2005","801.96","801.96","801.96","801.96","","0.04%"
"09/28/2005","803.00","803.00","803.00","803.00","","0.13%"
"09/29/2005","807.19","807.19","807.19","807.19","","0.52%"
"09/30/2005","807.47","807.47","807.47","807.47","","0.03%"
"10/03/2005","807.77","807.77","807.77","807.77","","0.04%"
"10/04/2005","802.74","802.74","802.74","802.74","","-0.62%"
"10/05/2005","793.02","793.02","793.02","793.02","","-1.21%"
"10/06/2005","790.17","790.17","790.17","790.17","","-0.36%"
"10/07/2005","793.44","793.44","793.44","793.44","","0.41%"
"10/10/2005","788.39","788.39","788.39","788.39","","-0.64%"
"10/11/2005","786.94","786.94","786.94","786.94","","-0.18%"
"10/12/2005","782.30","782.30","782.30","782.30","","-0.59%"
"10/13/2005","781.72","781.72","781.72","781.72","","-0.07%"
"10/14/2005","788.44","788.44","788.44","788.44","","0.86%"
"10/17/2005","790.67","790.67","790.67","790.67","","0.28%"
"10/18/2005","782.97","782.97","782.97","782.97","","-0.97%"
"10/19/2005","794.24","794.24","794.24","794.24","","1.44%"
"10/20/2005","781.67","781.67","781.67","781.67","","-1.58%"
"10/21/2005","786.12","786.12","786.12","786.12","","0.57%"
"10/24/2005","791.72","791.72","791.72","791.72","","0.71%"
"10/25/2005","791.97","791.97","791.97","791.97","","0.03%"
"10/26/2005","791.16","791.16","791.16","791.16","","-0.10%"
"10/27/2005","787.87","787.87","787.87","787.87","","-0.42%"
"10/28/2005","792.67","792.67","792.67","792.67","","0.61%"
"10/31/2005","794.33","794.33","794.33","794.33","","0.21%"
"11/01/2005","794.13","794.13","794.13","794.13","","-0.03%"
"11/02/2005","795.88","795.88","795.88","795.88","","0.22%"
"11/03/2005","796.62","796.62","796.62","796.62","","0.09%"
"11/04/2005","796.83","796.83","796.83","796.83","","0.03%"
"11/07/2005","797.38","797.38","797.38","797.38","","0.07%"
"11/08/2005","797.46","797.46","797.46","797.46","","0.01%"
"11/09/2005","797.74","797.74","797.74","797.74","","0.04%"
"11/10/2005","798.10","798.10","798.10","798.10","","0.05%"
"11/11/2005","798.25","798.25","798.25","798.25","","0.02%"
"11/14/2005","798.58","798.58","798.58","798.58","","0.04%"
"11/15/2005","798.71","798.71","798.71","798.71","","0.02%"
"11/16/2005","798.80","798.80","798.80","798.80","","0.01%"
"11/17/2005","798.96","798.96","798.96","798.96","","0.02%"
"11/18/2005","800.35","800.35","800.35","800.35","","0.17%"
"11/21/2005","802.31","802.31","802.31","802.31","","0.24%"
"11/22/2005","803.44","803.44","803.44","803.44","","0.14%"
"11/23/2005","804.08","804.08","804.08","804.08","","0.08%"
"11/25/2005","804.61","804.61","804.61","804.61","","0.07%"
"11/28/2005","803.61","803.61","803.61","803.61","","-0.12%"
"11/29/2005","804.02","804.02","804.02","804.02","","0.05%"
"11/30/2005","802.90","802.90","802.90","802.90","","-0.14%"
"12/01/2005","805.66","805.66","805.66","805.66","","0.34%"
"12/02/2005","805.88","805.88","805.88","805.88","","0.03%"
"12/05/2005","805.87","805.87","805.87","805.87","","0.00%"
"12/06/2005","806.33","806.33","806.33","806.33","","0.06%"
"12/07/2005","805.70","805.70","805.70","805.70","","-0.08%"
"12/08/2005","805.99","805.99","805.99","805.99","","0.04%"
"12/09/2005","806.99","806.99","806.99","806.99","","0.12%"
"12/12/2005","807.65","807.65","807.65","807.65","","0.08%"
"12/13/2005","808.11","808.11","808.11","808.11","","0.06%"
"12/14/2005","808.36","808.36","808.36","808.36","","0.03%"
"12/15/2005","808.53","808.53","808.53","808.53","","0.02%"
"12/16/2005","806.68","806.68","806.68","806.68","","-0.23%"
"12/19/2005","804.40","804.40","804.40","804.40","","-0.28%"
"12/20/2005","804.75","804.75","804.75","804.75","","0.04%"
"12/21/2005","806.07","806.07","806.07","806.07","","0.16%"
"12/22/2005","808.15","808.15","808.15","808.15","","0.26%"
"12/23/2005","808.95","808.95","808.95","808.95","","0.10%"
"12/27/2005","805.05","805.05","805.05","805.05","","-0.48%"
"12/28/2005","805.66","805.66","805.66","805.66","","0.08%"
"12/29/2005","804.71","804.71","804.71","804.71","","-0.12%"
"12/30/2005","801.42","801.42","801.42","801.42","","-0.41%"
"01/03/2006","810.74","810.74","810.74","810.74","","1.16%"
"01/04/2006","812.02","812.02","812.02","812.02","","0.16%"
"01/05/2006","812.14","812.14","812.14","812.14","","0.01%"
"01/06/2006","815.33","815.33","815.33","815.33","","0.39%"
"01/09/2006","816.27","816.27","816.27","816.27","","0.12%"
"01/10/2006","816.63","816.63","816.63","816.63","","0.04%"
"01/11/2006","817.22","817.22","817.22","817.22","","0.07%"
"01/12/2006","816.89","816.89","816.89","816.89","","-0.04%"
"01/13/2006","817.50","817.50","817.50","817.50","","0.07%"
"01/17/2006","817.60","817.60","817.60","817.60","","0.01%"
"01/18/2006","817.49","817.49","817.49","817.49","","-0.01%"
"01/19/2006","818.50","818.50","818.50","818.50","","0.12%"
"01/20/2006","813.23","813.23","813.23","813.23","","-0.64%"
"01/23/2006","814.87","814.87","814.87","814.87","","0.20%"
"01/24/2006","816.56","816.56","816.56","816.56","","0.21%"
"01/25/2006","816.38","816.38","816.38","816.38","","-0.02%"
"01/26/2006","819.83","819.83","819.83","819.83","","0.42%"
"01/27/2006","822.69","822.69","822.69","822.69","","0.35%"
"01/30/2006","823.45","823.45","823.45","823.45","","0.09%"
"01/31/2006","822.36","822.36","822.36","822.36","","-0.13%"
"02/01/2006","823.20","823.20","823.20","823.20","","0.10%"
"02/02/2006","820.17","820.17","820.17","820.17","","-0.37%"
"02/03/2006","818.31","818.31","818.31","818.31","","-0.23%"
"02/06/2006","819.68","819.68","819.68","819.68","","0.17%"
"02/07/2006","815.15","815.15","815.15","815.15","","-0.55%"
"02/08/2006","820.91","820.91","820.91","820.91","","0.71%"
"02/09/2006","820.80","820.80","820.80","820.80","","-0.01%"
"02/10/2006","822.55","822.55","822.55","822.55","","0.21%"
"02/13/2006","821.49","821.49","821.49","821.49","","-0.13%"
"02/14/2006","826.95","826.95","826.95","826.95","","0.66%"
"02/15/2006","828.64","828.64","828.64","828.64","","0.20%"
"02/16/2006","829.95","829.95","829.95","829.95","","0.16%"
"02/17/2006","830.15","830.15","830.15","830.15","","0.02%"
"02/21/2006","829.95","829.95","829.95","829.95","","-0.02%"
"02/22/2006","832.74","832.74","832.74","832.74","","0.34%"
"02/23/2006","832.12","832.12","832.12","832.12","","-0.07%"
"02/24/2006","833.04","833.04","833.04","833.04","","0.11%"
"02/27/2006","834.73","834.73","834.73","834.73","","0.20%"
"02/28/2006","831.10","831.10","831.10","831.10","","-0.43%"
"03/01/2006","834.54","834.54","834.54","834.54","","0.41%"
"03/02/2006","834.45","834.45","834.45","834.45","","-0.01%"
"03/03/2006","834.00","834.00","834.00","834.00","","-0.05%"
"03/06/2006","831.63","831.63","831.63","831.63","","-0.28%"
"03/07/2006","830.81","830.81","830.81","830.81","","-0.10%"
"03/08/2006","832.82","832.82","832.82","832.82","","0.24%"
"03/09/2006","830.40","830.40","830.40","830.40","","-0.29%"
"03/10/2006","834.86","834.86","834.86","834.86","","0.54%"
"03/13/2006","836.77","836.77","836.77","836.77","","0.23%"
"03/14/2006","839.99","839.99","839.99","839.99","","0.38%"
"03/15/2006","840.74","840.74","840.74","840.74","","0.09%"
"03/16/2006","841.06","841.06","841.06","841.06","","0.04%"
"03/17/2006","840.95","840.95","840.95","840.95","","-0.01%"
"03/20/2006","841.79","841.79","841.79","841.79","","0.10%"
"03/21/2006","839.67","839.67","839.67","839.67","","-0.25%"
"03/22/2006","842.33","842.33","842.33","842.33","","0.32%"
"03/23/2006","841.62","841.62","841.62","841.62","","-0.08%"
"03/24/2006","842.15","842.15","842.15","842.15","","0.06%"
"03/27/2006","842.46","842.46","842.46","842.46","","0.04%"
"03/28/2006","839.76","839.76","839.76","839.76","","-0.32%"
"03/29/2006","843.75","843.75","843.75","843.75","","0.48%"
"03/30/2006","842.65","842.65","842.65","842.65","","-0.13%"
"03/31/2006","841.05","841.05","841.05","841.05","","-0.19%"
"04/03/2006","842.84","842.84","842.84","842.84","","0.21%"
"04/04/2006","845.60","845.60","845.60","845.60","","0.33%"
"04/05/2006","847.24","847.24","847.24","847.24","","0.19%"
"04/06/2006","846.56","846.56","846.56","846.56","","-0.08%"
"04/07/2006","842.45","842.45","842.45","842.45","","-0.49%"
"04/10/2006","843.81","843.81","843.81","843.81","","0.16%"
"04/11/2006","839.20","839.20","839.20","839.20","","-0.55%"
"04/12/2006","840.94","840.94","840.94","840.94","","0.21%"
"04/13/2006","841.70","841.70","841.70","841.70","","0.09%"
"04/17/2006","840.62","840.62","840.62","840.62","","-0.13%"
"04/18/2006","850.80","850.80","850.80","850.80","","1.21%"
"04/19/2006","852.23","852.23","852.23","852.23","","0.17%"
"04/20/2006","853.44","853.44","853.44","853.44","","0.14%"
"04/21/2006","852.65","852.65","852.65","852.65","","-0.09%"
"04/24/2006","852.47","852.47","852.47","852.47","","-0.02%"
"04/25/2006","851.00","851.00","851.00","851.00","","-0.17%"
"04/26/2006","852.55","852.55","852.55","852.55","","0.18%"
"04/27/2006","854.08","854.08","854.08","854.08","","0.18%"
"04/28/2006","854.65","854.65","854.65","854.65","","0.07%"
"05/01/2006","853.06","853.06","853.06","853.06","","-0.19%"
"05/02/2006","855.77","855.77","855.77","855.77","","0.32%"
"05/03/2006","854.75","854.75","854.75","854.75","","-0.12%"
"05/04/2006","856.44","856.44","856.44","856.44","","0.20%"
"05/05/2006","859.72","859.72","859.72","859.72","","0.38%"
"05/08/2006","860.04","860.04","860.04","860.04","","0.04%"
"05/09/2006","860.37","860.37","860.37","860.37","","0.04%"
"05/10/2006","860.48","860.48","860.48","860.48","","0.01%"
"05/11/2006","856.76","856.76","856.76","856.76","","-0.43%"
"05/12/2006","849.61","849.61","849.61","849.61","","-0.83%"
"05/15/2006","852.54","852.54","852.54","852.54","","0.34%"
"05/16/2006","851.52","851.52","851.52","851.52","","-0.12%"
"05/17/2006","837.32","837.32","837.32","837.32","","-1.67%"
"05/18/2006","832.08","832.08","832.08","832.08","","-0.63%"
"05/19/2006","834.75","834.75","834.75","834.75","","0.32%"
"05/22/2006","834.44","834.44","834.44","834.44","","-0.04%"
"05/23/2006","833.34","833.34","833.34","833.34","","-0.13%"
"05/24/2006","833.99","833.99","833.99","833.99","","0.08%"
"05/25/2006","839.15","839.15","839.15","839.15","","0.62%"
"05/26/2006","841.39","841.39","841.39","841.39","","0.27%"
"05/30/2006","835.50","835.50","835.50","835.50","","-0.70%"
"05/31/2006","839.48","839.48","839.48","839.48","","0.48%"
"06/01/2006","843.57","843.57","843.57","843.57","","0.49%"
"06/02/2006","844.42","844.42","844.42","844.42","","0.10%"
"06/05/2006","840.14","840.14","840.14","840.14","","-0.51%"
"06/06/2006","840.22","840.22","840.22","840.22","","0.01%"
"06/07/2006","838.68","838.68","838.68","838.68","","-0.18%"
"06/08/2006","839.63","839.63","839.63","839.63","","0.11%"
"06/09/2006","838.06","838.06","838.06","838.06","","-0.19%"
"06/12/2006","830.71","830.71","830.71","830.71","","-0.88%"
"06/13/2006","823.62","823.62","823.62","823.62","","-0.85%"
"06/14/2006","829.05","829.05","829.05","829.05","","0.66%"
"06/15/2006","845.20","845.20","845.20","845.20","","1.95%"
"06/16/2006","844.21","844.21","844.21","844.21","","-0.12%"
"06/19/2006","841.26","841.26","841.26","841.26","","-0.35%"
"06/20/2006","842.55","842.55","842.55","842.55","","0.15%"
"06/21/2006","846.53","846.53","846.53","846.53","","0.47%"
"06/22/2006","844.95","844.95","844.95","844.95","","-0.19%"
"06/23/2006","845.23","845.23","845.23","845.23","","0.03%"
"06/26/2006","847.68","847.68","847.68","847.68","","0.29%"
"06/27/2006","844.16","844.16","844.16","844.16","","-0.42%"
"06/28/2006","846.49","846.49","846.49","846.49","","0.28%"
"06/29/2006","853.92","853.92","853.92","853.92","","0.88%"
"06/30/2006","853.83","853.83","853.83","853.83","","-0.01%"
"07/03/2006","855.69","855.69","855.69","855.69","","0.22%"
"07/05/2006","854.88","854.88","854.88","854.88","","-0.09%"
"07/06/2006","855.78","855.78","855.78","855.78","","0.11%"
"07/07/2006","855.03","855.03","855.03","855.03","","-0.09%"
"07/10/2006","856.13","856.13","856.13","856.13","","0.13%"
"07/11/2006","857.49","857.49","857.49","857.49","","0.16%"
"07/12/2006","855.04","855.04","855.04","855.04","","-0.29%"
"07/13/2006","849.15","849.15","849.15","849.15","","-0.69%"
"07/14/2006","849.26","849.26","849.26","849.26","","0.01%"
"07/17/2006","849.29","849.29","849.29","849.29","","0.00%"
"07/18/2006","850.64","850.64","850.64","850.64","","0.16%"
"07/19/2006","859.03","859.03","859.03","859.03","","0.99%"
"07/20/2006","859.18","859.18","859.18","859.18","","0.02%"
"07/21/2006","858.09","858.09","858.09","858.09","","-0.13%"
"07/24/2006","865.72","865.72","865.72","865.72","","0.89%"
"07/25/2006","867.56","867.56","867.56","867.56","","0.21%"
"07/26/2006","867.92","867.92","867.92","867.92","","0.04%"
"07/27/2006","866.91","866.91","866.91","866.91","","-0.12%"
"07/28/2006","869.81","869.81","869.81","869.81","","0.33%"
"07/31/2006","870.08","870.08","870.08","870.08","","0.03%"
"08/01/2006","869.98","869.98","869.98","869.98","","-0.01%"
"08/02/2006","871.44","871.44","871.44","871.44","","0.17%"
"08/03/2006","871.69","871.69","871.69","871.69","","0.03%"
"08/04/2006","872.41","872.41","872.41","872.41","","0.08%"
"08/07/2006","872.54","872.54","872.54","872.54","","0.01%"
"08/08/2006","872.69","872.69","872.69","872.69","","0.02%"
"08/09/2006","872.59","872.59","872.59","872.59","","-0.01%"
"08/10/2006","873.75","873.75","873.75","873.75","","0.13%"
"08/11/2006","873.88","873.88","873.88","873.88","","0.01%"
"08/14/2006","874.86","874.86","874.86","874.86","","0.11%"
"08/15/2006","875.66","875.66","875.66","875.66","","0.09%"
"08/16/2006","875.76","875.76","875.76","875.76","","0.01%"
"08/17/2006","876.14","876.14","876.14","876.14","","0.04%"
"08/18/2006","878.12","878.12","878.12","878.12","","0.23%"
"08/21/2006","877.77","877.77","877.77","877.77","","-0.04%"
"08/22/2006","878.55","878.55","878.55","878.55","","0.09%"
"08/23/2006","876.82","876.82","876.82","876.82","","-0.20%"
"08/24/2006","878.11","878.11","878.11","878.11","","0.15%"
"08/25/2006","878.33","878.33","878.33","878.33","","0.03%"
"08/28/2006","881.10","881.10","881.10","881.10","","0.32%"
"08/29/2006","881.91","881.91","881.91","881.91","","0.09%"
"08/30/2006","882.10","882.10","882.10","882.10","","0.02%"
"08/31/2006","882.23","882.23","882.23","882.23","","0.01%"
"09/01/2006","884.03","884.03","884.03","884.03","","0.20%"
"09/05/2006","885.38","885.38","885.38","885.38","","0.15%"
"09/06/2006","883.04","883.04","883.04","883.04","","-0.26%"
"09/07/2006","882.13","882.13","882.13","882.13","","-0.10%"
"09/08/2006","884.59","884.59","884.59","884.59","","0.28%"
"09/11/2006","885.47","885.47","885.47","885.47","","0.10%"
"09/12/2006","887.77","887.77","887.77","887.77","","0.26%"
"09/13/2006","888.29","888.29","888.29","888.29","","0.06%"
"09/14/2006","888.53","888.53","888.53","888.53","","0.03%"
"09/15/2006","888.06","888.06","888.06","888.06","","-0.05%"
"09/18/2006","889.12","889.12","889.12","889.12","","0.12%"
"09/19/2006","888.42","888.42","888.42","888.42","","-0.08%"
"09/20/2006","890.97","890.97","890.97","890.97","","0.29%"
"09/21/2006","888.47","888.47","888.47","888.47","","-0.28%"
"09/22/2006","887.57","887.57","887.57","887.57","","-0.10%"
"09/25/2006","892.11","892.11","892.11","892.11","","0.51%"
"09/26/2006","894.46","894.46","894.46","894.46","","0.26%"
"09/27/2006","894.62","894.62","894.62","894.62","","0.02%"
"09/28/2006","895.19","895.19","895.19","895.19","","0.06%"
"09/29/2006","895.00","895.00","895.00","895.00","","-0.02%"
"10/02/2006","894.87","894.87","894.87","894.87","","-0.01%"
"10/03/2006","896.02","896.02","896.02","896.02","","0.13%"
"10/04/2006","898.19","898.19","898.19","898.19","","0.24%"
"10/05/2006","898.86","898.86","898.86","898.86","","0.07%"
"10/06/2006","899.16","899.16","899.16","899.16","","0.03%"
"10/09/2006","899.77","899.77","899.77","899.77","","0.07%"
"10/10/2006","900.21","900.21","900.21","900.21","","0.05%"
"10/11/2006","900.30","900.30","900.30","900.30","","0.01%"
"10/12/2006","900.92","900.92","900.92","900.92","","0.07%"
"10/13/2006","901.20","901.20","901.20","901.20","","0.03%"
"10/16/2006","901.69","901.69","901.69","901.69","","0.05%"
"10/17/2006","901.78","901.78","901.78","901.78","","0.01%"
"10/18/2006","901.98","901.98","901.98","901.98","","0.02%"
"10/19/2006","902.19","902.19","902.19","902.19","","0.02%"
"10/20/2006","903.19","903.19","903.19","903.19","","0.11%"
"10/23/2006","905.18","905.18","905.18","905.18","","0.22%"
"10/24/2006","905.84","905.84","905.84","905.84","","0.07%"
"10/25/2006","906.74","906.74","906.74","906.74","","0.10%"
"10/26/2006","907.91","907.91","907.91","907.91","","0.13%"
"10/27/2006","906.69","906.69","906.69","906.69","","-0.13%"
"10/30/2006","907.24","907.24","907.24","907.24","","0.06%"
"10/31/2006","907.46","907.46","907.46","907.46","","0.02%"
"11/01/2006","905.88","905.88","905.88","905.88","","-0.17%"
"11/02/2006","906.17","906.17","906.17","906.17","","0.03%"
"11/03/2006","906.50","906.50","906.50","906.50","","0.04%"
"11/06/2006","909.94","909.94","909.94","909.94","","0.38%"
"11/07/2006","910.45","910.45","910.45","910.45","","0.06%"
"11/08/2006","911.16","911.16","911.16","911.16","","0.08%"
"11/09/2006","910.87","910.87","910.87","910.87","","-0.03%"
"11/10/2006","911.53","911.53","911.53","911.53","","0.07%"
"11/13/2006","912.37","912.37","912.37","912.37","","0.09%"
"11/14/2006","912.71","912.71","912.71","912.71","","0.04%"
"11/15/2006","912.89","912.89","912.89","912.89","","0.02%"
"11/16/2006","913.07","913.07","913.07","913.07","","0.02%"
"11/17/2006","914.27","914.27","914.27","914.27","","0.13%"
"11/20/2006","915.12","915.12","915.12","915.12","","0.09%"
"11/21/2006","915.98","915.98","915.98","915.98","","0.09%"
"11/22/2006","916.87","916.87","916.87","916.87","","0.10%"
"11/24/2006","915.80","915.80","915.80","915.80","","-0.12%"
"11/27/2006","910.05","910.05","910.05","910.05","","-0.63%"
"11/28/2006","912.76","912.76","912.76","912.76","","0.30%"
"11/29/2006","917.26","917.26","917.26","917.26","","0.49%"
"11/30/2006","917.86","917.86","917.86","917.86","","0.07%"
"12/01/2006","916.56","916.56","916.56","916.56","","-0.14%"
"12/04/2006","920.19","920.19","920.19","920.19","","0.40%"
"12/05/2006","921.21","921.21","921.21","921.21","","0.11%"
"12/06/2006","921.36","921.36","921.36","921.36","","0.02%"
"12/07/2006","920.51","920.51","920.51","920.51","","-0.09%"
"12/08/2006","921.75","921.75","921.75","921.75","","0.13%"
"12/11/2006","923.02","923.02","923.02","923.02","","0.14%"
"12/12/2006","923.30","923.30","923.30","923.30","","0.03%"
"12/13/2006","923.99","923.99","923.99","923.99","","0.07%"
"12/14/2006","924.30","924.30","924.30","924.30","","0.03%"
"12/15/2006","922.71","922.71","922.71","922.71","","-0.17%"
"12/18/2006","922.38","922.38","922.38","922.38","","-0.04%"
"12/19/2006","923.85","923.85","923.85","923.85","","0.16%"
"12/20/2006","923.56","923.56","923.56","923.56","","-0.03%"
"12/21/2006","921.85","921.85","921.85","921.85","","-0.19%"
"12/22/2006","918.87","918.87","918.87","918.87","","-0.32%"
"12/26/2006","922.69","922.69","922.69","922.69","","0.42%"
"12/27/2006","926.43","926.43","926.43","926.43","","0.41%"
"12/28/2006","925.38","925.38","925.38","925.38","","-0.11%"
"12/29/2006","922.88","922.88","922.88","922.88","","-0.27%"
"01/03/2007","923.60","923.60","923.60","923.60","","0.08%"
"01/04/2007","925.10","925.10","925.10","925.10","","0.16%"
"01/05/2007","921.33","921.33","921.33","921.33","","-0.41%"
"01/08/2007","924.05","924.05","924.05","924.05","","0.30%"
"01/09/2007","923.72","923.72","923.72","923.72","","-0.04%"
"01/10/2007","925.29","925.29","925.29","925.29","","0.17%"
"01/11/2007","929.75","929.75","929.75","929.75","","0.48%"
"01/12/2007","932.79","932.79","932.79","932.79","","0.33%"
"01/16/2007","933.97","933.97","933.97","933.97","","0.13%"
"01/17/2007","934.33","934.33","934.33","934.33","","0.04%"
"01/18/2007","933.70","933.70","933.70","933.70","","-0.07%"
"01/19/2007","936.08","936.08","936.08","936.08","","0.25%"
"01/22/2007","934.55","934.55","934.55","934.55","","-0.16%"
"01/23/2007","936.40","936.40","936.40","936.40","","0.20%"
"01/24/2007","939.68","939.68","939.68","939.68","","0.35%"
"01/25/2007","935.14","935.14","935.14","935.14","","-0.48%"
"01/26/2007","935.17","935.17","935.17","935.17","","0.00%"
"01/29/2007","934.97","934.97","934.97","934.97","","-0.02%"
"01/30/2007","937.85","937.85","937.85","937.85","","0.31%"
"01/31/2007","941.03","941.03","941.03","941.03","","0.34%"
"02/01/2007","942.69","942.69","942.69","942.69","","0.18%"
"02/02/2007","943.65","943.65","943.65","943.65","","0.10%"
"02/05/2007","944.04","944.04","944.04","944.04","","0.04%"
"02/06/2007","944.60","944.60","944.60","944.60","","0.06%"
"02/07/2007","945.23","945.23","945.23","945.23","","0.07%"
"02/08/2007","945.43","945.43","945.43","945.43","","0.02%"
"02/09/2007","944.30","944.30","944.30","944.30","","-0.12%"
"02/12/2007","944.03","944.03","944.03","944.03","","-0.03%"
"02/13/2007","946.66","946.66","946.66","946.66","","0.28%"
"02/14/2007","947.32","947.32","947.32","947.32","","0.07%"
"02/15/2007","947.69","947.69","947.69","947.69","","0.04%"
"02/16/2007","948.20","948.20","948.20","948.20","","0.05%"
"02/20/2007","950.06","950.06","950.06","950.06","","0.20%"
"02/21/2007","949.93","949.93","949.93","949.93","","-0.01%"
"02/22/2007","949.93","949.93","949.93","949.93","","0.00%"
"02/23/2007","949.01","949.01","949.01","949.01","","-0.10%"
"02/26/2007","949.05","949.05","949.05","949.05","","0.00%"
"02/27/2007","921.60","921.60","921.60","921.60","","-2.89%"
"02/28/2007","928.29","928.29","928.29","928.29","","0.73%"
"03/01/2007","926.27","926.27","926.27","926.27","","-0.22%"
"03/02/2007","916.09","916.09","916.09","916.09","","-1.10%"
"03/05/2007","908.42","908.42","908.42","908.42","","-0.84%"
"03/06/2007","922.05","922.05","922.05","922.05","","1.50%"
"03/07/2007","919.94","919.94","919.94","919.94","","-0.23%"
"03/08/2007","926.82","926.82","926.82","926.82","","0.75%"
"03/09/2007","927.29","927.29","927.29","927.29","","0.05%"
"03/12/2007","930.34","930.34","930.34","930.34","","0.33%"
"03/13/2007","911.32","911.32","911.32","911.32","","-2.04%"
"03/14/2007","917.61","917.61","917.61","917.61","","0.69%"
"03/15/2007","920.59","920.59","920.59","920.59","","0.32%"
"03/16/2007","920.64","920.64","920.64","920.64","","0.01%"
"03/19/2007","926.08","926.08","926.08","926.08","","0.59%"
"03/20/2007","929.22","929.22","929.22","929.22","","0.34%"
"03/21/2007","933.28","933.28","933.28","933.28","","0.44%"
"03/22/2007","933.18","933.18","933.18","933.18","","-0.01%"
"03/23/2007","933.51","933.51","933.51","933.51","","0.04%"
"03/26/2007","934.42","934.42","934.42","934.42","","0.10%"
"03/27/2007","933.74","933.74","933.74","933.74","","-0.07%"
"03/28/2007","931.47","931.47","931.47","931.47","","-0.24%"
"03/29/2007","932.27","932.27","932.27","932.27","","0.09%"
"03/30/2007","932.75","932.75","932.75","932.75","","0.05%"
"04/02/2007","934.56","934.56","934.56","934.56","","0.19%"
"04/03/2007","936.39","936.39","936.39","936.39","","0.20%"
"04/04/2007","937.13","937.13","937.13","937.13","","0.08%"
"04/05/2007","937.74","937.74","937.74","937.74","","0.07%"
"04/09/2007","938.49","938.49","938.49","938.49","","0.08%"
"04/10/2007","938.96","938.96","938.96","938.96","","0.05%"
"04/11/2007","938.92","938.92","938.92","938.92","","0.00%"
"04/12/2007","939.41","939.41","939.41","939.41","","0.05%"
"04/13/2007","939.66","939.66","939.66","939.66","","0.03%"
"04/16/2007","940.19","940.19","940.19","940.19","","0.06%"
"04/17/2007","940.39","940.39","940.39","940.39","","0.02%"
"04/18/2007","940.59","940.59","940.59","940.59","","0.02%"
"04/19/2007","940.79","940.79","940.79","940.79","","0.02%"
"04/20/2007","941.75","941.75","941.75","941.75","","0.10%"
"04/23/2007","941.51","941.51","941.51","941.51","","-0.03%"
"04/24/2007","941.54","941.54","941.54","941.54","","0.00%"
"04/25/2007","944.48","944.48","944.48","944.48","","0.31%"
"04/26/2007","945.16","945.16","945.16","945.16","","0.07%"
"04/27/2007","945.75","945.75","945.75","945.75","","0.06%"
"04/30/2007","942.96","942.96","942.96","942.96","","-0.30%"
"05/01/2007","944.51","944.51","944.51","944.51","","0.16%"
"05/02/2007","947.13","947.13","947.13","947.13","","0.28%"
"05/03/2007","948.49","948.49","948.49","948.49","","0.14%"
"05/04/2007","949.33","949.33","949.33","949.33","","0.09%"
"05/07/2007","950.47","950.47","950.47","950.47","","0.12%"
"05/08/2007","950.71","950.71","950.71","950.71","","0.03%"
"05/09/2007","951.68","951.68","951.68","951.68","","0.10%"
"05/10/2007","949.49","949.49","949.49","949.49","","-0.23%"
"05/11/2007","952.14","952.14","952.14","952.14","","0.28%"
"05/15/2007","952.87","952.87","952.87","952.87","","0.08%"
"05/16/2007","953.88","953.88","953.88","953.88","","0.11%"
"05/17/2007","954.22","954.22","954.22","954.22","","0.04%"
"05/18/2007","955.42","955.42","955.42","955.42","","0.13%"
"05/21/2007","956.54","956.54","956.54","956.54","","0.12%"
"05/22/2007","956.76","956.76","956.76","956.76","","0.02%"
"05/23/2007","956.60","956.60","956.60","956.60","","-0.02%"
"05/24/2007","952.51","952.51","952.51","952.51","","-0.43%"
"05/25/2007","956.15","956.15","956.15","956.15","","0.38%"
"05/29/2007","957.71","957.71","957.71","957.71","","0.16%"
"05/30/2007","960.94","960.94","960.94","960.94","","0.34%"
"05/31/2007","961.10","961.10","961.10","961.10","","0.02%"
"06/01/2007","962.56","962.56","962.56","962.56","","0.15%"
"06/04/2007","963.58","963.58","963.58","963.58","","0.11%"
"06/05/2007","962.98","962.98","962.98","962.98","","-0.06%"
"06/06/2007","960.16","960.16","960.16","960.16","","-0.29%"
"06/07/2007","949.94","949.94","949.94","949.94","","-1.06%"
"06/08/2007","958.31","958.31","958.31","958.31","","0.88%"
"06/11/2007","960.13","960.13","960.13","960.13","","0.19%"
"06/12/2007","953.01","953.01","953.01","953.01","","-0.74%"
"06/13/2007","963.69","963.69","963.69","963.69","","1.12%"
"06/14/2007","966.96","966.96","966.96","966.96","","0.34%"
"06/15/2007","966.63","966.63","966.63","966.63","","-0.03%"
"06/18/2007","966.47","966.47","966.47","966.47","","-0.02%"
"06/19/2007","966.21","966.21","966.21","966.21","","-0.03%"
"06/20/2007","960.70","960.70","960.70","906.70","","-0.57%"
"06/21/2007","965.06","965.06","965.06","965.06","","0.45%"
"06/22/2007","956.91","956.91","956.91","956.91","","-0.84%"
"06/25/2007","955.05","955.05","955.05","955.05","","-0.19%"
"06/26/2007","952.23","952.23","952.23","952.23","","-0.30%"
"06/27/2007","960.70","960.70","960.70","960.70","","0.89%"
"06/28/2007","960.44","960.44","960.44","960.44","","-0.03%"
"06/29/2007","958.90","958.90","958.90","958.90","","-0.16%"
"07/02/2007","967.63","967.63","967.63","967.63","","0.91%"
"07/03/2007","970.26","970.26","970.26","970.26","","0.27%"
"07/05/2007","971.10","971.10","971.10","971.10","","0.09%"
"07/06/2007","973.51","973.51","973.51","973.51","","0.25%"
"07/09/2007","974.82","974.82","974.82","974.82","","0.13%"
"07/10/2007","965.39","965.39","965.39","965.39","","-0.97%"
"07/11/2007","970.08","970.08","970.08","970.08","","0.49%"
"07/12/2007","979.35","979.35","979.35","979.35","","0.96%"
"07/13/2007","981.11","981.11","981.11","981.11","","0.18%"
"07/16/2007","981.95","981.95","981.95","981.95","","0.09%"
"07/17/2007","982.83","982.83","982.83","982.83","","0.09%"
"07/18/2007","982.99","982.99","982.99","982.99","","0.02%"
"07/19/2007","984.42","984.42","984.42","984.42","","0.15%"
"07/20/2007","983.30","983.35","983.35","983.30","","-0.11%"
"07/23/2007","986.76","986.76","986.76","986.76","","0.35%"
"07/24/2007","976.16","976.16","976.16","976.16","","-1.07%"
"07/25/2007","979.30","979.30","979.30","979.30","","0.32%"
"07/26/2007","963.12","963.12","963.12","963.12","","-1.65%"
"07/27/2007","947.86","947.86","947.86","947.86","","-1.58%"
"07/30/2007","958.17","958.17","958.17","958.17","","1.09%"
"07/31/2007","946.16","946.16","946.16","946.16","","-1.25%"
"08/01/2007","953.99","953.99","953.99","953.99","","0.83%"
"08/02/2007","958.63","958.63","958.63","958.63","","0.49%"
"08/03/2007","932.86","932.86","932.86","932.86","","-2.69%"
"08/06/2007","956.09","956.09","956.09","956.09","","2.49%"
"08/07/2007","961.63","961.63","961.63","961.63","","0.58%"
"08/08/2007","974.03","974.03","974.03","974.03","","1.29%"
"08/09/2007","947.94","947.94","947.94","947.94","","-2.68%"
"08/10/2007","947.81","947.81","947.81","947.81","","-0.01%"
"08/13/2007","948.01","948.01","948.01","948.01","","0.02%"
"08/14/2007","930.07","930.07","930.07","930.07","","-1.89%"
"08/15/2007","917.41","917.41","917.41","917.41","","-1.36%"
"08/16/2007","922.44","922.44","922.44","922.44","","0.55%"
"08/17/2007","949.43","949.43","949.43","949.43","","2.93%"
"08/20/2007","953.50","953.50","953.50","953.50","","0.43%"
"08/21/2007","955.56","955.56","955.56","955.56","","0.22%"
"08/22/2007","960.53","960.53","960.53","960.53","","0.52%"
"08/23/2007","961.63","961.63","961.63","961.63","","0.11%"
"08/24/2007","965.40","965.40","965.40","965.40","","0.39%"
"08/27/2007","964.19","964.19","964.19","964.19","","-0.13%"
"08/28/2007","955.47","955.47","955.47","955.47","","-0.90%"
"08/29/2007","963.57","963.57","963.57","963.57","","0.85%"
"08/30/2007","962.26","962.26","962.26","962.26","","-0.14%"
"08/31/2007","965.42","965.42","965.42","965.42","","0.33%"
"09/04/2007","970.66","970.66","970.66","970.66","","0.54%"
"09/05/2007","967.74","967.74","967.74","967.74","","-0.30%"
"09/06/2007","969.97","969.97","969.97","969.97","","0.23%"
"09/07/2007","965.74","965.74","965.74","965.74","","-0.44%"
"09/10/2007","966.66","966.66","966.66","966.66","","0.10%"
"09/11/2007","971.57","971.57","971.57","971.57","","0.51%"
"09/12/2007","972.29","972.29","972.29","972.29","","0.07%"
"09/13/2007","973.69","973.69","973.69","973.69","","0.14%"
"09/14/2007","975.03","975.03","975.03","975.03","","0.14%"
"09/17/2007","975.19","975.19","975.19","975.19","","0.02%"
"09/18/2007","977.85","977.85","977.85","977.85","","0.27%"
"09/19/2007","978.07","978.07","978.07","978.07","","0.02%"
"09/20/2007","978.22","978.22","978.22","978.22","","0.02%"
"09/24/2007","976.41","976.41","976.41","976.41","","-0.19%"
"09/25/2007","977.89","977.89","977.89","977.89","","0.15%"
"09/26/2007","981.02","981.02","981.02","981.02","","0.32%"
"09/27/2007","983.05","983.05","983.05","983.05","","0.21%"
"09/28/2007","981.42","981.42","981.42","981.42","","-0.17%"
"10/01/2007","987.38","987.38","987.38","987.38","","0.61%"
"10/02/2007","987.16","987.16","987.16","987.16","","-0.02%"
"10/03/2007","986.72","986.72","986.72","986.72","","-0.04%"
"10/04/2007","987.79","987.79","987.79","987.79","","0.11%"
"10/05/2007","991.30","991.30","991.30","991.30","","0.36%"
"10/08/2007","991.64","991.64","991.64","991.64","","0.03%"
"10/09/2007","993.90","993.90","993.90","993.90","","0.23%"
"10/10/2007","993.74","993.74","993.74","993.74","","-0.02%"
"10/11/2007","992.33","992.33","992.33","992.33","","-0.14%"
"10/12/2007","994.56","994.56","994.56","994.56","","0.22%"
"10/15/2007","993.93","993.93","993.93","993.93","","-0.06%"
"10/16/2007","993.62","993.62","993.62","993.62","","-0.03%"
"10/17/2007","995.22","995.22","995.22","995.22","","0.16%"
"10/18/2007","996.53","996.53","996.53","996.53","","0.13%"
"10/19/2007","988.27","988.27","988.27","988.27","","-0.83%"
"10/22/2007","992.95","992.95","992.95","992.95","","0.47%"
"10/23/2007","998.53","998.53","998.53","998.53","","0.56%"
"10/24/2007","997.52","997.52","997.52","997.52","","-0.10%"
"10/25/2007","995.95","995.95","995.95","995.95","","-0.16%"
"10/26/2007","1,003.37","1,003.37","1,003.37","1,003.37","","0.75%"
"10/29/2007","1,005.33","1,005.33","1,005.33","1,005.33","","0.20%"
"10/30/2007","1,002.88","1,002.88","1,002.88","1,002.88","","-0.24%"
"10/31/2007","1,008.83","1,008.83","1,008.83","1,008.83","","0.59%"
"11/01/2007","996.07","996.07","996.07","996.07","","-1.26%"
"11/02/2007","998.70","998.70","998.70","998.70","","0.26%"
"11/05/2007","997.09","997.09","997.09","997.09","","-0.16%"
"11/06/2007","1,005.76","1,005.76","1,005.76","1,005.76","","0.87%"
"11/07/2007","985.24","985.24","985.24","985.24","","-2.04%"
"11/08/2007","986.69","986.69","986.69","986.69","","0.15%"
"11/09/2007","973.86","973.86","973.86","973.86","","-1.30%"
"11/12/2007","965.95","965.95","965.95","965.95","","-0.81%"
"11/13/2007","993.56","993.56","993.56","993.56","","2.86%"
"11/15/2007","974.86","974.86","974.86","974.86","","-1.88%"
"11/16/2007","983.94","983.94","983.94","983.94","","0.93%"
"11/19/2007","978.02","978.02","978.02","978.02","","-0.60%"
"11/20/2007","980.78","980.78","980.78","980.78","","0.28%"
"11/21/2007","971.49","971.49","971.49","971.49","","-0.95%"
"11/23/2007","981.27","981.27","981.27","981.27","","1.01%"
"11/26/2007","967.54","967.54","967.54","967.54","","-1.40%"
"11/27/2007","978.98","978.98","978.98","978.98","","1.18%"
"11/28/2007","992.87","992.87","992.87","992.87","","1.42%"
"11/29/2007","993.81","993.81","993.81","993.81","","0.09%"
"11/30/2007","998.17","998.17","998.17","998.17","","0.44%"
"12/03/2007","997.12","997.12","997.12","997.12","","-0.11%"
"12/04/2007","995.50","995.50","995.50","995.50","","-0.16%"
"12/05/2007","1,001.55","1,001.55","1,001.55","1,001.55","","0.61%"
"12/06/2007","1,005.60","1,005.60","1,005.60","1,005.60","","0.40%"
"12/07/2007","1,005.69","1,005.69","1,005.69","1,005.69","","0.01%"
"12/10/2007","1,007.94","1,007.94","1,007.94","1,007.94","","0.22%"
"12/11/2007","1,002.71","1,002.71","1,002.71","1,002.71","","-0.52%"
"12/12/2007","1,005.88","1,005.88","1,005.88","1,005.88","","0.32%"
"12/13/2007","1,007.13","1,007.13","1,007.13","1,007.13","","0.12%"
"12/14/2007","1,004.60","1,004.60","1,004.60","1,004.60","","-0.25%"
"12/17/2007","1,000.89","1,000.89","1,000.89","1,000.89","","-0.37%"
"12/18/2007","1,005.75","1,005.75","1,005.75","1,005.75","","0.49%"
"12/19/2007","1,007.45","1,007.45","1,007.45","1,007.45","","0.17%"
"12/20/2007","1,010.85","1,010.85","1,010.85","1,010.85","","0.34%"
"12/21/2007","1,014.83","1,014.83","1,014.83","1,014.83","","0.39%"
"12/24/2007","1,018.15","1,018.15","1,018.15","1,018.15","","0.33%"
"12/26/2007","1,019.46","1,019.46","1,019.46","1,019.46","","0.13%"
"12/27/2007","1,013.77","1,013.77","1,013.77","1,013.77","","-0.56%"
"12/28/2007","1,013.90","1,013.90","1,013.90","1,013.90","","0.01%"
"12/31/2007","1,010.61","1,010.61","1,010.61","1,010.61","","-0.32%"
"01/02/2008","1,003.51","1,003.51","1,003.51","1,003.51","","-0.70%"
"01/03/2008","1,004.38","1,004.38","1,004.38","1,004.38","","0.09%"
"01/04/2008","985.29","985.29","985.29","985.29","","-1.90%"
"01/07/2008","989.95","989.95","989.95","989.95","","0.47%"
"01/08/2008","972.86","972.86","972.86","972.86","","-1.73%"
"01/09/2008","986.29","986.29","986.29","986.29","","1.38%"
"01/10/2008","993.01","993.01","993.01","993.01","","0.68%"
"01/11/2008","981.48","981.48","981.48","981.48","","-1.16%"
"01/14/2008","991.89","991.89","991.89","991.89","","1.06%"
"01/15/2008","967.23","967.23","967.23","967.23","","-2.49%"
"01/16/2008","961.33","961.33","961.33","961.33","","-0.61%"
"01/17/2008","933.52","933.52","933.52","933.52","","-2.89%"
"01/18/2008","935.82","1,034.78","1,034.78","935.82","","0.25%"
"01/22/2008","929.58","929.58","929.58","929.58","","-0.67%"
"01/23/2008","940.99","940.99","940.99","940.99","","1.23%"
"01/24/2008","946.59","946.59","946.59","946.59","","0.60%"
"01/25/2008","939.36","939.36","939.36","939.36","","-0.76%"
"01/28/2008","949.13","949.13","949.13","949.13","","1.04%"
"01/29/2008","951.25","951.25","951.25","951.25","","0.22%"
"01/30/2008","950.18","950.18","950.18","950.18","","-0.11%"
"01/31/2008","956.30","956.30","956.30","956.30","","0.64%"
"02/01/2008","961.54","961.54","961.54","961.54","","0.55%"
"02/04/2008","960.63","960.63","960.63","960.63","","-0.09%"
"02/05/2008","950.14","950.14","950.14","950.14","","-1.09%"
"02/06/2008","947.55","947.55","947.55","947.55","","-0.27%"
"02/07/2008","953.23","953.23","953.23","953.23","","0.60%"
"02/08/2008","952.30","952.30","952.30","952.30","","-0.10%"
"02/11/2008","957.94","957.94","957.94","957.94","","0.59%"
"02/12/2008","962.53","962.53","962.53","962.53","","0.48%"
"02/13/2008","967.38","967.38","967.38","967.38","","0.50%"
"02/14/2008","967.25","967.25","967.25","967.25","","-0.01%"
"02/15/2008","971.77","971.77","971.77","971.77","","0.47%"
"02/19/2008","973.30","973.30","973.30","973.30","","0.16%"
"02/20/2008","978.29","978.29","978.29","978.29","","0.51%"
"02/21/2008","973.43","973.43","973.43","973.43","","-0.50%"
"02/22/2008","978.84","978.84","978.84","978.84","","0.56%"
"02/25/2008","985.08","985.08","985.08","985.08","","0.64%"
"02/26/2008","988.32","988.32","988.32","988.32","","0.33%"
"02/27/2008","988.12","988.12","988.12","988.12","","-0.02%"
"02/28/2008","985.61","985.61","985.61","985.61","","-0.25%"
"02/29/2008","972.68","972.68","972.68","972.68","","-1.31%"
"03/03/2008","974.67","974.67","974.67","974.67","","0.20%"
"03/04/2008","974.21","974.21","974.21","974.21","","-0.05%"
"03/05/2008","978.65","978.65","978.65","978.65","","0.46%"
"03/06/2008","964.56","964.56","964.56","964.56","","-1.44%"
"03/07/2008","959.99","959.99","959.99","959.99","","-0.47%"
"03/10/2008","949.25","949.25","949.25","949.25","","-1.12%"
"03/11/2008","977.06","977.06","977.06","977.06","","2.93%"
"03/12/2008","972.05","972.05","972.05","972.05","","-0.51%"
"03/13/2008","976.00","976.00","976.00","976.00","","0.41%"
"03/14/2008","957.20","957.20","957.20","957.20","","-1.93%"
"03/17/2008","951.31","951.31","951.31","951.31","","-0.62%"
"03/18/2008","987.60","987.60","987.60","987.60","","3.81%"
"03/19/2008","969.82","969.82","969.82","969.82","","-1.80%"
"03/20/2008","979.77","979.77","979.77","979.77","","1.03%"
"03/24/2008","987.39","987.39","987.39","987.39","","0.78%"
"03/25/2008","988.52","988.52","988.52","988.52","","0.11%"
"03/26/2008","986.40","986.40","986.40","986.40","","-0.21%"
"03/27/2008","983.48","983.48","983.48","983.48","","-0.30%"
"03/28/2008","981.24","981.24","981.24","981.24","","-0.23%"
"03/31/2008","984.81","984.81","984.81","984.81","","0.36%"
"04/01/2008","997.14","997.14","997.14","997.14","","1.25%"
"04/02/2008","997.28","997.28","997.28","997.28","","0.01%"
"04/03/2008","997.92","997.92","997.92","997.92","","0.06%"
"04/04/2008","999.40","999.40","999.40","999.40","","0.15%"
"04/07/2008","1,000.55","1,000.55","1,000.55","1,000.55","","0.12%"
"04/08/2008","1,000.70","1,000.70","1,000.70","1,000.70","","0.01%"
"04/09/2008","999.92","999.92","999.92","999.92","","-0.08%"
"04/10/2008","1,001.38","1,001.38","1,001.38","1,001.38","","0.15%"
"04/11/2008","997.63","997.63","997.63","997.63","","-0.37%"
"04/14/2008","998.67","998.67","998.67","998.67","","0.10%"
"04/15/2008","1,001.38","1,001.38","1,001.38","1,001.38","","0.27%"
"04/16/2008","1,003.84","1,003.84","1,003.84","1,003.84","","0.25%"