Date,Price
1988-06-02,100.02
1988-06-03,100.04
1988-06-06,100.09
1988-06-07,100.11
1988-06-08,100.13
1988-06-09,100.15
1988-06-10,100.16
1988-06-13,100.22
1988-06-14,100.24
1988-06-15,100.25
1988-06-16,100.27
1988-06-17,100.2
1988-06-20,100.18
1988-06-21,100.72
1988-06-22,101.31
1988-06-23,101.26
1988-06-24,101.04
1988-06-27,100.29
1988-06-28,101.04
1988-06-29,100.99
1988-06-30,101.48
1988-07-01,101.34
1988-07-05,102.05
1988-07-06,101.45
1988-07-07,101.64
1988-07-08,101.59
1988-07-11,101.99
1988-07-12,101.52
1988-07-13,102.13
1988-07-14,102.36
1988-07-15,102.76
1988-07-18,102.74
1988-07-19,102.25
1988-07-20,102.56
1988-07-21,101.73
1988-07-22,101.14
1988-07-25,101.51
1988-07-26,101.77
1988-07-27,101.11
1988-07-28,102.23
1988-07-29,103.42
1988-08-01,103.67
1988-08-02,103.74
1988-08-03,104.0
1988-08-04,103.91
1988-08-05,103.79
1988-08-08,103.68
1988-08-09,102.97
1988-08-10,101.69
1988-08-11,102.18
1988-08-12,101.98
1988-08-15,100.94
1988-08-16,101.78
1988-08-17,101.68
1988-08-18,101.94
1988-08-19,101.52
1988-08-22,100.63
1988-08-23,100.9
1988-08-24,101.77
1988-08-25,101.54
1988-08-26,101.69
1988-08-29,102.37
1988-08-30,102.54
1988-08-31,102.46
1988-09-01,101.74
1988-09-02,103.03
1988-09-06,103.34
1988-09-07,103.4
1988-09-08,103.44
1988-09-09,103.63
1988-09-12,103.74
1988-09-13,103.82
1988-09-14,103.94
1988-09-15,103.99
1988-09-16,103.99
1988-09-19,103.96
1988-09-20,104.23
1988-09-21,104.37
1988-09-22,104.22
1988-09-23,104.49
1988-09-26,104.4
1988-09-27,104.32
1988-09-28,104.59
1988-09-29,105.28
1988-09-30,105.19
1988-10-03,105.18
1988-10-04,105.15
1988-10-05,105.33
1988-10-06,105.44
1988-10-07,106.05
1988-10-10,106.19
1988-10-11,106.22
1988-10-12,105.84
1988-10-13,106.14
1988-10-14,106.25
1988-10-17,106.45
1988-10-18,106.56
1988-10-19,106.49
1988-10-20,106.65
1988-10-21,106.68
1988-10-24,106.62
1988-10-25,106.65
1988-10-26,106.47
1988-10-27,105.67
1988-10-28,106.03
1988-10-31,106.22
1988-11-01,106.36
1988-11-02,106.53
1988-11-03,106.55
1988-11-04,105.94
1988-11-07,105.59
1988-11-08,105.78
1988-11-09,105.73
1988-11-10,105.78
1988-11-11,103.83
1988-11-14,103.94
1988-11-15,104.11
1988-11-16,102.12
1988-11-17,102.72
1988-11-18,103.41
1988-11-21,103.76
1988-11-22,104.08
1988-11-23,104.34
1988-11-25,104.1
1988-11-28,104.52
1988-11-29,104.97
1988-11-30,105.18
1988-12-01,105.17
1988-12-02,105.13
1988-12-05,105.51
1988-12-06,105.61
1988-12-07,105.62
1988-12-08,105.66
1988-12-09,105.68
1988-12-12,105.79
1988-12-13,105.81
1988-12-14,105.88
1988-12-15,105.92
1988-12-16,105.92
1988-12-19,106.57
1988-12-20,106.36
1988-12-21,106.43
1988-12-22,106.45
1988-12-23,106.57
1988-12-27,106.58
1988-12-28,106.7
1988-12-29,106.97
1988-12-30,106.9
1989-01-03,106.62
1989-01-04,107.32
1989-01-05,107.41
1989-01-06,107.56
1989-01-09,107.7
1989-01-10,107.73
1989-01-11,107.85
1989-01-12,107.97
1989-01-13,108.04
1989-01-16,108.14
1989-01-17,108.16
1989-01-18,108.23
1989-01-19,108.25
1989-01-20,108.26
1989-01-23,108.02
1989-01-24,108.67
1989-01-25,108.81
1989-01-26,109.05
1989-01-27,109.17
1989-01-30,109.41
1989-01-31,109.64
1989-02-01,109.66
1989-02-02,109.69
1989-02-03,109.76
1989-02-06,109.81
1989-02-07,109.95
1989-02-08,109.95
1989-02-09,109.96
1989-02-10,109.84
1989-02-13,110.05
1989-02-14,110.08
1989-02-15,110.22
1989-02-16,110.24
1989-02-17,110.18
1989-02-21,110.15
1989-02-22,109.29
1989-02-23,109.51
1989-02-24,108.25
1989-02-27,108.76
1989-02-28,109.05
1989-03-01,108.67
1989-03-02,109.58
1989-03-03,109.96
1989-03-06,110.78
1989-03-07,110.76
1989-03-08,110.9
1989-03-09,110.88
1989-03-10,110.79
1989-03-13,111.44
1989-03-14,111.41
1989-03-15,111.82
1989-03-16,112.07
1989-03-17,111.21
1989-03-20,111.12
1989-03-21,111.61
1989-03-22,111.52
1989-03-23,111.37
1989-03-27,111.8
1989-03-28,112.08
1989-03-29,112.25
1989-03-30,112.25
1989-03-31,112.58
1989-04-03,112.85
1989-04-04,112.86
1989-04-05,113.0
1989-04-06,112.9
1989-04-07,113.13
1989-04-10,113.22
1989-04-11,113.35
1989-04-12,113.4
1989-04-13,113.25
1989-04-14,113.6
1989-04-17,113.7
1989-04-18,113.76
1989-04-19,113.78
1989-04-20,113.81
1989-04-21,113.81
1989-04-24,113.92
1989-04-25,113.72
1989-04-26,113.77
1989-04-27,114.07
1989-04-28,114.12
1989-05-01,114.24
1989-05-02,114.21
1989-05-03,114.27
1989-05-04,114.29
1989-05-05,114.39
1989-05-08,114.39
1989-05-09,114.29
1989-05-10,114.41
1989-05-11,114.62
1989-05-12,115.23
1989-05-15,115.35
1989-05-16,115.4
1989-05-17,115.45
1989-05-18,115.5
1989-05-19,115.49
1989-05-22,115.74
1989-05-23,115.35
1989-05-24,115.59
1989-05-25,115.68
1989-05-26,116.1
1989-05-30,115.89
1989-05-31,116.15
1989-06-01,116.47
1989-06-02,116.94
1989-06-05,116.65
1989-06-06,117.0
1989-06-07,117.27
1989-06-08,117.25
1989-06-09,117.31
1989-06-12,117.45
1989-06-13,117.42
1989-06-14,117.46
1989-06-15,117.25
1989-06-16,117.74
1989-06-19,118.05
1989-06-20,118.11
1989-06-21,118.02
1989-06-22,118.33
1989-06-23,118.89
1989-06-26,118.92
1989-06-27,119.1
1989-06-28,118.92
1989-06-29,118.1
1989-06-30,117.78
1989-07-03,118.16
1989-07-05,118.55
1989-07-06,118.67
1989-07-07,119.27
1989-07-10,119.53
1989-07-11,119.63
1989-07-12,119.71
1989-07-13,119.72
1989-07-14,119.85
1989-07-17,120.01
1989-07-18,120.02
1989-07-19,120.1
1989-07-20,120.13
1989-07-21,120.1
1989-07-24,120.05
1989-07-25,120.06
1989-07-26,120.77
1989-07-27,121.11
1989-07-28,121.24
1989-07-31,121.59
1989-08-01,121.38
1989-08-02,121.5
1989-08-03,121.63
1989-08-04,121.69
1989-08-07,122.05
1989-08-08,122.13
1989-08-09,122.08
1989-08-10,122.15
1989-08-11,122.06
1989-08-14,122.21
1989-08-15,122.4
1989-08-16,122.46
1989-08-17,122.51
1989-08-18,122.51
1989-08-21,121.73
1989-08-22,122.07
1989-08-23,122.8
1989-08-24,123.51
1989-08-25,123.48
1989-08-28,123.71
1989-08-29,123.53
1989-08-30,123.76
1989-08-31,123.79
1989-09-01,124.12
1989-09-05,124.27
1989-09-06,124.02
1989-09-07,124.11
1989-09-08,124.26
1989-09-11,124.36
1989-09-12,124.58
1989-09-13,124.24
1989-09-14,124.14
1989-09-15,124.88
1989-09-18,125.4
1989-09-19,125.45
1989-09-20,125.48
1989-09-21,125.44
1989-09-22,125.7
1989-09-25,125.41
1989-09-26,125.6
1989-09-27,125.79
1989-09-28,126.23
1989-09-29,126.28
1989-10-02,126.7
1989-10-03,126.95
1989-10-04,127.03
1989-10-05,127.08
1989-10-06,127.18
1989-10-09,127.35
1989-10-10,127.35
1989-10-11,127.33
1989-10-12,127.37
1989-10-13,120.9
1989-10-16,125.43
1989-10-17,125.55
1989-10-18,126.08
1989-10-19,127.22
1989-10-20,127.66
1989-10-23,127.58
1989-10-24,127.16
1989-10-25,126.91
1989-10-26,125.94
1989-10-27,125.26
1989-10-30,125.72
1989-10-31,127.39
1989-11-01,127.82
1989-11-02,127.0
1989-11-03,127.07
1989-11-06,125.45
1989-11-07,126.33
1989-11-08,127.4
1989-11-09,127.03
1989-11-10,128.08
1989-11-13,128.59
1989-11-14,127.86
1989-11-15,128.74
1989-11-16,128.8
1989-11-17,129.39
1989-11-20,129.18
1989-11-21,129.3
1989-11-22,129.74
1989-11-24,130.14
1989-11-27,130.52
1989-11-28,130.5
1989-11-29,130.28
1989-11-30,130.66
1989-12-01,131.08
1989-12-04,131.27
1989-12-05,131.25
1989-12-06,131.33
1989-12-07,131.31
1989-12-08,131.52
1989-12-11,131.67
1989-12-12,131.73
1989-12-13,131.81
1989-12-14,131.84
1989-12-15,131.93
1989-12-18,130.69
1989-12-19,130.52
1989-12-20,130.74
1989-12-21,131.13
1989-12-22,131.98
1989-12-26,132.03
1989-12-27,132.56
1989-12-28,132.93
1989-12-29,133.17
1990-01-02,133.84
1990-01-03,133.87
1990-01-04,133.72
1990-01-05,133.28
1990-01-08,133.76
1990-01-09,133.13
1990-01-10,132.72
1990-01-11,133.31
1990-01-12,130.08
1990-01-15,129.76
1990-01-16,131.14
1990-01-17,129.62
1990-01-18,130.67
1990-01-19,130.73
1990-01-22,128.5
1990-01-23,129.52
1990-01-24,129.45
1990-01-25,128.04
1990-01-26,128.01
1990-01-29,128.2
1990-01-30,127.73
1990-01-31,129.45
1990-02-01,129.65
1990-02-02,130.11
1990-02-05,130.69
1990-02-06,130.22
1990-02-07,131.47
1990-02-08,131.6
1990-02-09,131.77
1990-02-12,130.79
1990-02-13,131.34
1990-02-14,131.62
1990-02-15,132.9
1990-02-16,132.43
1990-02-20,131.6
1990-02-21,131.73
1990-02-22,131.43
1990-02-23,131.07
1990-02-26,132.52
1990-02-27,132.81
1990-02-28,133.19
1990-03-01,133.35
1990-03-02,133.82
1990-03-05,133.97
1990-03-06,134.5
1990-03-07,134.38
1990-03-08,134.76
1990-03-09,134.72
1990-03-12,134.98
1990-03-13,134.83
1990-03-14,135.05
1990-03-15,135.21
1990-03-16,135.25
1990-03-19,135.62
1990-03-20,135.01
1990-03-21,134.79
1990-03-22,133.95
1990-03-23,134.49
1990-03-26,134.86
1990-03-27,135.75
1990-03-28,135.76
1990-03-29,135.68
1990-03-30,135.13
1990-04-02,135.37
1990-04-03,136.37
1990-04-04,135.86
1990-04-05,136.04
1990-04-06,136.0
1990-04-09,136.47
1990-04-10,136.8
1990-04-11,136.96
1990-04-12,137.45
1990-04-16,137.58
1990-04-17,137.77
1990-04-18,137.28
1990-04-19,136.97
1990-04-20,136.11
1990-04-23,135.75
1990-04-24,135.7
1990-04-25,136.12
1990-04-26,136.49
1990-04-27,135.4
1990-04-30,136.27
1990-05-01,136.54
1990-05-02,137.25
1990-05-03,137.56
1990-05-04,138.32
1990-05-07,138.65
1990-05-08,138.85
1990-05-09,138.89
1990-05-10,139.1
1990-05-11,139.3
1990-05-14,139.43
1990-05-15,139.47
1990-05-16,139.53
1990-05-17,139.57
1990-05-18,139.6
1990-05-21,140.23
1990-05-22,140.26
1990-05-23,140.34
1990-05-24,140.32
1990-05-25,139.94
1990-05-29,140.83
1990-05-30,140.91
1990-05-31,140.95
1990-06-01,141.1
1990-06-04,141.39
1990-06-05,141.41
1990-06-06,141.47
1990-06-07,141.5
1990-06-08,141.43
1990-06-11,141.71
1990-06-12,141.78
1990-06-13,141.81
1990-06-14,141.89
1990-06-15,141.88
1990-06-18,141.05
1990-06-19,141.56
1990-06-20,141.76
1990-06-21,142.15
1990-06-22,141.07
1990-06-25,140.21
1990-06-26,140.17
1990-06-27,141.23
1990-06-28,141.76
1990-06-29,141.97
1990-07-02,142.49
1990-07-03,142.7
1990-07-05,141.7
1990-07-06,142.54
1990-07-09,142.96
1990-07-10,142.29
1990-07-11,143.45
1990-07-12,144.0
1990-07-13,144.16
1990-07-16,144.44
1990-07-17,144.47
1990-07-18,144.43
1990-07-19,144.65
1990-07-20,144.69
1990-07-23,143.27
1990-07-24,143.74
1990-07-25,144.28
1990-07-26,143.83
1990-07-27,143.3
1990-07-30,144.08
1990-07-31,144.19
1990-08-01,144.17
1990-08-02,143.03
1990-08-03,140.6
1990-08-06,137.05
1990-08-07,137.13
1990-08-08,138.45
1990-08-09,139.15
1990-08-10,137.54
1990-08-13,138.86
1990-08-14,139.2
1990-08-15,139.59
1990-08-16,136.45
1990-08-17,134.46
1990-08-20,134.86
1990-08-21,133.51
1990-08-22,132.2
1990-08-23,129.08
1990-08-24,130.71
1990-08-27,134.05
1990-08-28,134.19
1990-08-29,134.86
1990-08-30,133.47
1990-08-31,134.38
1990-09-04,135.14
1990-09-05,135.67
1990-09-06,134.8
1990-09-07,135.71
1990-09-10,135.61
1990-09-11,135.9
1990-09-12,136.17
1990-09-13,135.19
1990-09-14,134.63
1990-09-17,135.41
1990-09-18,135.65
1990-09-19,135.09
1990-09-20,132.83
1990-09-21,132.94
1990-09-24,131.86
1990-09-25,132.88
1990-09-26,132.31
1990-09-27,131.17
1990-09-28,132.42
1990-10-01,134.6
1990-10-02,134.66
1990-10-03,134.33
1990-10-04,134.72
1990-10-05,134.69
1990-10-08,135.41
1990-10-09,133.12
1990-10-10,131.85
1990-10-11,130.19
1990-10-12,132.21
1990-10-15,133.7
1990-10-16,132.1
1990-10-17,132.08
1990-10-18,134.92
1990-10-19,136.99
1990-10-22,137.88
1990-10-23,137.42
1990-10-24,137.68
1990-10-25,137.11
1990-10-26,135.72
1990-10-29,135.41
1990-10-30,136.24
1990-10-31,136.15
1990-11-01,137.18
1990-11-02,138.2
1990-11-05,139.06
1990-11-06,138.72
1990-11-07,137.44
1990-11-08,138.01
1990-11-09,139.6
1990-11-12,140.6
1990-11-13,140.7
1990-11-14,140.87
1990-11-15,140.9
1990-11-16,141.0
1990-11-19,141.83
1990-11-20,141.29
1990-11-21,141.55
1990-11-23,141.32
1990-11-26,141.75
1990-11-27,142.09
1990-11-28,142.18
1990-11-29,141.92
1990-11-30,143.13
1990-12-03,143.36
1990-12-04,143.7
1990-12-05,143.97
1990-12-06,143.93
1990-12-07,143.93
1990-12-10,144.16
1990-12-11,144.23
1990-12-12,144.39
1990-12-13,144.48
1990-12-14,144.46
1990-12-17,144.61
1990-12-18,144.74
1990-12-19,144.79
1990-12-20,144.86
1990-12-21,144.85
1990-12-24,144.43
1990-12-26,145.11
1990-12-27,144.49
1990-12-28,144.75
1990-12-31,145.0
1991-01-02,144.78
1991-01-03,143.49
1991-01-04,143.33
1991-01-07,141.34
1991-01-08,141.14
1991-01-09,139.26
1991-01-10,140.86
1991-01-11,140.89
1991-01-14,139.97
1991-01-15,140.39
1991-01-16,141.88
1991-01-17,147.13
1991-01-18,148.05
1991-01-21,148.46
1991-01-22,147.65
1991-01-23,148.4
1991-01-24,149.33
1991-01-25,149.76
1991-01-28,149.93
1991-01-29,149.99
1991-01-30,150.73
1991-01-31,151.0
1991-02-01,150.98
1991-02-04,151.41
1991-02-05,151.48
1991-02-06,151.61
1991-02-07,151.62
1991-02-08,151.72
1991-02-11,151.85
1991-02-12,151.92
1991-02-13,151.97
1991-02-14,152.01
1991-02-15,151.95
1991-02-19,152.29
1991-02-20,151.57
1991-02-21,151.68
1991-02-22,151.76
1991-02-25,152.26
1991-02-26,151.65
1991-02-27,152.73
1991-02-28,152.84
1991-03-05,154.23
1991-03-06,154.19
1991-03-07,154.29
1991-03-08,154.34
1991-03-11,154.46
1991-03-12,154.39
1991-03-13,154.78
1991-03-14,154.83
1991-03-15,154.52
1991-03-18,154.25
1991-03-19,153.22
1991-03-20,153.56
1991-03-21,153.27
1991-03-22,153.48
1991-03-25,154.17
1991-03-26,155.34
1991-03-27,155.2
1991-03-28,154.99
1991-04-01,154.67
1991-04-02,155.9
1991-04-03,155.81
1991-04-04,155.92
1991-04-05,155.65
1991-04-08,156.26
1991-04-09,155.67
1991-04-10,155.77
1991-04-11,156.4
1991-04-12,156.63
1991-04-15,156.81
1991-04-16,156.96
1991-04-17,157.04
1991-04-18,157.08
1991-04-19,157.05
1991-04-22,156.68
1991-04-23,156.73
1991-04-24,157.02
1991-04-25,156.44
1991-04-26,156.5
1991-04-29,155.63
1991-04-30,156.05
1991-05-01,157.15
1991-05-02,157.28
1991-05-03,157.52
1991-05-06,157.55
1991-05-07,157.21
1991-05-08,157.55
1991-05-09,158.44
1991-05-10,156.58
1991-05-13,157.44
1991-05-14,155.63
1991-05-15,154.61
1991-05-16,156.37
1991-05-17,156.34
1991-05-20,156.31
1991-05-21,156.98
1991-05-22,157.11
1991-05-23,156.97
1991-05-24,157.43
1991-05-28,158.01
1991-05-29,158.11
1991-05-30,158.32
1991-05-31,158.39
1991-06-03,158.46
1991-06-04,158.52
1991-06-05,158.49
1991-06-06,158.48
1991-06-07,158.48
1991-06-10,158.48
1991-06-11,158.68
1991-06-12,158.42
1991-06-13,158.67
1991-06-14,158.94
1991-06-17,158.98
1991-06-18,159.08
1991-06-19,159.01
1991-06-20,159.15
1991-06-21,159.2
1991-06-24,157.9
1991-06-25,157.87
1991-06-26,158.54
1991-06-27,159.02
1991-06-28,157.94
1991-07-01,159.69
1991-07-02,159.98
1991-07-03,158.93
1991-07-05,159.52
1991-07-08,160.1
1991-07-09,160.1
1991-07-10,160.2
1991-07-11,160.53
1991-07-12,161.2
1991-07-15,161.51
1991-07-16,161.55
1991-07-17,161.62
1991-07-18,161.79
1991-07-19,161.77
1991-07-22,161.71
1991-07-23,161.03
1991-07-24,161.06
1991-07-25,161.65
1991-07-26,161.7
1991-07-29,162.26
1991-07-30,162.83
1991-07-31,162.96
1991-08-01,163.04
1991-08-02,163.06
1991-08-05,163.11
1991-08-06,163.63
1991-08-08,163.67
1991-08-09,163.63
1991-08-12,163.88
1991-08-13,164.01
1991-08-14,164.05
1991-08-15,164.1
1991-08-16,164.11
1991-08-19,161.63
1991-08-20,162.8
1991-08-21,165.16
1991-08-22,165.4
1991-08-23,165.79
1991-08-26,165.83
1991-08-27,165.93
1991-08-28,166.27
1991-08-29,166.29
1991-08-30,166.25
1991-09-03,166.19
1991-09-04,165.97
1991-09-05,165.91
1991-09-06,166.04
1991-09-09,166.06
1991-09-10,165.51
1991-09-11,165.7
1991-09-12,166.35
1991-09-13,165.75
1991-09-16,166.45
1991-09-17,166.72
1991-09-18,166.91
1991-09-19,167.29
1991-09-20,167.47
1991-09-23,167.49
1991-09-24,167.9
1991-09-25,167.82
1991-09-26,168.01
1991-09-27,167.76
1991-09-30,168.27
1991-10-01,168.58
1991-10-02,168.49
1991-10-03,167.85
1991-10-04,167.3
1991-10-07,166.85
1991-10-08,167.31
1991-10-09,166.23
1991-10-10,167.42
1991-10-11,167.86
1991-10-14,169.34
1991-10-15,169.88
1991-10-16,170.07
1991-10-17,170.12
1991-10-18,170.19
1991-10-21,169.79
1991-10-22,169.49
1991-10-23,169.68
1991-10-24,168.76
1991-10-25,168.59
1991-10-28,170.25
1991-10-29,170.69
1991-10-30,171.02
1991-10-31,171.04
1991-11-01,170.99
1991-11-04,170.84
1991-11-05,170.73
1991-11-06,171.03
1991-11-07,171.83
1991-11-08,171.94
1991-11-11,172.29
1991-11-12,172.65
1991-11-13,172.77
1991-11-14,172.83
1991-11-15,169.59
1991-11-18,170.71
1991-11-19,169.65
1991-11-20,169.42
1991-11-21,169.78
1991-11-22,168.89
1991-11-25,168.9
1991-11-26,169.95
1991-11-27,169.51
1991-11-29,169.5
1991-12-02,170.97
1991-12-03,171.02
1991-12-04,170.95
1991-12-05,170.49
1991-12-06,170.88
1991-12-09,171.01
1991-12-10,171.06
1991-12-11,171.05
1991-12-12,172.19
1991-12-13,172.75
1991-12-16,173.12
1991-12-17,173.07
1991-12-18,173.25
1991-12-19,173.29
1991-12-20,173.57
1991-12-23,175.05
1991-12-24,175.33
1991-12-26,175.68
1991-12-27,175.76
1991-12-30,175.88
1991-12-31,175.92
1992-01-02,176.02
1992-01-03,176.06
1992-01-06,176.17
1992-01-07,176.22
1992-01-08,176.27
1992-01-09,176.27
1992-01-10,176.33
1992-01-13,176.46
1992-01-14,176.49
1992-01-15,176.53
1992-01-16,176.57
1992-01-17,176.55
1992-01-20,176.51
1992-01-21,175.8
1992-01-22,176.99
1992-01-23,176.28
1992-01-24,176.68
1992-01-27,176.64
1992-01-28,176.48
1992-01-29,175.58
1992-01-30,175.93
1992-01-31,175.11
1992-02-03,175.42
1992-02-04,176.85
1992-02-05,177.04
1992-02-06,177.01
1992-02-07,176.49
1992-02-10,177.32
1992-02-11,177.75
1992-02-12,178.62
1992-02-13,177.77
1992-02-14,177.92
1992-02-18,176.36
1992-02-19,176.87
1992-02-20,178.71
1992-02-21,178.45
1992-02-24,178.56
1992-02-25,178.39
1992-02-26,179.26
1992-02-27,179.15
1992-02-28,179.06
1992-03-02,179.28
1992-03-03,179.25
1992-03-04,178.74
1992-03-05,178.21
1992-03-06,177.56
1992-03-09,177.93
1992-03-10,178.91
1992-03-11,177.91
1992-03-12,178.1
1992-03-13,178.67
1992-03-16,178.95
1992-03-17,180.35
1992-03-18,180.43
1992-03-19,180.81
1992-03-20,181.32
1992-03-23,181.44
1992-03-24,181.52
1992-03-25,181.62
1992-03-26,181.3
1992-03-27,180.2
1992-03-30,180.2
1992-03-31,180.22
1992-04-01,180.78
1992-04-02,179.25
1992-04-03,179.84
1992-04-06,181.53
1992-04-07,178.54
1992-04-08,177.35
1992-04-09,180.52
1992-04-10,181.47
1992-04-13,182.09
1992-04-14,183.99
1992-04-15,184.34
1992-04-16,184.4
1992-04-20,183.15
1992-04-21,183.63
1992-04-22,183.53
1992-04-23,183.72
1992-04-24,183.32
1992-04-27,183.38
1992-04-28,183.51
1992-04-29,184.33
1992-04-30,185.08
1992-05-01,184.74
1992-05-04,185.81
1992-05-05,186.0
1992-05-06,186.05
1992-05-07,185.96
1992-05-08,186.32
1992-05-11,186.9
1992-05-12,186.77
1992-05-13,186.9
1992-05-14,186.39
1992-05-15,185.37
1992-05-18,186.06
1992-05-19,186.71
1992-05-20,186.73
1992-05-21,186.23
1992-05-22,186.63
1992-05-26,186.21
1992-05-27,186.43
1992-05-28,187.29
1992-05-29,187.25
1992-06-01,187.53
1992-06-02,187.18
1992-06-03,187.49
1992-06-04,187.27
1992-06-05,187.47
1992-06-08,187.45
1992-06-09,187.02
1992-06-10,186.47
1992-06-11,187.03
1992-06-12,187.58
1992-06-15,187.91
1992-06-16,187.36
1992-06-17,185.07
1992-06-18,184.8
1992-06-19,185.91
1992-06-22,185.99
1992-06-23,186.28
1992-06-24,186.3
1992-06-25,186.28
1992-06-26,186.45
1992-06-29,187.52
1992-06-30,187.53
1992-07-01,187.87
1992-07-02,187.77
1992-07-06,187.98
1992-07-07,187.69
1992-07-08,187.99
1992-07-09,188.21
1992-07-10,188.26
1992-07-13,188.38
1992-07-14,188.45
1992-07-15,188.47
1992-07-16,188.52
1992-07-17,188.47
1992-07-20,188.5
1992-07-21,188.28
1992-07-22,187.49
1992-07-23,187.98
1992-07-24,187.99
1992-07-27,188.25
1992-07-28,189.6
1992-07-29,190.21
1992-07-30,190.51
1992-07-31,190.57
1992-08-03,190.78
1992-08-04,190.85
1992-08-05,190.68
1992-08-06,190.57
1992-08-07,190.38
1992-08-10,190.69
1992-08-11,190.59
1992-08-12,190.58
1992-08-13,190.63
1992-08-14,191.12
1992-08-17,191.37
1992-08-18,191.47
1992-08-19,191.36
1992-08-20,191.51
1992-08-21,191.63
1992-08-24,190.8
1992-08-25,191.2
1992-08-26,191.89
1992-08-27,192.15
1992-08-28,192.34
1992-08-31,192.51
1992-09-01,192.73
1992-09-02,193.13
1992-09-03,193.18
1992-09-04,193.14
1992-09-08,193.0
1992-09-09,193.37
1992-09-10,193.74
1992-09-11,193.77
1992-09-14,193.9
1992-09-15,193.91
1992-09-16,193.84
1992-09-17,194.02
1992-09-18,194.02
1992-09-21,194.25
1992-09-22,193.24
1992-09-23,193.32
1992-09-24,193.83
1992-09-25,192.47
1992-09-28,193.28
1992-09-29,193.42
1992-09-30,193.78
1992-10-01,193.1
1992-10-02,191.1
1992-10-05,190.3
1992-10-06,190.14
1992-10-07,188.69
1992-10-08,190.7
1992-10-09,188.38
1992-10-12,190.65
1992-10-13,191.49
1992-10-14,191.5
1992-10-15,192.16
1992-10-16,192.7
1992-10-19,193.71
1992-10-20,193.81
1992-10-21,194.04
1992-10-22,193.88
1992-10-23,193.98
1992-10-26,194.81
1992-10-27,194.86
1992-10-28,195.18
1992-10-29,195.28
1992-10-30,195.15
1992-11-02,195.65
1992-11-03,195.32
1992-11-04,195.32
1992-11-05,195.64
1992-11-06,195.73
1992-11-09,196.08
1992-11-10,196.16
1992-11-11,196.42
1992-11-12,196.43
1992-11-13,196.5
1992-11-16,196.53
1992-11-17,196.55
1992-11-18,196.74
1992-11-19,196.79
1992-11-20,197.03
1992-11-23,196.99
1992-11-24,197.54
1992-11-25,197.85
1992-11-27,198.06
1992-11-30,198.35
1992-12-01,198.43
1992-12-02,198.4
1992-12-03,198.52
1992-12-04,198.86
1992-12-07,199.18
1992-12-08,199.27
1992-12-09,199.25
1992-12-10,199.22
1992-12-11,199.31
1992-12-14,199.41
1992-12-15,199.48
1992-12-16,199.47
1992-12-17,199.64
1992-12-18,200.0
1992-12-21,200.19
1992-12-22,200.38
1992-12-23,200.28
1992-12-24,200.33
1992-12-28,200.43
1992-12-29,200.27
1992-12-30,200.35
1992-12-31,200.19
1993-01-04,199.89
1993-01-05,199.99
1993-01-06,200.13
1993-01-07,198.87
1993-01-08,198.71
1993-01-11,199.38
1993-01-12,199.63
1993-01-13,200.57
1993-01-14,201.55
1993-01-15,201.36
1993-01-18,201.59
1993-01-19,201.25
1993-01-20,200.83
1993-01-21,201.5
1993-01-22,201.75
1993-01-25,202.54
1993-01-26,202.58
1993-01-27,202.31
1993-01-28,202.44
1993-01-29,202.43
1993-02-01,203.1
1993-02-02,203.22
1993-02-03,203.46
1993-02-04,203.6
1993-02-05,203.59
1993-02-08,203.64
1993-02-09,203.63
1993-02-10,203.69
1993-02-11,203.83
1993-02-12,203.86
1993-02-16,202.44
1993-02-17,202.72
1993-02-18,203.13
1993-02-19,203.74
1993-02-22,204.15
1993-02-23,203.99
1993-02-24,204.73
1993-02-25,205.03
1993-02-26,205.33
1993-03-01,205.28
1993-03-02,205.67
1993-03-03,205.71
1993-03-04,205.64
1993-03-05,205.63
1993-03-08,205.84
1993-03-09,205.95
1993-03-10,206.0
1993-03-11,206.01
1993-03-12,205.94
1993-03-15,206.08
1993-03-16,206.13
1993-03-17,206.17
1993-03-18,206.22
1993-03-19,206.14
1993-03-22,205.81
1993-03-23,206.21
1993-03-24,206.19
1993-03-25,206.97
1993-03-26,206.26
1993-03-29,206.95
1993-03-30,207.34
1993-03-31,207.33
1993-04-01,206.88
1993-04-02,204.37
1993-04-05,204.97
1993-04-06,204.64
1993-04-07,205.36
1993-04-08,205.05
1993-04-12,207.71
1993-04-13,207.99
1993-04-14,208.09
1993-04-15,208.24
1993-04-16,208.65
1993-04-19,208.46
1993-04-20,207.95
1993-04-21,208.05
1993-04-22,206.85
1993-04-23,205.77
1993-04-26,204.52
1993-04-27,206.32
1993-04-28,206.3
1993-04-29,206.88
1993-04-30,207.11
1993-05-03,208.14
1993-05-04,208.84
1993-05-05,208.98
1993-05-06,208.67
1993-05-07,208.54
1993-05-10,208.82
1993-05-11,209.41
1993-05-12,209.39
1993-05-13,207.87
1993-05-14,207.62
1993-05-17,208.44
1993-05-18,208.43
1993-05-19,210.91
1993-05-20,211.18
1993-05-21,210.34
1993-05-24,211.02
1993-05-25,211.19
1993-05-26,212.05
1993-05-27,212.01
1993-05-28,211.66
1993-06-01,212.42
1993-06-02,212.4
1993-06-03,212.37
1993-06-04,212.21
1993-06-07,212.02
1993-06-08,211.5
1993-06-09,212.0
1993-06-10,212.11
1993-06-11,212.69
1993-06-14,212.87
1993-06-15,212.9
1993-06-16,213.17
1993-06-17,213.39
1993-06-18,213.14
1993-06-21,213.56
1993-06-22,213.58
1993-06-23,213.23
1993-06-24,213.86
1993-06-25,214.12
1993-06-28,214.93
1993-06-29,214.84
1993-06-30,214.83
1993-07-01,214.7
1993-07-02,214.4
1993-07-06,213.32
1993-07-07,213.73
1993-07-08,215.07
1993-07-09,215.28
1993-07-12,215.55
1993-07-13,215.6
1993-07-14,215.87
1993-07-15,215.95
1993-07-16,215.65
1993-07-19,215.7
1993-07-20,216.12
1993-07-21,216.11
1993-07-22,215.51
1993-07-23,216.14
1993-07-26,216.75
1993-07-27,216.71
1993-07-28,216.66
1993-07-29,217.08
1993-07-30,216.7
1993-08-02,217.2
1993-08-03,217.3
1993-08-04,217.16
1993-08-05,217.18
1993-08-06,217.26
1993-08-09,217.79
1993-08-10,217.85
1993-08-11,217.95
1993-08-12,217.91
1993-08-13,218.14
1993-08-16,218.42
1993-08-17,218.52
1993-08-18,218.63
1993-08-19,218.65
1993-08-20,218.68
1993-08-23,218.74
1993-08-24,219.58
1993-08-25,219.58
1993-08-26,219.66
1993-08-27,219.81
1993-08-30,220.07
1993-08-31,220.31
1993-09-01,220.33
1993-09-02,220.33
1993-09-03,220.49
1993-09-07,220.2
1993-09-08,219.97
1993-09-09,220.2
1993-09-10,220.85
1993-09-13,220.99
1993-09-14,220.95
1993-09-15,221.15
1993-09-16,221.23
1993-09-17,220.79
1993-09-20,220.05
1993-09-21,219.27
1993-09-22,220.64
1993-09-23,221.21
1993-09-24,221.23
1993-09-27,222.01
1993-09-28,222.04
1993-09-29,221.91
1993-09-30,221.73
1993-10-01,222.11
1993-10-04,222.37
1993-10-05,222.42
1993-10-06,222.45
1993-10-07,222.38
1993-10-08,222.69
1993-10-11,222.9
1993-10-12,223.02
1993-10-13,223.13
1993-10-14,223.24
1993-10-15,223.19
1993-10-18,223.15
1993-10-19,222.62
1993-10-20,222.83
1993-10-21,222.84
1993-10-22,222.38
1993-10-25,222.74
1993-10-26,222.76
1993-10-27,222.77
1993-10-28,223.52
1993-10-29,223.6
1993-11-01,223.97
1993-11-02,223.98
1993-11-03,222.66
1993-11-04,220.77
1993-11-05,221.67
1993-11-08,222.3
1993-11-09,222.29
1993-11-10,223.61
1993-11-11,223.39
1993-11-12,224.26
1993-11-15,223.92
1993-11-16,224.67
1993-11-17,224.41
1993-11-18,224.52
1993-11-19,224.41
1993-11-22,223.82
1993-11-23,224.76
1993-11-24,225.19
1993-11-26,225.44
1993-11-29,225.32
1993-11-30,225.49
1993-12-01,225.57
1993-12-02,225.99
1993-12-03,226.31
1993-12-06,226.82
1993-12-07,226.84
1993-12-08,226.92
1993-12-09,226.88
1993-12-10,226.96
1993-12-13,227.31
1993-12-14,227.07
1993-12-15,227.23
1993-12-16,227.49
1993-12-17,227.82
1993-12-20,228.07
1993-12-21,228.11
1993-12-22,228.6
1993-12-23,228.63
1993-12-27,228.93
1993-12-28,229.0
1993-12-29,228.96
1993-12-30,228.79
1993-12-31,228.5
1994-01-03,228.51
1994-01-04,228.79
1994-01-05,229.06
1994-01-06,229.18
1994-01-07,229.43
1994-01-10,229.6
1994-01-11,229.61
1994-01-12,229.63
1994-01-13,229.62
1994-01-14,229.7
1994-01-17,229.82
1994-01-18,229.87
1994-01-19,229.92
1994-01-20,229.97
1994-01-21,229.7
1994-01-24,229.34
1994-01-25,229.29
1994-01-26,229.87
1994-01-27,230.9
1994-01-28,231.18
1994-01-31,231.65
1994-02-01,231.44
1994-02-02,231.94
1994-02-03,231.68
1994-02-04,228.76
1994-02-07,229.8
1994-02-08,229.98
1994-02-09,230.58
1994-02-10,229.16
1994-02-11,229.76
1994-02-14,230.04
1994-02-15,231.5
1994-02-16,231.47
1994-02-17,230.47
1994-02-18,229.75
1994-02-22,230.99
1994-02-23,230.89
1994-02-24,228.76
1994-02-25,229.84
1994-02-28,230.31
1994-03-01,229.4
1994-03-02,229.83
1994-03-03,229.16
1994-03-04,229.99
1994-03-07,230.93
1994-03-08,230.51
1994-03-09,231.28
1994-03-10,230.0
1994-03-11,231.23
1994-03-14,231.64
1994-03-15,231.66
1994-03-16,233.03
1994-03-17,233.55
1994-03-18,233.84
1994-03-21,233.65
1994-03-22,234.37
1994-03-23,234.26
1994-03-24,232.93
1994-03-25,231.43
1994-03-28,231.37
1994-03-29,228.14
1994-03-30,225.51
1994-03-31,224.4
1994-04-04,220.45
1994-04-05,225.58
1994-04-06,225.92
1994-04-07,227.71
1994-04-08,225.65
1994-04-11,227.1
1994-04-12,226.36
1994-04-13,224.37
1994-04-14,225.15
1994-04-15,225.07
1994-04-18,224.36
1994-04-19,224.7
1994-04-20,224.5
1994-04-21,226.36
1994-04-22,226.34
1994-04-25,227.41
1994-04-26,227.46
1994-04-28,227.05
1994-04-29,227.43
1994-05-02,227.94
1994-05-03,227.91
1994-05-04,227.89
1994-05-05,227.84
1994-05-06,227.15
1994-05-09,226.25
1994-05-10,227.63
1994-05-11,226.49
1994-05-12,226.99
1994-05-13,227.56
1994-05-16,227.82
1994-05-17,228.9
1994-05-18,229.32
1994-05-19,229.41
1994-05-20,229.35
1994-05-23,229.33
1994-05-24,229.75
1994-05-25,230.05
1994-05-26,230.16
1994-05-27,230.3
1994-05-31,230.42
1994-06-01,230.59
1994-06-02,230.75
1994-06-03,231.1
1994-06-06,231.14
1994-06-07,231.24
1994-06-08,231.1
1994-06-09,231.35
1994-06-10,231.51
1994-06-13,231.74
1994-06-14,231.84
1994-06-15,231.9
1994-06-16,231.96
1994-06-17,230.89
1994-06-20,230.33
1994-06-21,228.8
1994-06-22,229.68
1994-06-23,228.31
1994-06-24,224.03
1994-06-27,227.94
1994-06-28,227.33
1994-06-29,228.25
1994-06-30,225.85
1994-07-01,226.71
1994-07-05,227.26
1994-07-06,227.16
1994-07-07,228.5
1994-07-08,228.68
1994-07-11,228.0
1994-07-12,228.25
1994-07-13,229.01
1994-07-14,231.43
1994-07-15,229.7
1994-07-18,230.14
1994-07-19,230.13
1994-07-20,229.67
1994-07-21,230.05
1994-07-22,230.15
1994-07-25,230.47
1994-07-26,230.45
1994-07-27,230.34
1994-07-28,230.63
1994-07-29,231.4
1994-08-01,231.74
1994-08-02,231.7
1994-08-03,231.79
1994-08-04,231.59
1994-08-05,231.52
1994-08-08,231.8
1994-08-09,231.97
1994-08-10,232.22
1994-08-11,232.14
1994-08-12,232.41
1994-08-15,232.49
1994-08-16,232.58
1994-08-17,232.61
1994-08-18,232.67
1994-08-19,232.9
1994-08-22,232.93
1994-08-23,233.55
1994-08-24,234.11
1994-08-25,234.01
1994-08-26,234.49
1994-08-29,234.8
1994-08-30,234.91
1994-08-31,234.86
1994-09-01,234.88
1994-09-02,234.91
1994-09-06,235.15
1994-09-07,235.18
1994-09-08,235.33
1994-09-09,235.16
1994-09-12,235.21
1994-09-13,235.52
1994-09-14,235.62
1994-09-15,235.68
1994-09-16,235.89
1994-09-19,236.07
1994-09-20,233.74
1994-09-21,233.71
1994-09-22,233.58
1994-09-23,232.88
1994-09-26,233.67
1994-09-28,235.26
1994-09-29,234.59
1994-09-30,234.3
1994-10-03,234.17
1994-10-04,230.79
1994-10-05,230.79
1994-10-06,230.41
1994-10-07,231.77
1994-10-10,233.72
1994-10-11,236.58
1994-10-12,236.68
1994-10-13,237.25
1994-10-14,238.08
1994-10-17,238.14
1994-10-18,237.98
1994-10-19,238.74
1994-10-20,238.07
1994-10-21,237.44
1994-10-24,236.62
1994-10-25,237.07
1994-10-26,237.56
1994-10-27,238.24
1994-10-28,239.96
1994-10-31,239.92
1994-11-01,239.53
1994-11-02,239.1
1994-11-03,239.39
1994-11-04,237.83
1994-11-07,238.44
1994-11-08,239.48
1994-11-09,239.51
1994-11-10,239.54
1994-11-11,239.19
1994-11-14,240.24
1994-11-15,240.38
1994-11-16,241.06
1994-11-17,240.9
1994-11-18,240.53
1994-11-21,239.81
1994-11-22,236.49
1994-11-23,237.19
1994-11-25,238.62
1994-11-28,239.43
1994-11-29,239.97
1994-11-30,239.47
1994-12-01,237.65
1994-12-02,239.34
1994-12-05,239.85
1994-12-06,239.96
1994-12-07,239.43
1994-12-08,236.71
1994-12-09,237.47
1994-12-12,239.11
1994-12-13,239.78
1994-12-14,241.68
1994-12-15,242.21
1994-12-16,243.56
1994-12-19,243.84
1994-12-20,243.8
1994-12-21,244.62
1994-12-22,244.35
1994-12-23,244.73
1994-12-27,245.18
1994-12-28,244.96
1994-12-29,245.1
1994-12-30,244.71
1995-01-03,244.93
1995-01-04,245.47
1995-01-05,245.46
1995-01-06,245.79
1995-01-09,246.05
1995-01-10,246.27
1995-01-11,246.41
1995-01-12,246.45
1995-01-13,246.81
1995-01-16,246.99
1995-01-17,247.02
1995-01-18,247.09
1995-01-19,247.13
1995-01-20,247.15
1995-01-23,247.55
1995-01-24,247.72
1995-01-25,248.05
1995-01-26,248.2
1995-01-27,248.48
1995-01-30,248.34
1995-01-31,248.61
1995-02-01,248.75
1995-02-02,249.01
1995-02-03,249.25
1995-02-06,249.38
1995-02-07,249.43
1995-02-08,249.5
1995-02-09,249.54
1995-02-10,249.59
1995-02-13,249.72
1995-02-14,249.79
1995-02-15,249.83
1995-02-16,249.87
1995-02-17,249.73
1995-02-21,249.98
1995-02-22,250.53
1995-02-23,250.79
1995-02-24,251.06
1995-02-27,250.59
1995-02-28,251.14
1995-03-01,251.06
1995-03-02,251.1
1995-03-03,251.32
1995-03-06,251.49
1995-03-07,250.78
1995-03-08,251.21
1995-03-09,251.48
1995-03-10,252.23
1995-03-13,252.35
1995-03-14,252.52
1995-03-15,252.56
1995-03-16,252.64
1995-03-17,252.92
1995-03-20,253.27
1995-03-21,252.99
1995-03-22,253.29
1995-03-23,253.42
1995-03-24,254.37
1995-03-27,254.85
1995-03-28,254.93
1995-03-29,254.84
1995-03-30,254.72
1995-03-31,254.5
1995-04-03,254.83
1995-04-04,255.28
1995-04-05,255.42
1995-04-06,255.55
1995-04-07,255.74
1995-04-10,256.01
1995-04-11,256.11
1995-04-12,256.33
1995-04-13,256.47
1995-04-17,256.55
1995-04-18,256.63
1995-04-19,256.73
1995-04-20,256.86
1995-04-21,257.04
1995-04-24,257.92
1995-04-25,257.82
1995-04-26,258.05
1995-04-27,258.24
1995-04-28,258.51
1995-05-01,258.55
1995-05-02,258.8
1995-05-03,259.29
1995-05-04,259.24
1995-05-05,259.33
1995-05-08,259.63
1995-05-09,259.65
1995-05-10,259.71
1995-05-11,259.82
1995-05-12,259.89
1995-05-15,260.11
1995-05-16,260.15
1995-05-17,260.2
1995-05-18,260.27
1995-05-19,260.42
1995-05-22,261.57
1995-05-23,261.98
1995-05-24,262.04
1995-05-25,262.15
1995-05-26,261.74
1995-05-30,261.94
1995-05-31,262.72
1995-06-01,262.76
1995-06-02,262.74
1995-06-05,263.01
1995-06-06,263.11
1995-06-07,263.11
1995-06-08,263.16
1995-06-09,263.16
1995-06-12,263.46
1995-06-13,263.57
1995-06-14,263.61
1995-06-15,263.68
1995-06-16,263.71
1995-06-19,264.44
1995-06-20,264.47
1995-06-21,264.61
1995-06-22,265.16
1995-06-23,265.18
1995-06-26,264.82
1995-06-27,264.58
1995-06-28,265.06
1995-06-29,265.12
1995-06-30,265.19
1995-07-03,265.57
1995-07-05,265.78
1995-07-06,266.12
1995-07-07,266.28
1995-07-10,266.41
1995-07-11,266.42
1995-07-12,266.57
1995-07-13,266.65
1995-07-14,266.72
1995-07-17,266.88
1995-07-18,266.92
1995-07-19,266.92
1995-07-20,267.04
1995-07-21,266.88
1995-07-24,267.9
1995-07-25,268.37
1995-07-26,268.49
1995-07-27,268.86
1995-07-28,268.78
1995-07-31,268.89
1995-08-01,268.68
1995-08-02,268.8
1995-08-03,268.88
1995-08-04,269.23
1995-08-07,269.61
1995-08-08,269.78
1995-08-09,269.86
1995-08-10,269.78
1995-08-11,269.77
1995-08-14,270.42
1995-08-15,270.43
1995-08-16,270.47
1995-08-17,270.61
1995-08-18,270.42
1995-08-21,270.12
1995-08-22,270.53
1995-08-23,270.05
1995-08-24,270.46
1995-08-25,271.36
1995-08-28,271.05
1995-08-29,271.52
1995-08-30,271.87
1995-08-31,272.37
1995-09-01,272.78
1995-09-05,273.59
1995-09-06,273.73
1995-09-07,273.77
1995-09-08,273.99
1995-09-11,274.19
1995-09-12,274.3
1995-09-13,274.37
1995-09-14,274.44
1995-09-15,274.71
1995-09-18,274.66
1995-09-19,275.15
1995-09-20,275.61
1995-09-21,275.05
1995-09-22,275.1
1995-09-25,275.1
1995-09-26,275.32
1995-09-27,275.31
1995-09-28,276.07
1995-09-29,275.99
1995-10-02,275.49
1995-10-03,275.71
1995-10-04,275.51
1995-10-05,275.82
1995-10-06,276.17
1995-10-09,275.75
1995-10-10,275.83
1995-10-11,276.44
1995-10-12,277.29
1995-10-13,277.63
1995-10-16,277.61
1995-10-17,278.18
1995-10-18,278.33
1995-10-19,278.56
1995-10-20,278.11
1995-10-23,278.0
1995-10-24,278.25
1995-10-25,277.36
1995-10-26,275.68
1995-10-27,276.93
1995-10-30,278.32
1995-10-31,278.1
1995-11-01,278.83
1995-11-02,280.0
1995-11-03,280.3
1995-11-06,280.34
1995-11-07,280.05
1995-11-08,281.03
1995-11-09,281.13
1995-11-10,281.07
1995-11-13,281.38
1995-11-14,281.21
1995-11-15,281.81
1995-11-16,281.99
1995-11-17,282.11
1995-11-20,282.12
1995-11-21,282.94
1995-11-22,282.92
1995-11-24,283.16
1995-11-27,283.37
1995-11-28,284.15
1995-11-29,284.31
1995-11-30,284.31
1995-12-01,284.52
1995-12-04,285.01
1995-12-05,285.02
1995-12-06,285.02
1995-12-07,285.06
1995-12-08,285.24
1995-12-11,285.46
1995-12-12,285.53
1995-12-13,285.6
1995-12-14,285.65
1995-12-15,285.61
1995-12-18,282.89
1995-12-19,284.99
1995-12-20,283.8
1995-12-21,284.9
1995-12-22,285.42
1995-12-26,286.12
1995-12-27,285.96
1995-12-28,285.7
1995-12-29,286.01
1996-01-02,287.48
1996-01-03,287.82
1996-01-04,287.01
1996-01-05,287.05
1996-01-08,287.83
1996-01-09,285.25
1996-01-10,280.82
1996-01-11,283.33
1996-01-12,283.55
1996-01-15,282.51
1996-01-16,285.97
1996-01-17,285.18
1996-01-18,286.35
1996-01-19,286.42
1996-01-22,286.58
1996-01-23,286.75
1996-01-24,287.66
1996-01-25,287.31
1996-01-26,288.04
1996-01-29,288.34
1996-01-30,288.63
1996-01-31,288.71
1996-02-01,288.83
1996-02-02,288.81
1996-02-05,289.1
1996-02-06,289.13
1996-02-07,289.22
1996-02-08,289.31
1996-02-09,289.37
1996-02-12,289.57
1996-02-13,289.64
1996-02-14,289.69
1996-02-15,289.73
1996-02-16,289.67
1996-02-20,288.06
1996-02-21,290.78
1996-02-22,292.05
1996-02-23,292.17
1996-02-26,290.83
1996-02-27,290.62
1996-02-28,289.8
1996-02-29,289.07
1996-03-01,290.45
1996-03-04,292.02
1996-03-05,292.75
1996-03-06,292.3
1996-03-07,292.85
1996-03-08,285.7
1996-03-11,291.18
1996-03-12,290.17
1996-03-13,290.92
1996-03-14,292.78
1996-03-15,292.31
1996-03-18,294.26
1996-03-19,293.69
1996-03-20,293.64
1996-03-21,293.86
1996-03-22,294.39
1996-03-25,294.42
1996-03-26,294.84
1996-03-27,294.41
1996-03-28,294.51
1996-03-29,294.0
1996-04-01,295.69
1996-04-02,296.17
1996-04-03,296.38
1996-04-04,296.48
1996-04-08,295.27
1996-04-09,295.54
1996-04-10,292.58
1996-04-11,293.09
1996-04-12,295.25
1996-04-15,297.12
1996-04-16,297.6
1996-04-17,297.4
1996-04-18,298.27
1996-04-19,298.0
1996-04-22,298.83
1996-04-23,299.63
1996-04-24,299.41
1996-04-25,300.01
1996-04-26,300.26
1996-04-29,300.41
1996-04-30,300.42
1996-05-01,300.46
1996-05-02,298.23
1996-05-03,298.6
1996-05-06,298.92
1996-05-07,298.52
1996-05-08,300.86
1996-05-09,300.57
1996-05-10,302.02
1996-05-13,302.76
1996-05-14,303.04
1996-05-15,303.15
1996-05-16,303.25
1996-05-17,303.25
1996-05-20,303.9
1996-05-21,303.94
1996-05-22,304.68
1996-05-23,304.43
1996-05-24,305.0
1996-05-28,304.24
1996-05-29,303.73
1996-05-30,304.65
1996-05-31,304.14
1996-06-03,304.44
1996-06-04,305.39
1996-06-05,306.15
1996-06-06,305.56
1996-06-07,305.98
1996-06-10,305.99
1996-06-11,306.35
1996-06-12,306.17
1996-06-13,306.3
1996-06-14,306.17
1996-06-17,306.85
1996-06-18,306.13
1996-06-19,306.9
1996-06-20,307.03
1996-06-21,308.41
1996-06-24,309.25
1996-06-25,309.45
1996-06-26,308.99
1996-06-27,309.98
1996-06-28,310.44
1996-07-01,311.22
1996-07-02,311.09
1996-07-03,311.16
1996-07-05,308.43
1996-07-08,307.4
1996-07-09,308.81
1996-07-10,309.72
1996-07-11,305.37
1996-07-12,305.89
1996-07-15,296.68
1996-07-16,297.82
1996-07-17,300.65
1996-07-18,305.68
1996-07-19,304.4
1996-07-22,302.8
1996-07-23,300.77
1996-07-24,301.18
1996-07-25,302.99
1996-07-26,304.85
1996-07-29,303.28
1996-07-30,304.6
1996-07-31,306.07
1996-08-01,307.97
1996-08-02,309.59
1996-08-05,309.57
1996-08-06,309.99
1996-08-07,310.17
1996-08-08,310.35
1996-08-09,310.43
1996-08-12,310.68
1996-08-13,310.66
1996-08-14,310.86
1996-08-15,310.93
1996-08-16,310.96
1996-08-19,311.3
1996-08-20,311.49
1996-08-21,311.72
1996-08-22,312.84
1996-08-23,312.25
1996-08-26,311.58
1996-08-27,312.28
1996-08-28,312.15
1996-08-29,310.26
1996-08-30,308.39
1996-09-03,309.76
1996-09-04,310.05
1996-09-05,307.41
1996-09-06,311.03
1996-09-09,313.55
1996-09-10,313.86
1996-09-11,314.68
1996-09-12,315.44
1996-09-13,316.56
1996-09-16,316.8
1996-09-17,316.84
1996-09-18,316.95
1996-09-19,317.08
1996-09-20,317.32
1996-09-23,317.45
1996-09-24,317.56
1996-09-25,317.51
1996-09-26,317.74
1996-09-27,317.9
1996-09-30,318.09
1996-10-01,318.55
1996-10-02,319.28
1996-10-03,319.29
1996-10-04,320.52
1996-10-07,320.81
1996-10-08,320.67
1996-10-09,320.63
1996-10-10,320.68
1996-10-11,321.31
1996-10-14,321.52
1996-10-15,321.54
1996-10-16,321.67
1996-10-17,321.78
1996-10-18,322.53
1996-10-21,322.41
1996-10-22,321.82
1996-10-23,322.12
1996-10-24,321.07
1996-10-25,320.77
1996-10-28,320.32
1996-10-29,321.36
1996-10-30,321.23
1996-10-31,322.52
1996-11-01,322.28
1996-11-04,323.52
1996-11-05,324.75
1996-11-06,326.1
1996-11-07,326.16
1996-11-08,326.59
1996-11-11,326.84
1996-11-12,326.93
1996-11-13,327.05
1996-11-14,327.13
1996-11-15,326.29
1996-11-18,326.28
1996-11-19,327.48
1996-11-20,327.42
1996-11-21,327.52
1996-11-22,328.81
1996-11-25,329.56
1996-11-26,329.39
1996-11-27,329.57
1996-11-29,329.89
1996-12-02,330.28
1996-12-03,328.87
1996-12-04,329.45
1996-12-05,329.19
1996-12-06,328.36
1996-12-09,330.92
1996-12-10,330.66
1996-12-11,329.52
1996-12-12,326.17
1996-12-13,326.86
1996-12-16,323.54
1996-12-17,326.71
1996-12-18,328.72
1996-12-19,332.92
1996-12-20,333.07
1996-12-23,333.12
1996-12-24,334.02
1996-12-26,334.97
1996-12-27,335.02
1996-12-30,334.93
1996-12-31,332.93
1997-01-02,332.46
1997-01-03,335.35
1997-01-06,335.21
1997-01-07,336.48
1997-01-08,335.59
1997-01-09,336.66
1997-01-10,337.73
1997-01-13,338.25
1997-01-14,338.89
1997-01-15,339.04
1997-01-16,339.2
1997-01-17,339.77
1997-01-20,340.31
1997-01-21,341.6
1997-01-22,342.29
1997-01-23,340.57
1997-01-24,339.6
1997-01-27,338.54
1997-01-28,338.56
1997-01-29,340.52
1997-01-30,342.63
1997-02-04,343.94
1997-02-05,341.99
1997-02-06,343.16
1997-02-07,344.87
1997-02-10,344.46
1997-02-11,345.21
1997-02-12,346.07
1997-02-13,346.41
1997-02-14,346.58
1997-02-18,346.86
1997-02-19,346.98
1997-02-20,347.1
1997-02-21,346.72
1997-02-24,348.91
1997-02-25,349.32
1997-02-26,348.18
1997-02-27,346.15
1997-02-28,345.37
1997-03-03,346.76
1997-03-04,346.04
1997-03-05,349.24
1997-03-06,348.35
1997-03-07,350.15
1997-03-10,352.18
1997-03-11,352.06
1997-03-12,351.19
1997-03-13,348.03
1997-03-14,349.85
1997-03-17,351.0
1997-03-18,349.33
1997-03-19,347.99
1997-03-20,346.21
1997-03-21,348.54
1997-03-24,350.16
1997-03-25,350.38
1997-03-26,350.88
1997-03-27,346.67
1997-03-31,341.87
1997-04-01,343.29
1997-04-02,339.19
1997-04-03,339.47
1997-04-04,342.98
1997-04-07,345.23
1997-04-08,347.15
1997-04-09,344.59
1997-04-10,343.67
1997-04-11,334.35
1997-04-14,337.62
1997-04-15,342.84
1997-04-16,347.09
1997-04-17,345.72
1997-04-18,347.06
1997-04-21,345.98
1997-04-22,348.76
1997-04-23,348.46
1997-04-24,348.28
1997-04-25,347.28
1997-04-28,348.94
1997-04-29,351.43
1997-04-30,351.72
1997-05-01,351.79
1997-05-02,352.66
1997-05-05,352.98
1997-05-06,352.97
1997-05-07,352.99
1997-05-08,353.2
1997-05-09,353.32
1997-05-12,353.54
1997-05-13,353.6
1997-05-14,353.67
1997-05-15,353.72
1997-05-16,351.55
1997-05-19,352.79
1997-05-20,355.07
1997-05-21,354.85
1997-05-22,354.63
1997-05-23,356.91
1997-05-27,357.27
1997-05-28,357.27
1997-05-29,356.86
1997-05-30,357.75
1997-06-02,357.74
1997-06-03,357.58
1997-06-04,357.03
1997-06-05,357.54
1997-06-06,360.2
1997-06-09,360.76
1997-06-10,361.22
1997-06-11,361.51
1997-06-12,361.86
1997-06-13,362.05
1997-06-16,362.27
1997-06-17,362.35
1997-06-18,362.46
1997-06-19,362.51
1997-06-20,362.39
1997-06-23,357.2
1997-06-24,362.63
1997-06-25,361.02
1997-06-26,359.99
1997-06-27,361.39
1997-06-30,360.72
1997-07-01,362.73
1997-07-02,365.52
1997-07-03,367.77
1997-07-07,367.65
1997-07-08,368.45
1997-07-09,367.18
1997-07-10,368.19
1997-07-11,368.92
1997-07-14,369.43
1997-07-15,369.87
1997-07-16,370.02
1997-07-17,370.09
1997-07-18,369.1
1997-07-21,369.15
1997-07-22,373.56
1997-07-23,373.98
1997-07-24,374.76
1997-07-25,374.81
1997-07-28,374.87
1997-07-29,375.54
1997-07-30,376.66
1997-07-31,376.95
1997-08-01,376.48
1997-08-04,377.6
1997-08-05,378.12
1997-08-06,378.51
1997-08-07,378.51
1997-08-08,377.27
1997-08-11,378.36
1997-08-12,377.69
1997-08-13,377.8
1997-08-14,379.12
1997-08-15,375.46
1997-08-18,379.2
1997-08-19,381.87
1997-08-20,384.33
1997-08-21,381.67
1997-08-22,381.4
1997-08-25,381.78
1997-08-26,380.08
1997-08-27,381.1
1997-08-28,378.91
1997-08-29,378.38
1997-09-02,384.9
1997-09-03,384.74
1997-09-04,385.39
1997-09-05,385.82
1997-09-08,387.05
1997-09-09,387.86
1997-09-10,385.64
1997-09-11,384.55
1997-09-12,387.6
1997-09-15,387.66
1997-09-16,390.25
1997-09-17,390.48
1997-09-18,390.64
1997-09-19,391.59
1997-09-22,393.22
1997-09-23,393.01
1997-09-24,391.74
1997-09-25,390.63
1997-09-26,392.49
1997-09-29,394.52
1997-09-30,393.31
1997-10-01,395.16
1997-10-02,395.91
1997-10-03,397.03
1997-10-06,398.18
1997-10-07,399.27
1997-10-08,398.88
1997-10-09,398.99
1997-10-10,398.99
1997-10-13,399.7
1997-10-14,400.1
1997-10-15,400.18
1997-10-16,400.35
1997-10-17,399.74
1997-10-20,402.56
1997-10-21,405.31
1997-10-22,405.02
1997-10-23,401.43
1997-10-24,400.07
1997-10-27,376.85
1997-10-28,393.72
1997-10-29,394.16
1997-10-30,388.78
1997-10-31,392.7
1997-11-03,400.44
1997-11-04,400.72
1997-11-05,400.92
1997-11-06,401.08
1997-11-07,397.36
1997-11-10,396.56
1997-11-11,397.98
1997-11-12,392.43
1997-11-13,396.9
1997-11-14,402.15
1997-11-17,407.53
1997-11-19,408.95
1997-11-20,411.23
1997-11-21,411.52
1997-11-24,407.85
1997-11-25,409.56
1997-11-26,410.5
1997-11-28,411.01
1997-12-01,416.28
1997-12-02,415.95
1997-12-03,417.72
1997-12-04,417.26
1997-12-05,419.05
1997-12-08,419.45
1997-12-09,419.46
1997-12-10,418.66
1997-12-11,415.15
1997-12-12,415.57
1997-12-15,419.02
1997-12-16,420.12
1997-12-17,420.3
1997-12-18,419.37
1997-12-19,418.28
1997-12-22,420.16
1997-12-23,417.46
1997-12-24,416.94
1997-12-26,418.65
1997-12-29,422.6
1997-12-30,424.97
1997-12-31,425.09
1998-01-02,425.87
1998-01-05,426.4
1998-01-06,425.86
1998-01-07,426.09
1998-01-08,425.84
1998-01-09,420.97
1998-01-12,425.21
1998-01-13,427.78
1998-01-14,428.39
1998-01-15,428.51
1998-01-16,428.17
1998-01-20,431.65
1998-01-21,430.51
1998-01-22,429.32
1998-01-23,428.75
1998-01-26,429.22
1998-01-27,432.09
1998-01-28,433.21
1998-01-29,434.39
1998-01-30,434.37
1998-02-02,436.5
1998-02-03,437.16
1998-02-04,437.4
1998-02-05,437.23
1998-02-06,437.91
1998-02-09,438.17
1998-02-10,438.6
1998-02-11,438.78
1998-02-12,438.93
1998-02-13,438.96
1998-02-17,439.34
1998-02-18,439.48
1998-02-19,439.58
1998-02-20,440.59
1998-02-23,441.65
1998-02-24,440.84
1998-02-25,442.82
1998-02-26,443.7
1998-02-27,443.99
1998-03-02,444.09
1998-03-03,444.79
1998-03-04,444.47
1998-03-05,442.94
1998-03-06,445.74
1998-03-09,445.88
1998-03-10,446.9
1998-03-11,447.29
1998-03-12,447.49
1998-03-13,447.45
1998-03-16,447.98
1998-03-17,448.11
1998-03-18,448.31
1998-03-19,448.42
1998-03-20,449.38
1998-03-23,448.9
1998-03-24,450.27
1998-03-25,449.13
1998-03-26,449.3
1998-03-27,448.53
1998-03-30,448.41
1998-03-31,450.02
1998-04-01,451.52
1998-04-02,453.27
1998-04-03,453.8
1998-04-06,454.15
1998-04-07,453.33
1998-04-08,453.03
1998-04-09,454.93
1998-04-13,455.5
1998-04-14,456.35
1998-04-15,456.78
1998-04-16,456.87
1998-04-17,458.97
1998-04-20,460.01
1998-04-21,460.89
1998-04-22,461.88
1998-04-23,460.23
1998-04-24,457.95
1998-04-27,452.25
1998-04-28,453.74
1998-04-29,456.2
1998-04-30,460.72
1998-05-01,463.21
1998-05-04,463.62
1998-05-05,462.48
1998-05-06,460.28
1998-05-07,458.08
1998-05-08,462.88
1998-05-11,463.51
1998-05-12,465.42
1998-05-13,466.63
1998-05-14,467.43
1998-05-15,465.52
1998-05-18,465.45
1998-05-19,466.75
1998-05-20,468.81
1998-05-21,468.42
1998-05-22,468.19
1998-05-26,463.95
1998-05-27,464.29
1998-05-28,466.07
1998-05-29,464.64
1998-06-01,464.94
1998-06-02,465.87
1998-06-03,462.23
1998-06-04,467.29
1998-06-05,472.46
1998-06-08,473.17
1998-06-09,473.91
1998-06-10,472.8
1998-06-11,467.85
1998-06-12,470.03
1998-06-15,462.13
1998-06-16,466.6
1998-06-17,474.5
1998-06-18,475.21
1998-06-19,474.32
1998-06-22,475.82
1998-06-23,478.78
1998-06-24,480.37
1998-06-25,480.24
1998-06-26,480.97
1998-06-29,481.89
1998-06-30,481.71
1998-07-01,483.19
1998-07-02,483.38
1998-07-06,484.11
1998-07-07,484.15
1998-07-08,484.6
1998-07-09,484.63
1998-07-10,484.82
1998-07-13,485.12
1998-07-14,485.28
1998-07-15,485.4
1998-07-16,485.47
1998-07-17,485.29
1998-07-20,485.23
1998-07-21,480.79
1998-07-22,480.86
1998-07-23,474.01
1998-07-24,474.29
1998-07-27,476.52
1998-07-28,471.53
1998-07-29,469.56
1998-07-30,475.86
1998-07-31,467.34
1998-08-03,465.6
1998-08-04,448.95
1998-08-05,452.43
1998-08-06,456.43
1998-08-07,456.34
1998-08-10,454.3
1998-08-11,447.66
1998-08-12,454.33
1998-08-13,450.68
1998-08-14,445.14
1998-08-17,454.1
1998-08-18,461.56
1998-08-19,460.53
1998-08-20,457.51
1998-08-21,455.38
1998-08-24,457.44
1998-08-25,458.74
1998-08-26,457.92
1998-08-27,447.9
1998-08-28,444.89
1998-08-31,419.35
1998-09-01,435.3
1998-09-02,433.33
1998-09-03,430.15
1998-09-04,427.19
1998-09-08,446.69
1998-09-09,441.14
1998-09-10,429.99
1998-09-11,442.76
1998-09-14,451.63
1998-09-15,456.09
1998-09-16,459.13
1998-09-17,447.56
1998-09-18,447.97
1998-09-21,449.43
1998-09-22,451.96
1998-09-23,457.64
1998-09-24,455.17
1998-09-25,455.63
1998-09-28,456.57
1998-09-29,457.38
1998-09-30,451.66
1998-10-01,444.73
1998-10-02,450.26
1998-10-05,447.05
1998-10-06,447.06
1998-10-07,442.92
1998-10-08,439.3
1998-10-09,449.89
1998-10-12,455.69
1998-10-13,456.3
1998-10-14,459.42
1998-10-15,464.69
1998-10-16,462.79
1998-10-19,466.28
1998-10-20,466.97
1998-10-21,468.15
1998-10-22,470.58
1998-10-23,469.05
1998-10-26,471.12
1998-10-27,470.02
1998-10-28,470.85
1998-10-29,475.19
1998-10-30,476.85
1998-11-02,478.81
1998-11-03,478.76
1998-11-04,479.33
1998-11-05,480.54
1998-11-06,480.97
1998-11-09,480.79
1998-11-10,481.09
1998-11-11,481.15
1998-11-12,481.3
1998-11-13,481.89
1998-11-16,482.56
1998-11-17,482.82
1998-11-18,482.97
1998-11-19,483.08
1998-11-20,483.87
1998-11-23,487.78
1998-11-24,487.04
1998-11-25,488.04
1998-11-27,489.06
1998-11-30,484.87
1998-12-01,487.38
1998-12-02,486.86
1998-12-03,482.12
1998-12-04,488.47
1998-12-07,490.8
1998-12-08,490.31
1998-12-09,490.92
1998-12-10,488.77
1998-12-11,488.97
1998-12-14,483.37
1998-12-15,490.67
1998-12-16,491.26
1998-12-17,494.0
1998-12-18,496.69
1998-12-21,499.73
1998-12-22,500.66
1998-12-23,503.31
1998-12-24,503.15
1998-12-28,503.37
1998-12-29,504.49
1998-12-30,504.06
1998-12-31,503.91
1999-01-04,504.48
1999-01-05,505.62
1999-01-06,506.33
1999-01-07,506.35
1999-01-08,506.51
1999-01-11,506.53
1999-01-12,506.59
1999-01-13,506.62
1999-01-14,506.77
1999-01-15,508.87
1999-01-19,511.8
1999-01-20,512.82
1999-01-21,509.14
1999-01-22,507.62
1999-01-25,510.68
1999-01-26,514.49
1999-01-27,513.05
1999-01-28,516.65
1999-01-29,518.62
1999-02-01,518.83
1999-02-02,518.07
1999-02-03,519.39
1999-02-04,516.59
1999-02-05,515.85
1999-02-08,517.54
1999-02-09,513.51
1999-02-10,516.17
1999-02-11,521.77
1999-02-12,519.29
1999-02-16,522.2
1999-02-17,520.6
1999-02-18,524.23
1999-02-19,525.13
1999-02-22,531.94
1999-02-23,531.57
1999-02-24,529.22
1999-02-25,528.44
1999-02-26,527.41
1999-03-01,527.99
1999-03-02,526.52
1999-03-03,527.31
1999-03-04,531.65
1999-03-05,536.28
1999-03-08,537.36
1999-03-09,537.53
1999-03-10,538.2
1999-03-11,539.01
1999-03-12,539.05
1999-03-15,539.64
1999-03-16,539.83
1999-03-17,539.92
1999-03-18,540.04
1999-03-19,536.13
1999-03-22,536.39
1999-03-23,526.52
1999-03-24,528.37
1999-03-25,535.86
1999-03-26,534.82
1999-03-29,541.76
1999-03-30,540.62
1999-03-31,536.32
1999-04-01,539.7
1999-04-05,547.07
1999-04-06,546.25
1999-04-07,548.32
1999-04-08,550.59
1999-04-09,551.19
1999-04-12,552.29
1999-04-13,552.09
1999-04-14,550.64
1999-04-15,552.76
1999-04-16,553.36
1999-04-19,547.46
1999-04-20,551.18
1999-04-21,556.49
1999-04-22,559.56
1999-04-23,559.3
1999-04-26,560.6
1999-04-27,561.05
1999-04-28,559.87
1999-04-29,559.34
1999-04-30,558.24
1999-05-03,561.8
1999-05-04,559.64
1999-05-05,561.67
1999-05-06,559.72
1999-05-07,562.03
1999-05-10,562.08
1999-05-11,563.84
1999-05-12,564.4
1999-05-13,565.12
1999-05-14,563.61
1999-05-17,564.94
1999-05-18,565.37
1999-05-19,566.58
1999-05-20,566.88
1999-05-21,565.96
1999-05-24,560.34
1999-05-25,554.35
1999-05-26,560.59
1999-05-27,554.33
1999-05-28,561.66
1999-06-01,560.42
1999-06-02,561.15
1999-06-03,562.7
1999-06-04,571.28
1999-06-07,573.6
1999-06-08,570.43
1999-06-09,570.83
1999-06-10,566.7
1999-06-11,563.28
1999-06-14,564.32
1999-06-15,567.61
1999-06-16,577.29
1999-06-17,580.31
1999-06-18,581.77
1999-06-21,583.44
1999-06-22,582.06
1999-06-23,581.86
1999-06-24,578.24
1999-06-25,579.57
1999-06-28,582.9
1999-06-29,585.66
1999-06-30,588.3
1999-07-01,589.52
1999-07-02,590.32
1999-07-06,590.67
1999-07-07,591.11
1999-07-08,591.27
1999-07-09,591.71
1999-07-12,592.01
1999-07-13,592.1
1999-07-14,592.3
1999-07-15,592.47
1999-07-16,594.12
1999-07-19,592.57
1999-07-20,584.73
1999-07-21,585.45
1999-07-22,580.25
1999-07-23,579.25
1999-07-26,576.35
1999-07-27,582.46
1999-07-28,583.66
1999-07-29,575.55
1999-07-30,570.4
1999-08-02,570.63
1999-08-03,568.17
1999-08-04,560.98
1999-08-05,564.5
1999-08-06,559.14
1999-08-09,558.72
1999-08-10,551.79
1999-08-11,560.48
1999-08-12,558.94
1999-08-13,572.11
1999-08-16,573.79
1999-08-17,579.41
1999-08-18,574.15
1999-08-19,570.78
1999-08-20,573.27
1999-08-23,578.02
1999-08-24,578.43
1999-08-25,581.1
1999-08-26,579.44
1999-08-27,578.06
1999-08-30,573.43
1999-08-31,573.62
1999-09-01,576.76
1999-09-02,573.83
1999-09-03,582.07
1999-09-07,581.55
1999-09-08,580.8
1999-09-09,582.14
1999-09-10,583.82
1999-09-13,583.72
1999-09-14,582.97
1999-09-15,579.63
1999-09-16,581.52
1999-09-17,585.7
1999-09-20,586.47
1999-09-21,580.25
1999-09-22,581.63
1999-09-23,572.44
1999-09-24,572.47
1999-09-27,575.58
1999-09-28,575.38
1999-09-29,570.71
1999-09-30,576.66
1999-10-01,577.14
1999-10-04,584.58
1999-10-05,584.74
1999-10-06,591.09
1999-10-07,589.59
1999-10-08,594.86
1999-10-11,596.0
1999-10-12,591.16
1999-10-13,579.83
1999-10-14,579.74
1999-10-15,569.52
1999-10-18,572.7
1999-10-19,574.72
1999-10-20,580.81
1999-10-21,580.48
1999-10-22,583.85
1999-10-25,582.85
1999-10-26,581.51
1999-10-27,583.59
1999-10-28,587.79
1999-10-29,588.23
1999-11-01,588.69
1999-11-02,588.24
1999-11-03,588.85
1999-11-04,589.16
1999-11-05,589.71
1999-11-08,590.29
1999-11-09,590.25
1999-11-10,590.57
1999-11-11,590.76
1999-11-12,590.99
1999-11-15,591.25
1999-11-16,591.36
1999-11-17,591.49
1999-11-18,591.58
1999-11-19,592.1
1999-11-22,592.41
1999-11-23,589.46
1999-11-24,592.1
1999-11-26,590.57
1999-11-29,590.24
1999-11-30,586.49
1999-12-01,589.45
1999-12-02,592.04
1999-12-03,597.56
1999-12-06,596.91
1999-12-07,595.83
1999-12-08,593.67
1999-12-09,595.04
1999-12-10,598.29
1999-12-13,598.95
1999-12-14,596.21
1999-12-15,599.39
1999-12-16,601.82
1999-12-17,601.72
1999-12-20,599.81
1999-12-21,603.48
1999-12-22,604.4
1999-12-23,608.12
1999-12-27,607.9
1999-12-28,608.69
1999-12-29,609.16
1999-12-30,608.76
1999-12-31,609.8
2000-01-03,609.6
2000-01-04,598.79
2000-01-05,600.13
2000-01-06,600.81
2000-01-07,610.11
2000-01-10,613.24
2000-01-11,611.27
2000-01-12,610.76
2000-01-13,613.99
2000-01-14,616.28
2000-01-18,616.38
2000-01-19,617.07
2000-01-20,617.63
2000-01-21,617.51
2000-01-24,608.5
2000-01-25,611.68
2000-01-26,610.94
2000-01-27,609.93
2000-01-28,597.37
2000-01-31,608.18
2000-02-01,613.35
2000-02-02,613.72
2000-02-03,618.67
2000-02-04,619.42
2000-02-07,619.63
2000-02-08,623.58
2000-02-09,617.71
2000-02-10,618.99
2000-02-11,610.93
2000-02-14,613.35
2000-02-15,618.8
2000-02-16,612.48
2000-02-17,611.91
2000-02-18,604.26
2000-02-22,606.36
2000-02-23,610.11
2000-02-24,607.13
2000-02-25,603.06
2000-02-28,607.57
2000-02-29,613.15
2000-03-01,616.84
2000-03-02,618.37
2000-03-03,623.32
2000-03-06,621.16
2000-03-07,613.21
2000-03-08,616.84
2000-03-09,623.51
2000-03-10,623.72
2000-03-13,622.7
2000-03-14,617.72
2000-03-15,624.89
2000-03-16,627.64
2000-03-17,626.58
2000-03-20,625.67
2000-03-21,631.55
2000-03-22,632.2
2000-03-23,634.37
2000-03-24,634.28
2000-03-27,634.16
2000-03-28,633.38
2000-03-29,634.11
2000-03-30,631.28
2000-03-31,633.98
2000-04-03,635.55
2000-04-04,633.83
2000-04-05,631.88
2000-04-06,634.53
2000-04-07,637.39
2000-04-10,636.86
2000-04-11,636.69
2000-04-12,632.53
2000-04-13,627.81
2000-04-14,595.72
2000-04-17,618.26
2000-04-18,632.96
2000-04-19,631.73
2000-04-20,633.22
2000-04-24,633.16
2000-04-25,640.85
2000-04-26,638.44
2000-04-27,639.4
2000-04-28,638.5
2000-05-01,641.69
2000-05-02,637.97
2000-05-03,630.82
2000-05-04,630.92
2000-05-05,637.76
2000-05-08,637.63
2000-05-09,635.14
2000-05-10,627.31
2000-05-11,635.62
2000-05-12,640.18
2000-05-15,646.64
2000-05-16,648.96
2000-05-17,648.84
2000-05-18,649.74
2000-05-19,646.48
2000-05-22,645.79
2000-05-23,640.41
2000-05-24,647.51
2000-05-25,644.56
2000-05-26,644.19
2000-05-30,654.63
2000-05-31,654.21
2000-06-01,658.58
2000-06-02,660.76
2000-06-05,660.9
2000-06-06,660.83
2000-06-07,661.76
2000-06-08,661.63
2000-06-09,662.03
2000-06-12,662.32
2000-06-13,663.27
2000-06-14,663.53
2000-06-15,663.72
2000-06-16,662.73
2000-06-19,665.86
2000-06-20,664.97
2000-06-21,665.67
2000-06-22,661.22
2000-06-23,658.99
2000-06-26,662.58
2000-06-27,662.89
2000-06-28,664.55
2000-06-29,662.88
2000-06-30,665.64
2000-07-03,669.53
2000-07-05,664.89
2000-07-06,667.4
2000-07-07,672.09
2000-07-10,672.5
2000-07-11,673.37
2000-07-12,674.76
2000-07-13,675.16
2000-07-14,676.03
2000-07-17,676.7
2000-07-18,676.78
2000-07-19,676.83
2000-07-20,677.36
2000-07-21,677.19
2000-07-24,674.25
2000-07-25,676.64
2000-07-26,673.13
2000-07-27,671.19
2000-07-28,660.9
2000-07-31,664.5
2000-08-01,667.83
2000-08-02,669.46
2000-08-03,673.6
2000-08-04,677.33
2000-08-07,682.63
2000-08-08,684.32
2000-08-09,682.73
2000-08-10,679.51
2000-08-11,683.25
2000-08-14,689.25
2000-08-15,688.83
2000-08-16,688.3
2000-08-17,691.65
2000-08-18,690.84
2000-08-21,692.86
2000-08-22,693.09
2000-08-23,694.4
2000-08-24,695.46
2000-08-25,695.76
2000-08-28,697.71
2000-08-29,697.3
2000-08-30,695.94
2000-08-31,698.9
2000-09-01,699.26
2000-09-05,697.96
2000-09-06,695.72
2000-09-07,698.62
2000-09-08,698.15
2000-09-11,698.62
2000-09-12,697.86
2000-09-13,699.45
2000-09-14,700.17
2000-09-15,697.87
2000-09-18,693.58
2000-09-19,697.25
2000-09-20,695.42
2000-09-21,695.35
2000-09-22,695.29
2000-09-25,693.76
2000-09-26,690.7
2000-09-27,690.76
2000-09-28,700.61
2000-09-29,695.16
2000-10-02,695.4
2000-10-03,691.61
2000-10-04,695.71
2000-10-05,696.81
2000-10-06,686.65
2000-10-09,684.81
2000-10-10,678.02
2000-10-11,667.01
2000-10-12,650.62
2000-10-13,671.17
2000-10-16,673.13
2000-10-17,660.77
2000-10-18,656.73
2000-10-19,679.24
2000-10-20,675.0
2000-10-23,676.11
2000-10-24,677.1
2000-10-25,669.57
2000-10-26,667.74
2000-10-27,674.13
2000-10-30,678.62
2000-10-31,683.32
2000-11-01,682.62
2000-11-02,683.96
2000-11-03,684.11
2000-11-06,685.37
2000-11-07,685.58
2000-11-08,683.69
2000-11-09,682.61
2000-11-10,676.11
2000-11-13,673.86
2000-11-14,684.14
2000-11-15,687.65
2000-11-16,686.48
2000-11-17,688.75
2000-11-20,682.17
2000-11-21,683.85
2000-11-22,676.5
2000-11-24,684.79
2000-11-27,687.69
2000-11-28,682.94
2000-11-29,685.6
2000-11-30,674.75
2000-12-01,678.05
2000-12-04,683.16
2000-12-05,698.07
2000-12-06,693.0
2000-12-07,691.18
2000-12-08,699.8
2000-12-11,701.07
2000-12-12,699.64
2000-12-13,700.99
2000-12-14,694.89
2000-12-15,682.61
2000-12-18,684.29
2000-12-19,682.14
2000-12-20,668.47
2000-12-21,673.79
2000-12-22,683.45
2000-12-26,686.3
2000-12-27,688.89
2000-12-28,691.11
2000-12-29,689.44
2001-01-02,680.11
2001-01-03,695.66
2001-01-04,693.88
2001-01-05,687.17
2001-01-08,687.87
2001-01-09,690.56
2001-01-10,694.88
2001-01-11,697.91
2001-01-16,701.15
2001-01-17,702.56
2001-01-18,703.27
2001-01-19,703.65
2001-01-22,705.2
2001-01-23,709.06
2001-01-24,709.79
2001-01-25,709.44
2001-01-26,709.19
2001-01-29,711.4
2001-01-30,712.66
2001-01-31,712.92
2001-02-01,714.05
2001-02-02,711.62
2001-02-05,713.67
2001-02-06,714.06
2001-02-07,713.02
2001-02-08,712.44
2001-02-09,708.33
2001-02-12,713.91
2001-02-13,711.67
2001-02-14,712.9
2001-02-15,717.1
2001-02-16,704.44
2001-02-20,698.7
2001-02-21,689.74
2001-02-22,688.84
2001-02-23,686.16
2001-02-26,696.9
2001-02-27,693.28
2001-02-28,684.38
2001-03-01,685.75
2001-03-02,682.8
2001-03-05,687.81
2001-03-06,694.86
2001-03-07,698.79
2001-03-08,699.94
2001-03-09,683.6
2001-03-12,653.51
2001-03-13,665.44
2001-03-14,647.49
2001-03-15,651.86
2001-03-16,640.32
2001-03-19,646.38
2001-03-20,639.41
2001-03-21,633.61
2001-03-22,631.04
2001-03-23,640.49
2001-03-26,646.14
2001-03-27,653.2
2001-03-28,646.75
2001-03-29,645.92
2001-03-30,648.99
2001-04-02,644.75
2001-04-03,631.08
2001-04-04,630.25
2001-04-05,649.53
2001-04-06,642.1
2001-04-09,646.77
2001-04-10,656.17
2001-04-11,657.27
2001-04-12,661.24
2001-04-16,662.09
2001-04-17,663.63
2001-04-18,664.38
2001-04-19,664.75
2001-04-20,663.8
2001-04-23,659.06
2001-04-24,656.1
2001-04-25,661.93
2001-04-26,664.1
2001-04-27,668.85
2001-04-30,668.71
2001-05-01,671.99
2001-05-02,672.58
2001-05-03,670.06
2001-05-04,673.45
2001-05-07,673.7
2001-05-08,674.38
2001-05-09,674.22
2001-05-10,674.86
2001-05-11,674.18
2001-05-14,675.45
2001-05-15,676.79
2001-05-16,678.78
2001-05-17,679.08
2001-05-18,679.12
2001-05-21,683.97
2001-05-22,683.39
2001-05-23,679.92
2001-05-24,681.8
2001-05-25,679.11
2001-05-29,676.61
2001-05-30,669.34
2001-05-31,672.54
2001-06-01,675.79
2001-06-04,678.64
2001-06-05,685.04
2001-06-06,681.15
2001-06-07,683.78
2001-06-08,679.88
2001-06-11,675.61
2001-06-12,676.92
2001-06-13,670.08
2001-06-14,657.79
2001-06-15,650.85
2001-06-18,650.46
2001-06-19,652.25
2001-06-20,654.78
2001-06-21,658.49
2001-06-22,656.41
2001-06-25,656.28
2001-06-26,655.62
2001-06-27,655.49
2001-06-28,658.78
2001-06-29,659.84
2001-07-02,661.76
2001-07-03,662.05
2001-07-05,659.9
2001-07-06,652.69
2001-07-09,655.92
2001-07-10,650.85
2001-07-11,650.19
2001-07-12,660.14
2001-07-13,662.67
2001-07-16,660.79
2001-07-17,663.49
2001-07-18,663.17
2001-07-19,665.73
2001-07-20,665.59
2001-07-23,660.89
2001-07-24,654.31
2001-07-25,661.17
2001-07-26,665.99
2001-07-27,667.11
2001-07-30,667.42
2001-07-31,669.75
2001-08-01,671.57
2001-08-02,672.54
2001-08-03,672.44
2001-08-06,669.75
2001-08-07,671.52
2001-08-08,665.22
2001-08-09,665.96
2001-08-10,669.34
2001-08-13,670.9
2001-08-14,669.75
2001-08-15,666.17
2001-08-16,668.47
2001-08-17,661.77
2001-08-20,665.51
2001-08-21,662.14
2001-08-22,665.34
2001-08-23,664.93
2001-08-24,670.89
2001-08-27,670.55
2001-08-28,666.62
2001-08-29,662.78
2001-08-30,654.87
2001-08-31,657.63
2001-09-04,656.94
2001-09-05,657.38
2001-09-06,646.27
2001-09-07,635.36
2001-09-10,639.48
2001-09-17,609.23
2001-09-18,605.83
2001-09-19,594.81
2001-09-20,577.51
2001-09-21,553.01
2001-09-24,563.6
2001-09-25,565.99
2001-09-26,565.92
2001-09-27,568.26
2001-09-28,571.29
2001-10-01,571.92
2001-10-02,573.12
2001-10-03,574.01
2001-10-04,573.82
2001-10-05,573.66
2001-10-08,573.76
2001-10-09,573.93
2001-10-10,575.53
2001-10-11,575.97
2001-10-12,575.8
2001-10-15,576.36
2001-10-16,576.66
2001-10-17,576.57
2001-10-18,576.85
2001-10-19,579.43
2001-10-22,584.57
2001-10-23,584.15
2001-10-24,585.19
2001-10-25,588.0
2001-10-26,589.58
2001-10-29,585.79
2001-10-30,581.25
2001-10-31,581.65
2001-11-01,587.33
2001-11-02,589.33
2001-11-05,592.34
2001-11-06,594.51
2001-11-07,594.5
2001-11-08,595.29
2001-11-09,595.95
2001-11-12,595.81
2001-11-13,596.92
2001-11-14,596.89
2001-11-15,597.16
2001-11-16,596.62
2001-11-19,600.17
2001-11-20,599.28
2001-11-21,598.08
2001-11-23,602.37
2001-11-26,603.95
2001-11-27,602.34
2001-11-28,596.69
2001-11-29,600.71
2001-11-30,601.44
2001-12-03,598.74
2001-12-04,604.08
2001-12-05,608.77
2001-12-06,608.59
2001-12-07,607.68
2001-12-10,604.14
2001-12-11,604.01
2001-12-12,604.82
2001-12-13,598.8
2001-12-14,601.58
2001-12-17,606.74
2001-12-18,610.16
2001-12-19,612.16
2001-12-20,611.57
2001-12-21,613.43
2001-12-24,614.43
2001-12-26,616.26
2001-12-27,617.88
2001-12-28,618.79
2001-12-31,616.15
2002-01-02,618.35
2002-01-03,621.0
2002-01-04,622.4
2002-01-07,621.95
2002-01-08,621.85
2002-01-09,621.25
2002-01-10,622.02
2002-01-11,620.6
2002-01-14,620.04
2002-01-15,622.96
2002-01-16,618.63
2002-01-17,623.63
2002-01-18,617.53
2002-01-22,615.87
2002-01-23,619.65
2002-01-24,620.95
2002-01-25,621.48
2002-01-28,622.45
2002-01-29,610.96
2002-01-30,616.47
2002-01-31,622.36
2002-02-01,621.1
2002-02-04,609.64
2002-02-05,607.83
2002-02-06,605.4
2002-02-07,603.48
2002-02-08,612.41
2002-02-11,620.88
2002-02-12,619.15
2002-02-13,624.67
2002-02-14,624.48
2002-02-15,621.99
2002-02-19,615.48
2002-02-20,621.68
2002-02-21,615.45
2002-02-22,619.33
2002-02-25,626.58
2002-02-26,626.66
2002-02-27,627.73
2002-02-28,627.07
2002-03-01,632.79
2002-03-04,635.44
2002-03-05,635.32
2002-03-06,636.4
2002-03-07,636.52
2002-03-08,637.12
2002-03-11,637.45
2002-03-12,637.55
2002-03-13,637.64
2002-03-14,637.78
2002-03-15,638.71
2002-03-18,638.55
2002-03-19,640.43
2002-03-20,636.2
2002-03-21,637.18
2002-03-22,636.2
2002-03-25,630.74
2002-03-26,633.58
2002-03-27,636.19
2002-03-28,637.23
2002-04-01,637.19
2002-04-02,634.07
2002-04-03,628.71
2002-04-04,629.59
2002-04-05,628.55
2002-04-08,630.22
2002-04-09,626.77
2002-04-10,633.54
2002-04-11,619.75
2002-04-12,622.87
2002-04-15,619.37
2002-04-16,633.22
2002-04-17,632.74
2002-04-18,631.26
2002-04-19,634.37
2002-04-22,629.74
2002-04-23,627.11
2002-04-24,624.12
2002-04-25,623.52
2002-04-26,616.63
2002-04-29,611.42
2002-04-30,617.79
2002-05-01,622.84
2002-05-02,622.23
2002-05-03,617.25
2002-05-06,605.93
2002-05-07,603.94
2002-05-08,625.07
2002-05-09,617.32
2002-05-10,607.95
2002-05-13,618.65
2002-05-14,631.19
2002-05-15,628.63
2002-05-16,632.98
2002-05-17,636.18
2002-05-20,632.69
2002-05-21,629.22
2002-05-22,631.3
2002-05-23,635.15
2002-05-24,631.83
2002-05-28,629.23
2002-05-29,626.65
2002-05-30,625.91
2002-05-31,627.4
2002-06-03,613.76
2002-06-04,613.94
2002-06-05,619.63
2002-06-06,608.99
2002-06-07,608.49
2002-06-10,610.07
2002-06-11,600.49
2002-06-12,604.38
2002-06-13,598.3
2002-06-14,597.14
2002-06-17,614.26
2002-06-18,614.64
2002-06-19,604.42
2002-06-20,596.5
2002-06-21,584.47
2002-06-24,586.65
2002-06-25,581.22
2002-06-26,580.46
2002-06-27,587.34
2002-06-28,587.79
2002-07-01,580.66
2002-07-02,570.93
2002-07-03,574.17
2002-07-05,590.12
2002-07-08,586.08
2002-07-09,575.26
2002-07-10,556.79
2002-07-11,561.98
2002-07-12,558.19
2002-07-15,555.79
2002-07-16,546.42
2002-07-17,549.84
2002-07-18,533.5
2002-07-19,517.22
2002-07-22,507.58
2002-07-23,497.81
2002-07-24,517.35
2002-07-25,516.49
2002-07-26,523.51
2002-07-29,534.42
2002-07-30,534.99
2002-07-31,535.81
2002-08-01,531.19
2002-08-02,526.77
2002-08-05,517.95
2002-08-06,527.45
2002-08-07,532.97
2002-08-08,537.1
2002-08-09,538.15
2002-08-12,538.49
2002-08-13,538.35
2002-08-14,539.98
2002-08-15,540.22
2002-08-16,539.96
2002-08-19,545.15
2002-08-20,542.59
2002-08-21,545.69
2002-08-22,548.54
2002-08-23,544.35
2002-08-26,546.29
2002-08-27,543.69
2002-08-28,538.66
2002-08-29,538.77
2002-08-30,539.31
2002-09-03,522.81
2002-09-04,530.66
2002-09-05,525.54
2002-09-06,532.82
2002-09-09,537.48
2002-09-10,541.24
2002-09-11,541.38
2002-09-12,532.1
2002-09-13,534.5
2002-09-16,535.54
2002-09-17,526.1
2002-09-18,523.54
2002-09-19,507.65
2002-09-20,511.02
2002-09-23,509.05
2002-09-24,504.99
2002-09-25,512.34
2002-09-26,517.85
2002-09-27,510.41
2002-09-30,506.15
2002-10-01,518.22
2002-10-02,512.0
2002-10-03,509.38
2002-10-04,503.06
2002-10-07,496.37
2002-10-08,503.28
2002-10-09,492.53
2002-10-10,507.4
2002-10-11,520.37
2002-10-14,523.5
2002-10-15,528.2
2002-10-16,527.37
2002-10-17,528.82
2002-10-18,529.32
2002-10-21,533.74
2002-10-22,531.98
2002-10-23,533.97
2002-10-24,530.9
2002-10-25,536.37
2002-10-28,535.78
2002-10-29,533.71
2002-10-30,536.43
2002-10-31,535.95
2002-11-01,540.29
2002-11-04,541.39
2002-11-05,542.51
2002-11-06,543.75
2002-11-07,542.28
2002-11-08,542.27
2002-11-11,539.31
2002-11-12,542.24
2002-11-13,543.45
2002-11-14,546.82
2002-11-15,549.66
2002-11-18,547.82
2002-11-19,547.84
2002-11-20,552.92
2002-11-21,556.61
2002-11-22,556.81
2002-11-25,557.31
2002-11-26,554.07
2002-11-27,557.03
2002-11-29,557.14
2002-12-02,557.92
2002-12-03,556.07
2002-12-04,555.77
2002-12-05,553.61
2002-12-06,555.59
2002-12-09,551.63
2002-12-10,555.95
2002-12-11,557.36
2002-12-12,557.32
2002-12-13,554.43
2002-12-16,560.87
2002-12-17,560.26
2002-12-18,558.6
2002-12-19,558.27
2002-12-20,563.82
2002-12-23,565.71
2002-12-24,564.85
2002-12-26,564.07
2002-12-27,559.56
2002-12-30,561.92
2002-12-31,563.31
2003-01-02,571.47
2003-01-03,572.02
2003-01-06,574.69
2003-01-07,574.52
2003-01-08,573.49
2003-01-09,575.51
2003-01-10,575.66
2003-01-13,575.85
2003-01-14,576.26
2003-01-15,576.29
2003-01-16,576.38
2003-01-17,575.66
2003-01-21,570.89
2003-01-22,567.23
2003-01-23,571.36
2003-01-24,559.36
2003-01-27,551.58
2003-01-28,558.26
2003-01-29,562.29
2003-01-30,552.34
2003-01-31,558.41
2003-02-03,561.57
2003-02-04,554.97
2003-02-05,552.16
2003-02-06,549.87
2003-02-07,544.36
2003-02-10,549.33
2003-02-11,544.9
2003-02-12,538.4
2003-02-13,537.96
2003-02-14,549.63
2003-02-18,560.45
2003-02-19,556.65
2003-02-20,550.81
2003-02-21,556.69
2003-02-24,552.39
2003-02-25,554.4
2003-02-26,551.22
2003-02-27,555.6
2003-02-28,557.68
2003-03-03,556.6
2003-03-04,552.43
2003-03-05,555.92
2003-03-06,553.64
2003-03-07,556.44
2003-03-10,548.21
2003-03-11,545.21
2003-03-12,547.6
2003-03-13,560.6
2003-03-14,561.79
2003-03-17,567.62
2003-03-18,569.15
2003-03-19,569.73
2003-03-20,570.25
2003-03-21,573.84
2003-03-24,564.35
2003-03-25,569.58
2003-03-26,568.53
2003-03-27,568.48
2003-03-28,567.03
2003-03-31,560.41
2003-04-01,566.37
2003-04-02,574.94
2003-04-03,573.93
2003-04-04,574.65
2003-04-07,576.51
2003-04-08,577.56
2003-04-09,572.94
2003-04-10,576.7
2003-04-11,577.05
2003-04-14,583.99
2003-04-15,586.31
2003-04-16,585.9
2003-04-17,589.97
2003-04-21,590.49
2003-04-22,594.98
2003-04-23,596.16
2003-04-24,595.6
2003-04-25,593.71
2003-04-28,597.04
2003-04-29,597.47
2003-04-30,597.22
2003-05-01,597.58
2003-05-02,599.03
2003-05-05,599.23
2003-05-06,599.65
2003-05-07,599.73
2003-05-08,599.45
2003-05-09,600.21
2003-05-12,600.45
2003-05-13,600.54
2003-05-14,600.6
2003-05-15,600.7
2003-05-16,601.72
2003-05-19,593.15
2003-05-20,592.58
2003-05-21,594.52
2003-05-22,598.69
2003-05-23,599.52
2003-05-27,605.27
2003-05-28,605.85
2003-05-29,604.89
2003-05-30,608.5
2003-06-02,608.97
2003-06-03,609.81
2003-06-04,611.33
2003-06-05,611.77
2003-06-06,611.85
2003-06-09,611.38
2003-06-10,612.74
2003-06-11,613.35
2003-06-12,613.44
2003-06-13,613.53
2003-06-16,613.94
2003-06-17,613.96
2003-06-18,614.02
2003-06-19,614.06
2003-06-20,612.62
2003-06-23,607.96
2003-06-24,608.76
2003-06-25,606.11
2003-06-26,611.18
2003-06-27,607.43
2003-06-30,607.3
2003-07-01,610.96
2003-07-02,614.9
2003-07-03,611.97
2003-07-07,619.04
2003-07-08,620.32
2003-07-09,620.02
2003-07-10,616.27
2003-07-11,620.18
2003-07-14,622.09
2003-07-15,622.26
2003-07-16,621.12
2003-07-17,616.77
2003-07-18,623.28
2003-07-21,620.14
2003-07-22,623.03
2003-07-23,623.79
2003-07-24,622.23
2003-07-25,627.41
2003-07-28,627.08
2003-07-29,625.67
2003-07-30,625.4
2003-07-31,626.13
2003-08-01,623.21
2003-08-04,624.46
2003-08-05,618.31
2003-08-06,620.26
2003-08-07,624.22
2003-08-08,626.31
2003-08-11,627.91
2003-08-12,631.13
2003-08-13,630.53
2003-08-14,632.81
2003-08-15,632.37
2003-08-18,636.01
2003-08-19,637.01
2003-08-20,636.7
2003-08-21,637.6
2003-08-22,634.97
2003-08-25,635.25
2003-08-26,636.5
2003-08-27,637.08
2003-08-28,639.25
2003-08-29,640.44
2003-09-02,642.99
2003-09-03,643.46
2003-09-04,644.03
2003-09-05,644.15
2003-09-08,645.24
2003-09-09,644.87
2003-09-10,643.84
2003-09-11,645.03
2003-09-12,645.64
2003-09-15,645.72
2003-09-16,646.41
2003-09-17,646.46
2003-09-18,646.57
2003-09-19,646.48
2003-09-22,642.13
2003-09-23,644.38
2003-09-24,636.8
2003-09-25,634.4
2003-09-26,631.61
2003-09-29,636.54
2003-09-30,631.61
2003-10-01,642.09
2003-10-02,643.8
2003-10-03,647.93
2003-10-06,650.15
2003-10-07,651.34
2003-10-08,650.82
2003-10-09,652.65
2003-10-10,653.24
2003-10-13,655.3
2003-10-14,656.05
2003-10-15,656.5
2003-10-16,656.85
2003-10-17,655.23
2003-10-20,657.57
2003-10-21,659.03
2003-10-22,653.67
2003-10-23,655.23
2003-10-24,654.06
2003-10-27,655.08
2003-10-28,660.76
2003-10-29,661.68
2003-10-30,661.57
2003-10-31,662.81
2003-11-03,664.76
2003-11-04,664.1
2003-11-05,663.8
2003-11-06,665.3
2003-11-07,664.86
2003-11-10,663.88
2003-11-11,664.16
2003-11-12,667.3
2003-11-13,667.61
2003-11-14,666.66
2003-11-17,665.42
2003-11-18,662.67
2003-11-19,667.42
2003-11-20,664.12
2003-11-21,669.24
2003-11-24,674.78
2003-11-25,675.79
2003-11-26,676.5
2003-11-28,676.93
2003-12-01,678.27
2003-12-02,678.29
2003-12-03,678.34
2003-12-04,678.92
2003-12-05,678.38
2003-12-08,679.49
2003-12-09,678.97
2003-12-10,679.16
2003-12-11,680.23
2003-12-12,680.42
2003-12-15,680.3
2003-12-16,680.73
2003-12-17,680.92
2003-12-18,680.98
2003-12-19,679.67
2003-12-22,681.15
2003-12-23,682.56
2003-12-24,682.14
2003-12-26,682.62
2003-12-29,686.13
2003-12-30,686.11
2003-12-31,685.97
2004-01-02,686.01
2004-01-05,688.69
2004-01-06,689.47
2004-01-07,690.01
2004-01-08,690.3
2004-01-09,690.06
2004-01-12,690.67
2004-01-13,690.66
2004-01-14,691.01
2004-01-15,691.17
2004-01-16,692.13
2004-01-20,692.79
2004-01-21,695.26
2004-01-22,694.38
2004-01-23,693.72
2004-01-26,697.22
2004-01-27,695.22
2004-01-28,690.98
2004-01-29,692.52
2004-01-30,692.29
2004-02-02,693.83
2004-02-03,694.1
2004-02-04,691.91
2004-02-05,692.95
2004-02-06,697.54
2004-02-09,697.5
2004-02-10,699.04
2004-02-11,700.56
2004-02-12,700.58
2004-02-13,700.3
2004-02-17,701.42
2004-02-18,701.62
2004-02-19,701.72
2004-02-20,702.8
2004-02-23,702.32
2004-02-24,702.34
2004-02-25,704.39
2004-02-26,705.31
2004-02-27,705.93
2004-03-01,708.36
2004-03-02,707.34
2004-03-03,708.05
2004-03-04,708.91
2004-03-05,709.68
2004-03-08,708.05
2004-03-09,706.19
2004-03-10,699.48
2004-03-11,690.02
2004-03-12,699.33
2004-03-15,690.19
2004-03-17,703.05
2004-03-18,702.07
2004-03-19,696.97
2004-03-22,690.43
2004-03-23,691.5
2004-03-24,690.15
2004-03-25,698.96
2004-03-26,699.61
2004-03-29,704.64
2004-03-30,706.03
2004-03-31,705.95
2004-04-01,707.5
2004-04-02,709.9
2004-04-05,711.55
2004-04-06,711.6
2004-04-07,711.11
2004-04-08,710.93
2004-04-12,712.47
2004-04-13,710.55
2004-04-14,711.97
2004-04-15,712.97
2004-04-16,713.5
2004-04-19,714.81
2004-04-20,709.34
2004-04-21,711.86
2004-04-22,717.28
2004-04-23,717.87
2004-04-26,716.51
2004-04-27,717.88
2004-04-28,712.28
2004-04-29,709.44
2004-04-30,706.76
2004-05-03,711.6
2004-05-04,712.71
2004-05-05,714.14
2004-05-06,710.66
2004-05-07,703.23
2004-05-10,696.67
2004-05-11,702.34
2004-05-12,703.96
2004-05-13,703.21
2004-05-14,703.04
2004-05-17,695.7
2004-05-18,700.93
2004-05-19,699.4
2004-05-20,699.9
2004-05-21,701.34
2004-05-24,703.4
2004-05-25,709.1
2004-05-26,709.58
2004-05-27,711.17
2004-05-28,711.29
2004-06-01,711.53
2004-06-02,712.44
2004-06-03,711.12
2004-06-04,712.71
2004-06-07,714.81
2004-06-08,715.01
2004-06-09,714.72
2004-06-10,715.21
2004-06-14,715.05
2004-06-15,715.59
2004-06-16,715.68
2004-06-17,715.86
2004-06-18,714.4
2004-06-21,713.56
2004-06-22,715.88
2004-06-23,718.52
2004-06-24,717.36
2004-06-25,716.97
2004-06-28,715.72
2004-06-29,717.21
2004-06-30,719.3
2004-07-01,715.68
2004-07-02,714.3
2004-07-06,710.93
2004-07-07,712.61
2004-07-08,707.65
2004-07-09,710.25
2004-07-12,711.5
2004-07-13,712.16
2004-07-14,709.94
2004-07-15,706.89
2004-07-16,710.66
2004-07-19,711.22
2004-07-20,713.83
2004-07-21,708.54
2004-07-22,709.93
2004-07-23,705.56
2004-07-26,705.49
2004-07-27,710.36
2004-07-28,711.24
2004-07-29,713.68
2004-07-30,714.56
2004-08-02,716.68
2004-08-03,714.18
2004-08-04,714.07
2004-08-05,705.63
2004-08-06,696.27
2004-08-09,697.45
2004-08-10,705.67
2004-08-11,704.51
2004-08-12,696.79
2004-08-13,698.25
2004-08-16,707.69
2004-08-17,709.02
2004-08-18,717.44
2004-08-19,715.03
2004-08-20,716.55
2004-08-23,716.87
2004-08-24,717.36
2004-08-25,719.79
2004-08-26,720.22
2004-08-27,720.78
2004-08-30,719.44
2004-08-31,720.67
2004-09-01,721.43
2004-09-02,723.53
2004-09-03,723.52
2004-09-07,724.71
2004-09-08,724.8
2004-09-09,725.05
2004-09-10,725.61
2004-09-13,725.77
2004-09-14,725.98
2004-09-15,725.99
2004-09-16,726.17
2004-09-17,725.84
2004-09-20,724.62
2004-09-21,727.11
2004-09-22,721.48
2004-09-23,719.81
2004-09-24,721.41
2004-09-27,718.49
2004-09-28,722.38
2004-09-29,724.11
2004-09-30,724.34
2004-10-01,730.41
2004-10-04,731.35
2004-10-05,731.54
2004-10-06,733.14
2004-10-07,730.92
2004-10-08,729.64
2004-10-11,731.36
2004-10-12,730.97
2004-10-13,727.17
2004-10-14,721.22
2004-10-15,723.77
2004-10-18,725.9
2004-10-19,723.19
2004-10-20,723.56
2004-10-21,724.72
2004-10-22,721.18
2004-10-25,720.48
2004-10-26,725.57
2004-10-27,729.8
2004-10-28,730.49
2004-10-29,730.52
2004-11-01,731.08
2004-11-02,731.17
2004-11-03,734.04
2004-11-04,735.0
2004-11-05,735.11
2004-11-08,735.49
2004-11-09,735.68
2004-11-10,735.76
2004-11-11,735.79
2004-11-12,735.75
2004-11-15,735.98
2004-11-16,735.87
2004-11-17,736.12
2004-11-18,736.17
2004-11-19,735.39
2004-11-22,737.94
2004-11-23,738.33
2004-11-24,739.72
2004-11-26,739.9
2004-11-29,739.71
2004-11-30,739.12
2004-12-01,742.54
2004-12-02,742.65
2004-12-03,743.11
2004-12-06,743.52
2004-12-07,741.59
2004-12-08,743.13
2004-12-09,744.39
2004-12-10,744.69
2004-12-13,745.47
2004-12-14,745.77
2004-12-15,745.89
2004-12-16,746.02
2004-12-17,744.78
2004-12-20,745.39
2004-12-21,748.82
2004-12-22,750.03
2004-12-23,750.61
2004-12-27,749.78
2004-12-28,751.31
2004-12-29,751.42
2004-12-30,751.49
2004-12-31,751.0
2005-01-03,749.07
2005-01-04,745.7
2005-01-05,744.29
2005-01-06,746.36
2005-01-07,746.15
2005-01-10,748.15
2005-01-11,746.01
2005-01-12,748.46
2005-01-13,743.63
2005-01-14,747.91
2005-01-18,753.09
2005-01-19,748.83
2005-01-20,744.06
2005-01-21,741.16
2005-01-24,740.17
2005-01-25,742.68
2005-01-26,745.17
2005-01-27,745.53
2005-01-28,744.45
2005-01-31,748.21
2005-02-01,750.41
2005-02-02,751.45
2005-02-03,751.14
2005-02-04,753.02
2005-02-07,753.16
2005-02-08,753.5
2005-02-09,752.72
2005-02-10,753.59
2005-02-11,754.11
2005-02-14,754.5
2005-02-15,754.58
2005-02-16,754.62
2005-02-17,754.67
2005-02-18,755.24
2005-02-22,748.7
2005-02-23,751.94
2005-02-24,755.63
2005-02-25,758.45
2005-02-28,756.83
2005-03-01,758.57
2005-03-02,758.69
2005-03-03,758.87
2005-03-04,761.44
2005-03-07,762.05
2005-03-08,761.82
2005-03-09,760.06
2005-03-10,760.88
2005-03-11,759.5
2005-03-14,761.76
2005-03-15,759.91
2005-03-16,756.01
2005-03-17,757.92
2005-03-18,758.39
2005-03-21,757.42
2005-03-22,753.86
2005-03-23,754.08
2005-03-24,754.98
2005-03-28,756.63
2005-03-29,752.43
2005-03-30,758.95
2005-03-31,758.84
2005-04-01,756.46
2005-04-04,758.57
2005-04-05,760.93
2005-04-06,761.93
2005-04-07,764.13
2005-04-08,762.3
2005-04-11,763.31
2005-04-12,765.65
2005-04-13,761.79
2005-04-14,755.48
2005-04-15,744.67
2005-04-18,747.28
2005-04-19,750.87
2005-04-20,744.25
2005-04-21,753.89
2005-04-22,751.27
2005-04-25,755.56
2005-04-26,752.64
2005-04-27,754.45
2005-04-28,748.19
2005-04-29,754.26
2005-05-02,757.1
2005-05-03,757.42
2005-05-04,761.2
2005-05-05,761.06
2005-05-06,761.11
2005-05-09,763.39
2005-05-10,760.54
2005-05-11,762.58
2005-05-12,759.16
2005-05-13,758.09
2005-05-16,763.18
2005-05-17,765.33
2005-05-18,766.03
2005-05-19,766.27
2005-05-20,766.57
2005-05-23,768.55
2005-05-24,769.11
2005-05-25,768.51
2005-05-26,770.51
2005-05-27,770.76
2005-05-31,769.7
2005-06-01,772.22
2005-06-02,773.0
2005-06-03,772.04
2005-06-06,773.11
2005-06-07,773.01
2005-06-08,772.94
2005-06-09,774.26
2005-06-10,774.42
2005-06-13,775.28
2005-06-14,775.67
2005-06-15,776.02
2005-06-16,776.16
2005-06-17,776.24
2005-06-20,776.85
2005-06-21,776.36
2005-06-22,776.81
2005-06-23,771.8
2005-06-24,767.56
2005-06-27,767.75
2005-06-28,773.56
2005-06-29,772.91
2005-06-30,768.32
2005-07-01,771.1
2005-07-05,776.26
2005-07-06,771.34
2005-07-07,772.95
2005-07-08,780.19
2005-07-11,782.77
2005-07-12,783.95
2005-07-13,784.62
2005-07-14,785.2
2005-07-15,786.29
2005-07-18,785.24
2005-07-19,787.65
2005-07-20,789.05
2005-07-21,786.96
2005-07-22,788.88
2005-07-25,788.42
2005-07-26,789.39
2005-07-27,790.69
2005-07-28,791.8
2005-07-29,790.04
2005-08-01,790.26
2005-08-02,792.11
2005-08-03,792.5
2005-08-04,791.23
2005-08-05,789.82
2005-08-08,789.55
2005-08-09,792.06
2005-08-10,791.93
2005-08-11,793.46
2005-08-12,793.02
2005-08-15,794.13
2005-08-16,791.39
2005-08-17,792.89
2005-08-18,793.25
2005-08-19,793.94
2005-08-22,795.4
2005-08-23,794.45
2005-08-24,791.75
2005-08-25,792.79
2005-08-26,790.82
2005-08-29,794.45
2005-08-30,793.17
2005-08-31,797.34
2005-09-01,798.21
2005-09-02,797.17
2005-09-06,801.87
2005-09-07,802.87
2005-09-08,802.65
2005-09-09,804.25
2005-09-12,804.59
2005-09-13,804.19
2005-09-14,804.43
2005-09-15,804.99
2005-09-16,806.71
2005-09-19,805.08
2005-09-20,802.74
2005-09-21,797.5
2005-09-22,800.04
2005-09-23,800.98
2005-09-26,801.61
2005-09-27,801.96
2005-09-28,803.0
2005-09-29,807.19
2005-09-30,807.47
2005-10-03,807.77
2005-10-04,802.74
2005-10-05,793.02
2005-10-06,790.17
2005-10-07,793.44
2005-10-10,788.39
2005-10-11,786.94
2005-10-12,782.3
2005-10-13,781.72
2005-10-14,788.44
2005-10-17,790.67
2005-10-18,782.97
2005-10-19,794.24
2005-10-20,781.67
2005-10-21,786.12
2005-10-24,791.72
2005-10-25,791.97
2005-10-26,791.16
2005-10-27,787.87
2005-10-28,792.67
2005-10-31,794.33
2005-11-01,794.13
2005-11-02,795.88
2005-11-03,796.62
2005-11-04,796.83
2005-11-07,797.38
2005-11-08,797.46
2005-11-09,797.74
2005-11-10,798.1
2005-11-11,798.25
2005-11-14,798.58
2005-11-15,798.71
2005-11-16,798.8
2005-11-17,798.96
2005-11-18,800.35
2005-11-21,802.31
2005-11-22,803.44
2005-11-23,804.08
2005-11-25,804.61
2005-11-28,803.61
2005-11-29,804.02
2005-11-30,802.9
2005-12-01,805.66
2005-12-02,805.88
2005-12-05,805.87
2005-12-06,806.33
2005-12-07,805.7
2005-12-08,805.99
2005-12-09,806.99
2005-12-12,807.65
2005-12-13,808.11
2005-12-14,808.36
2005-12-15,808.53
2005-12-16,806.68
2005-12-19,804.4
2005-12-20,804.75
2005-12-21,806.07
2005-12-22,808.15
2005-12-23,808.95
2005-12-27,805.05
2005-12-28,805.66
2005-12-29,804.71
2005-12-30,801.42
2006-01-03,810.74
2006-01-04,812.02
2006-01-05,812.14
2006-01-06,815.33
2006-01-09,816.27
2006-01-10,816.63
2006-01-11,817.22
2006-01-12,816.89
2006-01-13,817.5
2006-01-17,817.6
2006-01-18,817.49
2006-01-19,818.5
2006-01-20,813.23
2006-01-23,814.87
2006-01-24,816.56
2006-01-25,816.38
2006-01-26,819.83
2006-01-27,822.69
2006-01-30,823.45
2006-01-31,822.36
2006-02-01,823.2
2006-02-02,820.17
2006-02-03,818.31
2006-02-06,819.68
2006-02-07,815.15
2006-02-08,820.91
2006-02-09,820.8
2006-02-10,822.55
2006-02-13,821.49
2006-02-14,826.95
2006-02-15,828.64
2006-02-16,829.95
2006-02-17,830.15
2006-02-21,829.95
2006-02-22,832.74
2006-02-23,832.12
2006-02-24,833.04
2006-02-27,834.73
2006-02-28,831.1
2006-03-01,834.54
2006-03-02,834.45
2006-03-03,834.0
2006-03-06,831.63
2006-03-07,830.81
2006-03-08,832.82
2006-03-09,830.4
2006-03-10,834.86
2006-03-13,836.77
2006-03-14,839.99
2006-03-15,840.74
2006-03-16,841.06
2006-03-17,840.95
2006-03-20,841.79
2006-03-21,839.67
2006-03-22,842.33
2006-03-23,841.62
2006-03-24,842.15
2006-03-27,842.46
2006-03-28,839.76
2006-03-29,843.75
2006-03-30,842.65
2006-03-31,841.05
2006-04-03,842.84
2006-04-04,845.6
2006-04-05,847.24
2006-04-06,846.56
2006-04-07,842.45
2006-04-10,843.81
2006-04-11,839.2
2006-04-12,840.94
2006-04-13,841.7
2006-04-17,840.62
2006-04-18,850.8
2006-04-19,852.23
2006-04-20,853.44
2006-04-21,852.65
2006-04-24,852.47
2006-04-25,851.0
2006-04-26,852.55
2006-04-27,854.08
2006-04-28,854.65
2006-05-01,853.06
2006-05-02,855.77
2006-05-03,854.75
2006-05-04,856.44
2006-05-05,859.72
2006-05-08,860.04
2006-05-09,860.37
2006-05-10,860.48
2006-05-11,856.76
2006-05-12,849.61
2006-05-15,852.54
2006-05-16,851.52
2006-05-17,837.32
2006-05-18,832.08
2006-05-19,834.75
2006-05-22,834.44
2006-05-23,833.34
2006-05-24,833.99
2006-05-25,839.15
2006-05-26,841.39
2006-05-30,835.5
2006-05-31,839.48
2006-06-01,843.57
2006-06-02,844.42
2006-06-05,840.14
2006-06-06,840.22
2006-06-07,838.68
2006-06-08,839.63
2006-06-09,838.06
2006-06-12,830.71
2006-06-13,823.62
2006-06-14,829.05
2006-06-15,845.2
2006-06-16,844.21
2006-06-19,841.26
2006-06-20,842.55
2006-06-21,846.53
2006-06-22,844.95
2006-06-23,845.23
2006-06-26,847.68
2006-06-27,844.16
2006-06-28,846.49
2006-06-29,853.92
2006-06-30,853.83
2006-07-03,855.69
2006-07-05,854.88
2006-07-06,855.78
2006-07-07,855.03
2006-07-10,856.13
2006-07-11,857.49
2006-07-12,855.04
2006-07-13,849.15
2006-07-14,849.26
2006-07-17,849.29
2006-07-18,850.64
2006-07-19,859.03
2006-07-20,859.18
2006-07-21,858.09
2006-07-24,865.72
2006-07-25,867.56
2006-07-26,867.92
2006-07-27,866.91
2006-07-28,869.81
2006-07-31,870.08
2006-08-01,869.98
2006-08-02,871.44
2006-08-03,871.69
2006-08-04,872.41
2006-08-07,872.54
2006-08-08,872.69
2006-08-09,872.59
2006-08-10,873.75
2006-08-11,873.88
2006-08-14,874.86
2006-08-15,875.66
2006-08-16,875.76
2006-08-17,876.14
2006-08-18,878.12
2006-08-21,877.77
2006-08-22,878.55
2006-08-23,876.82
2006-08-24,878.11
2006-08-25,878.33
2006-08-28,881.1
2006-08-29,881.91
2006-08-30,882.1
2006-08-31,882.23
2006-09-01,884.03
2006-09-05,885.38
2006-09-06,883.04
2006-09-07,882.13
2006-09-08,884.59
2006-09-11,885.47
2006-09-12,887.77
2006-09-13,888.29
2006-09-14,888.53
2006-09-15,888.06
2006-09-18,889.12
2006-09-19,888.42
2006-09-20,890.97
2006-09-21,888.47
2006-09-22,887.57
2006-09-25,892.11
2006-09-26,894.46
2006-09-27,894.62
2006-09-28,895.19
2006-09-29,895.0
2006-10-02,894.87
2006-10-03,896.02
2006-10-04,898.19
2006-10-05,898.86
2006-10-06,899.16
2006-10-09,899.77
2006-10-10,900.21
2006-10-11,900.3
2006-10-12,900.92
2006-10-13,901.2
2006-10-16,901.69
2006-10-17,901.78
2006-10-18,901.98
2006-10-19,902.19
2006-10-20,903.19
2006-10-23,905.18
2006-10-24,905.84
2006-10-25,906.74
2006-10-26,907.91
2006-10-27,906.69
2006-10-30,907.24
2006-10-31,907.46
2006-11-01,905.88
2006-11-02,906.17
2006-11-03,906.5
2006-11-06,909.94
2006-11-07,910.45
2006-11-08,911.16
2006-11-09,910.87
2006-11-10,911.53
2006-11-13,912.37
2006-11-14,912.71
2006-11-15,912.89
2006-11-16,913.07
2006-11-17,914.27
2006-11-20,915.12
2006-11-21,915.98
2006-11-22,916.87
2006-11-24,915.8
2006-11-27,910.05
2006-11-28,912.76
2006-11-29,917.26
2006-11-30,917.86
2006-12-01,916.56
2006-12-04,920.19
2006-12-05,921.21
2006-12-06,921.36
2006-12-07,920.51
2006-12-08,921.75
2006-12-11,923.02
2006-12-12,923.3
2006-12-13,923.99
2006-12-14,924.3
2006-12-15,922.71
2006-12-18,922.38
2006-12-19,923.85
2006-12-20,923.56
2006-12-21,921.85
2006-12-22,918.87
2006-12-26,922.69
2006-12-27,926.43
2006-12-28,925.38
2006-12-29,922.88
2007-01-03,923.6
2007-01-04,925.1
2007-01-05,921.33
2007-01-08,924.05
2007-01-09,923.72
2007-01-10,925.29
2007-01-11,929.75
2007-01-12,932.79
2007-01-16,933.97
2007-01-17,934.33
2007-01-18,933.7
2007-01-19,936.08
2007-01-22,934.55
2007-01-23,936.4
2007-01-24,939.68
2007-01-25,935.14
2007-01-26,935.17
2007-01-29,934.97
2007-01-30,937.85
2007-01-31,941.03
2007-02-01,942.69
2007-02-02,943.65
2007-02-05,944.04
2007-02-06,944.6
2007-02-07,945.23
2007-02-08,945.43
2007-02-09,944.3
2007-02-12,944.03
2007-02-13,946.66
2007-02-14,947.32
2007-02-15,947.69
2007-02-16,948.2
2007-02-20,950.06
2007-02-21,949.93
2007-02-22,949.93
2007-02-23,949.01
2007-02-26,949.05
2007-02-27,921.6
2007-02-28,928.29
2007-03-01,926.27
2007-03-02,916.09
2007-03-05,908.42
2007-03-06,922.05
2007-03-07,919.94
2007-03-08,926.82
2007-03-09,927.29
2007-03-12,930.34
2007-03-13,911.32
2007-03-14,917.61
2007-03-15,920.59
2007-03-16,920.64
2007-03-19,926.08
2007-03-20,929.22
2007-03-21,933.28
2007-03-22,933.18
2007-03-23,933.51
2007-03-26,934.42
2007-03-27,933.74
2007-03-28,931.47
2007-03-29,932.27
2007-03-30,932.75
2007-04-02,934.56
2007-04-03,936.39
2007-04-04,937.13
2007-04-05,937.74
2007-04-09,938.49
2007-04-10,938.96
2007-04-11,938.92
2007-04-12,939.41
2007-04-13,939.66
2007-04-16,940.19
2007-04-17,940.39
2007-04-18,940.59
2007-04-19,940.79
2007-04-20,941.75
2007-04-23,941.51
2007-04-24,941.54
2007-04-25,944.48
2007-04-26,945.16
2007-04-27,945.75
2007-04-30,942.96
2007-05-01,944.51
2007-05-02,947.13
2007-05-03,948.49
2007-05-04,949.33
2007-05-07,950.47
2007-05-08,950.71
2007-05-09,951.68
2007-05-10,949.49
2007-05-11,952.14
2007-05-15,952.87
2007-05-16,953.88
2007-05-17,954.22
2007-05-18,955.42
2007-05-21,956.54
2007-05-22,956.76
2007-05-23,956.6
2007-05-24,952.51
2007-05-25,956.15
2007-05-29,957.71
2007-05-30,960.94
2007-05-31,961.1
2007-06-01,962.56
2007-06-04,963.58
2007-06-05,962.98
2007-06-06,960.16
2007-06-07,949.94
2007-06-08,958.31
2007-06-11,960.13
2007-06-12,953.01
2007-06-13,963.69
2007-06-14,966.96
2007-06-15,966.63
2007-06-18,966.47
2007-06-19,966.21
2007-06-20,960.7
2007-06-21,965.06
2007-06-22,956.91
2007-06-25,955.05
2007-06-26,952.23
2007-06-27,960.7
2007-06-28,960.44
2007-06-29,958.9
2007-07-02,967.63
2007-07-03,970.26
2007-07-05,971.1
2007-07-06,973.51
2007-07-09,974.82
2007-07-10,965.39
2007-07-11,970.08
2007-07-12,979.35
2007-07-13,981.11
2007-07-16,981.95
2007-07-17,982.83
2007-07-18,982.99
2007-07-19,984.42
2007-07-20,983.3
2007-07-23,986.76
2007-07-24,976.16
2007-07-25,979.3
2007-07-26,963.12
2007-07-27,947.86
2007-07-30,958.17
2007-07-31,946.16
2007-08-01,953.99
2007-08-02,958.63
2007-08-03,932.86
2007-08-06,956.09
2007-08-07,961.63
2007-08-08,974.03
2007-08-09,947.94
2007-08-10,947.81
2007-08-13,948.01
2007-08-14,930.07
2007-08-15,917.41
2007-08-16,922.44
2007-08-17,949.43
2007-08-20,953.5
2007-08-21,955.56
2007-08-22,960.53
2007-08-23,961.63
2007-08-24,965.4
2007-08-27,964.19
2007-08-28,955.47
2007-08-29,963.57
2007-08-30,962.26
2007-08-31,965.42
2007-09-04,970.66
2007-09-05,967.74
2007-09-06,969.97
2007-09-07,965.74
2007-09-10,966.66
2007-09-11,971.57
2007-09-12,972.29
2007-09-13,973.69
2007-09-14,975.03
2007-09-17,975.19
2007-09-18,977.85
2007-09-19,978.07
2007-09-20,978.22
2007-09-24,976.41
2007-09-25,977.89
2007-09-26,981.02
2007-09-27,983.05
2007-09-28,981.42
2007-10-01,987.38
2007-10-02,987.16
2007-10-03,986.72
2007-10-04,987.79
2007-10-05,991.3
2007-10-08,991.64
2007-10-09,993.9
2007-10-10,993.74
2007-10-11,992.33
2007-10-12,994.56
2007-10-15,993.93
2007-10-16,993.62
2007-10-17,995.22
2007-10-18,996.53
2007-10-19,988.27
2007-10-22,992.95
2007-10-23,998.53
2007-10-24,997.52
2007-10-25,995.95
2007-10-26,1003.37
2007-10-29,1005.33
2007-10-30,1002.88
2007-10-31,1008.83
2007-11-01,996.07
2007-11-02,998.7
2007-11-05,997.09
2007-11-06,1005.76
2007-11-07,985.24
2007-11-08,986.69
2007-11-09,973.86
2007-11-12,965.95
2007-11-13,993.56
2007-11-15,974.86
2007-11-16,983.94
2007-11-19,978.02
2007-11-20,980.78
2007-11-21,971.49
2007-11-23,981.27
2007-11-26,967.54
2007-11-27,978.98
2007-11-28,992.87
2007-11-29,993.81
2007-11-30,998.17
2007-12-03,997.12
2007-12-04,995.5
2007-12-05,1001.55
2007-12-06,1005.6
2007-12-07,1005.69
2007-12-10,1007.94
2007-12-11,1002.71
2007-12-12,1005.88
2007-12-13,1007.13
2007-12-14,1004.6
2007-12-17,1000.89
2007-12-18,1005.75
2007-12-19,1007.45
2007-12-20,1010.85
2007-12-21,1014.83
2007-12-24,1018.15
2007-12-26,1019.46
2007-12-27,1013.77
2007-12-28,1013.9
2007-12-31,1010.61
2008-01-02,1003.51
2008-01-03,1004.38
2008-01-04,985.29
2008-01-07,989.95
2008-01-08,972.86
2008-01-09,986.29
2008-01-10,993.01
2008-01-11,981.48
2008-01-14,991.89
2008-01-15,967.23
2008-01-16,961.33
2008-01-17,933.52
2008-01-18,935.82
2008-01-22,929.58
2008-01-23,940.99
2008-01-24,946.59
2008-01-25,939.36
2008-01-28,949.13
2008-01-29,951.25
2008-01-30,950.18
2008-01-31,956.3
2008-02-01,961.54
2008-02-04,960.63
2008-02-05,950.14
2008-02-06,947.55
2008-02-07,953.23
2008-02-08,952.3
2008-02-11,957.94
2008-02-12,962.53
2008-02-13,967.38
2008-02-14,967.25
2008-02-15,971.77
2008-02-19,973.3
2008-02-20,978.29
2008-02-21,973.43
2008-02-22,978.84
2008-02-25,985.08
2008-02-26,988.32
2008-02-27,988.12
2008-02-28,985.61
2008-02-29,972.68
2008-03-03,974.67
2008-03-04,974.21
2008-03-05,978.65
2008-03-06,964.56
2008-03-07,959.99
2008-03-10,949.25
2008-03-11,977.06
2008-03-12,972.05
2008-03-13,976.0
2008-03-14,957.2
2008-03-17,951.31
2008-03-18,987.6
2008-03-19,969.82
2008-03-20,979.77
2008-03-24,987.39
2008-03-25,988.52
2008-03-26,986.4
2008-03-27,983.48
2008-03-28,981.24
2008-03-31,984.81
2008-04-01,997.14
2008-04-02,997.28
2008-04-03,997.92
2008-04-04,999.4
2008-04-07,1000.55
2008-04-08,1000.7
2008-04-09,999.92
2008-04-10,1001.38
2008-04-11,997.63
2008-04-14,998.67
2008-04-15,1001.38
2008-04-16,1003.84
2008-04-17,1004.02
2008-04-18,1003.85
2008-04-21,1003.99
2008-04-22,1000.12
2008-04-23,1002.51
2008-04-24,1006.02
2008-04-25,1009.56
2008-04-28,1010.23
2008-04-29,1008.97
2008-04-30,1007.0
2008-05-01,1015.5
2008-05-02,1017.82
2008-05-05,1017.53
2008-05-06,1020.18
2008-05-07,1014.37
2008-05-08,1017.21
2008-05-09,1015.72
2008-05-12,1021.35
2008-05-13,1022.04
2008-05-14,1023.29
2008-05-15,1024.28
2008-05-16,1028.45
2008-05-19,1029.68
2008-05-20,1025.85
2008-05-21,1016.5
2008-05-22,1018.88
2008-05-23,1009.94
2008-05-27,1015.7
2008-05-28,1019.23
2008-05-29,1023.58
2008-05-30,1024.7
2008-06-02,1018.16
2008-06-03,1013.92
2008-06-04,1014.05
2008-06-05,1028.75
2008-06-06,1003.35
2008-06-09,1006.06
2008-06-10,1003.52
2008-06-11,987.55
2008-06-12,991.52
2008-06-13,1005.93
2008-06-16,1006.31
2008-06-17,999.44
2008-06-18,990.5
2008-06-19,993.74
2008-06-20,987.18
2008-06-23,989.48
2008-06-24,988.72
2008-06-25,993.52
2008-06-26,974.38
2008-06-27,973.13
2008-06-30,973.94
2008-07-01,977.89
2008-07-02,962.74
2008-07-03,965.66
2008-07-07,957.25
2008-07-08,974.07
2008-07-09,952.75
2008-07-10,959.66
2008-07-11,949.79
2008-07-14,940.79
2008-07-15,930.53
2008-07-16,953.8
2008-07-17,964.61
2008-07-18,968.76
2008-07-21,971.16
2008-07-22,978.77
2008-07-23,979.57
2008-07-24,970.24
2008-07-25,972.82
2008-07-28,963.79
2008-07-29,977.02
2008-07-30,983.52
2008-07-31,979.41
2008-08-01,978.15
2008-08-04,974.38
2008-08-05,986.74
2008-08-06,989.08
2008-08-07,985.02
2008-08-08,990.69
2008-08-11,992.14
2008-08-12,991.79
2008-08-13,992.0
2008-08-14,993.04
2008-08-15,993.08
2008-08-18,986.21
2008-08-19,980.54
2008-08-20,985.26
2008-08-21,987.66
2008-08-22,995.24
2008-08-25,983.59
2008-08-26,986.74
2008-08-27,992.28
2008-08-28,1000.05
2008-08-29,993.16
2008-09-02,991.17
2008-09-03,991.3
2008-09-04,966.42
2008-09-05,971.1
2008-09-08,988.18
2008-09-09,958.68
2008-09-10,964.1
2008-09-11,978.07
2008-09-12,979.06
2008-09-15,939.46
2008-09-16,951.51
2008-09-17,907.19
2008-09-18,940.87
2008-09-19,1004.47
2008-09-22,986.83
2008-09-23,976.58
2008-09-24,978.05
2008-09-25,992.59
2008-09-26,992.22
2008-09-29,936.1
2008-09-30,967.47
2008-10-01,962.67
2008-10-02,928.89
2008-10-03,920.81
2008-10-06,888.73
2008-10-07,835.1
2008-10-08,824.69
2008-10-09,768.38
2008-10-10,758.05
2008-10-13,845.87
2008-10-14,836.71
2008-10-15,758.3
2008-10-16,792.35
2008-10-17,768.78
2008-10-20,795.84
2008-10-21,786.94
2008-10-22,754.97
2008-10-23,761.31
2008-10-24,737.96
2008-10-27,726.72
2008-10-28,779.69
2008-10-29,768.8
2008-10-30,785.93
2008-10-31,796.71
2008-11-03,801.49
2008-11-04,815.01
2008-11-05,799.41
2008-11-06,773.78
2008-11-07,791.87
2008-11-10,788.69
2008-11-11,777.59
2008-11-12,746.1
2008-11-13,788.45
2008-11-14,761.37
2008-11-17,745.32
2008-11-18,753.99
2008-11-19,711.67
2008-11-20,663.89
2008-11-21,690.8
2008-11-24,706.6
2008-11-25,711.14
2008-11-26,717.58
2008-11-28,718.7
2008-12-01,703.93
2008-12-02,713.0
2008-12-03,717.98
2008-12-04,714.27
2008-12-05,720.95
2008-12-08,723.56
2008-12-09,723.71
2008-12-10,725.17
2008-12-11,725.15
2008-12-12,725.57
2008-12-15,725.91
2008-12-16,726.45
2008-12-17,726.72
2008-12-18,726.72
2008-12-19,722.11
2008-12-22,716.82
2008-12-23,712.76
2008-12-24,716.27
2008-12-26,720.42
2008-12-29,720.59
2008-12-30,732.65
2008-12-31,740.1
2009-01-02,750.09
2009-01-05,749.92
2009-01-06,753.05
2009-01-07,744.8
2009-01-08,747.97
2009-01-09,742.35
2009-01-12,731.6
2009-01-13,734.4
2009-01-14,713.49
2009-01-15,714.55
2009-01-16,730.49
2009-01-20,705.99
2009-01-21,729.68
2009-01-22,725.13
2009-01-23,728.0
2009-01-26,732.68
2009-01-27,738.91
2009-01-28,750.05
2009-01-29,739.27
2009-01-30,730.32
2009-02-02,731.41
2009-02-03,739.91
2009-02-04,738.28
2009-02-05,744.23
2009-02-06,752.14
2009-02-09,754.78
2009-02-10,737.96
2009-02-11,743.74
2009-02-12,747.37
2009-02-13,742.78
2009-02-17,715.83
2009-02-18,715.38
2009-02-19,708.38
2009-02-20,701.07
2009-02-23,688.11
2009-02-24,706.14
2009-02-25,704.17
2009-02-26,699.28
2009-02-27,690.06
2009-03-02,665.95
2009-03-03,663.65
2009-03-04,678.07
2009-03-05,653.0
2009-03-06,653.96
2009-03-09,647.73
2009-03-10,684.74
2009-03-11,688.49
2009-03-12,710.6
2009-03-13,715.12
2009-03-16,715.33
2009-03-17,728.6
2009-03-18,732.62
2009-03-19,733.85
2009-03-20,726.13
2009-03-23,150.76
2009-03-24,745.96
2009-03-25,750.33
2009-03-26,756.02
2009-03-27,752.11
2009-03-30,742.46
2009-03-31,747.71
2009-04-01,753.65
2009-04-02,759.54
2009-04-03,763.57
2009-04-06,764.18
2009-04-07,761.53
2009-04-08,764.97
2009-04-09,768.65
2009-04-13,768.87
2009-04-14,768.93
2009-04-15,769.45
2009-04-16,769.72
2009-04-17,771.29
2009-04-20,752.51
2009-04-21,763.12
2009-04-22,760.72
2009-04-23,765.63
2009-04-24,771.93
2009-04-27,769.63
2009-04-28,769.22
2009-04-29,778.44
2009-04-30,779.37
2009-05-01,781.88
2009-05-04,790.23
2009-05-05,790.7
2009-05-06,793.34
2009-05-07,792.28
2009-05-08,794.88
2009-05-11,794.34
2009-05-12,795.32
2009-05-13,793.91
2009-05-14,795.84
2009-05-15,792.05
2009-05-18,805.99
2009-05-19,807.1
2009-05-20,805.81
2009-05-21,798.89
2009-05-22,798.67
2009-05-26,809.78
2009-05-27,803.33
2009-05-28,809.09
2009-05-29,815.4
2009-06-01,819.73
2009-06-02,820.43
2009-06-03,818.81
2009-06-04,821.18
2009-06-05,821.79
2009-06-08,822.73
2009-06-09,824.01
2009-06-10,824.13
2009-06-11,824.62
2009-06-12,825.02
2009-06-15,823.8
2009-06-16,822.9
2009-06-17,824.29
2009-06-18,825.92
2009-06-19,824.95
2009-06-22,809.3
2009-06-23,810.91
2009-06-24,816.2
2009-06-25,827.96
2009-06-26,828.1
2009-06-29,833.58
2009-06-30,831.1
2009-07-01,832.99
2009-07-02,818.38
2009-07-06,820.05
2009-07-07,806.09
2009-07-08,806.32
2009-07-09,808.35
2009-07-10,806.29
2009-07-13,824.9
2009-07-14,830.37
2009-07-15,846.27
2009-07-16,849.15
2009-07-17,851.31
2009-07-20,856.38
2009-07-21,858.58
2009-07-22,859.29
2009-07-23,865.0
2009-07-24,866.5
2009-07-27,867.35
2009-07-28,866.89
2009-07-29,866.05
2009-07-30,868.49
2009-07-31,868.86
2009-08-03,871.26
2009-08-04,871.9
2009-08-05,872.23
2009-08-06,871.79
2009-08-07,873.1
2009-08-10,873.44
2009-08-11,872.98
2009-08-12,873.73
2009-08-13,873.99
2009-08-14,874.13
2009-08-17,873.19
2009-08-18,874.22
2009-08-19,874.48
2009-08-20,874.77
2009-08-21,874.62
2009-08-24,875.86
2009-08-25,877.09
2009-08-26,877.88
2009-08-27,879.6
2009-08-28,880.04
2009-08-31,876.55
2009-09-01,864.32
2009-09-02,863.75
2009-09-03,869.98
2009-09-04,878.8
2009-09-08,883.94
2009-09-09,887.76
2009-09-10,890.88
2009-09-11,891.01
2009-09-14,892.67
2009-09-15,893.53
2009-09-16,893.9
2009-09-17,894.13
2009-09-18,894.97
2009-09-21,895.41
2009-09-22,898.77
2009-09-23,895.25
2009-09-24,889.84
2009-09-25,887.35
2009-09-28,897.33
2009-09-29,896.65
2009-09-30,894.59
2009-10-01,878.9
2009-10-02,876.67
2009-10-05,888.89
2009-10-06,898.14
2009-10-07,900.64
2009-10-08,905.16
2009-10-09,909.29
2009-10-12,911.07
2009-10-13,911.37
2009-10-14,915.03
2009-10-15,915.88
2009-10-16,918.25
2009-10-19,922.69
2009-10-20,921.13
2009-10-21,917.27
2009-10-22,923.05
2009-10-23,917.67
2009-10-26,911.59
2009-10-27,909.82
2009-10-28,896.95
2009-10-29,912.21
2009-10-30,892.92
2009-11-02,898.02
2009-11-03,900.98
2009-11-04,902.37
2009-11-05,916.07
2009-11-06,919.33
2009-11-09,930.0
2009-11-10,931.09
2009-11-11,933.35
2009-11-12,930.27
2009-11-13,933.66
2009-11-16,937.33
2009-11-17,938.05
2009-11-18,938.42
2009-11-19,938.6
2009-11-20,941.51
2009-11-23,947.92
2009-11-24,949.16
2009-11-25,950.53
2009-11-27,941.73
2009-11-30,945.58
2009-12-01,951.33
2009-12-02,952.44
2009-12-03,949.87
2009-12-04,952.66
2009-12-07,953.1
2009-12-08,949.87
2009-12-09,951.95
2009-12-10,954.56
2009-12-11,956.64
2009-12-14,958.39
2009-12-15,958.06
2009-12-16,959.1
2009-12-17,958.7
2009-12-18,964.0
2009-12-21,969.6
2009-12-22,971.8
2009-12-23,972.6
2009-12-24,974.44
2009-12-28,975.52
2009-12-29,975.65
2009-12-30,975.79
2009-12-31,973.28
2010-01-04,978.21
2010-01-05,979.31
2010-01-06,979.64
2010-01-07,979.91
2010-01-08,980.72
2010-01-11,980.92
2010-01-12,980.74
2010-01-13,980.99
2010-01-14,981.26
2010-01-15,981.66
2010-01-19,988.46
2010-01-20,983.96
2010-01-21,972.09
2010-01-22,954.34
2010-01-25,960.21
2010-01-26,957.26
2010-01-27,961.5
2010-01-28,952.58
2010-01-29,943.67
2010-02-01,957.08
2010-02-02,968.21
2010-02-03,964.54
2010-02-04,935.77
2010-02-05,939.03
2010-02-08,930.87
2010-02-09,943.49
2010-02-10,941.38
2010-02-11,951.0
2010-02-12,950.42
2010-02-16,965.74
2010-02-17,970.51
2010-02-18,976.38
2010-02-19,972.2
2010-02-22,973.2
2010-02-23,966.26
2010-02-24,972.04
2010-02-25,972.49
2010-02-26,973.48
2010-03-01,978.95
2010-03-02,980.57
2010-03-03,981.2
2010-03-04,982.99
2010-03-05,987.03
2010-03-08,987.71
2010-03-09,988.38
2010-03-10,988.65
2010-03-11,989.24
2010-03-12,989.38
2010-03-15,989.65
2010-03-16,989.79
2010-03-17,990.04
2010-03-18,990.13
2010-03-19,991.27
2010-03-22,995.41
2010-03-23,998.68
2010-03-24,997.03
2010-03-25,994.94
2010-03-26,996.42
2010-03-29,999.82
2010-03-30,1000.48
2010-03-31,999.48
2010-04-01,1002.13
2010-04-05,1005.23
2010-04-06,1006.1
2010-04-07,1005.37
2010-04-08,1006.54
2010-04-09,1007.24
2010-04-12,1007.66
2010-04-13,1007.93
2010-04-14,1008.28
2010-04-15,1008.32
2010-04-16,1010.0
2010-04-19,1013.71
2010-04-20,1018.72
2010-04-21,1017.95
2010-04-22,1019.38
2010-04-23,1021.41
2010-04-26,1020.16
2010-04-27,1005.06
2010-04-28,1011.71
2010-04-29,1019.27
2010-04-30,1009.17
2010-05-03,1018.2
2010-05-04,1003.06
2010-05-05,998.79
2010-05-06,968.98
2010-05-07,955.69
2010-05-10,995.78
2010-05-11,993.37
2010-05-12,1006.01
2010-05-13,996.18
2010-05-14,979.1
2010-05-17,980.18
2010-05-18,966.81
2010-05-19,961.55
2010-05-20,924.62
2010-05-21,907.56
2010-05-24,906.39
2010-05-25,910.07
2010-05-26,908.5
2010-05-27,923.17
2010-05-28,917.7
2010-06-01,910.54
2010-06-02,924.64
2010-06-03,926.66
2010-06-04,911.47
2010-06-07,906.75
2010-06-08,914.81
2010-06-09,912.58
2010-06-10,927.61
2010-06-11,931.25
2010-06-14,932.31
2010-06-15,936.39
2010-06-16,936.88
2010-06-17,937.12
2010-06-18,941.25
2010-06-21,935.39
2010-06-22,926.26
2010-06-23,924.94
2010-06-24,912.9
2010-06-25,917.62
2010-06-28,915.66
2010-06-29,890.04
2010-06-30,880.91
2010-07-01,879.08
2010-07-02,874.75
2010-07-06,879.95
2010-07-07,907.51
2010-07-08,916.39
2010-07-09,923.07
2010-07-12,924.03
2010-07-13,937.15
2010-07-14,937.92
2010-07-15,939.17
2010-07-16,932.43
2010-07-19,937.12
2010-07-20,943.64
2010-07-21,937.13
2010-07-22,947.47
2010-07-23,951.51
2010-07-26,955.57
2010-07-27,955.71
2010-07-28,953.91
2010-07-29,953.74
2010-07-30,954.37
2010-08-02,960.99
2010-08-03,960.14
2010-08-04,961.67
2010-08-05,961.63
2010-08-06,962.22
2010-08-09,963.44
2010-08-10,962.86
2010-08-11,956.76
2010-08-12,955.64
2010-08-13,955.28
2010-08-16,957.99
2010-08-17,963.5
2010-08-18,964.29
2010-08-19,962.27
2010-08-20,966.69
2010-08-23,967.12
2010-08-24,959.55
2010-08-25,961.7
2010-08-26,957.98
2010-08-27,969.0
2010-08-30,961.39
2010-08-31,961.58
2010-09-01,977.52
2010-09-02,981.29
2010-09-03,985.9
2010-09-07,984.1
2010-09-08,985.96
2010-09-09,987.41
2010-09-10,988.41
2010-09-13,989.21
2010-09-14,989.26
2010-09-15,989.45
2010-09-16,989.64
2010-09-17,990.18
2010-09-20,997.74
2010-09-21,996.31
2010-09-22,994.88
2010-09-23,990.83
2010-09-24,1000.73
2010-09-27,999.75
2010-09-28,1002.05
2010-09-29,1001.29
2010-09-30,1000.66
2010-10-01,1003.5
2010-10-04,1001.53
2010-10-05,1008.01
2010-10-06,1008.65
2010-10-07,1008.67
2010-10-08,1010.0
2010-10-11,1010.65
2010-10-12,1010.92
2010-10-13,1011.31
2010-10-14,1011.53
2010-10-15,1012.78
2010-10-18,1017.52
2010-10-19,1009.44
2010-10-20,1015.54
2010-10-21,1016.96
2010-10-22,1018.73
2010-10-25,1019.81
2010-10-26,1019.85
2010-10-27,1019.15
2010-10-28,1019.73
2010-10-29,1020.0
2010-11-01,1020.28
2010-11-02,1023.47
2010-11-03,1026.87
2010-11-04,1031.48
2010-11-05,1032.7
2010-11-08,1033.11
2010-11-09,1032.01
2010-11-10,1033.05
2010-11-11,1033.01
2010-11-12,1030.76
2010-11-15,1032.23
2010-11-16,1028.56
2010-11-17,1031.09
2010-11-18,1034.28
2010-11-19,1036.38
2010-11-22,1036.57
2010-11-23,1028.31
2010-11-24,1036.58
2010-11-26,1029.2
2010-11-29,1032.97
2010-11-30,1028.51
2010-12-01,1040.27
2010-12-02,1045.31
2010-12-03,1047.53
2010-12-06,1048.16
2010-12-07,1048.51
2010-12-08,1049.56
2010-12-09,1050.47
2010-12-10,1050.87
2010-12-13,1051.17
2010-12-14,1051.24
2010-12-15,1051.33
2010-12-16,1051.55
2010-12-17,1053.08
2010-12-20,1055.12
2010-12-21,1057.29
2010-12-22,1059.49
2010-12-23,1058.85
2010-12-27,1059.47
2010-12-28,1060.29
2010-12-29,1061.2
2010-12-30,1060.73
2010-12-31,1061.04
2011-01-03,1064.63
2011-01-04,1065.03
2011-01-05,1066.84
2011-01-06,1066.46
2011-01-07,1066.55
2011-01-10,1067.38
2011-01-11,1068.51
2011-01-12,1069.55
2011-01-13,1069.81
2011-01-14,1070.03
2011-01-18,1070.33
2011-01-19,1070.2
2011-01-20,1070.48
2011-01-21,1070.21
2011-01-24,1074.25
2011-01-25,1074.85
2011-01-26,1078.12
2011-01-27,1079.14
2011-01-28,1068.29
2011-01-31,1073.31
2011-02-01,1081.7
2011-02-02,1081.41
2011-02-03,1082.98
2011-02-04,1084.68
2011-02-07,1086.13
2011-02-08,1087.39
2011-02-09,1087.14
2011-02-10,1087.65
2011-02-11,1088.25
2011-02-14,1088.64
2011-02-15,1088.65
2011-02-16,1088.86
2011-02-17,1089.16
2011-02-18,1088.83
2011-02-22,1074.01
2011-02-23,1069.56
2011-02-24,1069.81
2011-02-25,1079.46
2011-02-28,1084.57
2011-03-01,1071.02
2011-03-02,1073.21
2011-03-03,1087.34
2011-03-04,1082.4
2011-03-07,1076.02
2011-03-08,1083.9
2011-03-09,1083.32
2011-03-10,1065.77
2011-03-11,1073.65
2011-03-14,1067.93
2011-03-15,1056.07
2011-03-16,1035.92
2011-03-17,1049.23
2011-03-18,1058.95
2011-03-21,1069.78
2011-03-22,1069.15
2011-03-23,1071.57
2011-03-24,1075.92
2011-03-25,1077.41
2011-03-28,1076.44
2011-03-29,1079.7
2011-03-30,1081.9
2011-03-31,1082.03
2011-04-01,1083.28
2011-04-04,1083.71
2011-04-05,1084.6
2011-04-06,1085.15
2011-04-07,1084.9
2011-04-08,1084.65
2011-04-11,1085.29
2011-04-12,1085.0
2011-04-13,1085.83
2011-04-14,1086.09
2011-04-15,1086.66
2011-04-18,1081.04
2011-04-19,1085.5
2011-04-20,1091.63
2011-04-21,1094.57
2011-04-25,1094.42
2011-04-26,1096.98
2011-04-27,1098.75
2011-04-28,1100.3
2011-04-29,1100.52
2011-05-02,1100.44
2011-05-03,1099.81
2011-05-04,1098.64
2011-05-05,1095.12
2011-05-06,1096.71
2011-05-09,1099.87
2011-05-10,1102.29
2011-05-11,1100.17
2011-05-12,1102.06
2011-05-13,1100.6
2011-05-16,1099.93
2011-05-17,1101.03
2011-05-18,1103.59
2011-05-19,1104.1
2011-05-20,1102.88
2011-05-23,1096.4
2011-05-24,1096.7
2011-05-25,1099.65
2011-05-26,1103.48
2011-05-27,1106.18
2011-05-31,1111.83
2011-06-01,1098.52
2011-06-02,1097.72
2011-06-03,1090.61
2011-06-06,1081.09
2011-06-07,1080.55
2011-06-08,1076.55
2011-06-09,1084.55
2011-06-10,1069.6
2011-06-13,1070.83
2011-06-14,1084.68
2011-06-15,1065.02
2011-06-16,1067.59
2011-06-17,1075.44
2011-06-20,1080.05
2011-06-21,1086.57
2011-06-22,1085.02
2011-06-23,1083.77
2011-06-24,1077.13
2011-06-27,1082.48
2011-06-28,1089.6
2011-06-29,1093.74
2011-06-30,1096.54
2011-07-01,1098.18
2011-07-05,1098.64
2011-07-06,1098.66
2011-07-07,1099.29
2011-07-08,1099.29
2011-07-11,1098.13
2011-07-12,1098.2
2011-07-13,1099.17
2011-07-14,1099.51
2011-07-15,1102.13
2011-07-18,1097.83
2011-07-19,1106.56
2011-07-20,1106.52
2011-07-21,1112.25
2011-07-22,1113.11
2011-07-25,1110.53
2011-07-26,1109.33
2011-07-27,1098.66
2011-07-28,1096.94
2011-07-29,1091.39
2011-08-01,1092.3
2011-08-02,1072.43
2011-08-03,1078.84
2011-08-04,1030.45
2011-08-05,1029.5
2011-08-08,962.66
2011-08-09,1007.57
2011-08-10,962.74
2011-08-11,1006.02
2011-08-12,1013.46
2011-08-15,1035.15
2011-08-16,1025.73
2011-08-17,1026.72
2011-08-18,982.37
2011-08-19,961.95
2011-08-22,964.73
2011-08-23,983.39
2011-08-24,989.67
2011-08-25,979.68
2011-08-26,989.94
2011-08-29,1000.99
2011-08-30,1002.41
2011-08-31,1003.86
2011-09-01,1002.85
2011-09-02,997.19
2011-09-06,995.11
2011-09-07,1005.55
2011-09-08,1004.44
2011-09-09,993.96
2011-09-12,1001.35
2011-09-13,1007.67
2011-09-14,1011.29
2011-09-15,1012.33
2011-09-16,1014.82
2011-09-19,1011.47
2011-09-20,1011.43
2011-09-21,992.73
2011-09-22,969.29
2011-09-23,973.29
2011-09-26,991.99
2011-09-27,999.73
2011-09-28,985.43
2011-09-29,992.69
2011-09-30,973.16
2011-10-03,949.99
2011-10-04,970.73
2011-10-05,986.21
2011-10-06,1001.13
2011-10-07,997.08
2011-10-10,1022.78
2011-10-11,1025.26
2011-10-12,1031.78
2011-10-13,1032.39
2011-10-14,1040.61
2011-10-17,1033.31
2011-10-18,1042.35
2011-10-19,1039.83
2011-10-20,1045.96
2011-10-21,1048.5
2011-10-24,1057.29
2011-10-25,1046.75
2011-10-26,1054.01
2011-10-27,1068.67
2011-10-28,1070.37
2011-10-31,1060.53
2011-11-01,1043.73
2011-11-02,1054.45
2011-11-03,1065.17
2011-11-04,1063.5
2011-11-07,1068.14
2011-11-08,1074.09
2011-11-09,1055.19
2011-11-10,1063.37
2011-11-11,1073.35
2011-11-14,1072.34
2011-11-15,1075.45
2011-11-16,1071.6
2011-11-17,1064.12
2011-11-18,1069.24
2011-11-21,1058.95
2011-11-22,1057.95
2011-11-23,1041.77
2011-11-25,1043.59
2011-11-28,1064.84
2011-11-29,1067.93
2011-11-30,1090.77
2011-12-01,1090.99
2011-12-02,1091.36
2011-12-05,1095.98
2011-12-06,1097.29
2011-12-07,1097.52
2011-12-08,1091.13
2011-12-09,1100.78
2011-12-12,1099.06
2011-12-13,1097.66
2011-12-14,1093.26
2011-12-15,1099.24
2011-12-16,1104.32
2011-12-19,1098.6
2011-12-20,1116.27
2011-12-21,1119.01
2011-12-22,1122.87
2011-12-23,1126.73
2011-12-27,1127.89
2011-12-28,1123.43
2011-12-29,1127.7
2011-12-30,1126.54
2012-01-03,1132.49
2012-01-04,1133.75
2012-01-05,1135.37
2012-01-06,1135.75
2012-01-09,1136.95
2012-01-10,1137.67
2012-01-11,1137.88
2012-01-12,1138.35
2012-01-13,1138.42
2012-01-17,1138.56
2012-01-18,1138.77
2012-01-19,1138.93
2012-01-20,1142.75
2012-01-23,1144.21
2012-01-24,1142.88
2012-01-25,1147.93
2012-01-26,1145.27
2012-01-27,1145.49
2012-01-30,1144.21
2012-01-31,1145.01
2012-02-01,1149.97
2012-02-02,1151.56
2012-02-03,1156.75
2012-02-06,1156.66
2012-02-07,1157.97
2012-02-08,1158.37
2012-02-09,1158.83
2012-02-10,1156.88
2012-02-13,1159.81
2012-02-14,1160.03
2012-02-15,1159.7
2012-02-16,1160.63
2012-02-17,1162.44
2012-02-21,1164.02
2012-02-22,1163.15
2012-02-23,1166.59
2012-02-24,1167.94
2012-02-27,1168.82
2012-02-28,1170.57
2012-02-29,1168.92
2012-03-01,1172.62
2012-03-02,1172.28
2012-03-05,1171.76
2012-03-06,1161.79
2012-03-07,1167.85
2012-03-08,1173.25
2012-03-09,1176.13
2012-03-12,1177.62
2012-03-13,1179.27
2012-03-14,1179.54
2012-03-15,1179.76
2012-03-16,1180.15
2012-03-19,1182.6
2012-03-20,1181.49
2012-03-21,1181.62
2012-03-22,1176.83
2012-03-23,1180.13
2012-03-26,1187.37
2012-03-27,1185.79
2012-03-28,1184.34
2012-03-29,1184.0
2012-03-30,1186.61
2012-04-02,1189.92
2012-04-03,1189.11
2012-04-04,1184.57
2012-04-05,1184.83
2012-04-09,1177.4
2012-04-10,1161.01
2012-04-11,1169.7
2012-04-12,1183.1
2012-04-13,1171.37
2012-04-16,1173.31
2012-04-17,1187.01
2012-04-18,1184.96
2012-04-19,1180.68
2012-04-20,1180.92
2012-04-23,1175.27
2012-04-24,1179.28
2012-04-25,1188.9
2012-04-26,1192.2
2012-04-27,1194.08
2012-04-30,1192.39
2012-05-01,1196.09
2012-05-02,1195.18
2012-05-03,1191.88
2012-05-04,1181.22
2012-05-07,1183.14
2012-05-08,1180.54
2012-05-09,1174.1
2012-05-10,1178.24
2012-05-11,1173.85
2012-05-14,1163.16
2012-05-15,1157.37
2012-05-16,1152.46
2012-05-17,1140.11
2012-05-18,1133.91
2012-05-21,1147.04
2012-05-22,1147.75
2012-05-23,1149.27
2012-05-24,1151.11
2012-05-25,1150.35
2012-05-29,1157.77
2012-05-30,1150.09
2012-05-31,1150.05
2012-06-01,1132.38
2012-06-04,1134.53
2012-06-05,1140.02
2012-06-06,1157.57
2012-06-07,1158.77
2012-06-08,1162.93
2012-06-11,1158.92
2012-06-12,1165.35
2012-06-13,1163.83
2012-06-14,1168.3
2012-06-15,1172.98
2012-06-18,1177.25
2012-06-19,1181.97
2012-06-20,1182.96
2012-06-21,1169.32
2012-06-22,1177.35
2012-06-25,1166.14
2012-06-26,1170.05
2012-06-27,1175.75
2012-06-28,1174.54
2012-06-29,1189.4
2012-07-02,1190.94
2012-07-03,1193.05
2012-07-05,1192.47
2012-07-06,1191.26
2012-07-09,1190.69
2012-07-10,1187.82
2012-07-11,1188.14
2012-07-12,1187.96
2012-07-13,1195.77
2012-07-16,1195.42
2012-07-17,1197.49
2012-07-18,1198.19
2012-07-19,1198.48
2012-07-20,1197.87
2012-07-23,1191.18
2012-07-24,1183.15
2012-07-25,1183.42
2012-07-26,1197.57
2012-07-27,1207.12
2012-07-30,1206.73
2012-07-31,1204.41
2012-08-01,1203.84
2012-08-02,1200.67
2012-08-03,1212.86
2012-08-06,1214.2
2012-08-07,1215.77
2012-08-08,1216.42
2012-08-09,1217.11
2012-08-10,1217.4
2012-08-13,1217.77
2012-08-14,1217.93
2012-08-15,1218.04
2012-08-16,1218.25
2012-08-17,1220.21
2012-08-20,1220.53
2012-08-21,1218.34
2012-08-22,1218.48
2012-08-23,1213.18
2012-08-24,1218.26
2012-08-27,1218.18
2012-08-28,1218.1
2012-08-29,1218.45
2012-08-30,1213.34
2012-08-31,1217.28
2012-09-04,1217.03
2012-09-05,1217.21
2012-09-06,1229.72
2012-09-07,1232.75
2012-09-10,1230.44
2012-09-11,1231.93
2012-09-12,1233.02
2012-09-13,1236.9
2012-09-14,1237.47
2012-09-17,1237.65
2012-09-18,1237.99
2012-09-19,1238.14
2012-09-20,1238.17
2012-09-21,1237.05
2012-09-24,1236.29
2012-09-25,1228.44
2012-09-26,1223.25
2012-09-27,1232.61
2012-09-28,1228.58
2012-10-01,1230.65
2012-10-02,1232.54
2012-10-03,1236.32
2012-10-04,1240.27
2012-10-05,1242.59
2012-10-08,1240.88
2012-10-09,1232.9
2012-10-10,1227.29
2012-10-11,1229.43
2012-10-12,1224.8
2012-10-15,1234.98
2012-10-16,1245.41
2012-10-17,1249.19
2012-10-18,1249.67
2012-10-19,1243.69
2012-10-22,1244.67
2012-10-23,1232.9
2012-10-24,1229.39
2012-10-25,1232.55
2012-10-26,1231.9
2012-10-29,1231.9
2012-10-30,1231.9
2012-10-31,1232.66
2012-11-01,1244.35
2012-11-02,1235.7
2012-11-05,1237.81
2012-11-06,1245.59
2012-11-07,1222.36
2012-11-08,1212.66
2012-11-09,1212.62
2012-11-12,1211.09
2012-11-13,1206.92
2012-11-14,1194.23
2012-11-15,1186.85
2012-11-16,1192.19
2012-11-19,1202.88
2012-11-20,1203.65
2012-11-21,1204.15
2012-11-23,1207.4
2012-11-26,1207.55
2012-11-27,1206.83
2012-11-28,1208.45
2012-11-29,1209.49
2012-11-30,1208.95
2012-12-03,1208.74
2012-12-04,1208.69
2012-12-05,1209.78
2012-12-06,1210.21
2012-12-07,1210.93
2012-12-10,1211.55
2012-12-11,1211.82
2012-12-12,1211.87
2012-12-13,1211.87
2012-12-14,1211.6
2012-12-17,1212.2
2012-12-18,1212.43
2012-12-19,1212.38
2012-12-20,1212.5
2012-12-21,1216.95
2012-12-24,1215.83
2012-12-26,1213.71
2012-12-27,1212.81
2012-12-28,1202.79
2012-12-31,1218.24
2013-01-02,1231.69
2013-01-03,1232.12
2013-01-04,1233.92
2013-01-07,1234.21
2013-01-08,1234.0
2013-01-09,1234.52
2013-01-10,1235.22
2013-01-11,1235.22
2013-01-14,1235.38
2013-01-15,1235.67
2013-01-16,1235.69
2013-01-17,1235.82
2013-01-18,1239.29
2013-01-22,1242.23
2013-01-23,1243.21
2013-01-24,1243.46
2013-01-25,1244.95
2013-01-28,1244.79
2013-01-29,1246.32
2013-01-30,1245.01
2013-01-31,1244.84
2013-02-01,1248.45
2013-02-04,1245.36
2013-02-05,1248.8
2013-02-06,1249.25
2013-02-07,1249.31
2013-02-08,1250.21
2013-02-11,1250.55
2013-02-12,1250.79
2013-02-13,1250.9
2013-02-14,1251.09
2013-02-15,1250.72
2013-02-19,1255.69
2013-02-20,1246.49
2013-02-21,1241.24
2013-02-22,1249.2
2013-02-25,1237.22
2013-02-26,1239.89
2013-02-27,1251.09
2013-02-28,1250.35
2013-03-01,1252.89
2013-03-04,1257.57
2013-03-05,1261.82
2013-03-06,1262.86
2013-03-07,1263.82
2013-03-08,1264.93
2013-03-11,1265.48
2013-03-12,1265.28
2013-03-13,1265.74
2013-03-14,1265.91
2013-03-15,1265.74
2013-03-18,1261.26
2013-03-19,1259.37
2013-03-20,1265.35
2013-03-21,1259.67
2013-03-22,1263.54
2013-03-25,1262.24
2013-03-26,1268.58
2013-03-27,1268.17
2013-03-28,1270.52
2013-04-01,1269.01
2013-04-02,1272.31
2013-04-03,1266.51
2013-04-04,1269.15
2013-04-05,1267.26
2013-04-08,1272.21
2013-04-09,1274.76
2013-04-10,1278.16
2013-04-11,1278.97
2013-04-12,1278.93
2013-04-15,1271.45
2013-04-16,1278.41
2013-04-17,1272.65
2013-04-18,1270.43
2013-04-19,1272.86
2013-04-22,1276.16
2013-04-23,1281.09
2013-04-24,1281.18
2013-04-25,1282.39
2013-04-26,1282.54
2013-04-29,1284.46
2013-04-30,1285.2
2013-05-01,1283.04
2013-05-02,1285.84
2013-05-03,1287.61
2013-05-06,1288.21
2013-05-07,1288.42
2013-05-08,1288.53
2013-05-09,1288.49
2013-05-10,1288.62
2013-05-13,1288.71
2013-05-14,1288.78
2013-05-15,1288.82
2013-05-16,1288.87
2013-05-17,1291.18
2013-05-20,1291.27
2013-05-21,1291.9
2013-05-22,1286.93
2013-05-23,1285.75
2013-05-24,1285.44
2013-05-28,1290.47
2013-05-29,1286.25
2013-05-30,1289.37
2013-05-31,1278.05
2013-06-03,1283.43
2013-06-04,1279.09
2013-06-05,1265.87
2013-06-06,1272.66
2013-06-07,1288.53
2013-06-10,1288.78
2013-06-11,1279.63
2013-06-12,1270.43
2013-06-13,1287.49
2013-06-14,1281.41
2013-06-17,1290.42
2013-06-18,1297.06
2013-06-19,1284.94
2013-06-20,1254.16
2013-06-21,1269.82
2013-06-24,1261.93
2013-06-25,1270.1
2013-06-26,1277.31
2013-06-27,1280.68
2013-06-28,1278.81
2013-07-01,1283.25
2013-07-02,1283.86
2013-07-03,1284.48
2013-07-05,1289.6
2013-07-08,1291.03
2013-07-09,1292.54
2013-07-10,1292.7
2013-07-11,1293.29
2013-07-12,1293.33
2013-07-15,1293.62
2013-07-16,1293.66
2013-07-17,1293.69
2013-07-18,1293.71
2013-07-19,1295.16
2013-07-22,1297.92
2013-07-23,1297.15
2013-07-24,1294.78
2013-07-25,1297.03
2013-07-26,1297.93
2013-07-29,1296.26
2013-07-30,1296.92
2013-07-31,1297.0
2013-08-01,1303.42
2013-08-02,1305.83
2013-08-05,1306.57
2013-08-06,1304.24
2013-08-07,1303.23
2013-08-08,1305.6
2013-08-09,1304.28
2013-08-12,1305.34
2013-08-13,1307.82
2013-08-14,1306.43
2013-08-15,1290.49
2013-08-16,1285.89
2013-08-19,1282.07
2013-08-20,1285.5
2013-08-21,1281.13
2013-08-22,1288.07
2013-08-23,1291.42
2013-08-26,1289.53
2013-08-27,1276.09
2013-08-28,1279.64
2013-08-29,1281.14
2013-08-30,1278.74
2013-09-03,1283.75
2013-09-04,1291.29
2013-09-05,1292.51
2013-09-06,1293.18
2013-09-09,1300.21
2013-09-10,1304.19
2013-09-11,1306.36
2013-09-12,1305.69
2013-09-13,1306.96
2013-09-16,1308.17
2013-09-17,1308.58
2013-09-18,1309.04
2013-09-19,1309.16
2013-09-20,1306.43
2013-09-23,1303.03
2013-09-24,1301.69
2013-09-25,1299.87
2013-09-26,1302.62
2013-09-27,1298.6
2013-09-30,1292.9
2013-10-01,1301.93
2013-10-02,1300.2
2013-10-03,1292.13
2013-10-04,1300.12
2013-10-07,1290.59
2013-10-08,1276.51
2013-10-09,1277.75
2013-10-10,1303.61
2013-10-11,1311.21
2013-10-14,1314.81
2013-10-15,1307.51
2013-10-16,1323.38
2013-10-17,1327.3
2013-10-18,1328.36
2013-10-21,1329.37
2013-10-22,1332.04
2013-10-23,1330.15
2013-10-24,1332.2
2013-10-25,1334.25
2013-10-28,1335.57
2013-10-29,1337.04
2013-10-30,1335.73
2013-10-31,1335.35
2013-11-01,1337.13
2013-11-04,1339.11
2013-11-05,1338.33
2013-11-06,1339.96
2013-11-07,1336.02
2013-11-08,1340.6
2013-11-11,1341.21
2013-11-12,1341.19
2013-11-13,1341.75
2013-11-14,1342.01
2013-11-15,1343.35
2013-11-18,1341.72
2013-11-19,1340.63
2013-11-20,1339.03
2013-11-21,1344.92
2013-11-22,1348.23
2013-11-25,1348.28
2013-11-26,1348.7
2013-11-27,1350.07
2013-11-29,1349.66
2013-12-02,1348.53
2013-12-03,1346.97
2013-12-04,1346.48
2013-12-05,1343.56
2013-12-06,1351.73
2013-12-09,1353.45
2013-12-10,1352.31
2013-12-11,1344.56
2013-12-12,1342.71
2013-12-13,1342.1
2013-12-16,1348.79
2013-12-17,1346.75
2013-12-18,1358.05
2013-12-19,1359.3
2013-12-20,1358.87
2013-12-23,1362.77
2013-12-24,1364.67
2013-12-26,1367.06
2013-12-27,1367.18
2013-12-30,1366.81
2013-12-31,1367.79
2014-01-02,1365.45
2014-01-03,1366.59
2014-01-06,1367.05
2014-01-07,1370.01
2014-01-08,1370.28
2014-01-09,1370.96
2014-01-10,1372.38
2014-01-13,1367.68
2014-01-14,1372.89
2014-01-15,1373.63
2014-01-16,1373.71
2014-01-17,1367.68
2014-01-21,1374.23
2014-01-22,1375.25
2014-01-23,1368.67
2014-01-24,1374.2
2014-01-27,1341.24
2014-01-28,1349.03
2014-01-29,1336.64
2014-01-30,1350.21
2014-01-31,1341.67
2014-02-03,1312.84
2014-02-04,1323.5
2014-02-05,1321.31
2014-02-06,1338.66
2014-02-07,1354.88
2014-02-10,1357.54
2014-02-11,1370.92
2014-02-12,1371.91
2014-02-13,1378.19
2014-02-14,1383.67
2014-02-18,1385.8
2014-02-19,1381.49
2014-02-20,1388.64
2014-02-21,1388.14
2014-02-24,1392.24
2014-02-25,1392.24
2014-02-26,1392.7
2014-02-27,1397.41
2014-02-28,1397.18
2014-03-03,1391.94
2014-03-04,1401.05
2014-03-05,1401.89
2014-03-06,1402.43
2014-03-07,1402.66
2014-03-10,1403.81
2014-03-11,1402.93
2014-03-12,1403.59
2014-03-13,1397.05
2014-03-14,1392.99
2014-03-17,1403.86
2014-03-18,1406.87
2014-03-19,1406.77
2014-03-20,1407.75
2014-03-21,1400.91
2014-03-24,1397.88
2014-03-25,1403.72
2014-03-26,1396.29
2014-03-27,1394.48
2014-03-28,1399.21
2014-03-31,1407.86
2014-04-01,1413.47
2014-04-02,1415.7
2014-04-03,1415.25
2014-04-04,1406.99
2014-04-07,1395.52
2014-04-08,1400.94
2014-04-09,1412.87
2014-04-10,1387.75
2014-04-11,1376.35
2014-04-14,1387.0
2014-04-15,1396.32
2014-04-16,1411.18
2014-04-17,1409.74
2014-04-21,1412.59
2014-04-22,1415.01
2014-04-23,1414.7
2014-04-24,1417.27
2014-04-25,1410.87
2014-04-28,1414.13
2014-04-29,1416.32
2014-04-30,1419.05
2014-05-01,1420.01
2014-05-02,1420.66
2014-05-05,1422.12
2014-05-06,1417.9
2014-05-07,1421.55
2014-05-08,1421.74
2014-05-09,1424.36
2014-05-12,1426.87
2014-05-13,1427.16
2014-05-14,1427.11
2014-05-15,1426.47
2014-05-16,1429.72
2014-05-19,1432.78
2014-05-20,1429.29
2014-05-21,1434.41
2014-05-22,1435.62
2014-05-23,1438.45
2014-05-27,1440.78
2014-05-28,1441.21
2014-05-29,1442.53
2014-05-30,1443.34
2014-06-02,1443.87
2014-06-03,1443.83
2014-06-04,1443.99
2014-06-05,1445.05
2014-06-06,1445.75
2014-06-09,1445.79
2014-06-10,1446.22
2014-06-11,1445.89
2014-06-12,1445.43
2014-06-13,1445.6
2014-06-16,1446.07
2014-06-17,1446.01
2014-06-18,1446.31
2014-06-19,1446.36
2014-06-20,1445.81
2014-06-23,1446.64
2014-06-24,1441.2
2014-06-25,1445.74
2014-06-26,1445.08
2014-06-27,1447.27
2014-06-30,1447.72
2014-07-01,1452.41
2014-07-02,1453.05
2014-07-03,1455.69
2014-07-07,1454.58
2014-07-08,1450.89
2014-07-09,1454.5
2014-07-10,1452.46
2014-07-11,1454.25
2014-07-14,1457.3
2014-07-15,1457.23
2014-07-16,1458.62
2014-07-17,1454.85
2014-07-18,1460.51
2014-07-21,1459.77
2014-07-22,1463.21
2014-07-23,1464.49
2014-07-24,1464.94
2014-07-25,1462.2
2014-07-28,1463.33
2014-07-29,1460.75
2014-07-30,1461.09
2014-07-31,1439.72
2014-08-01,1437.1
2014-08-04,1448.29
2014-08-05,1434.15
2014-08-06,1435.42
2014-08-07,1427.94
2014-08-08,1444.14
2014-08-11,1448.52
2014-08-12,1446.84
2014-08-13,1456.98
2014-08-14,1463.34
2014-08-15,1475.46
2014-08-18,1481.83
2014-08-19,1484.71
2014-08-20,1485.78
2014-08-21,1487.13
2014-08-22,1486.97
2014-08-25,1489.35
2014-08-26,1489.93
2014-08-27,1490.05
2014-08-28,1489.89
2014-08-29,1490.81
2014-09-02,1491.74
2014-09-03,1491.78
2014-09-04,1491.09
2014-09-05,1492.59
2014-09-08,1492.63
2014-09-09,1490.9
2014-09-10,1492.55
2014-09-11,1493.13
2014-09-12,1491.83
2014-09-15,1492.21
2014-09-16,1494.29
2014-09-17,1494.63
2014-09-18,1494.94
2014-09-19,1493.09
2014-09-22,1485.6
2014-09-23,1479.27
2014-09-24,1488.41
2014-09-25,1469.57
2014-09-26,1480.06
2014-09-29,1477.52
2014-09-30,1474.74
2014-10-01,1456.53
2014-10-02,1456.76
2014-10-03,1472.65
2014-10-06,1471.0
2014-10-07,1449.15
2014-10-08,1473.89
2014-10-09,1443.95
2014-10-10,1428.7
2014-10-13,1405.13
2014-10-14,1409.48
2014-10-15,1398.53
2014-10-16,1396.06
2014-10-17,1406.55
2014-10-20,1415.89
2014-10-21,1426.72
2014-10-22,1422.33
2014-10-23,1428.66
2014-10-24,1431.37
2014-10-27,1432.02
2014-10-28,1435.83
2014-10-29,1436.03
2014-10-30,1437.25
2014-10-31,1438.72
2014-11-03,1439.04
2014-11-04,1438.8
2014-11-05,1439.66
2014-11-06,1439.94
2014-11-07,1440.27
2014-11-10,1440.44
2014-11-11,1440.31
2014-11-12,1440.33
2014-11-13,1440.48
2014-11-14,1440.54
2014-11-17,1440.72
2014-11-18,1440.79
2014-11-19,1440.81
2014-11-20,1440.85
2014-11-21,1440.81
2014-11-24,1444.17
2014-11-25,1444.17
2014-11-26,1446.07
2014-11-28,1443.43
2014-12-01,1438.34
2014-12-02,1444.42
2014-12-03,1447.77
2014-12-04,1447.31
2014-12-05,1448.48
2014-12-08,1444.8
2014-12-09,1444.49
2014-12-10,1425.7
2014-12-11,1432.23
2014-12-12,1413.52
2014-12-15,1404.06
2014-12-16,1393.04
2014-12-17,1421.46
2014-12-18,1453.25
2014-12-19,1456.61
2014-12-22,1460.04
2014-12-23,1461.76
2014-12-24,1462.44
2014-12-26,1464.83
2014-12-29,1465.97
2014-12-30,1463.65
2014-12-31,1455.01
2015-01-02,1457.29
2015-01-05,1440.47
2015-01-06,1428.57
2015-01-07,1444.08
2015-01-08,1462.76
2015-01-09,1456.97
2015-01-12,1447.94
2015-01-13,1444.29
2015-01-14,1436.47
2015-01-15,1423.43
2015-01-16,1429.0
2015-01-20,1431.62
2015-01-21,1436.32
2015-01-22,1445.02
2015-01-23,1443.38
2015-01-26,1446.4
2015-01-27,1439.08
2015-01-28,1430.17
2015-01-29,1437.27
2015-01-30,1426.89
2015-02-02,1438.94
2015-02-03,1447.46
2015-02-04,1446.11
2015-02-05,1450.37
2015-02-06,1449.61
2015-02-09,1449.68
2015-02-10,1453.39
2015-02-11,1453.92
2015-02-12,1455.36
2015-02-13,1455.81
2015-02-17,1455.91
2015-02-18,1456.0
2015-02-19,1456.03
2015-02-20,1461.56
2015-02-23,1462.45
2015-02-24,1465.63
2015-02-25,1465.45
2015-02-26,1465.24
2015-02-27,1464.5
2015-03-02,1468.46
2015-03-03,1466.02
2015-03-04,1464.33
2015-03-05,1465.25
2015-03-06,1454.09
2015-03-09,1459.92
2015-03-10,1442.5
2015-03-11,1439.43
2015-03-12,1454.69
2015-03-13,1449.0
2015-03-16,1463.67
2015-03-17,1461.16
2015-03-18,1473.17
2015-03-19,1472.78
2015-03-20,1475.92
2015-03-23,1475.57
2015-03-24,1470.96
2015-03-25,1455.29
2015-03-26,1452.63
2015-03-27,1456.39
2015-03-30,1470.29
2015-03-31,1461.32
2015-04-01,1456.93
2015-04-02,1462.39
2015-04-06,1470.44
2015-04-07,1468.74
2015-04-08,1472.5
2015-04-09,1478.74
2015-04-10,1484.91
2015-04-13,1481.4
2015-04-14,1483.92
2015-04-15,1489.84
2015-04-16,1490.77
2015-04-17,1482.58
2015-04-20,1490.03
2015-04-21,1489.85
2015-04-22,1492.82
2015-04-23,1494.55
2015-04-24,1495.93
2015-04-27,1494.23
2015-04-28,1496.4
2015-04-29,1494.92
2015-04-30,1488.12
2015-05-01,1496.44
2015-05-04,1499.01
2015-05-05,1492.07
2015-05-06,1489.36
2015-05-07,1492.79
2015-05-08,1501.58
2015-05-11,1500.89
2015-05-12,1500.21
2015-05-13,1501.8
2015-05-14,1503.46
2015-05-15,1505.36
2015-05-18,1507.95
2015-05-19,1508.24
2015-05-20,1508.1
2015-05-21,1510.51
2015-05-22,1509.97
2015-05-26,1501.58
2015-05-27,1510.01
2015-05-28,1509.15
2015-05-29,1504.36
2015-06-01,1506.7
2015-06-02,1506.2
2015-06-03,1509.15
2015-06-04,1500.62
2015-06-05,1500.33
2015-06-08,1493.74
2015-06-09,1494.03
2015-06-10,1509.26
2015-06-11,1512.32
2015-06-12,1504.98
2015-06-15,1499.04
2015-06-16,1507.32
2015-06-17,1511.42
2015-06-18,1524.02
2015-06-19,1520.46
2015-06-22,1527.39
2015-06-23,1529.18
2015-06-24,1523.49
2015-06-25,1520.21
2015-06-26,1520.57
2015-06-29,1495.44
2015-06-30,1499.74
2015-07-01,1509.27
2015-07-02,1509.41
2015-07-06,1506.39
2015-07-07,1515.22
2015-07-08,1491.94
2015-07-09,1495.77
2015-07-10,1513.06
2015-07-13,1529.52
2015-07-14,1535.65
2015-07-15,1535.47
2015-07-16,1542.9
2015-07-17,1544.51
2015-07-20,1545.66
2015-07-21,1543.08
2015-07-22,1542.49
2015-07-23,1537.22
2015-07-24,1525.52
2015-07-27,1517.97
2015-07-28,1534.05
2015-07-29,1542.64
2015-07-30,1542.71
2015-07-31,1542.49
2015-08-03,1539.29
2015-08-04,1537.74
2015-08-05,1541.87
2015-08-06,1532.39
2015-08-07,1529.15
2015-08-10,1546.33
2015-08-11,1534.57
2015-08-12,1535.9
2015-08-13,1535.38
2015-08-14,1541.1
2015-08-17,1549.18
2015-08-18,1546.01
2015-08-19,1534.72
2015-08-20,1502.67
2015-08-21,1473.97
2015-08-24,1425.31
2015-08-25,1413.29
2015-08-26,1460.44
2015-08-27,1483.9
2015-08-28,1485.34
2015-08-31,1480.29
2015-09-01,1447.9
2015-09-02,1472.31
2015-09-03,1474.17
2015-09-04,1455.92
2015-09-08,1487.18
2015-09-09,1471.86
2015-09-10,1478.51
2015-09-11,1486.31
2015-09-14,1482.28
2015-09-15,1499.05
2015-09-16,1507.79
2015-09-17,1512.05
2015-09-18,1490.31
2015-09-21,1497.69
2015-09-22,1486.13
2015-09-23,1486.56
2015-09-24,1482.91
2015-09-25,1483.26
2015-09-28,1452.51
2015-09-29,1455.27
2015-09-30,1477.68
2015-10-01,1482.3
2015-10-02,1498.39
2015-10-05,1514.76
2015-10-06,1513.99
2015-10-07,1520.35
2015-10-08,1523.88
2015-10-09,1525.97
2015-10-12,1526.81
2015-10-13,1526.21
2015-10-14,1526.29
2015-10-15,1527.86
2015-10-16,1529.69
2015-10-19,1532.84
2015-10-20,1531.46
2015-10-21,1526.39
2015-10-22,1538.25
2015-10-23,1543.78
2015-10-26,1542.52
2015-10-27,1541.6
2015-10-28,1546.98
2015-10-29,1546.94
2015-10-30,1545.36
2015-11-02,1550.51
2015-11-03,1550.94
2015-11-04,1550.17
2015-11-05,1550.63
2015-11-06,1551.63
2015-11-09,1549.41
2015-11-10,1550.94
2015-11-11,1550.44
2015-11-12,1545.11
2015-11-13,1538.54
2015-11-16,1550.29
2015-11-17,1551.14
2015-11-18,1554.56
2015-11-19,1554.75
2015-11-20,1553.94
2015-11-23,1555.2
2015-11-24,1556.19
2015-11-25,1557.29
2015-11-27,1558.09
2015-11-30,1554.66
2015-12-01,1563.54
2015-12-02,1555.77
2015-12-03,1540.21
2015-12-04,1561.97
2015-12-07,1556.85
2015-12-08,1550.32
2015-12-09,1540.24
2015-12-10,1544.93
2015-12-11,1517.1
2015-12-14,1524.82
2015-12-15,1540.76
2015-12-16,1561.76
2015-12-17,1541.78
2015-12-18,1525.95
2015-12-21,1534.86
2015-12-22,1543.02
2015-12-23,1551.15
2015-12-24,1551.11
2015-12-28,1550.59
2015-12-29,1555.35
2015-12-30,1553.26
2015-12-31,1548.16
2016-01-04,1538.36
2016-01-05,1542.31
2016-01-06,1531.44
2016-01-07,1500.05
2016-01-08,1484.54
2016-01-11,1487.03
2016-01-12,1499.29
2016-01-13,1461.59
2016-01-14,1487.24
2016-01-15,1446.33
2016-01-19,1450.31
2016-01-20,1442.3
2016-01-21,1445.8
2016-01-22,1463.74
2016-01-25,1453.99
2016-01-26,1464.47
2016-01-27,1458.48
2016-01-28,1463.25
2016-01-29,1476.35
2016-02-01,1478.11
2016-02-02,1469.34
2016-02-03,1472.8
2016-02-04,1474.43
2016-02-05,1463.6
2016-02-08,1453.1
2016-02-09,1452.78
2016-02-10,1455.25
2016-02-11,1443.07
2016-02-12,1467.32
2016-02-16,1482.93
2016-02-17,1487.48
2016-02-18,1487.54
2016-02-19,1489.31
2016-02-22,1500.21
2016-02-23,1492.03
2016-02-24,1494.5
2016-02-25,1502.91
2016-02-26,1502.04
2016-02-29,1498.86
2016-03-01,1511.32
2016-03-02,1514.0
2016-03-03,1514.84
2016-03-04,1515.45
2016-03-07,1516.28
2016-03-08,1514.58
2016-03-09,1516.07
2016-03-10,1516.93
2016-03-11,1518.52
2016-03-14,1518.93
2016-03-15,1518.72
2016-03-16,1519.07
2016-03-17,1519.15
2016-03-18,1518.97
2016-03-21,1521.49
2016-03-22,1521.42
2016-03-23,1516.32
2016-03-24,1516.55
2016-03-28,1518.71
2016-03-29,1527.04
2016-03-30,1530.21
2016-03-31,1529.06
2016-04-01,1533.29
2016-04-04,1532.42
2016-04-05,1525.96
2016-04-06,1533.91
2016-04-07,1526.02
2016-04-08,1530.47
2016-04-11,1529.12
2016-04-12,1536.69
2016-04-13,1539.02
2016-04-14,1539.26
2016-04-15,1538.64
2016-04-18,1544.69
2016-04-19,1546.69
2016-04-20,1547.16
2016-04-21,1547.17
2016-04-22,1545.64
2016-04-25,1544.55
2016-04-26,1545.99
2016-04-27,1547.69
2016-04-28,1540.49
2016-04-29,1536.59
2016-05-02,1545.01
2016-05-03,1537.36
2016-05-04,1531.62
2016-05-05,1532.16
2016-05-06,1537.54
2016-05-09,1539.68
2016-05-10,1551.87
2016-05-11,1544.78
2016-05-12,1545.36
2016-05-13,1535.26
2016-05-16,1549.16
2016-05-17,1537.45
2016-05-18,1537.73
2016-05-19,1532.63
2016-05-20,1537.58
2016-05-23,1537.59
2016-05-24,1547.53
2016-05-25,1551.31
2016-05-26,1552.09
2016-05-27,1554.35
2016-05-31,1554.25
2016-06-01,1554.95
2016-06-02,1556.71
2016-06-03,1557.03
2016-06-06,1558.46
2016-06-07,1558.8
2016-06-08,1559.51
2016-06-09,1559.55
2016-06-10,1557.96
2016-06-13,1556.52
2016-06-14,1557.75
2016-06-15,1558.75
2016-06-16,1560.21
2016-06-17,1562.44
2016-06-20,1568.53
2016-06-21,1569.46
2016-06-22,1565.44
2016-06-23,1576.46
2016-06-24,1549.02
2016-06-27,1532.82
2016-06-28,1556.16
2016-06-29,1572.34
2016-06-30,1581.25
2016-07-01,1583.81
2016-07-05,1581.82
2016-07-06,1585.14
2016-07-07,1585.74
2016-07-08,1589.19
2016-07-11,1589.64
2016-07-12,1589.67
2016-07-13,1589.95
2016-07-14,1589.97
2016-07-15,1591.16
2016-07-18,1594.3
2016-07-19,1594.13
2016-07-20,1597.61
2016-07-21,1594.38
2016-07-22,1598.9
2016-07-25,1597.12
2016-07-26,1597.5
2016-07-27,1597.74
2016-07-28,1598.87
2016-07-29,1601.46
2016-08-01,1601.24
2016-08-02,1595.85
2016-08-03,1599.7
2016-08-04,1601.1
2016-08-05,1608.27
2016-08-08,1608.57
2016-08-09,1609.03
2016-08-10,1608.08
2016-08-11,1611.45
2016-08-12,1611.8
2016-08-15,1613.37
2016-08-16,1612.36
2016-08-17,1613.6
2016-08-18,1614.36
2016-08-19,1615.57
2016-08-22,1615.88
2016-08-23,1616.94
2016-08-24,1612.5
2016-08-25,1611.69
2016-08-26,1610.92
2016-08-29,1617.47
2016-08-30,1616.36
2016-08-31,1614.01
2016-09-01,1614.07
2016-09-02,1620.51
2016-09-06,1623.75
2016-09-07,1624.4
2016-09-08,1623.36
2016-09-09,1590.45
2016-09-12,1613.2
2016-09-13,1591.25
2016-09-14,1590.33
2016-09-15,1606.7
2016-09-16,1603.13
2016-09-19,1604.04
2016-09-20,1603.98
2016-09-21,1614.07
2016-09-22,1618.89
2016-09-23,1617.0
2016-09-26,1610.05
2016-09-27,1616.48
2016-09-28,1620.04
2016-09-29,1612.57
2016-09-30,1618.92
2016-10-03,1618.28
2016-10-04,1616.27
2016-10-05,1619.95
2016-10-06,1621.41
2016-10-07,1620.43
2016-10-10,1624.59
2016-10-11,1616.67
2016-10-12,1618.55
2016-10-13,1616.62
2016-10-14,1619.0
2016-10-17,1617.47
2016-10-18,1624.74
2016-10-19,1627.27
2016-10-20,1628.66
2016-10-21,1629.34
2016-10-24,1633.67
2016-10-25,1630.59
2016-10-26,1629.09
2016-10-27,1626.36
2016-10-28,1624.29
2016-10-31,1622.28
2016-11-01,1615.33
2016-11-02,1608.66
2016-11-03,1603.3
2016-11-04,1600.84
2016-11-07,1625.58
2016-11-08,1630.12
2016-11-09,1643.05
2016-11-10,1645.34
2016-11-11,1646.09
2016-11-14,1648.1
2016-11-15,1650.17
2016-11-16,1650.47
2016-11-17,1650.7
2016-11-18,1651.59
2016-11-21,1658.13
2016-11-22,1659.65
2016-11-23,1660.7
2016-11-25,1662.66
2016-11-28,1660.99
2016-11-29,1662.2
2016-11-30,1660.84
2016-12-01,1658.67
2016-12-02,1659.5
2016-12-05,1666.35
2016-12-06,1668.78
2016-12-07,1670.78
2016-12-08,1671.01
2016-12-09,1671.76
2016-12-12,1671.97
2016-12-13,1672.24
2016-12-14,1672.06
2016-12-15,1672.33
2016-12-16,1671.56
2016-12-19,1675.32
2016-12-20,1678.41
2016-12-21,1676.79
2016-12-22,1675.83
2016-12-23,1677.13
2016-12-27,1679.9
2016-12-28,1672.21
2016-12-29,1671.89
2016-12-30,1668.39
2017-01-03,1677.94
2017-01-04,1684.1
2017-01-05,1684.53
2017-01-06,1687.89
2017-01-09,1687.42
2017-01-10,1688.3
2017-01-11,1690.34
2017-01-12,1689.91
2017-01-13,1692.18
2017-01-17,1691.44
2017-01-18,1693.16
2017-01-19,1692.26
2017-01-20,1695.47
2017-01-23,1693.94
2017-01-24,1699.66
2017-01-25,1704.29
2017-01-26,1704.42
2017-01-27,1704.67
2017-01-30,1700.69
2017-01-31,1701.01
2017-02-01,1702.01
2017-02-02,1702.83
2017-02-03,1708.13
2017-02-06,1708.11
2017-02-07,1708.89
2017-02-08,1709.85
2017-02-09,1711.64
2017-02-10,1712.19
2017-02-13,1712.46
2017-02-14,1712.69
2017-02-15,1712.78
2017-02-16,1713.01
2017-02-17,1716.28
2017-02-21,1720.26
2017-02-22,1719.84
2017-02-23,1720.53
2017-02-24,1721.96
2017-02-27,1722.7
2017-02-28,1721.06
2017-03-01,1726.9
2017-03-02,1726.44
2017-03-03,1728.02
2017-03-06,1728.09
2017-03-07,1727.23
2017-03-08,1726.81
2017-03-09,1726.76
2017-03-10,1728.65
2017-03-13,1729.61
2017-03-14,1729.1
2017-03-15,1730.77
2017-03-16,1730.98
2017-03-17,1730.41
2017-03-20,1729.82
2017-03-21,1715.87
2017-03-22,1718.14
2017-03-23,1716.44
2017-03-24,1716.65
2017-03-27,1716.43
2017-03-28,1726.09
2017-03-29,1728.21
2017-03-30,1731.73
2017-03-31,1729.66
2017-04-03,1728.41
2017-04-04,1730.05
2017-04-05,1725.48
2017-04-06,1729.44
2017-04-07,1728.8
2017-04-10,1730.39
2017-04-11,1728.76
2017-04-12,1723.3
2017-04-13,1712.55
2017-04-17,1727.07
2017-04-18,1721.94
2017-04-19,1719.39
2017-04-20,1732.84
2017-04-21,1730.03
2017-04-24,1743.09
2017-04-25,1746.25
2017-04-26,1746.28
2017-04-27,1747.01
2017-04-28,1746.14
2017-05-01,1748.31
2017-05-02,1748.26
2017-05-03,1747.98
2017-05-04,1748.64
2017-05-05,1749.53
2017-05-08,1751.58
2017-05-09,1751.55
2017-05-10,1751.89
2017-05-11,1751.63
2017-05-12,1752.28
2017-05-15,1753.0
2017-05-16,1753.16
2017-05-17,1747.44
2017-05-18,1752.99
2017-05-19,1752.72
2017-05-22,1759.03
2017-05-23,1760.64
2017-05-24,1762.88
2017-05-25,1764.79
2017-05-26,1765.39
2017-05-30,1765.9
2017-05-31,1765.72
2017-06-01,1768.3
2017-06-02,1769.35
2017-06-05,1769.82
2017-06-06,1769.3
2017-06-07,1769.96
2017-06-08,1770.66
2017-06-09,1770.36
2017-06-12,1770.87
2017-06-13,1771.9
2017-06-14,1771.95
2017-06-15,1772.05
2017-06-16,1774.53
2017-06-19,1779.55
2017-06-20,1775.6
2017-06-21,1775.76
2017-06-22,1776.32
2017-06-23,1778.25
2017-06-26,1779.68
2017-06-27,1773.29
2017-06-28,1780.51
2017-06-29,1773.19
2017-06-30,1775.68
2017-07-03,1778.03
2017-07-05,1780.19
2017-07-06,1772.24
2017-07-07,1780.02
2017-07-10,1782.15
2017-07-11,1782.31
2017-07-12,1787.2
2017-07-13,1788.17
2017-07-14,1789.21
2017-07-17,1789.55
2017-07-18,1789.81
2017-07-19,1790.14
2017-07-20,1790.22
2017-07-21,1791.85
2017-07-24,1792.68
2017-07-25,1794.33
2017-07-26,1794.85
2017-07-27,1794.02
2017-07-28,1793.41
2017-07-31,1793.76
2017-08-01,1796.33
2017-08-02,1796.96
2017-08-03,1795.87
2017-08-04,1797.93
2017-08-07,1799.72
2017-08-08,1797.71
2017-08-09,1797.54
2017-08-10,1780.67
2017-08-11,1784.37
2017-08-14,1797.83
2017-08-15,1799.31
2017-08-16,1801.81
2017-08-17,1779.59
2017-08-18,1773.76
2017-08-21,1776.91
2017-08-22,1786.0
2017-08-23,1783.6
2017-08-24,1782.54
2017-08-25,1785.7
2017-08-28,1787.19
2017-08-29,1787.9
2017-08-30,1790.81
2017-08-31,1793.41
2017-09-01,1794.42
2017-09-05,1792.03
2017-09-06,1794.45
2017-09-07,1794.83
2017-09-08,1793.95
2017-09-11,1796.92
2017-09-12,1797.1
2017-09-13,1797.24
2017-09-14,1797.4
2017-09-15,1798.26
2017-09-18,1800.37
2017-09-19,1801.18
2017-09-20,1801.89
2017-09-21,1800.55
2017-09-22,1800.97
2017-09-25,1799.95
2017-09-26,1800.73
2017-09-27,1803.47
2017-09-28,1805.01
2017-09-29,1807.1
2017-10-02,1809.46
2017-10-03,1810.06
2017-10-04,1810.54
2017-10-05,1811.88
2017-10-06,1811.88
2017-10-09,1811.66
2017-10-10,1812.48
2017-10-11,1813.02
2017-10-12,1813.2
2017-10-13,1813.54
2017-10-16,1813.94
2017-10-17,1814.06
2017-10-18,1814.31
2017-10-19,1814.47
2017-10-20,1815.63
2017-10-23,1812.25
2017-10-24,1813.23
2017-10-25,1808.61
2017-10-26,1809.94
2017-10-27,1818.08
2017-10-30,1816.17
2017-10-31,1817.57
2017-11-01,1818.87
2017-11-02,1819.74
2017-11-03,1822.49
2017-11-06,1824.0
2017-11-07,1823.66
2017-11-08,1825.02
2017-11-09,1822.76
2017-11-10,1823.06
2017-11-13,1825.02
2017-11-14,1824.83
2017-11-15,1822.06
2017-11-16,1827.63
2017-11-17,1827.26
2017-11-20,1830.1
2017-11-21,1835.46
2017-11-22,1835.24
2017-11-24,1837.12
2017-11-27,1837.52
2017-11-28,1840.77
2017-11-29,1840.33
2017-11-30,1841.61
2017-12-01,1840.89
2017-12-04,1841.47
2017-12-05,1842.07
2017-12-06,1842.64
2017-12-07,1844.13
2017-12-08,1844.97
2017-12-11,1845.39
2017-12-12,1845.54
2017-12-13,1845.66
2017-12-14,1845.62
2017-12-15,1847.12
2017-12-18,1849.72
2017-12-19,1847.37
2017-12-20,1848.07
2017-12-21,1849.63
2017-12-22,1849.77
2017-12-26,1850.13
2017-12-27,1849.88
2017-12-28,1851.2
2017-12-29,1849.34
2018-01-02,1854.8
2018-01-03,1857.06
2018-01-04,1858.04
2018-01-05,1858.71
2018-01-08,1859.46
2018-01-09,1859.61
2018-01-10,1859.82
2018-01-11,1860.07
2018-01-12,1860.17
2018-01-16,1860.31
2018-01-17,1860.56
2018-01-18,1860.73
2018-01-19,1863.54
2018-01-22,1868.43
2018-01-23,1869.47
2018-01-24,1868.6
2018-01-25,1869.0
2018-01-26,1873.53
2018-01-29,1869.29
2018-01-30,1863.51
2018-01-31,1866.0
2018-02-01,1866.33
2018-02-02,1843.26
2018-02-05,1772.02
2018-02-06,1801.59
2018-02-07,1797.16
2018-02-08,1730.35
2018-02-09,1757.41
2018-02-12,1781.57
2018-02-13,1786.74
2018-02-14,1811.75
2018-02-15,1833.87
2018-02-16,1825.17
2018-02-20,1820.57
2018-02-21,1815.25
2018-02-22,1818.39
2018-02-23,1837.25
2018-02-26,1845.09
2018-02-27,1834.86
2018-02-28,1825.77
2018-03-01,1809.22
2018-03-02,1818.73
2018-03-05,1833.03
2018-03-06,1837.32
2018-03-07,1838.02
2018-03-08,1843.5
2018-03-09,1854.07
2018-03-12,1854.84
2018-03-13,1853.99
2018-03-14,1852.78
2018-03-15,1855.59
2018-03-16,1854.51
2018-03-19,1838.85
2018-03-20,1841.06
2018-03-21,1840.28
2018-03-22,1801.58
2018-03-23,1772.35
2018-03-26,1811.38
2018-03-27,1783.63
2018-03-28,1780.22
2018-03-29,1801.34
2018-04-02,1762.54
2018-04-03,1785.88
2018-04-04,1805.63
2018-04-05,1817.75
2018-04-06,1780.72
2018-04-09,1786.68
2018-04-10,1814.95
2018-04-11,1806.1
2018-04-12,1821.54
2018-04-13,1817.11
2018-04-16,1832.27
2018-04-17,1850.55
2018-04-18,1852.58
2018-04-19,1841.89
2018-04-20,1840.69
2018-04-23,1841.96
2018-04-24,1826.25
2018-04-25,1829.41
2018-04-26,1842.45
2018-04-27,1845.75
2018-04-30,1838.22
2018-05-01,1841.81
2018-05-02,1833.87
2018-05-03,1831.82
2018-05-04,1849.51
2018-05-07,1852.55
2018-05-08,1855.12
2018-05-09,1864.4
2018-05-10,1868.79
2018-05-11,1870.2
2018-05-14,1871.01
2018-05-15,1869.88
2018-05-16,1871.7
2018-05-17,1872.18
2018-05-18,1871.21
2018-05-21,1878.0
2018-05-22,1876.7
2018-05-23,1880.09
2018-05-24,1879.91
2018-05-25,1877.73
2018-05-29,1865.05
2018-05-30,1880.01
2018-05-31,1874.72
2018-06-01,1884.54
2018-06-04,1888.3
2018-06-05,1889.27
2018-06-06,1891.89
2018-06-07,1891.64
2018-06-08,1892.82
2018-06-11,1893.66
2018-06-12,1894.23
2018-06-13,1894.36
2018-06-14,1894.88
2018-06-15,1898.54
2018-06-18,1897.69
2018-06-19,1893.57
2018-06-20,1896.33
2018-06-21,1888.64
2018-06-22,1891.54
2018-06-25,1873.75
2018-06-26,1877.7
2018-06-27,1864.49
2018-06-28,1874.43
2018-06-29,1877.72
2018-07-02,1882.21
2018-07-03,1875.93
2018-07-05,1889.37
2018-07-06,1901.5
2018-07-09,1911.29
2018-07-10,1913.68
2018-07-11,1909.31
2018-07-12,1915.54
2018-07-13,1916.86
2018-07-16,1917.95
2018-07-17,1919.15
2018-07-18,1919.68
2018-07-19,1919.9
2018-07-20,1918.25
2018-07-23,1921.12
2018-07-24,1924.64
2018-07-25,1929.72
2018-07-26,1928.68
2018-07-27,1925.32
2018-07-30,1921.3
2018-07-31,1926.63
2018-08-01,1926.17
2018-08-02,1930.81
2018-08-03,1934.37
2018-08-06,1936.75
2018-08-07,1938.13
2018-08-08,1938.63
2018-08-09,1938.43
2018-08-10,1935.42
2018-08-13,1934.48
2018-08-14,1939.13
2018-08-15,1937.31
2018-08-16,1940.61
2018-08-17,1943.18
2018-08-20,1945.87
2018-08-21,1947.12
2018-08-22,1948.06
2018-08-23,1947.31
2018-08-24,1951.23
2018-08-27,1955.65
2018-08-28,1955.79
2018-08-29,1957.67
2018-08-30,1955.53
2018-08-31,1956.4
2018-09-04,1957.32
2018-09-05,1956.71
2018-09-06,1955.19
2018-09-07,1955.02
2018-09-10,1958.22
2018-09-11,1960.76
2018-09-12,1961.29
2018-09-13,1962.94
2018-09-14,1963.31
2018-09-17,1962.79
2018-09-18,1964.11
2018-09-19,1964.38
2018-09-20,1964.75
2018-09-21,1962.32
2018-09-24,1959.84
2018-09-25,1958.73
2018-09-26,1955.83
2018-09-27,1959.9
2018-09-28,1960.52
2018-10-01,1965.66
2018-10-02,1965.73
2018-10-03,1966.89
2018-10-04,1955.4
2018-10-05,1948.4
2018-10-08,1949.44
2018-10-09,1947.63
2018-10-10,1886.89
2018-10-11,1846.33
2018-10-12,1871.34
2018-10-15,1861.59
2018-10-16,1901.7
2018-10-17,1901.07
2018-10-18,1874.38
2018-10-19,1872.03
2018-10-22,1869.98
2018-10-23,1861.95
2018-10-24,1815.25
2018-10-25,1843.83
2018-10-26,1816.02
2018-10-29,1808.23
2018-10-30,1833.24
2018-10-31,1850.96
2018-11-01,1868.44
2018-11-02,1860.03
2018-11-05,1870.55
2018-11-06,1879.07
2018-11-07,1904.28
2018-11-08,1904.46
2018-11-09,1897.63
2018-11-12,1870.34
2018-11-13,1868.04
2018-11-14,1855.62
2018-11-15,1874.68
2018-11-16,1870.62
2018-11-19,1854.12
2018-11-20,1831.78
2018-11-21,1837.46
2018-11-23,1828.82
2018-11-26,1853.69
2018-11-27,1857.31
2018-11-28,1879.48
2018-11-29,1877.61
2018-11-30,1882.0
2018-12-03,1896.23
2018-12-04,1866.25
2018-12-06,1866.11
2018-12-07,1834.35
2018-12-10,1840.43
2018-12-11,1841.63
2018-12-12,1850.82
2018-12-13,1851.47
2018-12-14,1819.01
2018-12-17,1781.96
2018-12-18,1781.84
2018-12-19,1754.91
2018-12-20,1726.55
2018-12-21,1696.38
2018-12-24,1661.62
2018-12-26,1716.81
2018-12-27,1722.82
2018-12-28,1726.68
2018-12-31,1739.67
2019-01-02,1747.29
2019-01-03,1725.3
2019-01-04,1755.77
2019-01-07,1760.82
2019-01-08,1764.97
2019-01-09,1767.02
2019-01-10,1768.74
2019-01-11,1769.94
2019-01-14,1770.39
2019-01-15,1771.0
2019-01-16,1771.24
2019-01-17,1771.41
2019-01-18,1771.67
2019-01-22,1758.36
2019-01-23,1761.08
2019-01-24,1764.92
2019-01-25,1773.22
2019-01-28,1766.77
2019-01-29,1765.67
2019-01-30,1780.87
2019-01-31,1787.92
2019-02-01,1789.76
2019-02-04,1794.75
2019-02-05,1795.88
2019-02-06,1796.33
2019-02-07,1793.91
2019-02-08,1795.72
2019-02-11,1797.81
2019-02-12,1799.11
2019-02-13,1799.48
2019-02-14,1799.68
2019-02-15,1802.49
2019-02-19,1805.71
2019-02-20,1808.34
2019-02-21,1806.35
2019-02-22,1811.99
2019-02-25,1813.64
2019-02-26,1813.2
2019-02-27,1814.05
2019-02-28,1813.01
2019-03-01,1818.98
2019-03-04,1817.49
2019-03-05,1817.98
2019-03-06,1813.7
2019-03-07,1806.32
2019-03-08,1806.84
2019-03-11,1821.91
2019-03-12,1823.47
2019-03-13,1826.53
2019-03-14,1826.98
2019-03-15,1827.34
2019-03-18,1830.04
2019-03-19,1829.9
2019-03-20,1827.79
2019-03-21,1834.13
2019-03-22,1816.29
2019-03-25,1817.74
2019-03-26,1826.94
2019-03-27,1822.95
2019-03-28,1828.27
2019-03-29,1835.01
2019-04-01,1843.11
2019-04-02,1844.15
2019-04-03,1844.73
2019-04-04,1846.24
2019-04-05,1848.27
2019-04-08,1849.25
2019-04-09,1848.4
2019-04-10,1849.99
2019-04-11,1850.44
2019-04-12,1851.17
2019-04-15,1851.68
2019-04-16,1851.82
2019-04-17,1852.01
2019-04-18,1853.54
2019-04-22,1855.95
2019-04-23,1861.12
2019-04-24,1859.47
2019-04-25,1859.75
2019-04-26,1862.95
2019-04-29,1864.39
2019-04-30,1864.0
2019-05-01,1860.59
2019-05-02,1860.3
2019-05-03,1866.99
2019-05-06,1863.93
2019-05-07,1846.02
2019-05-08,1845.4
2019-05-09,1843.48
2019-05-10,1855.07
2019-05-13,1819.11
2019-05-14,1834.23
2019-05-15,1846.14
2019-05-16,1861.87
2019-05-17,1840.28
2019-05-20,1834.34
2019-05-21,1845.8
2019-05-22,1844.13
2019-05-23,1828.34
2019-05-24,1832.18
2019-05-28,1821.01
2019-05-29,1811.49
2019-05-30,1815.34
2019-05-31,1794.19
2019-06-03,1789.04
2019-06-04,1825.26
2019-06-05,1838.75
2019-06-06,1847.4
2019-06-07,1859.54
2019-06-10,1864.19
2019-06-11,1865.03
2019-06-12,1865.18
2019-06-13,1869.95
2019-06-14,1870.98
2019-06-17,1873.54
2019-06-18,1878.27
2019-06-19,1880.91
2019-06-20,1881.5
2019-06-21,1878.42
2019-06-24,1878.89
2019-06-25,1868.99
2019-06-26,1869.02
2019-06-27,1873.38
2019-06-28,1879.81
2019-07-01,1892.21
2019-07-02,1896.57
2019-07-03,1900.8
2019-07-05,1901.5
2019-07-08,1900.45
2019-07-09,1901.48
2019-07-10,1904.26
2019-07-11,1905.26
2019-07-12,1906.37
2019-07-15,1907.13
2019-07-16,1907.33
2019-07-17,1907.24
2019-07-18,1908.06
2019-07-19,1902.32
2019-07-22,1907.44
2019-07-23,1914.45
2019-07-24,1918.38
2019-07-25,1914.73
2019-07-26,1920.51
2019-07-29,1920.5
2019-07-30,1917.36
2019-07-31,1906.7
2019-08-01,1894.87
2019-08-02,1886.47
2019-08-05,1834.75
2019-08-06,1858.84
2019-08-07,1860.61
2019-08-08,1894.39
2019-08-09,1883.28
2019-08-12,1861.5
2019-08-13,1889.11
2019-08-14,1834.36
2019-08-15,1837.49
2019-08-16,1855.51
2019-08-19,1869.0
2019-08-20,1863.22
2019-08-21,1871.49
2019-08-22,1870.67
2019-08-23,1843.94
2019-08-26,1857.96
2019-08-27,1854.41
2019-08-28,1862.65
2019-08-29,1873.68
2019-08-30,1873.58
2019-09-03,1871.77
2019-09-04,1881.82
2019-09-05,1889.79
2019-09-06,1891.27
2019-09-09,1893.07
2019-09-10,1893.86
2019-09-11,1895.35
2019-09-12,1895.84
2019-09-13,1896.3
2019-09-16,1896.76
2019-09-17,1897.18
2019-09-18,1897.43
2019-09-19,1897.74
2019-09-20,1889.59
2019-09-23,1892.45
2019-09-24,1881.71
2019-09-25,1890.5
2019-09-26,1888.17
2019-09-27,1880.95
2019-09-30,1890.45
2019-10-01,1873.1
2019-10-02,1843.12
2019-10-03,1857.41
2019-10-04,1881.16
2019-10-07,1875.16
2019-10-08,1848.35
2019-10-09,1864.39
2019-10-10,1876.13
2019-10-11,1893.58
2019-10-14,1895.66
2019-10-15,1911.33
2019-10-16,1910.56
2019-10-17,1916.03
2019-10-18,1913.98
2019-10-21,1921.95
2019-10-22,1919.39
2019-10-23,1922.83
2019-10-24,1925.63
2019-10-25,1929.89
2019-10-28,1933.44
2019-10-29,1933.05
2019-10-30,1936.04
2019-10-31,1934.55
2019-11-01,1938.94
2019-11-04,1940.47
2019-11-05,1940.8
2019-11-06,1941.73
2019-11-07,1942.27
2019-11-08,1942.85
2019-11-11,1943.23
2019-11-12,1943.41
2019-11-13,1943.51
2019-11-14,1943.69
2019-11-15,1945.75
2019-11-18,1947.01
2019-11-19,1946.81
2019-11-20,1944.65
2019-11-21,1942.83
2019-11-22,1945.7
2019-11-25,1953.72
2019-11-26,1955.93
2019-11-27,1958.39
2019-11-29,1956.28
2019-12-02,1948.96
2019-12-03,1941.88
2019-12-04,1948.78
2019-12-05,1951.9
2019-12-06,1959.56
2019-12-09,1957.6
2019-12-10,1957.78
2019-12-11,1960.9
2019-12-12,1965.68
2019-12-13,1967.66
2019-12-16,1969.98
2019-12-17,1970.65
2019-12-18,1970.94
2019-12-19,1971.09
2019-12-20,1970.16
2019-12-23,1971.78
2019-12-24,1972.26
2019-12-26,1976.52
2019-12-27,1974.84
2019-12-30,1970.58
2019-12-31,1974.62
2020-01-02,1982.53
2020-01-03,1976.64
2020-01-06,1981.44
2020-01-07,1980.88
2020-01-08,1983.93
2020-01-09,1987.92
2020-01-10,1987.85
2020-01-13,1990.62
2020-01-14,1990.71
2020-01-15,1991.2
2020-01-16,1991.42
2020-01-17,1993.37
2020-01-21,1990.71
2020-01-22,1991.86
2020-01-23,1992.86
2020-01-24,1982.39
2020-01-27,1960.25
2020-01-28,1975.75
2020-01-29,1974.44
2020-01-30,1980.6
2020-01-31,1953.18
2020-02-03,1966.48
2020-02-04,1988.24
2020-02-05,2000.85
2020-02-06,2004.52
2020-02-07,2000.44
2020-02-10,2007.88
2020-02-11,2009.55
2020-02-12,2014.1
2020-02-13,2013.79
2020-02-14,2015.46
2020-02-18,2016.58
2020-02-19,2017.9
2020-02-20,2018.14
2020-02-21,2015.21
2020-02-24,1969.05
2020-02-25,1916.49
2020-02-26,1908.78
2020-02-27,1824.92
2020-02-28,1808.96
2020-03-02,1894.79
2020-03-03,1840.13
2020-03-04,1917.04
2020-03-05,1853.79
2020-03-06,1821.36
2020-03-09,1679.88
2020-03-10,1767.47
2020-03-11,1680.58
2020-03-12,1515.21
2020-03-13,1658.43
2020-03-16,1468.31
2020-03-17,1553.94
2020-03-18,1478.07
2020-03-19,1480.37
2020-03-20,1455.37
2020-03-23,1434.38
2020-03-24,1513.74
2020-03-25,1514.26
2020-03-26,1548.98
2020-03-27,1533.91
2020-03-30,1565.31
2020-03-31,1566.26
2020-04-01,1539.94
2020-04-02,1562.38
2020-04-03,1562.08
2020-04-06,1592.41
2020-04-07,1593.94
2020-04-08,1603.53
2020-04-09,1606.72
2020-04-13,1608.83
2020-04-14,1609.19
2020-04-15,1609.34
2020-04-16,1609.49
2020-04-17,1619.94
2020-04-20,1603.82
2020-04-21,1575.88
2020-04-22,1602.8
2020-04-23,1605.4
2020-04-24,1625.36
2020-04-27,1640.75
2020-04-28,1637.48
2020-04-29,1653.93
2020-04-30,1648.18
2020-05-01,1630.39
2020-05-04,1639.38
2020-05-05,1648.48
2020-05-06,1645.74
2020-05-07,1657.46
2020-05-08,1669.39
2020-05-11,1672.42
2020-05-12,1665.02
2020-05-13,1655.2
2020-05-14,1671.82
2020-05-15,1680.84
2020-05-18,1702.11
2020-05-19,1695.99
2020-05-20,1707.79
2020-05-21,1703.97
2020-05-22,1707.04
2020-05-26,1714.41
2020-05-27,1719.41
2020-05-28,1718.22
2020-05-29,1721.44
2020-06-01,1723.54
2020-06-02,1726.36
2020-06-03,1729.56
2020-06-04,1729.74
2020-06-05,1731.71
2020-06-08,1732.17
2020-06-09,1731.92
2020-06-10,1732.12
2020-06-11,1719.49
2020-06-12,1727.89
2020-06-15,1731.75
2020-06-16,1732.97
2020-06-17,1733.23
2020-06-18,1733.33
2020-06-19,1721.81
2020-06-22,1732.29
2020-06-23,1737.08
2020-06-24,1711.52
2020-06-25,1726.43
2020-06-26,1698.82
2020-06-29,1722.41
2020-06-30,1739.4
2020-07-01,1747.45
2020-07-02,1756.6
2020-07-06,1766.66
2020-07-07,1760.71
2020-07-08,1768.44
2020-07-09,1765.88
2020-07-10,1775.6
2020-07-13,1769.44
2020-07-14,1778.68
2020-07-15,1783.07
2020-07-16,1783.99
2020-07-17,1787.13
2020-07-20,1796.88
2020-07-21,1797.08
2020-07-22,1802.82
2020-07-23,1793.5
2020-07-24,1791.25
2020-07-27,1800.0
2020-07-28,1795.56
2020-07-29,1806.65
2020-07-30,1803.01
2020-07-31,1810.74
2020-08-03,1815.87
2020-08-04,1818.84
2020-08-05,1822.7
2020-08-06,1825.67
2020-08-07,1826.76
2020-08-10,1828.74
2020-08-11,1825.67
2020-08-12,1830.72
2020-08-13,1831.33
2020-08-14,1832.37
2020-08-17,1833.18
2020-08-18,1833.3
2020-08-19,1833.23
2020-08-20,1833.57
2020-08-21,1837.28
2020-08-24,1845.33
2020-08-25,1847.85
2020-08-26,1851.0
2020-08-27,1851.37
2020-08-28,1856.7
2020-08-31,1847.36
2020-09-01,1857.86
2020-09-02,1861.07
2020-09-03,1842.54
2020-09-04,1840.95
2020-09-08,1819.95
2020-09-09,1841.86
2020-09-10,1826.84
2020-09-11,1831.35
2020-09-14,1850.81
2020-09-15,1858.07
2020-09-16,1858.69
2020-09-17,1851.85
2020-09-18,1848.53
2020-09-21,1836.68
2020-09-22,1848.98
2020-09-23,1822.47
2020-09-24,1827.0
2020-09-25,1848.17
2020-09-28,1863.49
2020-09-29,1859.2
2020-09-30,1867.03
2020-10-01,1871.79
2020-10-02,1867.24
2020-10-05,1882.14
2020-10-06,1874.24
2020-10-07,1887.45
2020-10-08,1893.03
2020-10-09,1896.01
2020-10-12,1897.06
2020-10-13,1897.34
2020-10-14,1897.36
2020-10-15,1897.64
2020-10-16,1892.41
2020-10-19,1877.06
2020-10-20,1881.89
2020-10-21,1881.37
2020-10-22,1887.99
2020-10-23,1893.24
2020-10-26,1868.07
2020-10-27,1864.65
2020-10-28,1811.58
2020-10-29,1830.3
2020-10-30,1812.09
2020-11-02,1834.2
2020-11-03,1860.64
2020-11-04,1894.84
2020-11-05,1917.32
2020-11-06,1922.88
2020-11-09,1932.57
2020-11-10,1935.65
2020-11-11,1943.21
2020-11-12,1937.31
2020-11-13,1947.6
2020-11-16,1953.23
2020-11-17,1953.45
2020-11-18,1952.76
2020-11-19,1954.68
2020-11-20,1948.67
2020-11-23,1957.68
2020-11-24,1970.84
2020-11-25,1970.84
2020-11-27,1973.22
2020-11-30,1972.7
2020-12-01,1979.3
2020-12-02,1980.48
2020-12-03,1981.32
2020-12-04,1986.77
2020-12-07,1987.93
2020-12-08,1989.72
2020-12-09,1987.66
2020-12-10,1988.53
2020-12-11,1988.25
2020-12-14,1988.43
2020-12-15,1992.78
2020-12-16,1993.88
2020-12-17,1994.18
2020-12-18,2000.41
2020-12-21,1992.21
2020-12-22,1992.95
2020-12-23,1996.78
2020-12-24,2003.32
2020-12-28,2012.41
2020-12-29,2010.49
2020-12-30,2012.63
2020-12-31,2016.7
2021-01-04,2006.25
2021-01-05,2013.87
2021-01-06,2017.8
2021-01-07,2030.31
2021-01-08,2032.54
2021-01-11,2031.83
2021-01-12,2034.09
2021-01-13,2035.5
2021-01-14,2035.84
2021-01-15,2035.44
2021-01-19,2044.29
2021-01-20,2056.09
2021-01-21,2057.26
2021-01-22,2056.1
2021-01-25,2058.33
2021-01-26,2057.44
2021-01-27,2027.74
2021-01-28,2039.59
2021-01-29,2021.54
2021-02-01,2043.1
2021-02-02,2058.83
2021-02-03,2063.29
2021-02-04,2071.38
2021-02-05,2075.07
2021-02-08,2077.82
2021-02-09,2078.02
2021-02-10,2077.83
2021-02-11,2079.19
2021-02-12,2081.35
2021-02-16,2079.52
2021-02-17,2081.97
2021-02-18,2082.24
2021-02-19,2076.25
2021-02-22,2067.97
2021-02-23,2070.13
2021-02-24,2084.77
2021-02-25,2044.94
2021-02-26,2050.23
2021-03-01,2081.0
2021-03-02,2070.9
2021-03-03,2051.57
2021-03-04,2030.37
2021-03-05,2062.53
2021-03-08,2054.71
2021-03-09,2077.55
2021-03-10,2089.11
2021-03-11,2101.78
2021-03-12,2106.8
2021-03-15,2113.42
2021-03-16,2113.48
2021-03-17,2117.13
2021-03-18,2110.54
2021-03-19,2112.35
2021-03-22,2124.71
2021-03-23,2115.99
2021-03-24,2111.26
2021-03-25,2119.16
2021-03-26,2132.88
2021-03-29,2131.24
2021-03-30,2133.03
2021-03-31,2137.62
2021-04-01,2143.59
2021-04-05,2147.34
2021-04-06,2147.7
2021-04-07,2148.89
2021-04-08,2149.8
2021-04-09,2150.58
2021-04-12,2150.9
2021-04-13,2150.93
2021-04-14,2150.89
2021-04-15,2151.05
2021-04-16,2152.37
2021-04-19,2147.8
2021-04-20,2138.06
2021-04-21,2149.97
2021-04-22,2139.16
2021-04-23,2154.04
2021-04-26,2156.92
2021-04-27,2157.6
2021-04-28,2159.02
2021-04-29,2163.92
2021-04-30,2158.89
2021-05-03,2163.17
2021-05-04,2157.2
2021-05-05,2158.09
2021-05-06,2167.75
2021-05-07,2174.85
2021-05-10,2167.13
2021-05-11,2156.53
2021-05-12,2121.81
2021-05-13,2144.64
2021-05-14,2169.84
2021-05-17,2169.58
2021-05-18,2158.27
2021-05-19,2154.82
2021-05-20,2175.79
2021-05-21,2182.81
2021-05-24,2197.34
2021-05-25,2195.69
2021-05-26,2200.24
2021-05-27,2203.2
2021-05-28,2205.5
2021-06-01,2204.99
2021-06-02,2208.8
2021-06-03,2205.29
2021-06-04,2214.56
2021-06-07,2216.32
2021-06-08,2215.93
2021-06-09,2214.59
2021-06-10,2220.4
2021-06-11,2221.95
2021-06-14,2223.05
2021-06-15,2222.67
2021-06-16,2220.78
2021-06-17,2224.38
2021-06-18,2219.98
2021-06-21,2238.12
2021-06-22,2244.11
2021-06-23,2245.0
2021-06-24,2248.44
2021-06-25,2251.55
2021-06-28,2253.07
2021-06-29,2253.34
2021-06-30,2254.16
2021-07-01,2256.24
2021-07-02,2257.95
2021-07-06,2257.9
2021-07-07,2258.9
2021-07-08,2256.52
2021-07-09,2259.74
2021-07-12,2260.6
2021-07-13,2260.48
2021-07-14,2260.8
2021-07-15,2259.8
2021-07-16,2254.48
2021-07-19,2233.65
2021-07-20,2254.11
2021-07-21,2265.9
2021-07-22,2268.43
2021-07-23,2277.29
2021-07-26,2279.75
2021-07-27,2275.92
2021-07-28,2277.56
2021-07-29,2282.13
2021-07-30,2278.46
2021-08-02,2277.69
2021-08-03,2286.23
2021-08-04,2283.8
2021-08-05,2288.66
2021-08-06,2291.99
2021-08-09,2292.84
2021-08-10,2293.71
2021-08-11,2295.91
2021-08-12,2297.02
2021-08-13,2298.06
2021-08-16,2298.42
2021-08-17,2297.88
2021-08-18,2294.49
2021-08-19,2298.37
2021-08-20,2303.33
2021-08-23,2314.37
2021-08-24,2316.03
2021-08-25,2318.57
2021-08-26,2312.53
2021-08-27,2322.27
2021-08-30,2325.74
2021-08-31,2325.11
2021-09-01,2326.25
2021-09-02,2327.33
2021-09-03,2328.71
2021-09-07,2328.28
2021-09-08,2328.99
2021-09-09,2326.89
2021-09-10,2320.45
2021-09-13,2327.09
2021-09-14,2326.4
2021-09-15,2333.14
2021-09-16,2334.3
2021-09-17,2332.9
2021-09-20,2308.38
2021-09-21,2308.65
2021-09-22,2326.92
2021-09-23,2344.45
2021-09-24,2348.76
2021-09-27,2347.65
2021-09-28,2314.35
2021-09-29,2318.69
2021-09-30,2296.17
2021-10-01,2320.54
2021-10-04,2296.93
2021-10-05,2317.75
2021-10-06,2327.11
2021-10-07,2343.51
2021-10-08,2343.76
2021-10-11,2330.58
2021-10-12,2326.15
2021-10-13,2334.58
2021-10-14,2370.43
2021-10-15,2376.6
2021-10-18,2380.83
2021-10-19,2388.43
2021-10-20,2391.62
2021-10-21,2394.41
2021-10-22,2393.41
2021-10-25,2398.1
2021-10-26,2397.59
2021-10-27,2393.76
2021-10-28,2400.44
2021-10-29,2401.2
2021-11-01,2403.75
2021-11-02,2405.92
2021-11-03,2408.74
2021-11-04,2409.87
2021-11-05,2410.39
2021-11-08,2411.3
2021-11-09,2411.11
2021-11-10,2410.39
2021-11-11,2411.9
2021-11-12,2413.31
2021-11-15,2413.73
2021-11-16,2413.75
2021-11-17,2413.87
2021-11-18,2413.96
2021-11-19,2411.13
2021-11-22,2407.78
2021-11-23,2411.17
2021-11-24,2414.56
2021-11-26,2374.9
2021-11-29,2401.21
2021-11-30,2368.66
2021-12-01,2340.98
2021-12-02,2372.86
2021-12-03,2357.21
2021-12-06,2383.66
2021-12-07,2419.58
2021-12-08,2426.43
2021-12-09,2417.32
2021-12-10,2433.47
2021-12-13,2423.32
2021-12-14,2411.97
2021-12-15,2439.09
2021-12-16,2429.69
2021-12-17,2410.35
2021-12-20,2396.42
2021-12-21,2421.18
2021-12-22,2436.08
2021-12-23,2443.49
2021-12-27,2454.74
2021-12-28,2455.25
2021-12-29,2457.54
2021-12-30,2456.5
2021-12-31,2456.08
2022-01-03,2461.14
2022-01-04,2461.33
2022-01-05,2447.02
2022-01-06,2447.6
2022-01-07,2447.85
2022-01-10,2449.26
2022-01-11,2457.0
2022-01-12,2461.2
2022-01-13,2448.69
2022-01-14,2453.63
2022-01-18,2429.11
2022-01-19,2408.21
2022-01-20,2380.83
2022-01-21,2350.63
2022-01-24,2354.97
2022-01-25,2342.72
2022-01-26,2336.68
2022-01-27,2332.27
2022-01-28,2371.6
2022-01-31,2397.86
2022-02-01,2409.98
2022-02-02,2418.37
2022-02-03,2393.4
2022-02-04,2404.0
2022-02-07,2405.23
2022-02-08,2415.83
2022-02-09,2427.54
2022-02-10,2412.38
2022-02-11,2386.97
2022-02-14,2387.34
2022-02-15,2416.67
2022-02-16,2424.08
2022-02-17,2385.28
2022-02-18,2387.56
2022-02-22,2377.77
2022-02-23,2352.31
2022-02-24,2376.8
2022-02-25,2406.17
2022-02-28,2402.78
2022-03-01,2379.72
2022-03-02,2407.76
2022-03-03,2404.27
2022-03-04,2395.67
2022-03-07,2351.71
2022-03-08,2339.79
2022-03-09,2389.22
2022-03-10,2386.91
2022-03-11,2362.19
2022-03-14,2349.61
2022-03-15,2396.39
2022-03-16,2440.9
2022-03-17,2456.6
2022-03-18,2467.6
2022-03-21,2471.66
2022-03-22,2482.43
2022-03-23,2472.0
2022-03-24,2486.5
2022-03-25,2492.42
2022-03-28,2499.99
2022-03-29,2505.23
2022-03-30,2504.23
2022-03-31,2498.24
2022-04-01,2504.31
2022-04-04,2509.28
2022-04-05,2504.13
2022-04-06,2500.02
2022-04-07,2504.58
2022-04-08,2506.08
2022-04-11,2495.13
2022-04-12,2495.84
2022-04-13,2511.65
2022-04-14,2501.32
2022-04-18,2505.23
2022-04-19,2525.14
2022-04-20,2526.6
2022-04-21,2506.94
2022-04-22,2460.02
2022-04-25,2473.24
2022-04-26,2414.57
2022-04-27,2421.89
2022-04-28,2471.16
2022-04-29,2393.8
2022-05-02,2409.0
2022-05-03,2420.01
2022-05-04,2484.78
2022-05-05,2407.16
2022-05-06,2394.31
2022-05-09,2318.92
2022-05-10,2324.12
2022-05-11,2287.81
2022-05-12,2283.47
2022-05-13,2338.59
2022-05-16,2332.01
2022-05-17,2377.3
2022-05-18,2283.72
2022-05-19,2267.55
2022-05-20,2297.78
2022-05-23,2318.44
2022-05-24,2312.07
2022-05-25,2322.6
2022-05-26,2338.61
2022-05-27,2351.2
2022-05-31,2351.17
2022-06-01,2351.12
2022-06-02,2357.77
2022-06-03,2355.13
2022-06-06,2358.04
2022-06-07,2361.28
2022-06-08,2360.95
2022-06-09,2352.7
2022-06-10,2332.71
2022-06-13,2274.92
2022-06-14,2271.39
2022-06-15,2304.59
2022-06-16,2237.96
2022-06-17,2234.4
2022-06-21,2260.09
2022-06-22,2261.7
2022-06-23,2269.01
2022-06-24,2284.61
2022-06-27,2287.14
2022-06-28,2279.62
2022-06-29,2280.57
2022-06-30,2277.29
2022-07-01,2286.34
2022-07-05,2289.35
2022-07-06,2292.44
2022-07-07,2296.35
2022-07-08,2297.81
2022-07-11,2298.39
2022-07-12,2297.25
2022-07-13,2298.86
2022-07-14,2299.44
2022-07-15,2301.75
2022-07-18,2293.91
2022-07-19,2319.07
2022-07-20,2325.91
2022-07-21,2335.51
2022-07-22,2331.71
2022-07-25,2335.06
2022-07-26,2324.83
2022-07-27,2344.27
2022-07-28,2350.74
2022-07-29,2356.1
2022-08-01,2355.57
2022-08-02,2353.86
2022-08-03,2359.07
2022-08-04,2359.82
2022-08-05,2360.56
2022-08-08,2361.42
2022-08-09,2361.37
2022-08-10,2362.9
2022-08-11,2363.07
2022-08-12,2363.46
2022-08-15,2363.8
2022-08-16,2363.9
2022-08-17,2364.02
2022-08-18,2364.12
2022-08-19,2364.72
2022-08-22,2336.33
2022-08-23,2333.34
2022-08-24,2341.14
2022-08-25,2362.37
2022-08-26,2305.72
2022-08-29,2293.57
2022-08-30,2271.54
2022-08-31,2255.35
2022-09-01,2263.55
2022-09-02,2239.96
2022-09-06,2232.49
2022-09-07,2272.06
2022-09-08,2286.5
2022-09-09,2321.78
2022-09-12,2344.94
2022-09-13,2245.69
2022-09-14,2254.27
2022-09-15,2228.85
2022-09-16,2219.94
2022-09-19,2230.21
2022-09-20,2218.31
2022-09-21,2198.13
2022-09-22,2191.08
2022-09-23,2166.47
2022-09-26,2150.57
2022-09-27,2147.53
2022-09-28,2180.67
2022-09-29,2148.31
2022-09-30,2122.15
2022-10-03,2170.72
2022-10-04,2217.31
2022-10-05,2216.98
2022-10-06,2201.55
2022-10-07,2156.02
2022-10-10,2141.4
2022-10-11,2129.06
2022-10-12,2122.81
2022-10-13,2175.26
2022-10-14,2130.96
2022-10-17,2183.68
2022-10-18,2209.51
2022-10-19,2196.19
2022-10-20,2177.64
2022-10-21,2183.56
2022-10-24,2195.1
2022-10-25,2207.78
2022-10-26,2206.39
2022-10-27,2204.94
2022-10-28,2218.47
2022-10-31,2218.93
2022-11-01,2218.27
2022-11-02,2206.11
2022-11-03,2200.67
2022-11-04,2213.59
2022-11-07,2222.67
2022-11-08,2224.81
2022-11-09,2215.02
2022-11-10,2234.76
2022-11-11,2235.74
2022-11-14,2236.6
2022-11-15,2236.89
2022-11-16,2237.23
2022-11-17,2237.46
2022-11-18,2240.87
2022-11-21,2241.58
2022-11-22,2256.61
2022-11-23,2264.0
2022-11-25,2265.87
2022-11-28,2252.44
2022-11-29,2251.4
2022-11-30,2277.8
2022-12-01,2278.53
2022-12-02,2280.25
2022-12-05,2269.18
2022-12-06,2253.42
2022-12-07,2252.09
2022-12-08,2262.36
2022-12-09,2256.02
2022-12-12,2268.94
2022-12-13,2285.34
2022-12-14,2290.49
2022-12-15,2265.72
2022-12-16,2255.09
2022-12-19,2249.59
2022-12-20,2252.96
2022-12-21,2270.98
2022-12-22,2254.42
2022-12-23,2262.98
2022-12-27,2261.72
2022-12-28,2246.37
2022-12-29,2269.07
2022-12-30,2267.98
2023-01-03,2266.15
2023-01-04,2277.33
2023-01-05,2264.42
2023-01-06,2292.18
2023-01-09,2293.91
2023-01-10,2301.17
2023-01-11,2306.74
2023-01-12,2313.46
2023-01-13,2314.95
2023-01-17,2316.69
2023-01-18,2316.63
2023-01-19,2317.33
2023-01-20,2325.79
2023-01-23,2336.31
2023-01-24,2336.86
2023-01-25,2338.52
2023-01-26,2345.17
2023-01-27,2347.77
2023-01-30,2341.06
2023-01-31,2349.59
2023-02-01,2355.39
2023-02-02,2358.36
2023-02-03,2358.03
2023-02-06,2358.45
2023-02-07,2361.57
2023-02-08,2360.63
2023-02-09,2358.43
2023-02-10,2360.97
2023-02-13,2364.18
2023-02-14,2365.3
2023-02-15,2365.78
2023-02-16,2365.83
2023-02-17,2373.58
2023-02-21,2351.02
2023-02-22,2351.75
2023-02-23,2361.24
2023-02-24,2346.74
2023-02-27,2355.1
2023-02-28,2350.82
2023-03-01,2345.1
2023-03-02,2358.8
2023-03-03,2383.87
2023-03-06,2387.24
2023-03-07,2365.97
2023-03-08,2370.41
2023-03-09,2333.88
2023-03-10,2303.29
2023-03-13,2301.17
2023-03-14,2339.11
2023-03-15,2326.41
2023-03-16,2364.8
2023-03-17,2363.44
2023-03-20,2378.03
2023-03-21,2394.22
2023-03-22,2379.94
2023-03-23,2381.19
2023-03-24,2390.91
2023-03-27,2398.03
2023-03-28,2399.4
2023-03-29,2410.93
2023-03-30,2414.98
2023-03-31,2421.18
2023-04-03,2425.74
2023-04-04,2425.32
2023-04-05,2425.98
2023-04-06,2428.32
2023-04-10,2430.96
2023-04-11,2431.59
2023-04-12,2432.16
2023-04-13,2433.84
2023-04-14,2434.54
2023-04-17,2435.71
2023-04-18,2436.06
2023-04-19,2436.46
2023-04-20,2436.88
2023-04-21,2439.6
2023-04-24,2443.43
2023-04-25,2422.32
2023-04-26,2419.26
2023-04-27,2445.48
2023-04-28,2455.2
2023-05-01,2457.31
2023-05-02,2445.0
2023-05-03,2437.85
2023-05-04,2427.86
2023-05-05,2455.7
2023-05-08,2460.86
2023-05-09,2457.05
2023-05-10,2464.61
2023-05-11,2465.23
2023-05-12,2466.03
2023-05-15,2473.54
2023-05-16,2467.74
2023-05-17,2478.83
2023-05-18,2480.42
2023-05-19,2482.35
2023-05-22,2484.58
2023-05-23,2469.36
2023-05-24,2457.3
2023-05-25,2471.68
2023-05-26,2489.91
2023-05-30,2494.85
2023-05-31,2490.67
2023-06-01,2504.48
2023-06-02,2516.37
2023-06-05,2517.91
2023-06-06,2520.37
2023-06-07,2520.5
2023-06-08,2523.24
2023-06-09,2524.71
2023-06-12,2526.87
2023-06-13,2527.97
2023-06-14,2528.77
2023-06-15,2529.27
2023-06-16,2527.32
2023-06-20,2523.82
2023-06-21,2518.96
2023-06-22,2525.64
2023-06-23,2514.81
2023-06-26,2508.68
2023-06-27,2528.87
2023-06-28,2530.29
2023-06-29,2536.62
2023-06-30,2552.28
2023-07-03,2553.85
2023-07-05,2553.28
2023-07-06,2544.23
2023-07-07,2543.93
2023-07-10,2548.7
2023-07-11,2557.47
2023-07-12,2565.96
2023-07-13,2570.16
2023-07-14,2571.35
2023-07-17,2573.62
2023-07-18,2574.31
2023-07-19,2574.82
2023-07-20,2575.25
2023-07-21,2572.36
2023-07-24,2579.06
2023-07-25,2581.59
2023-07-26,2584.7
2023-07-27,2576.87
2023-07-28,2588.55
2023-07-31,2592.87
2023-08-01,2590.63
2023-08-02,2573.66
2023-08-03,2569.08
2023-08-04,2563.79
2023-08-07,2582.15
2023-08-08,2575.82
2023-08-09,2563.88
2023-08-10,2565.38
2023-08-11,2565.04
2023-08-14,2579.91
2023-08-15,2553.1
2023-08-16,2533.92
2023-08-17,2514.5
2023-08-18,2496.02
2023-08-21,2505.14
2023-08-22,2504.72
2023-08-23,2515.22
2023-08-24,2504.92
2023-08-25,2514.01
2023-08-28,2521.64
2023-08-29,2528.85
2023-08-30,2531.15
2023-08-31,2532.05
2023-09-01,2533.33
2023-09-05,2534.71
2023-09-06,2534.3
2023-09-07,2534.67
2023-09-08,2536.45
2023-09-11,2538.84
2023-09-12,2539.0
2023-09-13,2539.98
2023-09-14,2540.42
2023-09-15,2536.32
2023-09-18,2538.59
2023-09-19,2536.8
2023-09-20,2523.8
2023-09-21,2493.8
2023-09-22,2489.63
2023-09-25,2500.56
2023-09-26,2469.63
2023-09-27,2469.75
2023-09-28,2483.2
2023-09-29,2479.18
2023-10-02,2480.35
2023-10-03,2449.1
2023-10-04,2465.53
2023-10-05,2464.35
2023-10-06,2491.61
2023-10-09,2508.07
2023-10-10,2520.65
2023-10-11,2531.46
2023-10-12,2518.05
2023-10-13,2506.21
2023-10-16,2532.26
2023-10-17,2532.82
2023-10-18,2499.57
2023-10-19,2477.16
2023-10-20,2473.86
2023-10-23,2476.26
2023-10-24,2487.35
2023-10-25,2470.34
2023-10-26,2452.73
2023-10-27,2446.01
2023-10-30,2469.72
2023-10-31,2482.46
2023-11-01,2499.35
2023-11-02,2517.47
2023-11-03,2523.32
2023-11-06,2526.57
2023-11-07,2528.05
2023-11-08,2529.32
2023-11-09,2528.32
2023-11-10,2531.33
2023-11-13,2532.75
2023-11-14,2533.31
2023-11-15,2533.83
2023-11-16,2534.33
2023-11-17,2536.49
2023-11-20,2546.07
2023-11-21,2545.19
2023-11-22,2549.53
2023-11-24,2552.26
2023-11-27,2553.44
2023-11-28,2554.73
2023-11-29,2553.57
2023-11-30,2557.14
2023-12-01,2561.26
2023-12-04,2560.85
2023-12-05,2561.97
2023-12-06,2560.41
2023-12-07,2564.81
2023-12-08,2568.19
2023-12-11,2570.63
2023-12-12,2571.55
2023-12-13,2572.02
2023-12-14,2572.48
2023-12-15,2571.14
2023-12-18,2577.82
2023-12-19,2583.05
2023-12-20,2567.93
2023-12-21,2578.55
2023-12-22,2582.09
2023-12-26,2589.04
2023-12-27,2592.5
2023-12-28,2592.94
2023-12-29,2592.76
2024-01-02,2590.81
2024-01-03,2582.08
2024-01-04,2578.7
2024-01-05,2582.66
2024-01-08,2600.08
2024-01-09,2600.68
2024-01-10,2604.69
2024-01-11,2606.02
2024-01-12,2607.51
2024-01-16,2609.37
2024-01-17,2608.2
2024-01-18,2612.14
2024-01-19,2620.86
2024-01-22,2625.4
2024-01-23,2629.3
2024-01-24,2629.66
2024-01-25,2632.76
2024-01-26,2633.53
2024-01-29,2638.29
2024-01-30,2639.15
2024-01-31,2629.72
2024-02-01,2638.88
2024-02-02,2642.72
2024-02-05,2644.41
2024-02-06,2646.16
2024-02-07,2647.38
2024-02-08,2648.01
2024-02-09,2648.43
2024-02-12,2649.73
2024-02-13,2649.7
2024-02-14,2650.73
2024-02-15,2651.22
2024-02-16,2645.31
2024-02-20,2640.26
2024-02-21,2642.74
2024-02-22,2664.93
2024-02-23,2667.92
2024-02-26,2667.89
2024-02-27,2670.67
2024-02-28,2670.25
2024-02-29,2673.17
2024-03-01,2678.36
2024-03-04,2679.72
2024-03-05,2674.73
2024-03-06,2678.39
2024-03-07,2682.56
2024-03-08,2682.15
2024-03-11,2683.84
2024-03-12,2686.94
2024-03-13,2687.55
2024-03-14,2687.84
2024-03-15,2688.13
2024-03-18,2697.34
2024-03-19,2704.47
2024-03-20,2713.17
2024-03-21,2716.05
2024-03-22,2716.0
2024-03-25,2716.98
2024-03-26,2716.47
2024-03-27,2722.61
2024-03-28,2722.64
2024-04-01,2724.26
2024-04-02,2720.74
2024-04-03,2722.47
2024-04-04,2709.09
2024-04-05,2720.2
2024-04-08,2725.3
2024-04-09,2727.41
2024-04-10,2719.99
2024-04-11,2728.69
2024-04-12,2714.59
2024-04-15,2696.54
2024-04-16,2695.1
2024-04-17,2681.9
2024-04-18,2675.82
2024-04-19,2670.21
2024-04-22,2688.6
2024-04-23,2702.28
2024-04-24,2703.47
2024-04-25,2699.8
2024-04-26,2710.18
2024-04-29,2715.14
2024-04-30,2701.79
2024-05-01,2700.77
2024-05-02,2711.53
2024-05-03,2722.34
2024-05-06,2726.96
2024-05-07,2727.99
2024-05-08,2729.0
2024-05-09,2730.03
2024-05-10,2730.69
2024-05-13,2732.05
2024-05-14,2732.42
2024-05-15,2732.96
2024-05-16,2733.39
2024-05-17,2736.6
2024-05-20,2739.94
2024-05-21,2744.12
2024-05-22,2740.99
2024-05-23,2732.01
2024-05-24,2743.11
2024-05-28,2745.76
2024-05-29,2735.81
2024-05-30,2726.26
2024-05-31,2741.13
2024-06-03,2743.4
2024-06-04,2745.1
2024-06-05,2758.51
2024-06-06,2760.33
2024-06-07,2761.26
2024-06-10,2765.44
2024-06-11,2767.79
2024-06-12,2773.47
2024-06-13,2774.7
2024-06-14,2775.15
2024-06-17,2776.95
2024-06-18,2777.62
2024-06-20,2778.49
2024-06-21,2776.76
2024-06-24,2775.73
2024-06-25,2781.63
2024-06-26,2784.95
2024-06-27,2788.09
2024-06-28,2784.2
2024-07-01,2790.77
2024-07-02,2798.03
2024-07-03,2801.79
2024-07-05,2806.28
2024-07-08,2808.83
2024-07-09,2810.12
2024-07-10,2811.74
2024-07-11,2811.97
2024-07-12,2813.75
2024-07-15,2815.22
2024-07-16,2815.84
2024-07-17,2816.17
2024-07-18,2816.42
2024-07-19,2815.47
2024-07-22,2831.91
2024-07-23,2831.42
2024-07-24,2794.62
2024-07-25,2784.68
2024-07-26,2807.61
2024-07-29,2811.25
2024-07-30,2801.6
2024-07-31,2828.47
2024-08-01,2805.97
2024-08-02,2764.86
2024-08-05,2691.47
2024-08-06,2716.73
2024-08-07,2698.54
2024-08-08,2758.9
2024-08-09,2771.75
2024-08-12,2774.86
2024-08-13,2818.39
2024-08-14,2828.96
2024-08-15,2865.59
2024-08-16,2869.59
2024-08-19,2881.63
2024-08-20,2878.53
2024-08-21,2881.56
2024-08-22,2873.76
2024-08-23,2885.79
2024-08-26,2887.11
2024-08-27,2889.74
2024-08-28,2883.58
2024-08-29,2887.14
2024-08-30,2895.99
2024-09-03,2875.01
2024-09-04,2872.12
2024-09-05,2871.11
2024-09-06,2840.81
2024-09-09,2867.2
2024-09-10,2876.27
2024-09-11,2891.89
2024-09-12,2903.84
2024-09-13,2909.03
2024-09-16,2911.94
2024-09-17,2912.69
2024-09-18,2915.19
2024-09-19,2918.14
2024-09-20,2920.34
2024-09-23,2927.36
2024-09-24,2932.03
2024-09-25,2930.71
2024-09-26,2935.06
2024-09-27,2932.2
2024-09-30,2939.43
2024-10-01,2927.44
2024-10-02,2929.74
2024-10-03,2927.47
2024-10-04,2941.77
2024-10-07,2932.36
2024-10-08,2945.14
2024-10-09,2952.19
2024-10-10,2954.2
2024-10-11,2958.45
2024-10-14,2962.2
2024-10-15,2962.77
2024-10-16,2963.83
2024-10-17,2964.42
2024-10-18,2966.27
2024-10-21,2966.36
2024-10-22,2966.43
2024-10-23,2952.23
2024-10-24,2957.09
2024-10-25,2955.84
2024-10-28,2963.01
2024-10-29,2966.3
2024-10-30,2962.34
2024-10-31,2925.44
2024-11-01,2935.67
2024-11-04,2933.8
2024-11-05,2959.72
2024-11-06,3003.83
2024-11-07,3010.91
2024-11-08,3013.33
2024-11-11,3015.6
2024-11-12,3016.38
2024-11-13,3017.27
2024-11-14,3017.77
2024-11-15,3018.75
2024-11-18,3027.27
2024-11-19,3030.03
2024-11-20,3028.97
2024-11-21,3035.99
2024-11-22,3042.73
2024-11-25,3049.47
2024-11-26,3054.3
2024-11-27,3053.76
2024-11-29,3058.39
2024-12-02,3061.46
2024-12-03,3062.86
2024-12-04,3065.09
2024-12-05,3065.84
2024-12-06,3067.74
2024-12-09,3068.22
2024-12-10,3068.31
2024-12-11,3070.78
2024-12-12,3071.05
2024-12-13,3072.03
2024-12-16,3073.34
2024-12-17,3073.59
2024-12-18,3049.03
2024-12-19,3062.47
2024-12-20,3052.08
2024-12-23,3063.15
2024-12-24,3076.44
2024-12-26,3077.86
2024-12-27,3069.5
2024-12-30,3058.57
2024-12-31,3055.4
2025-01-02,3051.55
2025-01-03,3073.21
2025-01-06,3081.7
2025-01-07,3068.88
2025-01-08,3072.49
2025-01-10,3047.98
2025-01-13,3054.48
2025-01-14,3059.01
2025-01-15,3094.4
2025-01-16,3097.58
2025-01-17,3096.94
2025-01-21,3112.98
2025-01-22,3119.38
2025-01-23,3124.4
2025-01-24,3123.26
2025-01-27,3105.54
2025-01-28,3118.42
2025-01-29,3114.07
2025-01-30,3122.8
2025-01-31,3116.43
2025-02-03,3106.91
2025-02-04,3120.82
2025-02-05,3128.48
2025-02-06,3133.79
2025-02-07,3125.76
2025-02-10,3137.63
2025-02-11,3139.67
2025-02-12,3138.85
2025-02-13,3147.23
2025-02-14,3149.35
2025-02-18,3152.78
2025-02-19,3153.55
2025-02-20,3154.14
2025-02-21,3134.48
2025-02-24,3126.68
2025-02-25,3116.41
2025-02-26,3117.42
2025-02-27,3079.37
2025-02-28,3117.24
2025-03-03,3075.29
2025-03-04,3041.88
2025-03-05,3072.82
2025-03-06,3021.47
2025-03-07,3037.97
2025-03-10,2959.6
2025-03-11,2935.73
2025-03-12,2949.73
2025-03-13,2910.55
2025-03-14,2969.09
2025-03-17,2992.56
2025-03-18,2960.5
2025-03-19,2992.13
2025-03-20,2985.13
2025-03-21,2974.28
2025-03-24,2996.66
2025-03-25,3000.73
2025-03-26,2989.77
2025-03-27,2987.43
2025-03-28,2957.33
2025-03-31,2969.26
2025-04-01,2975.28
2025-04-02,2984.67
2025-04-03,2889.73
2025-04-04,2725.78
2025-04-07,2720.04
2025-04-08,2679.11
2025-04-09,2914.98
2025-04-10,2826.79
2025-04-11,2875.83
2025-04-14,2906.41
2025-04-15,2902.31
2025-04-16,2836.32
2025-04-17,2851.12
2025-04-21,2815.3
2025-04-22,2857.32
2025-04-23,2880.0
2025-04-24,2900.2
2025-04-25,2909.4
2025-04-28,2913.57
2025-04-29,2918.83
2025-04-30,2920.96
2025-05-01,2924.15
2025-05-02,2930.08
2025-05-05,2932.4
2025-05-06,2931.44
2025-05-07,2933.82
2025-05-08,2936.04
2025-05-09,2937.29
2025-05-12,2939.32
2025-05-13,2939.59
2025-05-14,2940.05
2025-05-15,2940.44
2025-05-16,2946.14
2025-05-19,2947.92
2025-05-20,2945.64
2025-05-21,2919.64
2025-05-22,2921.65
2025-05-23,2907.9
2025-05-27,2949.55
2025-05-28,2942.5
2025-05-29,2949.15
2025-05-30,2948.97
2025-06-02,2959.91
2025-06-03,2969.14
2025-06-04,2970.49
2025-06-05,2965.34
2025-06-06,2980.06
2025-06-09,2983.76
2025-06-10,2988.69
2025-06-11,2987.37
2025-06-12,2990.21
2025-06-13,2981.47
2025-06-16,2994.56
2025-06-17,2988.68
2025-06-18,2995.78
2025-06-20,2996.77
2025-06-23,3013.44
2025-06-24,3027.41
2025-06-25,3030.24
2025-06-26,3036.42
2025-06-27,3039.81
2025-06-30,3043.44
2025-07-01,3044.31
2025-07-02,3046.42
2025-07-03,3048.45
2025-07-07,3049.98
2025-07-08,3051.83
2025-07-09,3053.48
2025-07-10,3054.16
2025-07-11,3054.63
2025-07-14,3056.12
2025-07-15,3056.48
2025-07-16,3057.04
2025-07-17,3057.47
2025-07-18,3057.0
2025-07-21,3062.08
2025-07-22,3063.66
2025-07-23,3075.47
2025-07-24,3077.66
2025-07-25,3082.35
2025-07-28,3085.22
2025-07-29,3082.75
2025-07-30,3083.17
2025-07-31,3079.95
2025-08-01,3053.65
2025-08-04,3082.87
2025-08-05,3078.3
2025-08-06,3089.83
2025-08-07,3090.62
2025-08-08,3099.04
2025-08-11,3099.71
2025-08-12,3104.96
2025-08-13,3105.89
2025-08-14,3106.42
2025-08-15,3106.85
2025-08-18,3109.89
2025-08-19,3102.46
2025-08-20,3098.19
2025-08-21,3090.1
2025-08-22,3118.18
2025-08-25,3115.32
2025-08-26,3121.62
2025-08-27,3124.21
2025-08-28,3130.8
2025-08-29,3123.14
2025-09-02,3113.59
2025-09-03,3124.08
2025-09-04,3136.25
2025-09-05,3136.1
2025-09-06,3136.1
2025-09-08,3141.53
2025-09-09,3144.68
2025-09-10,3147.5
2025-09-11,3153.64
2025-09-12,3154.5
2025-09-15,3157.08
2025-09-16,3157.42
2025-09-17,3159.17
2025-09-18,3160.27
2025-09-19,3166.32
2025-09-22,3172.55
2025-09-23,3166.65
2025-09-24,3164.87
2025-09-25,3159.48
2025-09-26,3171.41
2025-09-29,3177.81
2025-09-30,3182.24
2025-10-01,3187.18
2025-10-02,3188.59
2025-10-03,3190.48
2025-10-04,3190.48
2025-10-06,3196.98
2025-10-07,3194.26
2025-10-08,3201.13
2025-10-09,3200.46
2025-10-10,3155.34
2025-10-13,3194.05
2025-10-14,3193.11
2025-10-15,3201.78
2025-10-16,3197.92
2025-10-17,3209.4
2025-10-20,3229.89
2025-10-21,3232.05
2025-10-22,3226.63
2025-10-23,3235.79
2025-10-24,3244.0
2025-10-27,3253.39
2025-10-28,3254.14
2025-10-29,3253.85
2025-10-30,3249.72
2025-10-31,3252.47
2025-11-03,3257.51
2025-11-04,3249.32
2025-11-05,3255.22
2025-11-06,3245.59
2025-11-07,3249.21
2025-11-10,3264.75
2025-11-11,3267.8
2025-11-12,3268.72
2025-11-13,3258.35
2025-11-14,3261.3
2025-11-17,3255.17
2025-11-18,3247.01
2025-11-19,3257.59
2025-11-20,3236.94
2025-11-21,3252.21
2025-11-24,3276.52
2025-11-25,3288.1
2025-11-26,3294.57
2025-11-28,3299.88
2025-12-01,3299.87
2025-12-02,3302.95
2025-12-03,3305.71
2025-12-04,3307.36
2025-12-05,3309.1
2025-12-06,3309.1
2025-12-08,3310.05
2025-12-09,3310.91
2025-12-10,3312.88
2025-12-11,3314.33
2025-12-12,3314.18
2025-12-15,3315.94
2025-12-16,3316.5
2025-12-17,3316.1
2025-12-18,3317.58
2025-12-19,3320.16
2025-12-22,3332.31
2025-12-23,3337.7
2025-12-24,3341.76
2025-12-26,3344.03
2025-12-29,3344.0
2025-12-30,3343.91
2025-12-31,3336.14
2026-01-02,3341.32
2026-01-05,3350.93
2026-01-06,3355.85
2026-01-07,3354.82
2026-01-08,3355.77
2026-01-09,3361.19
2026-01-12,3363.35
2026-01-13,3363.84
2026-01-14,3364.53
2026-01-15,3365.69
2026-01-16,3363.65
2026-01-20,3323.12
2026-01-21,3352.0
2026-01-22,3364.65
2026-01-23,3366.07
2026-01-26,3376.42
2026-01-27,3382.58
2026-01-28,3382.18
2026-01-29,3380.12
2026-01-30,3376.11
2026-02-02,3389.23
2026-02-03,3374.89
2026-02-04,3364.14
2026-02-05,3334.7
2026-02-06,3383.3
2026-02-09,3395.23
2026-02-10,3393.25
2026-02-11,3395.46
2026-02-12,3361.16
2026-02-13,3366.18
2026-02-17,3375.44
2026-02-18,3392.19
2026-02-19,3386.7
2026-02-20,3376.24
2026-02-23,3359.31
2026-02-24,3376.6
2026-02-25,3393.01
2026-02-26,3386.91
2026-02-27,3378.43
2026-03-02,3379.2
2026-03-03,3361.7
2026-03-04,3380.39
2026-03-05,3369.45
2026-03-06,3333.94
2026-03-07,3333.94
2026-03-09,3363.98
2026-03-10,3360.49
2026-03-11,3363.1
2026-03-12,3318.93
2026-03-13,3303.1
2026-03-16,3337.48
2026-03-17,3348.46
2026-03-18,3301.17
2026-03-19,3292.28
2026-03-20,3271.04
2026-03-23,3294.28
2026-03-24,3289.98
2026-03-25,3301.88
2026-03-26,3271.2
2026-03-27,3235.31
2026-03-30,3236.74
2026-03-31,3299.95
2026-04-01,3314.63
2026-04-02,3319.65
