,ret
2000-02-01,0.03280409181452981
2000-02-02,0.008367336121636315
2000-02-03,0.049208030393542934
2000-02-04,0.002662637936997614
2000-02-07,0.011765835457179019
2000-02-08,0.05213007594412833
2000-02-09,-0.053004070623230315
2000-02-10,0.03381005351266486
2000-02-11,-0.0402323299690035
2000-02-14,0.0032595314766290517
2000-02-15,0.01622924725365027
2000-02-16,-0.016956860916066185
2000-02-17,0.017034406675067837
2000-02-18,-0.05442748822307253
2000-02-22,0.0009821613569607202
2000-02-23,0.06588104322611055
2000-02-24,0.007411168489177333
2000-02-25,-0.0280042743497243
2000-02-28,0.014632998191818292
2000-02-29,0.035182944235149005
2000-03-01,0.013714492948000867
2000-03-02,-0.020491765115379867
2000-03-03,0.06654874538467603
2000-03-06,-0.0017181702473749727
2000-03-07,-0.03126313979745876
2000-03-08,0.007151817927456117
2000-03-09,0.05678587830252746
2000-03-10,-0.008957767884021917
2000-03-13,-0.034583180139408864
2000-03-14,-0.04718254397199506
2000-03-15,-0.017457993288003792
2000-03-16,0.09241519883704585
2000-03-17,0.022416430195283832
2000-03-20,-0.029707917675475426
2000-03-21,0.051576919937882826
2000-03-22,0.02306776642363384
2000-03-23,0.03133140413705049
2000-03-24,0.017322693931034694
2000-03-27,-0.008698063944370671
2000-03-28,-0.028633227400943095
2000-03-29,-0.035891683235176886
2000-03-30,-0.037617753519697206
2000-03-31,0.02834439543464584
2000-04-03,-0.04891431269266966
2000-04-04,-0.015417120512475568
2000-04-05,-0.02092940774733454
2000-04-06,0.027546437983412497
2000-04-07,0.03932295150600473
2000-04-10,-0.05657651486614068
2000-04-11,-0.02213229478528045
2000-04-12,-0.07357849752761514
2000-04-13,-0.0467266629011549
2000-04-14,-0.12125855153961795
2000-04-17,0.113529189854221
2000-04-18,0.045915695948731905
2000-04-19,-0.032404532766885485
2000-04-20,-0.011031730074154589
2000-04-24,-0.03159792383178084
2000-04-25,0.08952893016454655
2000-04-26,-0.03629057772498212
2000-04-27,0.02672697652838929
2000-04-28,0.021330997866425783
2000-05-01,0.020309976896838
2000-05-02,-0.06996715751077509
2000-05-03,-0.03158163373578482
2000-05-04,0.008546818181102145
2000-05-05,0.03143092335504294
2000-05-08,-0.04108122947097015
2000-05-09,-0.0256520947165374
2000-05-10,-0.08152116777337526
2000-05-11,0.06921684200687128
2000-05-12,0.0102776652159291
2000-05-15,0.05134761722203263
2000-05-16,0.03236696648495774
2000-05-17,-0.027503267914949725
2000-05-18,-0.0416566984769603
2000-05-19,-0.053511802646827866
2000-05-22,-0.008290142725305483
2000-05-23,-0.07924223534146635
2000-05-24,0.06056800830923015
2000-05-25,-0.03392122777360118
2000-05-26,0.0009498367562179588
2000-05-30,0.10647841444279349
2000-05-31,-0.020696519726004614
2000-06-01,0.015760997071524452
2000-06-02,0.01597304358644802
2000-06-05,-0.004540031834474045
2000-06-06,-0.004141456517205988
2000-06-07,0.0064069273194293785
2000-06-08,-0.0036475770933389606
2000-06-09,-0.001969996630356241
2000-06-12,-0.010831576813878807
2000-06-13,0.017116115085785255
2000-06-14,0.0015742361686961193
2000-06-15,0.001967936577298879
2000-06-16,-0.00766969506204751
2000-06-19,0.011828695247853682
2000-06-20,-0.0033555157051170514
2000-06-21,-0.00039614886361383217
2000-06-22,-0.014191254575781964
2000-06-23,-0.007868629838533314
2000-06-26,0.011700520082742916
2000-06-27,-0.00678503943209241
2000-06-28,0.002558820257554384
2000-06-29,-0.008644910203382983
2000-06-30,0.006875648254853539
2000-07-03,0.029633445555245386
2000-07-05,-0.0515573898752818
2000-07-06,0.030379234569952507
2000-07-07,0.03283077573057569
2000-07-10,-0.015509476734647865
2000-07-11,0.006584983648300957
2000-07-12,0.026993958234937443
2000-07-13,0.015488195935180471
2000-07-14,0.028447282481362413
2000-07-17,0.00880928810151227
2000-07-18,-0.02835931320233165
2000-07-19,-0.028437664205693824
2000-07-20,0.04165793489353242
2000-07-21,-0.048909840425303996
2000-07-24,-0.024263046488967488
2000-07-25,0.009778860782744703
2000-07-26,-0.01015078858477747
2000-07-27,-0.03916603762897286
2000-07-28,-0.06868098747844364
2000-07-31,0.030540615923889902
2000-08-01,0.005515411620441224
2000-08-02,0.004531529451055949
2000-08-03,0.006301851339834519
2000-08-04,0.004924085811212731
2000-08-07,0.011026477081398589
2000-08-08,0.0035443665821848214
2000-08-09,-0.007878951166632175
2000-08-10,-0.00452524272458632
2000-08-11,0.004328745982396187
2000-08-14,0.011800430588742916
2000-08-15,-0.0007894368270043861
2000-08-16,-0.003345022794646546
2000-08-17,0.009828787554801766
2000-08-18,-0.003149779112378126
2000-08-21,0.005107465291362079
2000-08-22,-0.0015761812403219944
2000-08-23,0.003729765031101895
2000-08-24,0.0029423538859498777
2000-08-25,-0.0003970949849664285
2000-08-28,0.00323552723351872
2000-08-29,0.0001908633470881771
2000-08-30,-0.009133938588372525
2000-08-31,0.01255053501296799
2000-09-01,0.009552527282167045
2000-09-05,-0.03503616142418098
2000-09-06,-0.041667456807285674
2000-09-07,0.02671079643011187
2000-09-08,-0.03316075362989068
2000-09-11,-0.022162074449284197
2000-09-12,-0.019954249547788794
2000-09-13,0.021237599838914045
2000-09-14,8.70944389985695e-05
2000-09-15,-0.03606168262864817
2000-09-18,-0.021899825793710193
2000-09-19,0.038469720926143314
2000-09-20,0.0059140305766147705
2000-09-21,-0.07684107400067641
2000-09-22,0.06445211129184125
2000-09-25,-0.02913397247726668
2000-09-26,-0.021634939976501788
2000-09-27,0.005888680355907061
2000-09-28,0.03016010096423072
2000-09-29,-0.03451708542491749
2000-10-02,0.00023928571428566414
2000-10-03,0.00024047619047617985
2000-10-04,0.00024047619047617985
2000-10-05,0.0002408730158729444
2000-10-06,0.00024047619047617985
2000-10-09,0.00024047619047617985
2000-10-10,0.0002400793650794153
2000-10-11,0.0002400793650794153
2000-10-12,0.00023849206349213503
2000-10-13,0.0002388888888888996
2000-10-16,0.00024047619047617985
2000-10-17,0.00024285714285721127
2000-10-18,0.00024285714285721127
2000-10-19,0.00024365079365074038
2000-10-20,0.00024325396825397583
2000-10-23,0.00024444444444449154
2000-10-24,0.00024484126984147814
2000-10-25,0.0002460317460317718
2000-10-26,0.00024523809523802065
2000-10-27,0.00024484126984147814
2000-10-30,0.0002456349206347852
2000-10-31,0.0002456349206352293
2000-11-01,0.00024523809523802065
2000-11-02,0.00024563492063500725
2000-11-03,0.0002460317460317718
2000-11-06,0.00024761904761905207
2000-11-07,0.0002472222222222875
2000-11-08,0.0002468253968253009
2000-11-09,0.00024642857142853636
2000-11-10,0.00024563492063500725
2000-11-13,0.00024563492063500725
2000-11-14,0.00024523809523802065
2000-11-15,0.00024563492063500725
2000-11-16,0.0002448412698412561
2000-11-17,0.0002448412698412561
2000-11-20,0.00024523809523802065
2000-11-21,0.00024523809523802065
2000-11-22,0.00024523809523802065
2000-11-24,0.00024523809523802065
2000-11-27,0.00024365079365074038
2000-11-28,0.00024206349206346012
2000-11-29,0.0002404761904759578
2000-11-30,0.00023928571428566414
2000-12-01,0.00024007936507963734
2000-12-04,0.00023809523809514843
2000-12-05,0.00023452380952382335
2000-12-06,0.0002349206349205879
2000-12-07,0.00023571428571433906
2000-12-08,0.0002349206349205879
2000-12-11,0.00023452380952382335
2000-12-12,0.0002337301587300722
2000-12-13,0.0002337301587300722
2000-12-14,0.0002337301587300722
2000-12-15,0.00023214285714279193
2000-12-18,0.00022936507936499595
2000-12-19,0.00022857142857168888
2000-12-20,0.00022460317460315515
2000-12-21,0.00020793650793660134
2000-12-22,0.0002035714285715251
2000-12-26,0.00022261904761911033
2000-12-27,0.00022182539682535918
2000-12-28,0.00022658730158719997
2000-12-29,0.00022738095238095113
2001-01-02,0.00022579365079367086
2001-01-03,0.0002194444444445498
2001-01-04,0.00020753968253961474
2001-01-05,0.00019801587301593315
2001-01-08,0.00020079365079395117
2001-01-09,0.00020238095238078735
2001-01-10,0.00020436507936505421
2001-01-11,0.00020515873015880537
2001-01-12,0.00020595238095233448
2001-01-16,0.0002071428571428502
2001-01-17,0.0002071428571428502
2001-01-18,0.00020396825396828966
2001-01-19,0.0002023809523810094
2001-01-22,0.00020277777777777395
2001-01-23,0.0002023809523810094
2001-01-24,0.00020396825396828966
2001-01-25,0.00020396825396806761
2001-01-26,0.00020000000000020002
2001-01-29,0.00019801587301593315
2001-01-30,0.00019404761904762147
2001-01-31,0.00019285714285710576
2001-02-01,0.0001932539682538703
2001-02-02,0.00019563492063490173
2001-02-05,0.00019682539682541744
2001-02-06,0.0001960317460316663
2001-02-07,0.0001960317460316663
2001-02-08,0.0001964285714286529
2001-02-09,0.00019563492063490173
2001-02-12,0.00019563492063490173
2001-02-13,0.00019523809523813718
2001-02-14,0.0001960317460316663
2001-02-15,0.0001964285714286529
2001-02-16,0.00019404761904762147
2001-02-20,0.00019523809523813718
2001-02-21,0.00019404761904762147
2001-02-22,0.0001936507936508569
2001-02-23,0.00018928571428578067
2001-02-26,0.0001869047619045272
2001-02-27,0.0001865079365079847
2001-02-28,0.0001876984126985004
2001-03-01,0.0001873015873015138
2001-03-02,0.0001873015873015138
2001-03-05,0.0001865079365079847
2001-03-06,0.00018531746031746898
2001-03-07,0.0001813492063491573
2001-03-08,0.00018095238095239274
2001-03-09,0.00018293650793643756
2001-03-12,0.0001801587301586416
2001-03-13,0.0001801587301586416
2001-03-14,0.00017579365079356535
2001-03-15,0.00017500000000003624
2001-03-16,0.0001757936507937874
2001-03-19,0.0001753968253968008
2001-03-20,0.00017380952380952053
2001-03-21,0.00016706349206341287
2001-03-22,0.00016507936507936805
2001-03-23,0.00016626984126988376
2001-03-26,0.00016626984126988376
2001-03-27,0.00016825396825392858
2001-03-28,0.00016785714285716402
2001-03-29,0.00016746031746039947
2001-03-30,0.0001666666666666483
2001-04-02,0.00016349206349208778
2001-04-03,0.0001607142857142918
2001-04-04,0.00015873015873024698
2001-04-05,0.00015912698412701154
2001-04-06,0.00015277777777766843
2001-04-09,0.00015238095238090388
2001-04-10,0.00015277777777766843
2001-04-11,0.00015793650793649583
2001-04-12,0.0001555555555554644
2001-04-16,0.0001607142857142918
2001-04-17,0.0001595238095237761
2001-04-18,0.00015158730158737477
2001-04-19,0.0001500000000000945
2001-04-20,0.00014603174603178282
2001-04-23,0.00014523809523780962
2001-04-24,0.00014722222222229853
2001-04-25,0.0001488095238095788
2001-04-26,0.0001484126984125922
2001-04-27,0.00014920634920634335
2001-04-30,0.00015317460317465503
2001-05-01,0.00015198412698413932
2001-05-02,0.00015079365079384566
2001-05-03,0.0001488095238095788
2001-05-04,0.0001448412698412671
2001-05-07,0.0001448412698412671
2001-05-08,0.0001436507936507514
2001-05-09,0.00014444444444450255
2001-05-10,0.00014523809523803166
2001-05-11,0.00014642857142854737
2001-05-14,0.00014404761904751595
2001-05-15,0.00014087301587295542
2001-05-16,0.00013849206349214604
2001-05-17,0.00013849206349214604
2001-05-18,0.00014007936507920427
2001-05-21,0.00014166666666670658
2001-05-22,0.00014126984126994202
2001-05-23,0.00014126984126994202
2001-05-24,0.0001436507936507514
2001-05-25,0.00014206349206347113
2001-05-29,0.00014404761904751595
2001-05-30,0.00014285714285722229
2001-05-31,0.00014087301587295542
2001-06-01,0.00014246031746023569
2001-06-04,0.00014285714285722229
2001-06-05,0.00014087301587295542
2001-06-06,0.00014047619047619087
2001-06-07,0.00014087301587295542
2001-06-08,0.00014126984126994202
2001-06-11,0.0001396825396824397
2001-06-12,0.00013809523809515944
2001-06-13,0.0001376984126983949
2001-06-14,0.00013809523809515944
2001-06-15,0.00013650793650787918
2001-06-18,0.00013650793650787918
2001-06-19,0.00013611111111111462
2001-06-20,0.00013531746031736347
2001-06-21,0.00013611111111111462
2001-06-22,0.0001337301587300832
2001-06-25,0.0001341269841270698
2001-06-26,0.0001341269841270698
2001-06-27,0.00013650793650765713
2001-06-28,0.00014126984126994202
2001-06-29,0.00014166666666670658
2001-07-02,0.00014246031746023569
2001-07-03,0.00014206349206347113
2001-07-05,0.00014166666666670658
2001-07-06,0.00014087301587295542
2001-07-09,0.00014166666666670658
2001-07-10,0.00014087301587295542
2001-07-11,0.00013888888888913264
2001-07-12,0.0001396825396824397
2001-07-13,0.00014047619047619087
2001-07-16,0.00014126984126971998
2001-07-17,0.0001400793650794263
2001-07-18,0.00013730158730163033
2001-07-19,0.0001376984126983949
2001-07-20,0.00013690476190486578
2001-07-23,0.00013809523809515944
2001-07-24,0.0001380952380953815
2001-07-25,0.00013809523809515944
2001-07-26,0.00013809523809515944
2001-07-27,0.00013769841269817285
2001-07-30,0.00013849206349214604
2001-07-31,0.00013730158730163033
2001-08-01,0.00013690476190486578
2001-08-02,0.00013690476190508782
2001-08-03,0.00013650793650787918
2001-08-06,0.00013650793650787918
2001-08-07,0.00013650793650765713
2001-08-08,0.00013531746031736347
2001-08-09,0.0001341269841270698
2001-08-10,0.00013333333333331865
2001-08-13,0.0001337301587300832
2001-08-14,0.0001329365079365541
2001-08-15,0.0001329365079365541
2001-08-16,0.00013174603174603838
2001-08-17,0.00013055555555552267
2001-08-20,0.00013253968254001158
2001-08-21,0.00013134920634927383
2001-08-22,0.00013134920634927383
2001-08-23,0.00013214285714280294
2001-08-24,0.0001329365079365541
2001-08-27,0.0001337301587300832
2001-08-28,0.00013214285714280294
2001-08-29,0.00013253968254001158
2001-08-30,0.00013055555555552267
2001-08-31,0.00013095238095228723
2001-09-04,0.0001333333333335407
2001-09-05,0.00013214285714280294
2001-09-06,0.00012976190476199356
2001-09-07,0.0001269841269841976
2001-09-10,0.000126587301587211
2001-09-17,0.00010079365079374014
2001-09-18,9.64285714286639e-05
2001-09-19,8.531746031748e-05
2001-09-20,8.650793650799571e-05
2001-09-21,8.769841269851142e-05
2001-09-24,9.246031746057426e-05
2001-09-25,9.325396825388133e-05
2001-09-26,9.246031746013017e-05
2001-09-27,9.246031746035221e-05
2001-09-28,9.325396825388133e-05
2001-10-01,9.206349206358766e-05
2001-10-02,8.809523809527597e-05
2001-10-03,8.690476190476026e-05
2001-10-04,8.611111111100911e-05
2001-10-05,8.531746031770204e-05
2001-10-08,8.531746031748e-05
2001-10-09,8.650793650799571e-05
2001-10-10,8.650793650799571e-05
2001-10-11,8.849206349204053e-05
2001-10-12,8.769841269851142e-05
2001-10-15,8.769841269851142e-05
2001-10-16,8.650793650821775e-05
2001-10-17,8.650793650799571e-05
2001-10-18,8.531746031748e-05
2001-10-19,8.531746031748e-05
2001-10-22,8.650793650799571e-05
2001-10-23,8.571428571424455e-05
2001-10-24,8.452380952372884e-05
2001-10-25,8.333333333343518e-05
2001-10-26,8.333333333343518e-05
2001-10-29,8.134920634916831e-05
2001-10-30,7.976190476188805e-05
2001-10-31,7.976190476188805e-05
2001-11-01,8.01587301586526e-05
2001-11-02,7.817460317460778e-05
2001-11-05,7.817460317460778e-05
2001-11-06,7.222222222225128e-05
2001-11-07,7.023809523798441e-05
2001-11-08,7.182539682548672e-05
2001-11-09,7.142857142850012e-05
2001-11-12,7.142857142827808e-05
2001-11-13,7.182539682548672e-05
2001-11-14,7.301587301578039e-05
2001-11-15,7.46031746032827e-05
2001-11-16,7.579365079357636e-05
2001-11-19,7.539682539658976e-05
2001-11-20,7.579365079357636e-05
2001-11-21,7.619047619056296e-05
2001-11-23,7.579365079357636e-05
2001-11-26,7.698412698409207e-05
2001-11-27,7.46031746032827e-05
2001-11-28,7.301587301578039e-05
2001-11-29,7.023809523798441e-05
2001-11-30,6.94444444444553e-05
2001-12-03,6.94444444444553e-05
2001-12-04,6.785714285739708e-05
2001-12-05,6.904761904769074e-05
2001-12-06,6.825396825393959e-05
2001-12-07,6.587301587290817e-05
2001-12-10,6.666666666665932e-05
2001-12-11,6.468253968283655e-05
2001-12-12,6.507936507915701e-05
2001-12-13,6.587301587290817e-05
2001-12-14,6.746031746018843e-05
2001-12-17,6.785714285717503e-05
2001-12-18,6.666666666665932e-05
2001-12-19,6.587301587290817e-05
2001-12-20,6.587301587290817e-05
2001-12-21,6.666666666665932e-05
2001-12-24,6.706349206342388e-05
2001-12-26,6.825396825393959e-05
2001-12-27,6.785714285717503e-05
2001-12-28,6.706349206342388e-05
2001-12-31,6.785714285717503e-05
2002-01-02,6.785714285717503e-05
2002-01-03,6.746031746041048e-05
2002-01-04,6.706349206342388e-05
2002-01-07,6.587301587313021e-05
2002-01-08,6.547619047614361e-05
2002-01-09,6.547619047614361e-05
2002-01-10,6.547619047614361e-05
2002-01-11,6.150793650783193e-05
2002-01-14,6.150793650783193e-05
2002-01-15,6.230158730158308e-05
2002-01-16,6.269841269834764e-05
2002-01-17,6.388888888886335e-05
2002-01-18,6.309523809533424e-05
2002-01-22,6.587301587290817e-05
2002-01-23,6.666666666643728e-05
2002-01-24,6.706349206364592e-05
2002-01-25,6.706349206342388e-05
2002-01-28,6.746031746041048e-05
2002-01-29,6.706349206342388e-05
2002-01-30,6.825396825393959e-05
2002-01-31,6.865079365070414e-05
2002-02-01,6.865079365070414e-05
2002-02-04,6.904761904769074e-05
2002-02-05,6.865079365070414e-05
2002-02-06,6.785714285717503e-05
2002-02-07,6.746031746041048e-05
2002-02-08,6.746031746041048e-05
2002-02-11,6.746031746041048e-05
2002-02-12,6.825396825393959e-05
2002-02-13,6.865079365070414e-05
2002-02-14,6.825396825371755e-05
2002-02-15,6.785714285717503e-05
2002-02-19,6.785714285717503e-05
2002-02-20,6.865079365070414e-05
2002-02-21,6.865079365070414e-05
2002-02-22,6.865079365070414e-05
2002-02-25,6.904761904769074e-05
2002-02-26,6.904761904769074e-05
2002-02-27,6.904761904769074e-05
2002-02-28,6.984126984099781e-05
2002-03-01,6.904761904769074e-05
2002-03-04,6.984126984121986e-05
2002-03-05,7.023809523798441e-05
2002-03-06,6.94444444444553e-05
2002-03-07,6.94444444444553e-05
2002-03-08,7.023809523798441e-05
2002-03-11,7.142857142850012e-05
2002-03-12,7.182539682548672e-05
2002-03-13,7.103174603173557e-05
2002-03-14,7.222222222225128e-05
2002-03-15,7.222222222225128e-05
2002-03-18,7.261904761901583e-05
2002-03-19,7.222222222225128e-05
2002-03-20,7.182539682548672e-05
2002-03-21,7.142857142850012e-05
2002-03-22,7.142857142850012e-05
2002-03-25,7.103174603173557e-05
2002-03-26,7.063492063497101e-05
2002-03-27,7.063492063497101e-05
2002-03-28,6.984126984121986e-05
2002-04-01,0.0003835433819028289
2002-04-02,-0.004959257756333213
2002-04-03,-0.006291182128237538
2002-04-04,-0.003695225862434537
2002-04-05,0.0001489531457810056
2002-04-08,0.0018742394174937616
2002-04-09,-0.006202857434047582
2002-04-10,0.00994230252797279
2002-04-11,-0.022127070397858217
2002-04-12,0.0064803241017996616
2002-04-15,-0.006655787677166347
2002-04-16,0.020544012887392604
2002-04-17,-0.0018884607265636788
2002-04-18,-0.0038444929261923777
2002-04-19,0.0032006051702149207
2002-04-22,-0.014724543998604345
2002-04-23,-0.0037556432205393397
2002-04-24,-0.008668965145056662
2002-04-25,0.0004623128380245589
2002-04-26,-0.016212004266712876
2002-04-29,-0.00412004798948018
2002-04-30,0.00775607062184358
2002-05-01,6.904761904769074e-05
2002-05-02,6.904761904769074e-05
2002-05-03,6.865079365070414e-05
2002-05-06,6.865079365070414e-05
2002-05-07,6.865079365070414e-05
2002-05-08,6.865079365070414e-05
2002-05-09,6.904761904791279e-05
2002-05-10,6.904761904769074e-05
2002-05-13,6.904761904769074e-05
2002-05-14,6.94444444444553e-05
2002-05-15,6.865079365092619e-05
2002-05-16,6.825396825393959e-05
2002-05-17,6.865079365070414e-05
2002-05-20,6.825396825393959e-05
2002-05-21,6.825396825393959e-05
2002-05-22,6.785714285717503e-05
2002-05-23,6.785714285717503e-05
2002-05-24,6.785714285717503e-05
2002-05-28,6.865079365070414e-05
2002-05-29,6.825396825393959e-05
2002-05-30,6.825396825393959e-05
2002-05-31,6.785714285717503e-05
2002-06-03,6.825396825393959e-05
2002-06-04,6.865079365070414e-05
2002-06-05,6.825396825393959e-05
2002-06-06,6.785714285717503e-05
2002-06-07,6.785714285717503e-05
2002-06-10,6.825396825393959e-05
2002-06-11,6.825396825393959e-05
2002-06-12,6.785714285717503e-05
2002-06-13,6.706349206342388e-05
2002-06-14,6.666666666665932e-05
2002-06-17,6.746031746041048e-05
2002-06-18,6.746031746018843e-05
2002-06-19,6.666666666665932e-05
2002-06-20,6.746031746041048e-05
2002-06-21,6.706349206342388e-05
2002-06-24,6.746031746041048e-05
2002-06-25,6.746031746018843e-05
2002-06-26,6.626984126989477e-05
2002-06-27,6.626984126989477e-05
2002-06-28,6.626984126989477e-05
2002-07-01,6.666666666665932e-05
2002-07-02,6.706349206342388e-05
2002-07-03,6.706349206342388e-05
2002-07-05,6.706349206364592e-05
2002-07-08,6.746031746041048e-05
2002-07-09,6.706349206342388e-05
2002-07-10,6.706349206342388e-05
2002-07-11,6.706349206342388e-05
2002-07-12,6.666666666665932e-05
2002-07-15,6.666666666665932e-05
2002-07-16,6.706349206342388e-05
2002-07-17,6.706349206342388e-05
2002-07-18,6.706349206342388e-05
2002-07-19,6.666666666665932e-05
2002-07-22,6.666666666665932e-05
2002-07-23,6.626984126989477e-05
2002-07-24,6.587301587290817e-05
2002-07-25,6.626984127011681e-05
2002-07-26,6.587301587290817e-05
2002-07-29,6.706349206342388e-05
2002-07-30,6.706349206342388e-05
2002-07-31,6.666666666665932e-05
2002-08-01,6.547619047614361e-05
2002-08-02,6.34920634920988e-05
2002-08-05,6.388888888886335e-05
2002-08-06,6.42857142856279e-05
2002-08-07,6.190476190481853e-05
2002-08-08,6.309523809533424e-05
2002-08-09,6.309523809533424e-05
2002-08-12,6.507936507937906e-05
2002-08-13,6.34920634920988e-05
2002-08-14,6.388888888886335e-05
2002-08-15,6.309523809533424e-05
2002-08-16,6.309523809555628e-05
2002-08-19,6.46825396826145e-05
2002-08-20,6.309523809533424e-05
2002-08-21,6.34920634920988e-05
2002-08-22,6.42857142856279e-05
2002-08-23,6.42857142856279e-05
2002-08-26,6.507936507937906e-05
2002-08-27,6.547619047614361e-05
2002-08-28,6.507936507937906e-05
2002-08-29,6.547619047614361e-05
2002-08-30,6.587301587290817e-05
2002-09-03,6.388888888886335e-05
2002-09-04,6.34920634920988e-05
2002-09-05,6.269841269834764e-05
2002-09-06,6.46825396826145e-05
2002-09-09,6.587301587290817e-05
2002-09-10,6.547619047614361e-05
2002-09-11,6.587301587290817e-05
2002-09-12,6.587301587290817e-05
2002-09-13,6.587301587290817e-05
2002-09-16,6.666666666643728e-05
2002-09-17,6.626984126989477e-05
2002-09-18,6.547619047636566e-05
2002-09-19,6.42857142856279e-05
2002-09-20,6.428571428584995e-05
2002-09-23,6.428571428540586e-05
2002-09-24,6.428571428584995e-05
2002-09-25,6.46825396826145e-05
2002-09-26,6.42857142856279e-05
2002-09-27,6.34920634920988e-05
2002-09-30,6.111111111106737e-05
2002-10-01,6.190476190481853e-05
2002-10-02,6.150793650783193e-05
2002-10-03,6.111111111106737e-05
2002-10-04,6.269841269856968e-05
2002-10-07,6.34920634920988e-05
2002-10-08,6.269841269834764e-05
2002-10-09,6.111111111106737e-05
2002-10-10,6.150793650783193e-05
2002-10-11,6.150793650783193e-05
2002-10-14,6.150793650783193e-05
2002-10-15,6.547619047614361e-05
2002-10-16,6.46825396826145e-05
2002-10-17,6.507936507937906e-05
2002-10-18,6.507936507937906e-05
2002-10-21,6.666666666665932e-05
2002-10-22,6.587301587313021e-05
2002-10-23,6.547619047614361e-05
2002-10-24,6.42857142856279e-05
2002-10-25,6.388888888886335e-05
2002-10-28,6.190476190481853e-05
2002-10-29,5.8730158730258e-05
2002-10-30,5.8730158730258e-05
2002-10-31,5.634920634922658e-05
2002-11-01,5.595238095223998e-05
2002-11-04,5.595238095246202e-05
2002-11-05,5.555555555547542e-05
2002-11-06,4.801587301583865e-05
2002-11-07,4.7619047619074095e-05
2002-11-08,4.7619047619074095e-05
2002-11-11,4.7619047619074095e-05
2002-11-12,4.7619047619074095e-05
2002-11-13,4.722222222230954e-05
2002-11-14,4.7619047619074095e-05
2002-11-15,4.7619047619074095e-05
2002-11-18,4.801587301583865e-05
2002-11-19,4.722222222230954e-05
2002-11-20,4.7619047619074095e-05
2002-11-21,4.7619047619074095e-05
2002-11-22,4.801587301583865e-05
2002-11-25,4.8412698412603206e-05
2002-11-26,4.761904761885205e-05
2002-11-27,4.801587301583865e-05
2002-11-29,4.7619047619074095e-05
2002-12-02,4.8412698412603206e-05
2002-12-03,4.801587301583865e-05
2002-12-04,4.7619047619074095e-05
2002-12-05,4.7619047619074095e-05
2002-12-06,4.722222222230954e-05
2002-12-09,4.801587301583865e-05
2002-12-10,4.722222222230954e-05
2002-12-11,4.722222222230954e-05
2002-12-12,4.722222222230954e-05
2002-12-13,4.722222222230954e-05
2002-12-16,4.801587301583865e-05
2002-12-17,4.7619047619074095e-05
2002-12-18,4.722222222230954e-05
2002-12-19,4.722222222230954e-05
2002-12-20,4.722222222230954e-05
2002-12-23,4.6428571428558385e-05
2002-12-24,4.6428571428558385e-05
2002-12-26,4.6031746031571785e-05
2002-12-27,4.5238095238042675e-05
2002-12-30,4.761904761929614e-05
2002-12-31,4.7619047619074095e-05
2003-01-02,4.7619047619074095e-05
2003-01-03,4.7619047619074095e-05
2003-01-06,4.722222222230954e-05
2003-01-07,4.6428571428558385e-05
2003-01-08,4.6428571428558385e-05
2003-01-09,4.682539682532294e-05
2003-01-10,4.682539682532294e-05
2003-01-13,4.722222222230954e-05
2003-01-14,4.6428571428558385e-05
2003-01-15,4.682539682532294e-05
2003-01-16,4.603174603179383e-05
2003-01-17,4.603174603179383e-05
2003-01-21,4.6428571428558385e-05
2003-01-22,4.5634920635029275e-05
2003-01-23,4.5634920635029275e-05
2003-01-24,4.5238095238042675e-05
2003-01-27,4.5634920635029275e-05
2003-01-28,4.603174603179383e-05
2003-01-29,4.603174603179383e-05
2003-01-30,4.603174603179383e-05
2003-01-31,4.603174603179383e-05
2003-02-03,4.603174603179383e-05
2003-02-04,4.523809523826472e-05
2003-02-05,4.603174603179383e-05
2003-02-06,4.563492063525132e-05
2003-02-07,4.5634920635029275e-05
2003-02-10,4.5634920635029275e-05
2003-02-11,4.603174603179383e-05
2003-02-12,4.6031746032015874e-05
2003-02-13,4.5634920635029275e-05
2003-02-14,4.603174603179383e-05
2003-02-18,4.6428571428558385e-05
2003-02-19,4.603174603179383e-05
2003-02-20,4.6428571428558385e-05
2003-02-21,4.6428571428558385e-05
2003-02-24,4.722222222230954e-05
2003-02-25,4.682539682532294e-05
2003-02-26,4.722222222230954e-05
2003-02-27,4.722222222230954e-05
2003-02-28,4.682539682532294e-05
2003-03-03,-0.01825499485667026
2003-03-04,-0.0053633917946273035
2003-03-05,0.0017717176532596746
2003-03-06,-0.002149681081627941
2003-03-07,0.0017712478660225628
2003-03-10,-0.01890519402626767
2003-03-11,-0.007470751262024233
2003-03-12,0.015246418749995216
2003-03-13,0.049422638714290645
2003-03-14,0.0035591506344898605
2003-03-17,0.031431556392384596
2003-03-18,0.0117942859246567
2003-03-19,-0.008250810507954176
2003-03-20,0.003562420079180173
2003-03-21,0.013225579763578521
2003-03-24,-0.040469848205584635
2003-03-25,0.01318966905717045
2003-03-26,0.005341779124353518
2003-03-27,-0.006802083345647136
2003-03-28,-0.010369352963115808
2003-03-31,-0.029623032090416057
2003-04-01,0.007116136830785491
2003-04-02,0.02495339972532129
2003-04-03,0.011775702643341823
2003-04-04,-0.015387606419831945
2003-04-07,0.0014136748253619214
2003-04-08,-0.0010854021375388268
2003-04-09,-0.02143540407239153
2003-04-10,0.011029525782878746
2003-04-11,-0.00928350776254594
2003-04-14,0.018507881672017223
2003-04-15,0.008902419358076896
2003-04-16,-0.0021558843015269114
2003-04-17,0.021391179348279943
2003-04-21,0.0035546471037615213
2003-04-22,0.018196056812827655
2003-04-23,0.007126542254578094
2003-04-24,-0.005376204807437723
2003-04-25,-0.018947481405226063
2003-04-28,0.01889789288162813
2003-04-29,0.008906608096071578
2003-04-30,-0.010013634476212063
2003-05-01,0.007704158929350058
2003-05-02,0.032021097065355164
2003-05-05,-0.0027614816295707945
2003-05-06,0.02004292945135533
2003-05-07,-0.015309755528126634
2003-05-08,-0.025887383431345556
2003-05-09,0.033232443775638165
2003-05-12,0.02475942684568677
2003-05-13,-0.0074217442291940605
2003-05-14,-0.0038768134045932268
2003-05-15,0.01587387341051194
2003-05-16,-0.009336994920501107
2003-05-19,-0.05330546851472384
2003-05-20,0.0006884682713750312
2003-05-21,-0.0008305651542486192
2003-05-22,0.021897240075063662
2003-05-23,0.00208206096483754
2003-05-27,0.047924925720977285
2003-05-28,0.00531233342423354
2003-05-29,0.0014138192122650217
2003-05-30,0.0293839732429928
2003-06-02,-0.002700312178116948
2003-06-03,0.012093366911211323
2003-06-04,0.029802801963113135
2003-06-05,0.01093313803228857
2003-06-06,-0.018674160730184464
2003-06-09,-0.021206866929707968
2003-06-10,0.02267228368126628
2003-06-11,0.019659665684644834
2003-06-12,0.006578932403025206
2003-06-13,-0.029799259909939257
2003-06-16,0.046511650825642015
2003-06-17,-0.0035426328255550033
2003-06-18,0.0037628183029245754
2003-06-19,-0.028558678126229697
2003-06-20,-0.0032537071575272636
2003-06-23,-0.02326771429667218
2003-06-24,-0.0059543078014403505
2003-06-25,-0.014074896825387206
2003-06-26,0.03279736710970749
2003-06-27,-0.02211698606324053
2003-06-30,0.0032434658381896853
2003-07-01,0.020256045610025364
2003-07-02,0.02974657799043534
2003-07-03,-0.02081967618668823
2003-07-07,0.05672593160716488
2003-07-08,0.015317178394661735
2003-07-09,-0.007329090597580579
2003-07-10,-0.028782425111686383
2003-07-11,0.015335455409138277
2003-07-14,0.015420009141227542
2003-07-15,-0.0007928913670067761
2003-07-16,-0.008102069032572268
2003-07-17,-0.04132676215933129
2003-07-18,0.011916411775985125
2003-07-21,-0.022834506186318104
2003-07-22,0.021683710804770495
2003-07-23,0.008278654222235948
2003-07-24,-0.019132096583916347
2003-07-25,0.03394201594231294
2003-07-28,-0.00065555750439239
2003-07-29,-0.011171402779838524
2003-07-30,-0.008991427300499732
2003-07-31,0.013254462539950218
2003-08-01,-0.017653568802368902
2003-08-04,-0.0003477923419301643
2003-08-05,-0.05449437515637223
2003-08-06,0.004654522361863922
2003-08-07,0.013040996594438914
2003-08-08,-0.004255834248504953
2003-08-11,0.012818857697826314
2003-08-12,0.021441835230813222
2003-08-13,-0.004525877406706513
2003-08-14,0.003296054426444428
2003-08-15,0.010432996110210757
2003-08-18,0.030390613268675093
2003-08-19,0.014567740742781776
2003-08-20,-0.0059597180033517105
2003-08-21,0.012612039543796305
2003-08-22,-0.01452222307192741
2003-08-25,0.0033339559657559192
2003-08-26,0.002380848617237641
2003-08-27,0.00751807729289844
2003-08-28,0.013564254261464015
2003-08-29,0.014290224812576913
2003-09-02,0.024940758993316825
2003-09-03,0.004315289973346514
2003-09-04,0.0086021696122629
2003-09-05,-0.010954185441460207
2003-09-08,0.02231014530851083
2003-09-09,-0.016800646402130526
2003-09-10,-0.03097157110148041
2003-09-11,0.012527264476143385
2003-09-12,0.006430656673763524
2003-09-15,-0.012044671954692054
2003-09-16,0.03751083417913814
2003-09-17,-0.005505047818229691
2003-09-18,0.024336397643374363
2003-09-19,-0.00988691264037278
2003-09-22,-0.027179066478589697
2003-09-23,0.019332069082814707
2003-09-24,-0.05043515168998414
2003-09-25,-0.019050797616125048
2003-09-26,-0.008725146735013456
2003-09-29,0.02402904757446178
2003-09-30,-0.028225398068761565
2003-10-01,0.039382342964774164
2003-10-02,0.006212180570693615
2003-10-03,0.03353751423801521
2003-10-06,0.010745732045524425
2003-10-07,0.009019750947140581
2003-10-08,-0.008186482994682276
2003-10-09,0.009333061823361799
2003-10-10,0.011000673691533347
2003-10-13,0.008887121545970489
2003-10-14,0.005447291984049141
2003-10-15,-0.006406663548658154
2003-10-16,0.010948411938032532
2003-10-17,-0.03230175531963719
2003-10-20,0.01813227439767373
2003-10-21,0.004025375769910466
2003-10-22,-0.029319837837944895
2003-10-23,-0.012488325655660937
2003-10-24,0.002730563692419752
2003-10-27,0.0006363563043219056
2003-10-28,0.04309055975535436
2003-10-29,3.8925005800605206e-05
2003-10-30,0.0036448250356031497
2003-10-31,-0.0064884198958410355
2003-11-03,0.020672792574350618
2003-11-04,-0.008113060060119026
2003-11-05,0.008775605116581042
2003-11-06,0.007196402054796325
2003-11-07,-0.014564155279912061
2003-11-10,-0.01493601802147937
2003-11-11,-0.0036467702821672
2003-11-12,0.02925214229678308
2003-11-13,-0.0008254550094843882
2003-11-14,-0.026176780262075816
2003-11-17,-0.013797754808514529
2003-11-18,-0.029981237902619418
2003-11-19,0.016213568476005413
2003-11-20,-0.01674743410204338
2003-11-21,0.012758962220976278
2003-11-24,0.0364481459880992
2003-11-25,0.0033604702633249772
2003-11-26,0.007253415385950479
2003-11-28,0.0016327497998394058
2003-12-01,0.022888354940207467
2003-12-02,-0.007363469629235508
2003-12-03,-0.012860082162462927
2003-12-04,0.013275630055313625
2003-12-05,-0.02123970406930098
2003-12-08,0.011144419926615967
2003-12-09,-0.027505092427203337
2003-12-10,0.0031388278046429186
2003-12-11,0.029019135804905893
2003-12-12,0.0002155945841815221
2003-12-15,-0.016170380236368853
2003-12-16,0.00651134641800355
2003-12-17,0.004358474013132607
2003-12-18,0.02660536475011832
2003-12-19,-0.0051128344365311
2003-12-22,0.009127339924608568
2003-12-23,0.0071840097363491395
2003-12-24,0.0008356659310368997
2003-12-26,-0.0006211629922940887
2003-12-29,0.02678381508505412
2003-12-30,0.0030313177142435865
2003-12-31,-0.0016750515286941825
2004-01-02,-0.0029346252839569376
2004-01-05,0.027770507255119536
2004-01-06,0.006937437533169
2004-01-07,0.011274627245983604
2004-01-08,0.010806536214382545
2004-01-09,-0.013879831115137686
2004-01-12,0.02117249391336573
2004-01-13,-0.01444179286460312
2004-01-14,0.01046402467534202
2004-01-15,0.004553904365851347
2004-01-16,0.012908553924890986
2004-01-20,-0.0010188399780939328
2004-01-21,0.0030025644103848226
2004-01-22,-0.007915469469522818
2004-01-23,-0.006315835000737957
2004-01-26,0.025193245015258325
2004-01-27,-0.029563057524301772
2004-01-28,-0.025779152591259735
2004-01-29,0.004217469573289945
2004-01-30,-0.004189728228548462
2004-02-02,0.0013958082352167889
2004-02-03,-0.002540673717742359
2004-02-04,-0.02199026215615163
2004-02-05,0.006009403659549717
2004-02-06,0.02618803867929742
2004-02-09,-6.536314491345507e-05
2004-02-10,0.004315994011126589
2004-02-11,0.019206239028811023
2004-02-12,-0.011217793612374294
2004-02-13,-0.0115739044858294
2004-02-17,0.020194028579830325
2004-02-18,-0.001464582178601792
2004-02-19,-0.017052971055202204
2004-02-20,-0.005718769721110073
2004-02-23,-0.012209563212077779
2004-02-24,-0.0038347400069350668
2004-02-25,0.009101310679190178
2004-02-26,0.002655188528139618
2004-02-27,-0.001815845794922999
2004-03-01,0.02066959254472378
2004-03-02,-0.015828485697711447
2004-03-03,-0.0033257959442557494
2004-03-04,0.010613414407991018
2004-03-05,-0.0001980801960971279
2004-03-08,-0.032110948899555014
2004-03-09,-0.0064341045702057675
2004-03-10,-0.026998771604556104
2004-03-11,-0.019853880282528658
2004-03-12,0.027973407459641164
2004-03-15,-0.026624217482712265
2004-03-16,0.006250130470196957
2004-03-17,0.02390506893865374
2004-03-18,-0.0038060662207330953
2004-03-19,-0.02779380504996365
2004-03-22,-0.02268118047222112
2004-03-23,-0.008746882522958743
2004-03-24,0.010601107975621638
2004-03-25,0.03530252178439186
2004-03-26,-0.0028438201821817666
2004-03-29,0.026928076447473304
2004-03-30,0.005964553151352581
2004-03-31,-0.0007648511597998509
2004-04-01,0.013385499146750801
2004-04-02,0.03022724971546542
2004-04-05,0.01351102823700212
2004-04-06,-0.014540845035313166
2004-04-07,-0.0031483443748602236
2004-04-08,-0.0020784768214129334
2004-04-12,0.00915608045162375
2004-04-13,-0.025894208869386093
2004-04-14,0.0058645955321237064
2004-04-15,-0.01996838328164241
2004-04-16,0.005300878811254073
2004-04-19,0.010921155624219248
2004-04-20,-0.036260409711800556
2004-04-21,0.013771249689206178
2004-04-22,0.035881196626355916
2004-04-23,0.008015655764190166
2004-04-26,-0.008022222152548442
2004-04-27,-0.0010332930764225257
2004-04-28,-0.02824808183106342
2004-04-29,-0.021957791563694373
2004-04-30,-0.029038001126063584
2004-05-03,0.009639899030238208
2004-05-04,-0.0007429492764693402
2004-05-05,0.005831609034651963
2004-05-06,-0.007890092893352407
2004-05-07,-0.015022780925966206
2004-05-10,-0.009162392604335379
2004-05-11,0.007430261666641513
2004-05-12,0.005654989620669459
2004-05-13,-0.0037375686566664124
2004-05-14,0.0003936179642936022
2004-05-17,-0.007621436681630511
2004-05-18,0.004436966509866913
2004-05-19,-0.0030856328987028947
2004-05-20,0.0028196859524305395
2004-05-21,0.00152555702811763
2004-05-24,0.003710839895711082
2004-05-25,0.012776669563052456
2004-05-26,0.0031482394143707015
2004-05-27,0.005094160419134353
2004-05-28,-9.388787781128283e-05
2004-06-01,-0.002495759167818523
2004-06-02,0.0013111423280287582
2004-06-03,-0.019197540007186764
2004-06-04,0.012316963908833856
2004-06-07,0.034898595966183166
2004-06-08,0.0024042494193978747
2004-06-09,-0.02112356643840052
2004-06-10,0.010745180059988702
2004-06-14,-0.02169484073383343
2004-06-15,0.01786970652146036
2004-06-16,-0.0016959373196361316
2004-06-17,-0.009719569551989271
2004-06-18,0.002867955127551225
2004-06-21,-0.010595242232741664
2004-06-22,0.01748285568179231
2004-06-23,0.018471880313484013
2004-06-24,-0.004614927038236294
2004-06-25,0.0023614633931994256
2004-06-28,-0.010700546448260573
2004-06-29,0.012198476084445131
2004-06-30,0.013732722757382465
2004-07-01,-0.029259096515828253
2004-07-02,-0.005853668112773436
2004-07-06,-0.027051102991441534
2004-07-07,0.004319087492877571
2004-07-08,-0.016099323802564625
2004-07-09,0.003529944210358904
2004-07-12,-0.003295977346146617
2004-07-13,-0.000622871922957402
2004-07-14,-0.011588522109704291
2004-07-15,-0.008981696864419964
2004-07-16,-0.010563079902208505
2004-07-19,-0.005741260849450147
2004-07-20,0.0320140713343573
2004-07-21,-0.04207975679548992
2004-07-22,0.013991260323620747
2004-07-23,-0.023962044005069294
2004-07-26,-0.005557412575248111
2004-07-27,0.020230677358316074
2004-07-28,-0.0009525115608546297
2004-07-29,0.013671877092738871
2004-07-30,0.004873772561964973
2004-08-02,0.0018575558725142383
2004-08-03,-0.006994399847471078
2004-08-04,-9.088255192568617e-05
2004-08-05,-0.01461204246235348
2004-08-06,-0.0125566576538797
2004-08-09,0.0012043260544740697
2004-08-10,0.011142939709638755
2004-08-11,-0.0017892619365420526
2004-08-12,-0.00955263892670033
2004-08-13,0.001688331630102624
2004-08-16,0.008958753724106039
2004-08-17,0.004924603848962539
2004-08-18,0.009053564960233018
2004-08-19,-0.002601184834424175
2004-08-20,0.006224875387069284
2004-08-23,-0.0022781077245414005
2004-08-24,0.0012057090104740098
2004-08-25,0.006065629531324168
2004-08-26,-9.890642278964634e-06
2004-08-27,0.0028259971670598905
2004-08-30,-0.007466234611089306
2004-08-31,0.0046865317873905354
2004-09-01,6.150793650760988e-05
2004-09-02,6.230158730136104e-05
2004-09-03,6.42857142856279e-05
2004-09-07,6.507936507937906e-05
2004-09-08,6.42857142856279e-05
2004-09-09,6.38888888886413e-05
2004-09-10,6.46825396826145e-05
2004-09-13,6.507936507937906e-05
2004-09-14,6.46825396826145e-05
2004-09-15,6.507936507937906e-05
2004-09-16,6.507936507915701e-05
2004-09-17,6.666666666665932e-05
2004-09-20,6.746031746041048e-05
2004-09-21,6.706349206342388e-05
2004-09-22,6.666666666665932e-05
2004-09-23,6.706349206342388e-05
2004-09-24,6.746031746041048e-05
2004-09-27,6.825396825416163e-05
2004-09-28,6.706349206320183e-05
2004-09-29,6.706349206342388e-05
2004-09-30,6.666666666643728e-05
2004-10-01,0.015210464263157863
2004-10-04,0.0015217712275552575
2004-10-05,0.00047262255544766596
2004-10-06,0.006278911614362892
2004-10-07,-0.009933176465429683
2004-10-08,-0.007585568937880982
2004-10-11,0.0036933729805455062
2004-10-12,-0.003553129415601375
2004-10-13,-0.0079790174734643
2004-10-14,-0.007246755136804395
2004-10-15,0.004972982980121277
2004-10-18,0.0033673454964089355
2004-10-19,-0.0075665579420011175
2004-10-20,-0.0017742193529292072
2004-10-21,0.005772926717751092
2004-10-22,-0.010050060751028322
2004-10-25,-0.001049966552547188
2004-10-26,0.013467774995063353
2004-10-27,0.010754670259134569
2004-10-28,0.0027243190150483265
2004-10-29,-0.00016995737247493814
2004-11-01,0.005784350747614075
2004-11-02,0.0031436662989590136
2004-11-03,0.017291221072817775
2004-11-04,0.017308017762697414
2004-11-05,0.013714337090729334
2004-11-08,-0.0004727919305139716
2004-11-09,-0.0037830808836377683
2004-11-10,-0.0024870530112474087
2004-11-11,0.018713447964544994
2004-11-12,0.015809204458058
2004-11-15,0.006119866354580505
2004-11-16,-0.012221503202538786
2004-11-17,0.017524918404271395
2004-11-18,0.005335448018965128
2004-11-19,-0.02438099348750211
2004-11-22,0.012935222455389361
2004-11-23,-0.0001470019424899549
2004-11-24,0.010023237203603097
2004-11-26,-0.0036001636039243445
2004-11-29,-0.0044324217361472185
2004-11-30,-0.0013845691099934054
2004-12-01,0.028532282239236206
2004-12-02,0.004070226546403211
2004-12-03,0.0006681320440942162
2004-12-06,0.00279092674804593
2004-12-07,-0.0241205076308042
2004-12-08,0.010396726167075654
2004-12-09,0.008546480230610998
2004-12-10,-0.0019441682436711627
2004-12-13,0.015676541577736458
2004-12-14,0.007552770737735859
2004-12-15,-0.0028211009043178636
2004-12-16,-0.009190797151371055
2004-12-17,-0.008450235098848013
2004-12-20,-0.00605516190745492
2004-12-21,0.01786711677042563
2004-12-22,0.0032173029321747038
2004-12-23,0.0012552589461358732
2004-12-27,-0.0058371564003457665
2004-12-28,0.013499679256997021
2004-12-29,0.0023736630515283075
2004-12-30,-0.002499856108578502
2004-12-31,-0.0036300815107639384
2005-01-03,-0.013818632938310205
2005-01-04,-0.027433734259655895
2005-01-05,-0.011836550674208968
2005-01-06,0.0001362328353964326
2005-01-07,0.003151505637321028
2005-01-10,0.0037301072435709237
2005-01-11,-0.012544500532333802
2005-01-12,0.010230702048695584
2005-01-13,-0.019034881913534862
2005-01-14,0.012968009389899393
2005-01-18,0.015985279457982227
2005-01-19,-0.02418338490053462
2005-01-20,-0.022373283316813652
2005-01-21,-0.012651501147497801
2005-01-24,-0.013902813676389902
2005-01-25,0.006685102858326353
2005-01-26,0.012799016469062563
2005-01-27,0.00032778346315498474
2005-01-28,-0.00423041679207814
2005-01-31,0.01668463648219265
2005-02-01,0.00848890805792557
2005-02-02,0.004060576229782509
2005-02-03,-0.012729064919850819
2005-02-04,0.02396570982702606
2005-02-07,-0.003219434600220117
2005-02-08,0.0026106784331558774
2005-02-09,-0.021858022834803204
2005-02-10,0.004141893163084109
2005-02-11,0.020850654509606992
2005-02-14,0.0032153169386610614
2005-02-15,0.009187493108425926
2005-02-16,-0.0028112670974157483
2005-02-17,-0.01949702004222109
2005-02-18,-0.0017371989929125808
2005-02-22,-0.024662145561927806
2005-02-23,0.007636607497799819
2005-02-24,0.01714648306901867
2005-02-25,0.013926518991306036
2005-02-28,-0.015582477464381017
2005-03-01,0.01427189702209919
2005-03-02,-0.001043948265795902
2005-03-03,-0.007221249022802523
2005-03-04,0.01642774309130779
2005-03-07,0.013189141672389715
2005-03-08,-0.01254926998546324
2005-03-09,-0.012796416412066969
2005-03-10,0.0006731272823314871
2005-03-11,-0.014845889664459211
2005-03-14,0.009596243953149841
2005-03-15,-0.014787620262685208
2005-03-16,-0.01794098316182724
2005-03-17,0.0038913493886512107
2005-03-18,-0.007665084475457107
2005-03-21,-0.0017597347791517004
2005-03-22,-0.020257045260622775
2005-03-23,0.003856616694039028
2005-03-24,0.001197466935620728
2005-03-28,0.002905097572494686
2005-03-29,-0.013213348407327685
2005-03-30,0.029385060633368987
2005-03-31,-0.00570084224722589
2005-04-01,-0.004049190105902101
2005-04-04,0.0015206845357991217
2005-04-05,0.004265556888933153
2005-04-06,0.0031218848854333014
2005-04-07,0.004876817514743781
2005-04-08,-0.00946969270144804
2005-04-11,0.000681564049905381
2005-04-12,0.004643925169146357
2005-04-13,-0.010680403400068927
2005-04-14,-0.011654356938178623
2005-04-15,-0.01231610125355731
2005-04-18,0.002654828546147847
2005-04-19,0.00690402083567121
2005-04-20,-0.012227658624656246
2005-04-21,0.01674692727985816
2005-04-22,-0.003343152073306044
2005-04-25,0.005766288379968065
2005-04-26,-0.008583330207421191
2005-04-27,0.0034117176681482952
2005-04-28,-0.011001305031241637
2005-04-29,0.011735487868745231
2005-05-02,0.005049805679339547
2005-05-03,0.0015502855566837948
2005-05-04,0.006994956746154024
2005-05-05,-0.0003180569365943686
2005-05-06,-0.0028853191232763864
2005-05-09,0.00567165611337872
2005-05-10,-0.009499453972274363
2005-05-11,0.004968587223608045
2005-05-12,-0.010035624036419222
2005-05-13,-0.0017906906978607529
2005-05-16,0.00837861286412922
2005-05-17,0.006053349181430745
2005-05-18,0.009397055020415435
2005-05-19,0.0038800133464349518
2005-05-20,-0.0013304122422472808
2005-05-23,0.005124160534841993
2005-05-24,-0.0021861890093464176
2005-05-25,-0.0007082797869942814
2005-05-26,0.004966418161850061
2005-05-27,0.0015465547648347844
2005-05-31,-0.005995300013008409
2005-06-01,0.014885414487321835
2005-06-02,0.008157128366900857
2005-06-03,-0.017790973103355756
2005-06-06,-0.0007203440862445509
2005-06-07,-0.006979078519458781
2005-06-08,-0.0036754198204654864
2005-06-09,0.009852920679116473
2005-06-10,-0.011619939172737404
2005-06-13,0.006996898959294784
2005-06-14,-0.001509364358198484
2005-06-15,0.004429286661859599
2005-06-16,0.006895744323665021
2005-06-17,0.0033975683436995308
2005-06-20,0.0001770048229392529
2005-06-21,-5.849368351162898e-05
2005-06-22,-0.00029432862321376874
2005-06-23,-0.02288393759395102
2005-06-24,-0.016732769182317142
2005-06-27,-0.0028181940832020524
2005-06-28,0.01588750828824681
2005-06-29,-0.0044707790532831915
2005-06-30,-0.01195056495992497
2005-07-01,0.002639797467666627
2005-07-05,0.007246021227477417
2005-07-06,-0.0076369069536741385
2005-07-07,0.0035441662831330323
2005-07-08,0.01034071783806545
2005-07-11,0.0046793338746085045
2005-07-12,0.0024127447686599357
2005-07-13,0.0012776753117795803
2005-07-14,0.0036214295105509997
2005-07-15,-0.0005370355336243859
2005-07-18,-0.0037107558693871834
2005-07-19,0.005055359884730493
2005-07-20,0.003166360326554818
2005-07-21,-0.005448872128736237
2005-07-22,0.006186396285412066
2005-07-25,-0.0026515346807560736
2005-07-26,0.0011255473929261406
2005-07-27,0.003390668621119808
2005-07-28,0.0058828122251759485
2005-07-29,-0.006278643230134051
2005-08-01,0.0007967442013681048
2005-08-02,0.015017009291615313
2005-08-03,0.0017799322766516301
2005-08-04,-0.016154993817709018
2005-08-05,-0.01055949345358298
2005-08-08,-0.008451069532190991
2005-08-09,0.01123503300469575
2005-08-10,-0.008324331715045874
2005-08-11,0.010745373107658551
2005-08-12,-0.010683711075542557
2005-08-15,0.010904328892726856
2005-08-16,-0.026417116608584146
2005-08-17,0.005060045619605491
2005-08-18,-0.004803375495437079
2005-08-19,0.001467651452845331
2005-08-22,0.00031624570319177536
2005-08-23,-0.004358087414192191
2005-08-24,-0.013483157942031476
2005-08-25,0.0052083648664138504
2005-08-26,-0.009295125003114135
2005-08-29,0.013723138675234559
2005-08-30,-0.008094546428730753
2005-08-31,0.01952278791730766
2005-09-01,-0.0003106367963557899
2005-09-02,-0.005156745508609228
2005-09-06,0.02357355974264408
2005-09-07,0.003110255970482978
2005-09-08,-0.0027507220314842984
2005-09-09,0.013407159572445204
2005-09-12,0.0006480798330315007
2005-09-13,-0.008135450804763966
2005-09-14,-0.01279780067982661
2005-09-15,-3.254405811503602e-08
2005-09-16,0.012627369901953456
2005-09-19,-0.009220490849430663
2005-09-20,-0.011450673174295933
2005-09-21,-0.01646223457217444
2005-09-22,0.0046140382872872365
2005-09-23,0.0029307825698166035
2005-09-26,0.0017769385751953415
2005-09-27,-0.00318267750155965
2005-09-28,0.0022396662112562638
2005-09-29,0.019758552536337515
2005-09-30,0.00762687099587378
2005-10-03,-0.001696277951414693
2005-10-04,-0.01612233285162279
2005-10-05,-0.024497942124969918
2005-10-06,-0.013362875080278003
2005-10-07,0.005354047922851324
2005-10-10,-0.012572348279467294
2005-10-11,-0.005846278955193629
2005-10-12,-0.018966227512462575
2005-10-13,0.006554544470258827
2005-10-14,0.01532386537244923
2005-10-17,0.007012393528808225
2005-10-18,-0.016737719162303932
2005-10-19,0.03101427665501566
2005-10-20,-0.025051457065530358
2005-10-21,0.010204926481688137
2005-10-24,0.027537365028498018
2005-10-25,-0.0039449461125642404
2005-10-26,-0.007695929246973154
2005-10-27,-0.027225917367034724
2005-10-28,0.019526785233086263
2005-10-31,0.013229412680664021
2005-11-01,0.0003868937032791564
2005-11-02,0.021945660831468095
2005-11-03,0.016851733269860558
2005-11-04,0.0009232103886007703
2005-11-07,0.0023893393494767157
2005-11-08,0.0003461429469377997
2005-11-09,0.0027944351021178537
2005-11-10,0.016626144971768397
2005-11-11,0.006003764487436669
2005-11-14,-0.00104080620495417
2005-11-15,-0.007633569371665594
2005-11-16,0.009582721381532044
2005-11-17,0.0216943161589378
2005-11-18,0.006396711782208353
2005-11-21,0.007549785483842886
2005-11-22,0.007609147333316635
2005-11-23,0.006839783766774854
2005-11-25,0.003029307888315458
2005-11-28,-0.013561849430933748
2005-11-29,-0.005464919167365245
2005-11-30,-0.008554407774921557
2005-12-01,0.02799805289466617
2005-12-02,0.003414632362019665
2005-12-05,-0.007856909733097273
2005-12-06,0.0047652513088098924
2005-12-07,-0.006264310222434344
2005-12-08,-0.006072894261173967
2005-12-09,0.006631892467188427
2005-12-12,0.004230327228302633
2005-12-13,0.007739091257588759
2005-12-14,-0.002217468243085108
2005-12-15,-0.0015027895557326865
2005-12-16,-0.00958800521320713
2005-12-19,-0.018805925728996198
2005-12-20,-0.0010521510736529738
2005-12-21,0.005852843026716403
2005-12-22,0.011995875837559788
2005-12-23,0.0002900760514719103
2005-12-27,-0.016127708727020296
2005-12-28,0.002450938298204086
2005-12-29,-0.010037991776803534
2005-12-30,-0.011591181400545825
2006-01-03,0.03868158954522971
2006-01-04,0.013823296735890667
2006-01-05,0.0025424117173080685
2006-01-06,0.026384714027950062
2006-01-09,0.007344807041271384
2006-01-10,0.00039467299708495496
2006-01-11,0.010582736668163006
2006-01-12,-0.008343852339629976
2006-01-13,0.00035369675624918884
2006-01-17,-0.008929836139831115
2006-01-18,-0.01640150810391161
2006-01-19,0.01270993049471425
2006-01-20,-0.0444062666295838
2006-01-23,0.004280052511870913
2006-01-24,0.004583072051926207
2006-01-25,-0.0025758573927193718
2006-01-26,0.01057192441245336
2006-01-27,0.019765194282786558
2006-01-30,0.0027415326702406873
2006-01-31,-0.010736990129851298
2006-02-01,0.00930794580863692
2006-02-02,-0.02552753700461452
2006-02-03,-0.01649958708293986
2006-02-06,0.00022396836885585358
2006-02-07,-0.016026592654022176
2006-02-08,0.018761069617174053
2006-02-09,-0.00766650012123371
2006-02-10,0.004315458102059688
2006-02-13,-0.01394514771274702
2006-02-14,0.01991052104657398
2006-02-15,0.007313930599520901
2006-02-16,0.01623743835342495
2006-02-17,-0.008922136018529092
2006-02-21,-0.011980573466053634
2006-02-22,0.01671504639785626
2006-02-23,-0.005132737939734344
2006-02-24,0.006310583135689551
2006-02-27,0.009132135286841203
2006-02-28,-0.020579901824065105
2006-03-01,0.02012454700340105
2006-03-02,0.001507974576768989
2006-03-03,-0.010367726055584447
2006-03-06,-0.01401179090869975
2006-03-07,-0.007364218617936569
2006-03-08,0.0003888547658605912
2006-03-09,-0.013482274986613363
2006-03-10,0.008564353208053932
2006-03-13,0.00501339833725023
2006-03-14,0.025483204318081043
2006-03-15,0.011883843572397357
2006-03-16,-0.005486537564895699
2006-03-17,0.00253230192595999
2006-03-20,0.0005682596946590124
2006-03-21,-0.01600809865375097
2006-03-22,0.007409373507235806
2006-03-23,-0.0047744784158820774
2006-03-24,0.006826046879476522
2006-03-27,-0.00012348666655848106
2006-03-28,-0.010048328482511026
2006-03-29,0.024201081379229494
2006-03-30,0.0036600205434695887
2006-03-31,-0.003431419058311569
2006-04-03,0.0008209522415134618
2006-04-04,0.010244061160775919
2006-04-05,0.012012349440565062
2006-04-06,0.0024467021315341952
2006-04-07,-0.0191406077988322
2006-04-10,0.0016137566897802547
2006-04-11,-0.016042270426535943
2006-04-12,0.0024091592022632558
2006-04-13,0.0024144273353712276
2006-04-17,-0.0072901083515583
2006-04-18,0.032465177130622136
2006-04-19,0.008740627181848648
2006-04-20,-0.0068077552728533774
2006-04-21,-0.006886927033147527
2006-04-24,-0.00531379123013509
2006-04-25,-0.0038993896824824903
2006-04-26,0.0012835079060338206
2006-04-27,0.011422063768061763
2006-04-28,-0.0022524527006801964
2006-05-01,-0.016235465945009686
2006-05-02,0.011112892145397346
2006-05-03,-0.004994225797967822
2006-05-04,0.011936953816936047
2006-05-05,0.015570881192656039
2006-05-08,-0.0010843028831322155
2006-05-09,0.0013547319935620639
2006-05-10,-0.0074607743867437515
2006-05-11,-0.029802742666797388
2006-05-12,-0.023648715074753746
2006-05-15,-0.004979045060879428
2006-05-16,-0.0060864332424314105
2006-05-17,-0.030045120235299816
2006-05-18,-0.011862492608122222
2006-05-19,0.009650489079295888
2006-05-22,-0.016004142076208372
2006-05-23,-0.01372828208154675
2006-05-24,0.008862083459928893
2006-05-25,0.023568865460523503
2006-05-26,0.008005058390753605
2006-05-30,-0.03510282881432747
2006-05-31,0.012571379831087803
2006-06-01,0.005995056773427265
2006-06-02,0.0033489875452159534
2006-06-05,-0.01363476636130212
2006-06-06,-0.0033611132780597686
2006-06-07,-0.007150754387897695
2006-06-08,-0.0029551347855857335
2006-06-09,-0.003572522346747209
2006-06-12,-0.010302782384348563
2006-06-13,-0.016796181423607726
2006-06-14,0.006250202040970043
2006-06-15,0.02138667189165222
2006-06-16,-0.005972364498108229
2006-06-19,-0.009108229724966388
2006-06-20,0.004503585042840985
2006-06-21,0.008198824916722414
2006-06-22,-0.005596795983542346
2006-06-23,0.0004436681532795639
2006-06-26,0.0031190886441723187
2006-06-27,-0.008722933813221534
2006-06-28,0.0037641155169860774
2006-06-29,0.022002624611839883
2006-06-30,0.0025296315845013684
2006-07-03,0.007766934814165571
2006-07-05,-0.005413603182193194
2006-07-06,0.0023398813780066696
2006-07-07,-0.0057304126413166845
2006-07-10,-0.00011159497427060128
2006-07-11,0.0068176746003485444
2006-07-12,-0.006943688326277453
2006-07-13,-0.012255816345717485
2006-07-14,-0.00332710641206424
2006-07-17,-0.0035020059424986094
2006-07-18,-0.0009712330948890013
2006-07-19,0.01687526861854649
2006-07-20,-0.007527033473105571
2006-07-21,-0.008229552554043007
2006-07-24,0.012962277596320515
2006-07-25,0.006383533372354089
2006-07-26,0.0016843553848235882
2006-07-27,-0.0027291726094229585
2006-07-28,0.01056614711913717
2006-07-31,-0.0010460692675634542
2006-08-01,-0.0020987954274885867
2006-08-02,0.004192969234716015
2006-08-03,0.0013449659260396096
2006-08-04,0.00021924631185443744
2006-08-07,-0.0020550053748362718
2006-08-08,-0.004401746422007302
2006-08-09,-0.0022877883858036796
2006-08-10,0.0018145880550908267
2006-08-11,-0.004011566226324592
2006-08-14,0.0008919273929073324
2006-08-15,0.010691841681399694
2006-08-16,0.008434977481820205
2006-08-17,-0.0003284359180022456
2006-08-18,0.00197076252332673
2006-08-21,0.00010898737574072115
2006-08-22,0.0002605143183018743
2006-08-23,-0.004402100916027218
2006-08-24,0.0016528301957665636
2006-08-25,0.000963085876149794
2006-08-28,0.002797147612089601
2006-08-29,0.002154728600622713
2006-08-30,0.0007733060956134352
2006-08-31,0.0010798331715442533
2006-09-01,0.004408601657269751
2006-09-05,0.002851705376253122
2006-09-06,-0.00860792635883556
2006-09-07,-0.007011477944952826
2006-09-08,0.0022839152307037036
2006-09-11,-0.0034879583645174295
2006-09-12,0.008593683492722937
2006-09-13,0.005017368768926556
2006-09-14,-0.004414295350923303
2006-09-15,0.004344278058987516
2006-09-18,0.001355006658312563
2006-09-19,-0.004973917456978283
2006-09-20,0.006187260909289449
2006-09-21,-0.003812185397946144
2006-09-22,-0.0015422547347158089
2006-09-25,0.008557345730405341
2006-09-26,0.006491134634447615
2006-09-27,0.002925670908041189
2006-09-28,0.0015442578043320943
2006-09-29,-0.0023106354357689263
2006-10-02,-0.014700065915859262
2006-10-03,0.0048297840443833895
2006-10-04,0.031106875461825778
2006-10-05,0.008094876579181953
2006-10-06,-0.00381062091950235
2006-10-09,0.002708426085760829
2006-10-10,0.003906526452359671
2006-10-11,-0.003447003248288172
2006-10-12,0.023170248477189848
2006-10-13,0.005602411122745732
2006-10-16,0.0022649486181396394
2006-10-17,-0.012550734593112067
2006-10-18,-0.005044263691302953
2006-10-19,0.004703748932312957
2006-10-20,0.0017629119888959988
2006-10-23,0.012326610184374864
2006-10-24,-0.0023346865769877656
2006-10-25,0.008113529204374359
2006-10-26,0.011193719154253046
2006-10-27,-0.018880689100600145
2006-10-30,0.004782422714842083
2006-10-31,0.0012626300278384406
2006-11-01,-0.01751848250883825
2006-11-02,7.444750662655153e-05
2006-11-03,-0.005371283664444726
2006-11-06,0.021050657811460427
2006-11-07,0.011437722874310774
2006-11-08,0.009049081317560992
2006-11-09,-0.011424814710208175
2006-11-10,0.005809643027515632
2006-11-13,0.00917746939229569
2006-11-14,0.018010269421422587
2006-11-15,0.006078075592812704
2006-11-16,0.006650591298168029
2006-11-17,-0.0010881525327458563
2006-11-20,0.0015299835754711832
2006-11-21,0.0026319844414539606
2006-11-22,0.0077399913941400555
2006-11-24,-0.006397778783990393
2006-11-27,-0.03267569740864762
2006-11-28,0.004106651381456494
2006-11-29,0.015480619873597279
2006-11-30,-0.0010479255058124526
2006-12-01,-0.00846733594643223
2006-12-04,0.018475250393643394
2006-12-05,0.0053533373066438905
2006-12-06,-0.00632379252536952
2006-12-07,-0.014137823546513384
2006-12-08,0.004389180795456138
2006-12-11,0.006669604547269614
2006-12-12,-0.006757622135871166
2006-12-13,0.0033452847841313194
2006-12-14,0.015053309754968103
2006-12-15,0.003152215033058736
2006-12-18,-0.013138221529389815
2006-12-19,0.001927258916884389
2006-12-20,-0.00509500077692826
2006-12-21,-0.009237041588154082
2006-12-22,-0.01448325088755098
2006-12-26,0.008856809837101576
2006-12-27,0.011169651085461307
2006-12-28,-0.004487348155365334
2006-12-29,-0.004669906232957599
2007-01-03,-0.002947525332447687
2007-01-04,0.017563614314541676
2007-01-05,-0.015975120895993733
2007-01-08,0.007091835438308269
2007-01-09,0.005075057781107173
2007-01-10,0.013748742117073665
2007-01-11,0.01316369647117721
2007-01-12,0.012286871299379332
2007-01-16,-0.0009462903271926226
2007-01-17,-0.007758833752552374
2007-01-18,-0.023318364185860307
2007-01-19,0.0051812740144565606
2007-01-22,-0.0141871517661033
2007-01-23,0.0033767793787093936
2007-01-24,0.020838426670706234
2007-01-25,-0.02177264236414722
2007-01-26,-0.00409747487490475
2007-01-29,0.0006728247903493578
2007-01-30,0.006635371697256476
2007-01-31,0.012099724076884533
2007-02-01,0.0064008124150156664
2007-02-02,0.003939108756262355
2007-02-05,-0.0021085239766662767
2007-02-06,-0.0012981883820643025
2007-02-07,0.01198432778753844
2007-02-08,0.0006040936735398628
2007-02-09,-0.018521832796961735
2007-02-12,-0.00802577770931201
2007-02-13,0.0120971585939047
2007-02-14,0.021038960405233675
2007-02-15,0.004743990789185304
2007-02-16,-0.0016908655126840477
2007-02-20,0.0058005552544639905
2007-02-21,0.005171628960826791
2007-02-22,0.00373877461812655
2007-02-23,-0.00568556198328074
2007-02-26,-0.004721752611456798
2007-02-27,-0.08342874065094807
2007-02-28,0.019936463400397342
2007-03-01,-0.006866092269321888
2007-03-02,-0.03172481820356021
2007-03-05,-0.016341357707435056
2007-03-06,0.03392434351212259
2007-03-07,-0.0056356998068090025
2007-03-08,0.013951442862616181
2007-03-09,-3.907676977665808e-05
2007-03-12,0.006764404926652645
2007-03-13,-0.036482206604959155
2007-03-14,0.019621521223318394
2007-03-15,0.0008853817332350467
2007-03-16,-0.004511856208847198
2007-03-19,0.020289408083336458
2007-03-20,0.012073211721998822
2007-03-21,0.032418771007984404
2007-03-22,-0.0029924578237957578
2007-03-23,-0.004736425075336004
2007-03-26,0.00542764673468743
2007-03-27,-0.009525010748698048
2007-03-28,-0.015484013912291927
2007-03-29,0.0009781147281835434
2007-03-30,0.0014202640296439029
2007-04-02,-0.00044625743876891555
2007-04-03,0.021826477062083294
2007-04-04,0.004692747383918672
2007-04-05,0.007821668330540987
2007-04-09,-0.0014152418802979572
2007-04-10,0.004884364797514751
2007-04-11,-0.014404592028695373
2007-04-12,0.01355883632741639
2007-04-13,0.006106502812161629
2007-04-16,0.01718410378923063
2007-04-17,0.0033942702020088866
2007-04-18,-0.0008828299969924069
2007-04-19,-0.0005528401788279513
2007-04-20,0.016148638476854993
2007-04-23,-0.0026564577777618004
2007-04-24,0.0030579931564271856
2007-04-25,0.021084334349953382
2007-04-26,0.004810146992535236
2007-04-27,-7.230171700922661e-05
2007-04-30,-0.018897705570313672
2007-05-01,0.003286574276054388
2007-05-02,0.011185209795473217
2007-05-03,0.008754417020752747
2007-05-04,0.005277061053601928
2007-05-07,-0.0006570030158947748
2007-05-08,-0.0013002611912393824
2007-05-09,0.005683697849401037
2007-05-10,-0.02363639397548889
2007-05-11,0.0183161071691742
2007-05-14,-0.00841736333541765
2007-05-15,-0.007331862188099225
2007-05-16,0.014223285854089607
2007-05-17,-0.006731221109479879
2007-05-18,0.01489569564984694
2007-05-21,0.00579185070660837
2007-05-22,0.0006514129685162295
2007-05-23,-0.0039925487127010495
2007-05-24,-0.023462087453203107
2007-05-25,0.008651908643868556
2007-05-29,0.009428790012347754
2007-05-30,0.014992922884773607
2007-05-31,0.006384452397668161
2007-06-01,0.004511532316524347
2007-06-04,0.0014745347638662754
2007-06-05,-0.0032319491829856384
2007-06-06,-0.02019999231130598
2007-06-07,-0.03193840509869639
2007-06-08,0.020314981941562227
2007-06-11,0.0015326416062544368
2007-06-12,-0.018051022320390242
2007-06-13,0.02348241861663314
2007-06-14,0.012949939479036221
2007-06-15,0.013918209689946837
2007-06-18,-0.001414583414942605
2007-06-19,0.002199234422443963
2007-06-20,-0.021595336357594697
2007-06-21,0.01362900716700044
2007-06-22,-0.016800140603174807
2007-06-25,-0.007258761073188236
2007-06-26,-0.01440602712338901
2007-06-27,0.02279102268413835
2007-06-28,0.0011006468644543244
2007-06-29,0.002359440342291297
2007-07-02,0.015795811311990482
2007-07-03,0.007037107421481448
2007-07-05,0.0035754116685200454
2007-07-06,0.011032978734130783
2007-07-09,0.0011775596818057732
2007-07-10,-0.020685717226697986
2007-07-11,0.014990254497849742
2007-07-12,0.027625957089241204
2007-07-13,0.009435839898231047
2007-07-16,-0.0015462273598993992
2007-07-17,0.003651180042418156
2007-07-18,0.0005036313607944543
2007-07-19,0.005294398292448932
2007-07-20,-0.012513635150014468
2007-07-23,0.002345265547456288
2007-07-24,-0.027224396111043325
2007-07-25,0.001020722970434873
2007-07-26,-0.03290987908143017
2007-07-27,-0.03463801870472394
2007-07-30,0.025235767596947012
2007-07-31,-0.031047627471792127
2007-08-01,0.011714655041545674
2007-08-02,0.015114057037432849
2007-08-03,-0.04204986499758956
2007-08-06,0.026084385696115042
2007-08-07,0.013860571749241046
2007-08-08,0.026383590125305778
2007-08-09,-0.050301003390509136
2007-08-10,-0.013169002755673453
2007-08-13,0.009830745453475842
2007-08-14,-0.029193516375111472
2007-08-15,-0.027960414854586224
2007-08-16,-0.007804701294267691
2007-08-17,0.03494191026976656
2007-08-20,0.0018362075151805435
2007-08-21,0.014072916380547529
2007-08-22,0.020718272537918914
2007-08-23,-0.002829838983056665
2007-08-24,0.02482316524438466
2007-08-27,-0.016786498425731655
2007-08-28,-0.03849173251393856
2007-08-29,0.041394092131392
2007-08-30,0.004150376649053822
2007-08-31,0.015498857542553868
2007-09-04,0.028751470297374127
2007-09-05,-0.019108225154851777
2007-09-06,0.005220938807254827
2007-09-07,-0.02751357558821277
2007-09-10,-0.003326825268718525
2007-09-11,0.02500259743849287
2007-09-12,0.0038823112311756613
2007-09-13,0.006196087040390541
2007-09-14,0.000518438484395034
2007-09-17,-0.011813223136051265
2007-09-18,0.050768180342711355
2007-09-19,0.00830312964456903
2007-09-20,-0.007059953495436866
2007-09-21,0.006277803613949251
2007-09-24,0.003794573923524114
2007-09-25,0.006436960805832115
2007-09-26,0.006898278518219669
2007-09-27,0.01233907688905389
2007-09-28,-0.004482629940829375
2007-10-01,0.019354347409300976
2007-10-02,-0.0022499269525344534
2007-10-03,-0.01075704770521857
2007-10-04,0.004832222556308219
2007-10-05,0.032374456799240336
2007-10-08,-0.0023547592343446944
2007-10-09,0.013170813374929535
2007-10-10,0.001036627803076895
2007-10-11,-0.015996149687941608
2007-10-12,0.018292700907734494
2007-10-15,-0.013867739164155846
2007-10-16,-0.0074247884013586285
2007-10-17,0.009811606593287836
2007-10-18,0.002481501721887547
2007-10-19,-0.04728897262455056
2007-10-22,0.014470184494694172
2007-10-23,0.021531047057326447
2007-10-24,-0.001871908862338012
2007-10-25,-0.0029989296679504562
2007-10-26,0.018156763358146755
2007-10-29,0.006964002867977159
2007-10-30,-0.006936830120353177
2007-10-31,0.026117632084492914
2007-11-01,-0.03587263280469499
2007-11-02,0.008361883886295773
2007-11-05,-0.013314321620740088
2007-11-06,0.02268934478397644
2007-11-07,-0.04355339949771786
2007-11-08,-0.03787070484008881
2007-11-09,-0.0361278425115551
2007-11-12,-0.03571280572331503
2007-11-13,0.061456118505575974
2007-11-14,-0.009146606339339503
2007-11-15,-0.0230690546531912
2007-11-16,0.008219234839209832
2007-11-19,-0.025077442277878004
2007-11-20,0.011785329016102297
2007-11-21,-0.030396789537034286
2007-11-23,0.02675913954071274
2007-11-26,-0.028680014225484718
2007-11-27,0.022054669605964916
2007-11-28,0.05074738549972668
2007-11-29,0.0030137260705576097
2007-11-30,0.005047885542795338
2007-12-03,-0.014813632946227173
2007-12-04,-0.009218184054871181
2007-12-05,0.02875076753759931
2007-12-06,0.023533751393740365
2007-12-07,0.0031416020857524263
2007-12-10,0.009884925967902136
2007-12-11,-0.044703858376494154
2007-12-12,0.01605556535283803
2007-12-13,-0.00932521978281231
2007-12-14,-0.01993618274864395
2007-12-17,-0.03536673089448761
2007-12-18,0.008043931297973428
2007-12-19,0.004743392626469278
2007-12-20,0.02194428875788712
2007-12-21,0.03216111092635998
2007-12-24,0.012422333644320327
2007-12-26,0.006097215181617877
2007-12-27,-0.024120983033217414
2007-12-28,-0.0005529521388087932
2007-12-31,-0.015427062862403917
2008-01-02,-0.011409983771434207
2008-01-03,0.0034512169358849043
2008-01-04,-0.038703072825357454
2008-01-07,-0.00581983581612322
2008-01-08,-0.01655245771484981
2008-01-09,0.012700339024998675
2008-01-10,0.002483359562902132
2008-01-11,-0.010876003150029012
2008-01-14,0.01186305106285035
2008-01-15,-0.020644259132649667
2008-01-16,-0.01335899649547112
2008-01-17,-0.01100730498550917
2008-01-18,-0.0008163565921620597
2008-01-22,-0.019856409754789084
2008-01-23,0.002934257840151222
2008-01-24,0.013897360690742655
2008-01-25,-0.016259941379810572
2008-01-28,0.0076538664532537215
2008-01-29,0.0009555841200588056
2008-01-30,0.0008206456002910478
2008-01-31,0.007755997605662035
2008-02-01,-0.002169320275513975
2008-02-04,-0.0001946530405729785
2008-02-05,-0.0014806665522850704
2008-02-06,0.0014683655391585226
2008-02-07,0.0010629517945703881
2008-02-08,0.001337859925921503
2008-02-11,0.0004414420180498535
2008-02-12,-0.002106809631180262
2008-02-13,0.00020002043516043067
2008-02-14,0.00037672340522765246
2008-02-15,-0.000536053932662206
2008-02-19,0.002742770827989016
2008-02-20,0.0018927006048943262
2008-02-21,8.755045906227998e-05
2008-02-22,0.0002293368022152631
2008-02-25,-0.000632162428801486
2008-02-26,0.0011329468494543082
2008-02-27,0.001235314887038319
2008-02-28,0.0013833461984871231
2008-02-29,0.0002708732846268269
2008-03-03,0.0011617405440116357
2008-03-04,-0.002081178946964468
2008-03-05,0.002696947265338645
2008-03-06,-0.001217360454582761
2008-03-07,-0.0003753535501519467
2008-03-10,-0.0001811846462308475
2008-03-11,0.0001765656857573017
2008-03-12,0.0011121307498835886
2008-03-13,0.0014285042144581706
2008-03-14,0.0004249943245342447
2008-03-17,0.0005155997879278118
2008-03-18,-0.0027335214419194065
2008-03-19,-0.0035727077024371168
2008-03-20,-0.003240776638924525
2008-03-24,0.00024293154728893818
2008-03-25,0.002795651141809685
2008-03-26,0.001161224626461177
2008-03-27,-0.00030828327611220896
2008-03-28,-0.0015991597389916068
2008-03-31,-0.0014851321217053126
2008-04-01,-0.0038772742989459097
2008-04-02,0.0027258442579727316
2008-04-03,0.00021545402086564636
2008-04-04,0.0009664648951079879
2008-04-07,0.0010686469770737617
2008-04-08,-0.0008563912127979023
2008-04-09,0.0021913653211096396
2008-04-10,-0.0005292207126446069
2008-04-11,-0.0004771407012235107
2008-04-14,-0.00017168127562583457
2008-04-15,0.0006464893022675167
2008-04-16,0.001817001844342192
2008-04-17,-0.0007393274871038136
2008-04-18,-0.0020923923413179724
2008-04-21,-0.00036140230713588295
2008-04-22,6.71179056108695e-05
2008-04-23,-0.0011164084583046296
2008-04-24,-0.0021689987205234518
2008-04-25,0.00010240436834330069
2008-04-28,0.0005166676241166179
2008-04-29,-0.002032194713111335
2008-04-30,0.0009835699980360602
2008-05-01,-0.003019111005996611
2008-05-02,0.000735628642501096
2008-05-05,0.002008895545958289
2008-05-06,0.0004727510764421794
2008-05-07,-0.0008760394285263207
2008-05-08,0.0016981697093032544
2008-05-09,0.000266770154818019
2008-05-12,-0.000433525302680704
2008-05-13,-0.0017806844677979994
2008-05-14,-0.00015545615698142612
2008-05-15,0.0021439956138831207
2008-05-16,0.002485622638524587
2008-05-19,0.00039725456022798866
2008-05-20,0.0018009699339844865
2008-05-21,0.0012813671512093006
2008-05-22,-0.0010581173987668224
2008-05-23,0.0003514896561254144
2008-05-27,-0.0020784678256720035
2008-05-28,-0.00018659733295289804
2008-05-29,-0.0029563742452570763
2008-05-30,0.0011497458217761825
2008-06-02,-0.009478184709208581
2008-06-03,-0.006635749974265082
2008-06-04,0.007295211999017059
2008-06-05,0.016658710799660525
2008-06-06,-0.02715686335746814
2008-06-09,-0.0020765002728945214
2008-06-10,-0.008509150924095321
2008-06-11,-0.018173991594281125
2008-06-12,-0.00088493642461418
2008-06-13,0.016200520461272738
2008-06-16,0.007656009091323135
2008-06-17,-0.0018260264395869585
2008-06-18,-0.008366666840631698
2008-06-19,0.012317724042094413
2008-06-20,-0.02073824353677911
2008-06-23,-0.0116044848927922
2008-06-24,-0.0021223766259980126
2008-06-25,0.00894168544182361
2008-06-26,-0.02593880994413289
2008-06-27,0.00222016934260183
2008-06-30,-0.009263253788193038
2008-07-01,0.0014442723986194395
2008-07-02,0.0006210171728229241
2008-07-03,-0.0011474197084082594
2008-07-07,-0.0008415902184267798
2008-07-08,-0.00033941584827690274
2008-07-09,0.0007643726937924811
2008-07-10,0.0022784655443008894
2008-07-11,0.0018347342109146236
2008-07-14,0.0008701518343221526
2008-07-15,0.0003315955433356166
2008-07-16,-0.0018338439064151668
2008-07-17,-0.00018990907266003276
2008-07-18,-2.870756997008783e-06
2008-07-21,0.0010874600359382924
2008-07-22,-0.0021888205449503984
2008-07-23,-0.002661386756974138
2008-07-24,0.0008894183916294818
2008-07-25,0.00045460203156522105
2008-07-28,0.00010440746886319907
2008-07-29,-0.001185111000637673
2008-07-30,-0.0011106546053061273
2008-07-31,0.0006722685948110652
2008-08-01,-0.0005079514845606203
2008-08-04,-0.0015268211102928975
2008-08-05,-0.0022299523498247042
2008-08-06,0.0006820837501795296
2008-08-07,-0.0005543266602481278
2008-08-08,-0.0017905389655830106
2008-08-11,-0.0036190827686282123
2008-08-12,-0.0006176647888722631
2008-08-13,0.001232040143422486
2008-08-14,-0.0024087127757883575
2008-08-15,-0.0018657980950655961
2008-08-18,0.0013809716562580565
2008-08-19,0.0018950805062192266
2008-08-20,-0.00035420231189442486
2008-08-21,0.002573485272360676
2008-08-22,-0.0013047019642219437
2008-08-25,-0.0001063387499837809
2008-08-26,0.0003967232309285418
2008-08-27,0.00020474072121134945
2008-08-28,0.0009797900536951953
2008-08-29,-0.0004648239198726811
2008-09-02,6.706349206342388e-05
2008-09-03,6.626984126989477e-05
2008-09-04,6.587301587290817e-05
2008-09-05,6.547619047614361e-05
2008-09-08,6.706349206342388e-05
2008-09-09,6.46825396826145e-05
2008-09-10,6.428571428540586e-05
2008-09-11,6.269841269834764e-05
2008-09-12,5.793650793650684e-05
2008-09-15,4.0873015872966434e-05
2008-09-16,3.333333333332966e-05
2008-09-17,1.1904761905157102e-06
2008-09-18,9.126984126694992e-06
2008-09-19,3.849206349215706e-05
2008-09-22,5.119047619039918e-05
2008-09-23,3.214285714281395e-05
2008-09-24,1.9841269841336384e-05
2008-09-25,2.9761904762004576e-05
2008-09-26,3.412698412708082e-05
2008-09-29,3.809523809517046e-05
2008-09-30,3.571428571436108e-05
2008-10-01,3.333333333332966e-05
2008-10-02,2.460317460317718e-05
2008-10-03,1.9841269841336384e-05
2008-10-06,2.1428571428838694e-05
2008-10-07,3.214285714259191e-05
2008-10-08,2.6587301587444045e-05
2008-10-09,2.3015873015896915e-05
2008-10-10,9.523809523903637e-06
2008-10-13,9.523809523681592e-06
2008-10-14,1.3492063491993278e-05
2008-10-15,8.730158730152482e-06
2008-10-16,1.785714285706952e-05
2008-10-17,3.17460317460494e-05
2008-10-20,4.920634920635436e-05
2008-10-21,4.3253968253997854e-05
2008-10-22,4.0873015872966434e-05
2008-10-23,3.809523809517046e-05
2008-10-24,3.412698412708082e-05
2008-10-27,3.333333333332966e-05
2008-10-28,3.015873015876913e-05
2008-10-29,2.4206349206412625e-05
2008-10-30,1.58730158730247e-05
2008-10-31,1.7460317460304964e-05
2008-11-03,1.9444444444349784e-05
2008-11-04,1.904761904758523e-05
2008-11-05,1.5476190476260143e-05
2008-11-06,1.2301587301477568e-05
2008-11-07,1.1904761904713013e-05
2008-11-10,1.1507936507948457e-05
2008-11-11,1.1507936507948457e-05
2008-11-12,7.1428571428722165e-06
2008-11-13,8.333333333387927e-06
2008-11-14,5.555555555591951e-06
2008-11-17,4.761904761840796e-06
2008-11-18,4.761904762062841e-06
2008-11-19,2.7777777777959756e-06
2008-11-20,1.1904761907377548e-06
2008-11-21,7.93650793751155e-07
2008-11-24,5.158730158827396e-06
2008-11-25,3.96825396853373e-06
2008-11-26,1.9841269840448206e-06
2008-11-28,3.968253965425106e-07
2008-12-01,2.77777777801802e-06
2008-12-02,2.3809523810314204e-06
2008-12-03,7.93650793751155e-07
2008-12-04,7.93650793751155e-07
2008-12-05,7.93650793751155e-07
2008-12-08,1.1904761905157102e-06
2008-12-09,1.1904761905157102e-06
2008-12-10,0.0
2008-12-11,3.968253967645552e-07
2008-12-12,7.93650793751155e-07
2008-12-15,1.5873015872802654e-06
2008-12-16,1.58730158750231e-06
2008-12-17,1.984126983822776e-06
2008-12-18,0.0
2008-12-19,7.93650793751155e-07
2008-12-22,3.968253967645552e-07
2008-12-23,7.936507939731996e-07
2008-12-24,0.0
2008-12-26,1.1904761905157102e-06
2008-12-29,2.3809523810314204e-06
2008-12-30,3.968253968311686e-06
2008-12-31,4.365079364854196e-06
2009-01-02,-0.0003323177269815014
2009-01-05,-0.0020183245093009505
2009-01-06,0.0007580457866855905
2009-01-07,-0.002751262072089311
2009-01-08,0.0019882652340055262
2009-01-09,-0.0006231052953541427
2009-01-12,-0.00365895760230317
2009-01-13,0.00014357127308750606
2009-01-14,-0.0012637333870745282
2009-01-15,0.0007028508190998206
2009-01-16,0.0027048050055755724
2009-01-20,0.00210582440067153
2009-01-21,-0.00042467373304377887
2009-01-22,0.0005019157983896516
2009-01-23,0.004579358423347335
2009-01-26,0.0004896257813591376
2009-01-27,-0.0006522895070728563
2009-01-28,-0.0011003410439300865
2009-01-29,0.0024095957857686034
2009-01-30,0.0020931853600723027
2009-02-02,-0.002695429190546439
2009-02-03,-0.0003948432520960443
2009-02-04,0.0007907271878644373
2009-02-05,0.0010422183558922438
2009-02-06,-0.0005711671251368289
2009-02-09,-0.0013819645443942097
2009-02-10,0.0020876468625330435
2009-02-11,0.0022912606790896906
2009-02-12,0.0009729776836990833
2009-02-13,-0.0006672190094358932
2009-02-17,0.003182757329227792
2009-02-18,0.0016025745124736979
2009-02-19,-0.0012300838253135327
2009-02-20,0.002221685930283712
2009-02-23,-6.547043708027278e-05
2009-02-24,-0.003250705679917365
2009-02-25,-0.0017129459194210606
2009-02-26,-8.87299367265948e-05
2009-02-27,-0.00046066480632245277
2009-03-02,-0.0018252553153934592
2009-03-03,-0.0009529075368565065
2009-03-04,-0.0011273895711977344
2009-03-05,0.003258545303687077
2009-03-06,0.0003312325114939174
2009-03-09,-0.0018492353682173501
2009-03-10,-0.0026204615313546453
2009-03-11,0.0011797937627051613
2009-03-12,0.002044464551782754
2009-03-13,0.00022305554339285827
2009-03-16,-0.0005319295955963366
2009-03-17,-0.0008134314932343178
2009-03-18,0.003309088435234031
2009-03-19,0.0013665714492732128
2009-03-20,-0.0008113705808328042
2009-03-23,-0.001620400629386065
2009-03-24,-0.001212974330302763
2009-03-25,0.0011206232134253202
2009-03-26,-4.865062522241281e-05
2009-03-27,-0.0013348227163376691
2009-03-30,-0.0007615373939583447
2009-03-31,0.00033226282582643485
2009-04-01,0.0008386059356584319
2009-04-02,-0.0024601680218497846
2009-04-03,-0.0013349494824331787
2009-04-06,-0.002570238223829735
2009-04-07,0.0016444880907910964
2009-04-08,-0.00013810090931820618
2009-04-09,-0.0003271897072465446
2009-04-13,0.0017530835152013147
2009-04-14,-0.000560288936464981
2009-04-15,0.00014982444358291325
2009-04-16,-0.0018729530736031341
2009-04-17,-0.000651697164779641
2009-04-20,0.0019319338972942912
2009-04-21,-6.132066492581245e-05
2009-04-22,0.0005497698791046002
2009-04-23,0.0015813949914240677
2009-04-24,0.001024201517967116
2009-04-27,-0.0007822044910318349
2009-04-28,-0.001392830021143876
2009-04-29,0.0006481220368295126
2009-04-30,-0.0011715274491338468
2009-05-01,0.0020104660973145894
2009-05-04,0.0210210676246394
2009-05-05,-0.0018517281424176302
2009-05-06,0.001321759470488404
2009-05-07,-0.022036047779886325
2009-05-08,0.0022048147279558616
2009-05-11,0.0024358341962589236
2009-05-12,-0.010003997566284117
2009-05-13,-0.02407926772205171
2009-05-14,0.009171762631181801
2009-05-15,-0.0003313129230724243
2009-05-18,0.021642532691682703
2009-05-19,0.005832171403952646
2009-05-20,-0.0021977722344471706
2009-05-21,-0.014458825803591036
2009-05-22,-0.0029813105593901046
2009-05-26,0.03270365601511527
2009-05-27,-0.007854184511511542
2009-05-28,0.01303199238587971
2009-05-29,0.01211350603120609
2009-06-01,0.026687896267502786
2009-06-02,0.0006402947145596194
2009-06-03,-0.003183628509294434
2009-06-04,0.01122239328984409
2009-06-05,-0.0013229861873442772
2009-06-08,-0.0037629692052684183
2009-06-09,0.00813965285126339
2009-06-10,-0.0036873145332978474
2009-06-11,-0.0006394065280924677
2009-06-12,-0.004909465166431093
2009-06-15,-0.021305455042605836
2009-06-16,-0.0071854116051792705
2009-06-17,0.008044324375873213
2009-06-18,-0.0031096938089074655
2009-06-19,0.010599411309850648
2009-06-22,-0.027534568544196225
2009-06-23,-0.0021210093757449977
2009-06-24,0.015109522730807345
2009-06-25,0.019463455890462722
2009-06-26,0.0016945747419483403
2009-06-29,0.0010915482057600734
2009-06-30,-0.0028211136664262337
2009-07-01,0.004273245240889123
2009-07-02,-0.04470240088266275
2009-07-06,-0.004566123633031327
2009-07-07,-0.04028913696339531
2009-07-08,0.001708448339809543
2009-07-09,0.004000129905499028
2009-07-10,0.0010197543227306038
2009-07-13,0.03956728937200715
2009-07-14,0.0091152563347221
2009-07-15,0.056647823219514004
2009-07-16,0.018655071458265393
2009-07-17,0.005483207382897426
2009-07-20,0.019194285560093505
2009-07-21,0.011440453040343579
2009-07-22,0.006717464644377724
2009-07-23,0.03999627997777355
2009-07-24,0.004599828075655843
2009-07-27,0.003290732303461663
2009-07-28,-0.0011018070355141019
2009-07-29,-0.00899793175458663
2009-07-30,0.015056352379945848
2009-07-31,-0.0009385806942823205
2009-08-03,0.029524593240844332
2009-08-04,0.0031788382569439833
2009-08-05,-0.008529401284041671
2009-08-06,-0.012529218160761246
2009-08-07,0.020586475882984345
2009-08-10,-0.007830618127415478
2009-08-11,-0.01973642618822591
2009-08-12,0.02388827072258115
2009-08-13,0.012639127014962837
2009-08-14,-0.01743006560041216
2009-08-17,-0.05114922171491565
2009-08-18,0.021404189753731373
2009-08-19,0.014613452019899276
2009-08-20,0.02003853378896925
2009-08-21,0.02903564073248832
2009-08-24,-0.0008592237105136125
2009-08-25,0.004678005732873025
2009-08-26,-0.0009710370346661668
2009-08-27,0.004774396324408237
2009-08-28,3.1938240316442545e-05
2009-08-31,-0.017082938143942572
2009-09-01,-0.03620637085355127
2009-09-02,-0.0017163803805099187
2009-09-03,0.01467724392538261
2009-09-04,0.0316346194937045
2009-09-08,0.016620777479822157
2009-09-09,0.014196114933086923
2009-09-10,0.01765729701763119
2009-09-11,0.001971201723369731
2009-09-14,0.007950880420170892
2009-09-15,0.0066076154727725545
2009-09-16,0.02792658258785763
2009-09-17,-0.001796630733627791
2009-09-18,0.002087095630846969
2009-09-21,-0.0001176459974214783
2009-09-22,0.007793358672301576
2009-09-23,-0.012498316420421207
2009-09-24,-0.019337774911896588
2009-09-25,-0.012741118109933947
2009-09-28,0.030481416475245604
2009-09-29,-0.0060445867433095435
2009-09-30,-0.0010405486216860105
2009-10-01,-0.04961347924609916
2009-10-02,-0.006693488065639075
2009-10-05,0.021581576729942986
2009-10-06,0.03101230323430304
2009-10-07,0.0054253471014431565
2009-10-08,0.012440194566606388
2009-10-09,0.008529419107899727
2009-10-12,0.007115382739262044
2009-10-13,-0.0010557327500277935
2009-10-14,0.027195313542730082
2009-10-15,-0.00012174703861100866
2009-10-16,-0.011849349561847244
2009-10-19,0.016825406512273267
2009-10-20,-0.004727163290016878
2009-10-21,-0.010018966328940393
2009-10-22,0.012677307072413324
2009-10-23,-0.013301348287485637
2009-10-26,-0.015100187649176977
2009-10-27,-0.0176231424118094
2009-10-28,-0.0381242259257093
2009-10-29,0.035314444234060716
2009-10-30,-0.04947818430709172
2009-11-02,0.011270991382696494
2009-11-03,0.007801796805230854
2009-11-04,0.0041097050883003305
2009-11-05,0.038549968036366566
2009-11-06,0.00858339582180001
2009-11-09,0.04071629559882983
2009-11-10,0.0016123862824430901
2009-11-11,0.011840477194495325
2009-11-12,-0.015042206957010529
2009-11-13,0.013969024260844565
2009-11-16,0.023850077801767622
2009-11-17,0.0036829120154233674
2009-11-18,-0.004716407424749436
2009-11-19,-0.026523583334912892
2009-11-20,-0.006190829608374249
2009-11-23,0.02650465005695568
2009-11-24,-0.0020270939835453916
2009-11-25,0.008514037367060245
2009-11-27,-0.029162453515698017
2009-11-30,0.003943074339428643
2009-12-01,0.021298428631523203
2009-12-02,0.003798568884628706
2009-12-03,-0.01121909303216595
2009-12-04,0.005052017055405145
2009-12-07,-0.006659267593337015
2009-12-08,-0.01679070506993141
2009-12-09,0.011815110338859958
2009-12-10,0.009730144505034177
2009-12-11,-0.00037353942745155244
2009-12-14,0.014989490030736796
2009-12-15,-0.009073650882988615
2009-12-16,0.0039482880480206095
2009-12-17,-0.02533668668509126
2009-12-18,0.0205092817533985
2009-12-21,0.01745857468113532
2009-12-22,0.008476349969206876
2009-12-23,0.008841688543645754
2009-12-24,0.014893667179506354
2009-12-28,0.006092397627585511
2009-12-29,-0.005420241631507783
2009-12-30,0.001160532868935693
2009-12-31,-0.015512794799594554
2010-01-04,0.028823996242461458
2010-01-05,0.003177494762743205
2010-01-06,-0.0029352271103104677
2010-01-07,0.003222494620134464
2010-01-08,0.010869969219414521
2010-01-11,-0.00047481447401476196
2010-01-12,-0.021706526483412647
2010-01-13,0.018866489388477126
2010-01-14,0.003624531095862693
2010-01-15,-0.02094200795665435
2010-01-19,0.02573851932264848
2010-01-20,-0.024257258953572447
2010-01-21,-0.027580906471144306
2010-01-22,-0.04559432542253672
2010-01-25,0.006699534223673087
2010-01-26,-0.0026670209098835773
2010-01-27,0.00990616103590436
2010-01-28,-0.032616149324760535
2010-01-29,-0.02623936227033541
2010-02-01,0.02538895305792077
2010-02-02,0.02011220982836104
2010-02-03,0.00038824064245801537
2010-02-04,-0.05706546372434462
2010-02-05,0.009052038245603411
2010-02-08,-0.013527643025458613
2010-02-09,0.02158362007465975
2010-02-10,-0.004081687596519612
2010-02-11,0.02438220986926698
2010-02-12,0.0015047590039678482
2010-02-16,0.02793659903871082
2010-02-17,0.008763044519144003
2010-02-18,0.011924454753558633
2010-02-19,0.0013524722771423026
2010-02-22,-0.00276086157733324
2010-02-23,-0.023155783134876762
2010-02-24,0.016113361754875433
2010-02-25,0.0011039998115012217
2010-02-26,0.0042746729174463205
2010-03-01,0.021661469430347857
2010-03-02,0.006381378803625104
2010-03-03,0.0026763591844551904
2010-03-04,0.004592764608886135
2010-03-05,0.02656664678559828
2010-03-08,0.0014118441908241852
2010-03-09,0.007425337138289523
2010-03-10,0.009087295384879512
2010-03-11,0.007299848787503338
2010-03-12,0.0001128574419670958
2010-03-15,-0.0012263587333836146
2010-03-16,0.014501786948377227
2010-03-17,0.006306866491357033
2010-03-18,0.0034097532706252043
2010-03-19,-0.011487280888555218
2010-03-22,0.012364373228366698
2010-03-23,0.013655157402946205
2010-03-24,-0.010374608006024855
2010-03-25,-0.0035350132952340907
2010-03-26,0.0035558954086354344
2010-03-29,0.008986392452792646
2010-03-30,0.0031825357379196006
2010-03-31,-0.006119416868210825
2010-04-01,0.006788780328607746
2010-04-05,0.0158383180546664
2010-04-06,0.00481279692995451
2010-04-07,-0.005267355379099281
2010-04-08,0.004145549312488672
2010-04-09,0.012393913998385075
2010-04-12,0.0017545257094064848
2010-04-13,0.005062010446732934
2010-04-14,0.021072955813854266
2010-04-15,0.005361423379861119
2010-04-16,-0.026813140062768803
2010-04-19,0.0023083942049921813
2010-04-20,0.012665418023598773
2010-04-21,0.004074311167892031
2010-04-22,0.0070870380649610265
2010-04-23,0.010656090256137674
2010-04-26,-0.005753801903516265
2010-04-27,-0.038118593573235104
2010-04-28,0.006312569398220003
2010-04-29,0.02618047493305853
2010-04-30,-0.03109024294840179
2010-05-03,0.024585873129389535
2010-05-04,-0.049526822878581234
2010-05-05,-0.010024653270373829
2010-05-06,-0.05659345463970922
2010-05-07,-0.03429624497861916
2010-05-10,0.0821141463591033
2010-05-11,-0.00040849694699285344
2010-05-12,0.029856294399125405
2010-05-13,-0.025711094133477497
2010-05-14,-0.03285157445053255
2010-05-17,0.002108902936263979
2010-05-18,-0.024157461537158254
2010-05-19,-0.015476461806012587
2010-05-20,-0.06667096562898156
2010-05-21,0.021304797826466215
2010-05-24,-0.013769341418298442
2010-05-25,0.002567030222204947
2010-05-26,-0.015351096029415645
2010-05-27,0.06433147789604932
2010-05-28,-0.01686520093650501
2010-06-01,-0.022926323343072208
2010-06-02,0.04491918139649442
2010-06-03,0.010643730749301916
2010-06-04,-0.06020145306550839
2010-06-07,-0.02711249559061646
2010-06-08,0.006877697076184797
2010-06-09,-0.01283438250584612
2010-06-10,0.0504840985144277
2010-06-11,0.013347725612335548
2010-06-14,-0.0011383108818917576
2010-06-15,0.04516706820434191
2010-06-16,0.0033248808835260046
2010-06-17,0.005176131209164714
2010-06-18,0.0028306580654464675
2010-06-21,-0.010996639279954534
2010-06-22,-0.02282581754565849
2010-06-23,-0.006678448484806476
2010-06-24,-0.028382643830475063
2010-06-25,0.003351896774135943
2010-06-28,-0.007593988247438732
2010-06-29,-0.06160674908959418
2010-06-30,-0.023264138255833178
2010-07-01,-0.0038072087966184442
2010-07-02,0.0012022965827593879
2010-07-06,-0.0016253853352566905
2010-07-07,0.0010126293143557508
2010-07-08,-0.0004233608428915181
2010-07-09,0.0009542953541039623
2010-07-12,-0.0008348018123612855
2010-07-13,0.0008466103596955765
2010-07-14,-4.406845006477145e-05
2010-07-15,-5.23128651614968e-05
2010-07-16,-0.001280255271191244
2010-07-19,-0.0007695627082602297
2010-07-20,0.000765485645826347
2010-07-21,-0.000654406747718439
2010-07-22,0.0008397189966489194
2010-07-23,-0.0006295360318440135
2010-07-26,-0.0004648197562551193
2010-07-27,-0.0016547283668391088
2010-07-28,0.00022876109279779122
2010-07-29,0.00042721945540979966
2010-07-30,0.0009974941044657015
2010-08-02,0.036228163607174846
2010-08-03,-0.007283913074336623
2010-08-04,0.015703705256085776
2010-08-05,-0.0027610869850177577
2010-08-06,-0.004654892991870163
2010-08-09,0.010240634772615165
2010-08-10,-0.011445518464504145
2010-08-11,-0.05013076047117493
2010-08-12,-0.011922530869171721
2010-08-13,-0.00915638859424639
2010-08-16,0.0025831936673990086
2010-08-17,0.021678411696278932
2010-08-18,0.005828985632669648
2010-08-19,-0.028662983788293905
2010-08-20,-0.002426058651871732
2010-08-23,-0.0121596459418567
2010-08-24,-0.028988966462131227
2010-08-25,0.011824019468785973
2010-08-26,-0.01664498472621101
2010-08-27,0.025147960501316957
2010-08-30,-0.02242715256032224
2010-08-31,-0.00174686487768283
2010-09-01,-0.00031481928554943917
2010-09-02,0.0004966361152163312
2010-09-03,-0.0003471651721161928
2010-09-07,0.0006931852348890377
2010-09-08,1.3186253016383986e-05
2010-09-09,-0.0009364999796157569
2010-09-10,0.0001443150546658334
2010-09-13,-8.476936515600109e-05
2010-09-14,0.0019719404868077106
2010-09-15,-6.0070452324700874e-05
2010-09-16,0.000570016114618932
2010-09-17,-6.785893216010308e-05
2010-09-20,0.0002758149641748364
2010-09-21,0.0009376783438084235
2010-09-22,0.0001608165067037426
2010-09-23,8.733157517015755e-05
2010-09-24,0.000323673193608931
2010-09-27,3.017123262538668e-05
2010-09-28,0.0009277193221748359
2010-09-29,8.720607433265748e-05
2010-09-30,-2.69126099635697e-05
2010-10-01,0.003489443460925834
2010-10-04,-0.017107496202354966
2010-10-05,0.04183520115287043
2010-10-06,-0.006399458321148521
2010-10-07,0.00023831722293365942
2010-10-08,0.01125043908760004
2010-10-11,0.0027876642336828183
2010-10-12,0.00906506210205582
2010-10-13,0.015310910371246544
2010-10-14,-0.004027694977973506
2010-10-15,0.019456776659886543
2010-10-18,0.0037807036336836575
2010-10-19,-0.026347633687240468
2010-10-20,0.016614277793737253
2010-10-21,0.0023035868305072427
2010-10-22,0.008541372068261
2010-10-25,0.006686317895896021
2010-10-26,0.0029733394473887564
2010-10-27,-8.644304359717303e-05
2010-10-28,0.0036609338059656604
2010-10-29,-0.0003552009422590485
2010-11-01,-8.927521860691012e-05
2010-11-02,0.016881214183663174
2010-11-03,0.00772163273968296
2010-11-04,0.030965496946807614
2010-11-05,0.003984563239541217
2010-11-08,0.0006258422989096069
2010-11-09,-0.014127929459528898
2010-11-10,0.0034090453417932043
2010-11-11,-0.0021528911609843826
2010-11-12,-0.028699515029069977
2010-11-15,-0.005075271044678198
2010-11-16,-0.030316816734809016
2010-11-17,0.002104205582025065
2010-11-18,0.02965072794899326
2010-11-19,0.0029377341232352805
2010-11-22,0.008132392086757312
2010-11-23,-0.026474015999112255
2010-11-24,0.03070531763787332
2010-11-26,-0.016587766351797373
2010-11-29,0.002222742776003539
2010-11-30,-0.016084456374896194
2010-12-01,0.03858730198754401
2010-12-02,0.02119813244751434
2010-12-03,0.006268884420598475
2010-12-06,-0.0006778850032235217
2010-12-07,-0.00019771492487818954
2010-12-08,0.005942015360962838
2010-12-09,0.003977583916840999
2010-12-10,0.011696708023355873
2010-12-13,-0.0023747256341287715
2010-12-14,0.0019198130906417088
2010-12-15,-0.008428726292384114
2010-12-16,0.010532796140954925
2010-12-17,0.0029238229665577986
2010-12-20,0.0034076137520517857
2010-12-21,0.0106199785454264
2010-12-22,0.003237130340400407
2010-12-23,-0.003708110860327629
2010-12-27,0.000871676479914818
2010-12-28,0.0010179384917199386
2010-12-29,0.0027974848009042486
2010-12-30,-0.0038840376989366376
2010-12-31,-0.0012472536969060366
2011-01-03,0.021912422326772818
2011-01-04,-0.003745053759778294
2011-01-05,0.01234697762017345
2011-01-06,0.0007748693227425107
2011-01-07,-0.002489351255489769
2011-01-10,0.0022570771296244185
2011-01-11,0.004781303144094862
2011-01-12,0.015114987378211042
2011-01-13,-0.0008950279246591197
2011-01-14,0.011396470752304433
2011-01-18,0.004760182657799872
2011-01-19,-0.019063413819419672
2011-01-20,-0.010034185497302173
2011-01-21,-0.005186188161395711
2011-01-24,0.01796237255986144
2011-01-25,0.0006431092863978805
2011-01-26,0.00956703860115038
2011-01-27,0.005886603925676193
2011-01-28,-0.03777148974000455
2011-01-31,0.010671260551821105
2011-02-01,0.03208152323046165
2011-02-02,-0.00368278393134025
2011-02-03,0.0047301355337483475
2011-02-04,0.00776737271359651
2011-02-07,0.009996296976914731
2011-02-08,0.011592798426002027
2011-02-09,-0.004432366755150685
2011-02-10,0.002065628311938239
2011-02-11,0.011030247432340268
2011-02-14,0.004740837771775475
2011-02-15,-0.0028037902568799344
2011-02-16,0.011145742476558196
2011-02-17,0.0032533541145534084
2011-02-18,0.00019858658209281899
2011-02-22,-0.04424979813146557
2011-02-23,-0.012276681837232739
2011-02-24,0.0032930220115461317
2011-02-25,0.02278300334400507
2011-02-28,0.008092037891594295
2011-03-01,-0.027825228012963832
2011-03-02,0.006180974370913805
2011-03-03,0.03156433710488016
2011-03-04,-0.0104841931594849
2011-03-07,-0.018668818234846007
2011-03-08,0.010730289355574962
2011-03-09,-0.007340628983934394
2011-03-10,-0.03139387969451679
2011-03-11,0.01167854204708152
2011-03-14,-0.008145724585315595
2011-03-15,-0.024115110202426737
2011-03-16,-0.038461538216962854
2011-03-17,0.019472987668227804
2011-03-18,0.003005280695450585
2011-03-21,0.030506489708402862
2011-03-22,-0.0037900574082236904
2011-03-23,0.008303803116967101
2011-03-24,0.024250713922697287
2011-03-25,0.004002952259492432
2011-03-28,-0.00799872754920783
2011-03-29,0.01472337900899845
2011-03-30,0.010362140559765809
2011-03-31,0.0011103967444168195
2011-04-01,0.0035107666529787807
2011-04-04,-0.001140882853975067
2011-04-05,-0.0014207595827193664
2011-04-06,0.005000625651083057
2011-04-07,-0.001869874898125512
2011-04-08,-0.007132807383755324
2011-04-11,-0.006149195844416089
2011-04-12,-0.013641219826370121
2011-04-13,0.007271840441650745
2011-04-14,0.0002286497198369375
2011-04-15,0.0030816374479045727
2011-04-18,-0.016349888078442842
2011-04-19,0.010655116458319958
2011-04-20,0.03253511256122854
2011-04-21,0.011739301597006424
2011-04-25,0.00226364990576422
2011-04-26,0.011905191269761861
2011-04-27,0.01396974712326382
2011-04-28,0.002565777620522347
2011-04-29,0.0031034075356315416
2011-05-02,-0.0044236210107092555
2011-05-03,-0.008695492767343271
2011-05-04,-0.008377995886183709
2011-05-05,-0.016153236969403628
2011-05-06,0.008434243164326283
2011-05-09,0.00828938789889544
2011-05-10,0.015538748901497534
2011-05-11,-0.0167968245881448
2011-05-12,0.009084105023133393
2011-05-13,-0.018150532901350713
2011-05-16,-0.021721319821161877
2011-05-17,0.0019440134557866529
2011-05-18,0.016256870980016824
2011-05-19,0.004720695427651078
2011-05-20,-0.012507381636092996
2011-05-23,-0.02316221582421918
2011-05-24,-0.0058652285174727314
2011-05-25,0.00596412753370279
2011-05-26,0.009427027022373524
2011-05-27,0.008857850059596606
2011-05-31,0.02357984263411006
2011-06-01,-0.03981419499480743
2011-06-02,0.00099157222487678
2011-06-03,-0.0216389417988343
2011-06-06,-0.016978139829748384
2011-06-07,-0.0021925042623921476
2011-06-08,-0.010923126525191007
2011-06-09,0.008557548635896417
2011-06-10,-0.026335875220049876
2011-06-13,-0.001383075353472707
2011-06-14,0.02324300591243378
2011-06-15,-0.030967953992962927
2011-06-16,-0.0021838100889922663
2011-06-17,0.0007215849734332203
2011-06-20,0.008825894657797928
2011-06-21,0.031100674909617432
2011-06-22,-0.010924020124058242
2011-06-23,0.003928747670224775
2011-06-24,-0.02747582268634441
2011-06-27,0.021152603847386153
2011-06-28,0.025221696229868806
2011-06-29,0.012770569503029794
2011-06-30,0.018866294325549093
2011-07-01,0.026330781926527713
2011-07-05,0.005319576246572755
2011-07-06,0.0041232866633060805
2011-07-07,0.023373874040011122
2011-07-08,-0.008781582426730883
2011-07-11,-0.031070027277671275
2011-07-12,-0.010979734193583335
2011-07-13,0.007745496271140961
2011-07-14,-0.01594369203080781
2011-07-15,0.017180301990832758
2011-07-18,-0.011238840712863518
2011-07-19,0.03366453053997143
2011-07-20,-0.0038254251198447387
2011-07-21,0.018077316108987995
2011-07-22,0.010489931137999564
2011-07-25,-0.005430314110283607
2011-07-26,-0.0013830120732514217
2011-07-27,-0.04153757646876266
2011-07-28,-0.001227043492266544
2011-07-29,-0.008499858299705343
2011-08-01,-0.007883789122317686
2011-08-02,-0.04366003179831768
2011-08-03,0.012948468552697046
2011-08-04,-0.08363198782795223
2011-08-05,-0.00722168048539118
2011-08-08,-0.10455258679350399
2011-08-09,0.08156310667510747
2011-08-10,-0.07166365906641325
2011-08-11,0.07450795489814332
2011-08-12,0.012883493176997884
2011-08-15,0.032405730737041116
2011-08-16,-0.01326174482026532
2011-08-17,-0.003944605480685537
2011-08-18,-0.07805885991017136
2011-08-19,-0.02761402268884694
2011-08-22,0.006609301534377776
2011-08-23,0.057529105660929725
2011-08-24,0.013559004814013065
2011-08-25,-0.025911531986659853
2011-08-26,0.037448637649949434
2011-08-29,0.047450207284474244
2011-08-30,0.01058089752200897
2011-08-31,0.004524764131426107
2011-09-01,8.51132815811173e-05
2011-09-02,0.0030220699079062108
2011-09-06,-0.00019001395650153352
2011-09-07,-0.0032645733151454026
2011-09-08,0.0026631532868393037
2011-09-09,-0.0006227856976153134
2011-09-12,-0.0022634498989788643
2011-09-13,0.0010531890905338681
2011-09-14,-0.0007476550783328539
2011-09-15,-0.0015812347796700932
2011-09-16,0.0009192452953397101
2011-09-19,-0.0015315886328114425
2011-09-20,0.0013936342656533096
2011-09-21,-0.0012332580133030957
2011-09-22,-0.002560509392537047
2011-09-23,-0.005229937935164908
2011-09-26,-0.0012611498765904283
2011-09-27,0.0017362033768846263
2011-09-28,-0.0025047852782547064
2011-09-29,0.0008436815919192764
2011-09-30,0.00020559449091850368
2011-10-03,0.001835466405205155
2011-10-04,-0.0020962680701479552
2011-10-05,0.001151770937301011
2011-10-06,0.0006514299536684032
2011-10-07,-0.0008271772880867889
2011-10-10,0.002586152336783387
2011-10-11,-0.0007370786429857779
2011-10-12,0.0007327305315401045
2011-10-13,-0.0006046532059211795
2011-10-14,0.0006947800136178905
2011-10-17,-0.000490394910876546
2011-10-18,-0.0004906355137754836
2011-10-19,-0.0012423107521392085
2011-10-20,-0.0013260018896984471
2011-10-21,0.0011080810206376412
2011-10-24,0.0009488344067987153
2011-10-25,0.002886221227280217
2011-10-26,0.0011404012004705422
2011-10-27,0.0013529513552799077
2011-10-28,4.431636963198038e-05
2011-10-31,-0.0014316422965439113
2011-11-01,-0.02368159099953615
2011-11-02,0.008077489138485383
2011-11-03,0.020107544235866692
2011-11-04,-0.004986087665440064
2011-11-07,0.008645401181253565
2011-11-08,0.009461523490416512
2011-11-09,-0.032333066942817124
2011-11-10,-0.0017557796451200813
2011-11-11,0.01805949960389497
2011-11-14,-0.005550412343025446
2011-11-15,0.009731249221490712
2011-11-16,-0.016327232869340014
2011-11-17,-0.0221712356063819
2011-11-18,-0.0070127078099678775
2011-11-21,-0.018720938756670913
2011-11-22,0.0032611194379612574
2011-11-23,-0.019249560494274176
2011-11-25,-0.006811290706846718
2011-11-28,0.02991711132176622
2011-11-29,-0.004845836021937333
2011-11-30,0.03282452177906747
2011-12-01,-0.00029353575413326727
2011-12-02,0.00011242802352273706
2011-12-05,-0.0014693735050622658
2011-12-06,0.0005066804645648126
2011-12-07,0.0007186360831341609
2011-12-08,-0.002010726951477304
2011-12-09,0.0002478299287245189
2011-12-12,-0.0025974578318245234
2011-12-13,-0.0020904038192133267
2011-12-14,-0.0032903065913248986
2011-12-15,-0.0003325268218652422
2011-12-16,0.001722590589666284
2011-12-19,-0.0002131116211944173
2011-12-20,0.0012518079546317562
2011-12-21,0.0001069896814569482
2011-12-22,-0.0006630200794763841
2011-12-23,0.00016038923325756294
2011-12-27,-0.0008289106107637334
2011-12-28,-0.0023008223806193495
2011-12-29,-0.0004094532304091958
2011-12-30,0.000981981203857396
2012-01-03,7.936507935291104e-07
2012-01-04,7.936507939731996e-07
2012-01-05,7.93650793751155e-07
2012-01-06,7.93650793751155e-07
2012-01-09,3.968253967645552e-07
2012-01-10,7.93650793751155e-07
2012-01-11,7.93650793751155e-07
2012-01-12,1.1904761905157102e-06
2012-01-13,1.1904761902936656e-06
2012-01-17,1.1904761905157102e-06
2012-01-18,1.1904761905157102e-06
2012-01-19,1.9841269840448206e-06
2012-01-20,1.9841269840448206e-06
2012-01-23,1.5873015872802654e-06
2012-01-24,1.5873015872802654e-06
2012-01-25,1.5873015872802654e-06
2012-01-26,1.9841269840448206e-06
2012-01-27,2.3809523810314204e-06
2012-01-30,1.9841269840448206e-06
2012-01-31,2.3809523810314204e-06
2012-02-01,0.015225726634372494
2012-02-02,0.005817068205277609
2012-02-03,0.023287844235524657
2012-02-06,-0.001347252794710485
2012-02-07,0.005149118179171852
2012-02-08,0.006301631621978165
2012-02-09,0.007789922022399587
2012-02-10,-0.013019042264178271
2012-02-13,0.014005309726352388
2012-02-14,0.001971472597245727
2012-02-15,-0.010499476386628848
2012-02-16,0.02203014933165104
2012-02-17,-0.0005535174984382385
2012-02-21,0.005108264772269111
2012-02-22,-0.005987536919509262
2012-02-23,0.010050762469223429
2012-02-24,0.004565646747428431
2012-02-27,0.002789142306322434
2012-02-28,0.012522568179780258
2012-02-29,-0.014129804755797837
2012-03-01,0.015011523552925565
2012-03-02,-0.003403828959032018
2012-03-05,-0.013043330605320591
2012-03-06,-0.024580893550968597
2012-03-07,0.013363702969242608
2012-03-08,0.019835730437652854
2012-03-09,0.007816557518879996
2012-03-12,-9.277075521196831e-05
2012-03-13,0.031358307852135114
2012-03-14,0.0008563316358951578
2012-03-15,0.007731063146785733
2012-03-16,0.0011662019925195999
2012-03-19,0.01072388941858593
2012-03-20,-0.0021203380431439323
2012-03-21,-0.001442144663189815
2012-03-22,-0.008862190119246827
2012-03-23,0.0039002843230420137
2012-03-26,0.02978994520018441
2012-03-27,-0.002143455359451485
2012-03-28,-0.009032096322801664
2012-03-29,-0.0048236976109454766
2012-03-30,0.0015603235294361362
2012-04-02,0.015747466021278633
2012-04-03,-0.003037695085296499
2012-04-04,-0.02203672030534265
2012-04-05,0.005273279073279236
2012-04-09,-0.016177389892386373
2012-04-10,-0.030533367096772013
2012-04-11,0.011277541574741923
2012-04-12,0.02265493955365927
2012-04-13,-0.024672862970849807
2012-04-16,-0.010402603544690359
2012-04-17,0.031312010705451865
2012-04-18,-0.005670423343930198
2012-04-19,-0.014499230439627753
2012-04-20,-0.0019941249895344404
2012-04-23,-0.015502554983242156
2012-04-24,-0.001618790848494478
2012-04-25,0.036114109016490925
2012-04-26,0.011264112124290682
2012-04-27,0.007104687687258249
2012-04-30,-0.010417052556523254
2012-05-01,0.0069633434240570224
2012-05-02,-0.00040809666878682815
2012-05-03,-0.016147405241484725
2012-05-04,-0.03679340135679787
2012-05-07,0.0009399297671650597
2012-05-08,-0.006700322274478143
2012-05-09,-0.007175572656651696
2012-05-10,-0.0016340673160136765
2012-05-11,-0.0021694665968503557
2012-05-14,-0.018056151161905842
2012-05-15,-0.008053514166622255
2012-05-16,-0.00963759238000983
2012-05-17,-0.03222284285387256
2012-05-18,-0.01896202810642944
2012-05-21,0.03892392523256172
2012-05-22,0.0007977152428295664
2012-05-23,0.0033121965252131957
2012-05-24,-0.003969930237158414
2012-05-25,-0.005075987319550723
2012-05-29,0.022050325331870013
2012-05-30,-0.02039820873246867
2012-05-31,-0.0034024508480365867
2012-06-01,-0.0491189085510878
2012-06-04,0.006643187181523791
2012-06-05,0.009779621157537166
2012-06-06,0.04168115341592871
2012-06-07,-0.004032479509169518
2012-06-08,0.016762205912691064
2012-06-11,-0.02561315983086465
2012-06-12,0.019773120281451284
2012-06-13,-0.01207833514427259
2012-06-14,0.012791008098270273
2012-06-15,0.02010863139389385
2012-06-18,0.010346055512668206
2012-06-19,0.018382433100004203
2012-06-20,-0.00024153044014552094
2012-06-21,-0.043546635456555904
2012-06-22,0.015490627989807715
2012-06-25,-0.03152197174579663
2012-06-26,0.010644534713950549
2012-06-27,0.013318013611920865
2012-06-28,-0.012104744801748946
2012-06-29,0.050193398453499016
2012-07-02,0.005515181272980563
2012-07-03,0.013552760579282452
2012-07-05,-0.0036318603099575464
2012-07-06,-0.020180013910977013
2012-07-09,-0.0026012206243496427
2012-07-10,-0.016096560306237073
2012-07-11,-0.005278089994198321
2012-07-12,-0.01208213821423132
2012-07-13,0.02670862455725964
2012-07-16,-0.003570597789843699
2012-07-17,0.010272442216701538
2012-07-18,0.018847481516495623
2012-07-19,0.01199141719139507
2012-07-20,-0.019479875847448813
2012-07-23,-0.019429305565289656
2012-07-24,-0.014786708077983768
2012-07-25,-0.007132435501437495
2012-07-26,0.025757310973390846
2012-07-27,0.04001449652341549
2012-07-30,-0.0018024306248479727
2012-07-31,-0.005174731553456158
2012-08-01,-0.004742536550136789
2012-08-02,-0.009156832999498876
2012-08-03,0.03391693896429815
2012-08-06,0.008838373586889547
2012-08-07,0.011985190528109424
2012-08-08,0.000513224191520445
2012-08-09,0.0038001918100296628
2012-08-10,0.0022636568020328873
2012-08-13,0.001984540565272974
2012-08-14,0.00017170004863764632
2012-08-15,0.0027570356869566215
2012-08-16,0.017697853616641
2012-08-17,0.005463009192027579
2012-08-20,0.0015441954633144128
2012-08-21,-0.006453478795819256
2012-08-22,0.003716211954894133
2012-08-23,-0.01429728293787802
2012-08-24,0.01064321074584429
2012-08-27,0.0016296443729080234
2012-08-28,-0.0005243409857412784
2012-08-29,0.0002228368437662276
2012-08-30,-0.015444736805878767
2012-08-31,0.011177090013427149
2012-09-04,-0.003969904281836301
2012-09-05,-0.0006948810400783101
2012-09-06,0.038383430578560196
2012-09-07,0.004800700482903819
2012-09-10,-0.017154356777776325
2012-09-11,0.0013031641814311712
2012-09-12,0.005817869432129585
2012-09-13,0.02778594079772878
2012-09-14,0.01202855350830978
2012-09-17,-0.0031783520233310547
2012-09-18,0.0010950491361889636
2012-09-19,0.001420288402447234
2012-09-20,-0.0006412091942022968
2012-09-21,-8.936923792224327e-05
2012-09-24,-0.007945218868188553
2012-09-25,-0.02089237786800402
2012-09-26,-0.013394342371052637
2012-09-27,0.022143846090609598
2012-09-28,-0.011584500359772987
2012-10-01,0.000660465287946721
2012-10-02,0.0037290392060052024
2012-10-03,0.008920697967293778
2012-10-04,0.011155650429851338
2012-10-05,-0.006117379904124642
2012-10-08,-0.01105615163903495
2012-10-09,-0.023327171997888252
2012-10-10,-0.010430045490584239
2012-10-11,-0.0029820160064308876
2012-10-12,-0.003937944535470472
2012-10-15,0.012317708337127753
2012-10-16,0.022801580653679432
2012-10-17,0.004327506302600703
2012-10-18,-0.012710334454882122
2012-10-19,-0.03808564504340173
2012-10-22,0.005252209192227131
2012-10-23,-0.022881821212813458
2012-10-24,-0.006492356044169312
2012-10-25,0.003410467173906806
2012-10-26,0.0019260589929941396
2012-10-31,-0.0063821557598889855
2012-11-01,0.010665730911030513
2012-11-02,-0.010403069770779205
2012-11-05,0.002296483083454426
2012-11-06,0.008569378217433643
2012-11-07,-0.019985807719143045
2012-11-08,-0.010390632976046144
2012-11-09,0.0007580159045113
2012-11-12,0.00047900019371871494
2012-11-13,-0.0029456153223862414
2012-11-14,-0.011881866444368838
2012-11-15,-0.002314303108219895
2012-11-16,0.0036852124469706204
2012-11-19,0.01881063439307984
2012-11-20,0.0007979000222959609
2012-11-21,0.001658031318301001
2012-11-23,0.013027911643386458
2012-11-26,-0.0014068587667362964
2012-11-27,-0.004721078407536772
2012-11-28,0.004630755771333428
2012-11-29,0.0052076625791870335
2012-11-30,-0.0019682837359962235
2012-12-03,-0.004982026291125541
2012-12-04,-0.004201463222712087
2012-12-05,-0.0077271065166961694
2012-12-06,0.008377736877338782
2012-12-07,-0.0016076443552324182
2012-12-10,0.0034724689899305883
2012-12-11,0.017587307651358852
2012-12-12,-0.0018762580013230723
2012-12-13,-0.012615560389928393
2012-12-14,-0.01223442366062244
2012-12-17,0.022765539224951947
2012-12-18,0.022248282920646956
2012-12-19,-0.01132027006158054
2012-12-20,0.003974654938416533
2012-12-21,-0.016913971289885477
2012-12-24,-0.005117347482066381
2012-12-26,-0.011190752848278862
2012-12-27,-0.001792883944805257
2012-12-28,-0.019193022268884752
2012-12-31,0.0348928092614067
2013-01-02,0.022633468626890307
2013-01-03,-0.0034480544152351023
2013-01-04,0.003565159182621791
2013-01-07,-0.0027955351443884613
2013-01-08,-0.002093211676866713
2013-01-09,0.0025229684973133715
2013-01-10,0.007698786552353454
2013-01-11,-0.00018831493362181373
2013-01-14,-0.0007985805515922095
2013-01-15,0.001413029868807536
2013-01-16,-8.94674050262445e-05
2013-01-17,0.006293523953197155
2013-01-18,0.002151700243418375
2013-01-22,0.0052349988814159865
2013-01-23,0.0010879764171893846
2013-01-24,-0.0007000446796058268
2013-01-25,0.005121748599721032
2013-01-28,-0.0011353669684422973
2013-01-29,0.0038316237241917683
2013-01-30,-0.0029116937885147465
2013-01-31,-0.002289279789488119
2013-02-01,0.018639684397940837
2013-02-04,-0.025534305096985732
2013-02-05,0.023029999321822148
2013-02-06,-0.0028450505998106612
2013-02-07,-1.0706273886329498e-05
2013-02-08,0.013703361716851159
2013-02-11,1.0612862597625394e-05
2013-02-12,-0.002272402756393843
2013-02-13,0.004056209116485521
2013-02-14,0.0004562284000872996
2013-02-15,-0.0032491365728114507
2013-02-19,0.01264142334452334
2013-02-20,-0.025285268847903275
2013-02-21,-0.014838907677200641
2013-02-22,0.017448120953593493
2013-02-25,-0.027871979615817444
2013-02-26,0.008932363825736589
2013-02-27,0.02035925736023758
2013-02-28,-0.0033233313103591122
2013-03-01,0.006559080590953226
2013-03-04,0.008831423839182229
2013-03-05,0.02181338998088367
2013-03-06,-0.0010747685110445993
2013-03-07,0.004461243558854244
2013-03-08,0.004272411354962813
2013-03-11,0.006282210271170596
2013-03-12,-0.005246240419633952
2013-03-13,-0.000544881914102846
2013-03-14,0.008062076587860734
2013-03-15,-0.0036939302947043284
2013-03-18,-0.007151003870335404
2013-03-19,-0.003548678811217121
2013-03-20,0.0114923958133335
2013-03-21,-0.016846507023068558
2013-03-22,0.015205085584191425
2013-03-25,-0.006574567106937712
2013-03-26,0.01214576652044519
2013-03-27,0.0006662498324621069
2013-03-28,0.0045630946848262965
2013-04-01,-0.009224997210771302
2013-04-02,0.011708431202285263
2013-04-03,-0.017417420676325346
2013-04-04,0.004065838081949824
2013-04-05,-0.011749281075058349
2013-04-08,0.011046692112071321
2013-04-09,0.008508805307487544
2013-04-10,0.029101909660570247
2013-04-11,0.0019682748762737123
2013-04-12,-0.002696920562698546
2013-04-15,-0.038426963176217965
2013-04-16,0.02481688876962318
2013-04-17,-0.030827858463111313
2013-04-18,-0.018315823208266746
2013-04-19,0.019728395729476045
2013-04-22,0.013450274754503111
2013-04-23,0.017902656641958004
2013-04-24,0.0007968670529732158
2013-04-25,0.0079531601054037
2013-04-26,-0.004209635883205443
2013-04-29,0.013868016226782132
2013-04-30,0.008782977352707277
2013-05-01,-0.011914966153218964
2013-05-02,0.019250790789703265
2013-05-03,0.019503878983990086
2013-05-06,0.006407140637139541
2013-05-07,0.003766947200412929
2013-05-08,0.008645162527719075
2013-05-09,-0.0030832188420826245
2013-05-10,0.007624333165716424
2013-05-13,0.0020980214620156534
2013-05-14,0.014003350244071955
2013-05-15,0.0064964066241723906
2013-05-16,-0.00503485479065513
2013-05-17,0.01714466918244617
2013-05-20,-0.001560562024479628
2013-05-21,0.00242367566431545
2013-05-22,-0.015012730974906519
2013-05-23,-0.004479505068935019
2013-05-24,-0.0012889992112368187
2013-05-28,0.010792696246576972
2013-05-29,-0.009707792439792584
2013-05-30,0.00784070555036176
2013-05-31,-0.021436550717294445
2013-06-03,0.006666081523313494
2013-06-04,-0.008568265152876231
2013-06-05,-0.024428573816740684
2013-06-06,0.011222536536662497
2013-06-07,0.023863878810941985
2013-06-10,0.0006489105166262998
2013-06-11,-0.017903723519697046
2013-06-12,-0.017707740768947988
2013-06-13,0.024305928691160217
2013-06-14,-0.011197971155600506
2013-06-17,0.01513097674032493
2013-06-18,0.014195151009662066
2013-06-19,-0.02218596714034049
2013-06-20,-0.04418878667135473
2013-06-21,-0.0014059363375376055
2013-06-24,-0.02011822206212266
2013-06-25,0.014818739438462014
2013-06-26,0.016085316201120747
2013-06-27,0.009658372257360881
2013-06-28,-0.0035341447125655234
2013-07-01,0.011525336362794958
2013-07-02,-0.000965027186182077
2013-07-03,0.004865852487069056
2013-07-05,0.01640515306058199
2013-07-08,0.005745457159596734
2013-07-09,0.012180212752159303
2013-07-10,0.005670719369253563
2013-07-11,0.031106064922034937
2013-07-12,0.0032470835156628297
2013-07-15,0.0063835051168867896
2013-07-16,-0.004976327865366947
2013-07-17,0.004490228736413027
2013-07-18,0.0024803195578813053
2013-07-19,-0.007343509596250186
2013-07-22,0.0038143697259132026
2013-07-23,-0.008138274328732709
2013-07-24,-0.000723482462663072
2013-07-25,0.007162359245363792
2013-07-26,0.005868492819804283
2013-07-29,-0.0042313616196918424
2013-07-30,0.004753613460352746
2013-07-31,0.002053356309049459
2013-08-01,0.019740811251012458
2013-08-02,0.006878195782217711
2013-08-05,-0.0005877539925092101
2013-08-06,-0.010222924798475197
2013-08-07,-0.004766759727514502
2013-08-08,0.006573064145281693
2013-08-09,-0.005645949699165542
2013-08-12,0.00074344084099498
2013-08-13,0.007893185199103758
2013-08-14,-0.0075399650919733
2013-08-15,-0.028392378926129114
2013-08-16,-0.003242734805906311
2013-08-19,-0.00717031660069678
2013-08-20,0.008045220960569033
2013-08-21,-0.008579986664136396
2013-08-22,0.016508186080460563
2013-08-23,0.009434949940426485
2013-08-26,-0.0028564625171295654
2013-08-27,-0.03345983035287137
2013-08-28,0.007099763730485709
2013-08-29,0.007709293319104749
2013-08-30,-0.008993510968707819
2013-09-03,0.008699575936556903
2013-09-04,0.017824283946181074
2013-09-05,0.0021120551943520915
2013-09-06,0.0016779653770371272
2013-09-09,0.019515903530997747
2013-09-10,0.01109359115457309
2013-09-11,0.0009790925766697267
2013-09-12,-0.0027839436596233114
2013-09-13,0.0023072007535489547
2013-09-16,0.002977183383235271
2013-09-17,0.010107904091140263
2013-09-18,0.021207450520048132
2013-09-19,0.0006852250071760491
2013-09-20,-0.010135361519083008
2013-09-23,-0.005558412333569018
2013-09-24,-0.0022306291929831135
2013-09-25,-0.0049059518383800516
2013-09-26,0.009604997876047072
2013-09-27,-0.004775493476126935
2013-09-30,-0.007813285309676288
2013-10-01,0.01676898619956746
2013-10-02,-0.0019618779073125037
2013-10-03,-0.017861901843117978
2013-10-04,0.013695378675537606
2013-10-07,-0.014881624776310942
2013-10-08,-0.027314401728904758
2013-10-09,-0.0031991798405509586
2013-10-10,0.03792657327883964
2013-10-11,0.013462890113633774
2013-10-14,0.009975600898865622
2013-10-15,-0.009880989386684136
2013-10-16,0.02250357227508748
2013-10-17,0.011245328244397612
2013-10-18,0.0205537023527238
2013-10-21,0.0019404032760856893
2013-10-22,0.005839591466214156
2013-10-23,-0.008731674953433854
2013-10-24,0.0069650784607122596
2013-10-25,0.009870252509990518
2013-10-28,0.0022243229577114665
2013-10-29,0.006213632743653941
2013-10-30,-0.005468682605474728
2013-10-31,-0.004789716200931604
2013-11-01,0.0019084408779013184
2013-11-04,0.00457422458374479
2013-11-05,-0.0012969231812275384
2013-11-06,0.0040131140325199155
2013-11-07,-0.028306894592693976
2013-11-08,0.02406664259430924
2013-11-11,-0.0010828738273185312
2013-11-12,-0.0007226298761671135
2013-11-13,0.018302897960475573
2013-11-14,0.007180861136093952
2013-11-15,0.0055335716973277105
2013-11-18,-0.01127180356443025
2013-11-19,-0.005339107510245578
2013-11-20,-0.004249919365662325
2013-11-21,0.015603414495213075
2013-11-22,0.009290370801224412
2013-11-25,0.0018295220768431708
2013-11-26,0.00438950460792098
2013-11-27,0.007988777372640588
2013-11-29,0.004307260169588378
2013-12-02,-0.003999537888125793
2013-12-03,-0.0043288521004437586
2013-12-04,-6.1442124039357e-05
2013-12-05,-0.004490554841714234
2013-12-06,0.016381286353458258
2013-12-09,0.005455672326229566
2013-12-10,-0.0037186182119344213
2013-12-11,-0.021648284303956378
2013-12-12,-0.0048589377994529
2013-12-13,-0.0018422342357439225
2013-12-16,0.010558810312560674
2013-12-17,-0.004959684206428117
2013-12-18,0.0256236227307165
2013-12-19,-0.0030798666731544078
2013-12-20,0.013589502883293303
2013-12-23,0.014608040734728212
2013-12-24,0.002674570098078588
2013-12-26,0.007360189770289738
2013-12-27,-0.0023814231974575994
2013-12-30,-0.0018213293078945814
2013-12-31,0.010151712331423202
2014-01-02,-0.015556032427296862
2014-01-03,-0.0069586558197403114
2014-01-06,-0.0057153411868658965
2014-01-07,0.013325482491630014
2014-01-08,0.002472109148456303
2014-01-09,-0.0024919253275850206
2014-01-10,0.004850176032214382
2014-01-13,-0.025173233555153773
2014-01-14,0.026924294845329877
2014-01-15,0.012340731980392095
2014-01-16,-0.0009915789861125734
2014-01-17,-0.009086302533497292
2014-01-21,0.00930036032857906
2014-01-22,0.0035358627482118266
2014-01-23,-0.010478219820842294
2014-01-24,-0.03766170642679545
2014-01-27,-0.012834958788706552
2014-01-28,0.004668617049522705
2014-01-29,-0.01806147047074058
2014-01-30,0.02529620654814413
2014-01-31,-0.007443411917368636
2014-02-03,-0.0408280089256885
2014-02-04,0.012598594183552914
2014-02-05,-0.003350185834597341
2014-02-06,0.022430703660909046
2014-02-07,0.027699050232133038
2014-02-10,0.006674117042113403
2014-02-11,0.0201436910648094
2014-02-12,0.002483039924887853
2014-02-13,0.01112898264419937
2014-02-14,0.006915884178306797
2014-02-18,0.005748878549287184
2014-02-19,-0.012148567912871444
2014-02-20,0.008468933581500027
2014-02-21,-0.002031306838919278
2014-02-24,0.009960429798091752
2014-02-25,-0.0013120101134822537
2014-02-26,-0.0008764790737090244
2014-02-27,0.010937708029429727
2014-02-28,0.0008329257098060872
2014-03-03,-0.01068819567612922
2014-03-04,0.02318736819535272
2014-03-05,0.002566626316810039
2014-03-06,0.0025429062772144295
2014-03-07,-0.005070455170964605
2014-03-10,0.0006205092852609173
2014-03-11,-0.007729614459827561
2014-03-12,0.00479988554074362
2014-03-13,-0.022179750576881485
2014-03-14,-0.008331224891840239
2014-03-17,0.01478509129223271
2014-03-18,0.016491050536588725
2014-03-19,-0.010993827374462195
2014-03-20,0.006558570176276701
2014-03-21,-0.013763975746735269
2014-03-24,-0.01289156836749128
2014-03-25,0.007144587722435647
2014-03-26,-0.01892327376517544
2014-03-27,-0.007047069260975536
2014-03-28,0.005683740096605661
2014-03-31,0.013059638998271117
2014-04-01,0.021470224577192942
2014-04-02,0.005490195781561624
2014-04-03,-0.008135335227342
2014-04-04,-0.03504171050568616
2014-04-07,-0.01804528700051089
2014-04-08,0.011278831425636238
2014-04-09,0.0252411397026433
2014-04-10,-0.046890537150865885
2014-04-11,-0.018312275310728432
2014-04-14,0.01374433935749586
2014-04-15,0.009294373216303553
2014-04-16,0.02044085418138275
2014-04-17,0.0016327956448887182
2014-04-21,0.010190570677542254
2014-04-22,0.010896034213035755
2014-04-23,-0.00967763840794833
2014-04-24,0.010102317599192556
2014-04-25,-0.021604889346304446
2014-04-28,0.005940359648921367
2014-04-29,0.010613448860670394
2014-04-30,0.005671646568485844
2014-05-01,0.0024175786928590792
2014-05-02,-0.0029130604547051853
2014-05-05,0.0063507126259838564
2014-05-06,-0.019504259944281177
2014-05-07,0.0023139745449161087
2014-05-08,-0.0017614176672122728
2014-05-09,0.0050560006095747845
2014-05-12,0.022900027197418682
2014-05-13,0.0012519470828709078
2014-05-14,-0.008801086433489091
2014-05-15,-0.01482316532876371
2014-05-16,0.00913072403150883
2014-05-19,0.009698540731829075
2014-05-20,-0.009576018863130642
2014-05-21,0.01626702868559171
2014-05-22,0.006056099428699557
2014-05-23,0.0105134358393848
2014-05-27,0.01705889369442981
2014-05-28,-0.0038905057853881875
2014-05-29,0.010480569175702392
2014-05-30,0.0014988666828634756
2014-06-02,-4.176469281680362e-05
2014-06-03,-0.0005329601450445587
2014-06-04,0.004884685846312964
2014-06-05,0.01336752620376691
2014-06-06,0.00948375847699201
2014-06-09,0.0002895137347047605
2014-06-10,0.0015460768723845053
2014-06-11,-0.0033867858247563776
2014-06-12,-0.014117983871803963
2014-06-13,0.005087393045628996
2014-06-16,0.001298547991985588
2014-06-17,0.0028371725815026227
2014-06-18,0.012165173585524158
2014-06-19,0.0002772943032296471
2014-06-20,0.0024962162045456537
2014-06-23,0.0001259846963859168
2014-06-24,-0.0064290598903743446
2014-06-25,0.009774864479721312
2014-06-26,-0.00033666491980000046
2014-06-27,0.005594455430792733
2014-06-30,0.0014636310345477188
2014-07-01,0.015615345977098238
2014-07-02,0.0022057000491844114
2014-07-03,0.009685817225845605
2014-07-07,-0.006090983173982267
2014-07-08,-0.016630425187336817
2014-07-09,0.0113584618535576
2014-07-10,-0.005824980679285385
2014-07-11,0.006670353454722333
2014-07-14,0.008116257564509288
2014-07-15,-0.005627965579336647
2014-07-16,0.007111259668742376
2014-07-17,-0.02071689924158049
2014-07-18,0.02220126805814293
2014-07-21,-0.0027337751548811573
2014-07-22,0.009668193394212654
2014-07-23,0.007636747579941705
2014-07-24,-0.0019744979580349487
2014-07-25,-0.00709874353793849
2014-07-28,0.0006034543405672999
2014-07-29,-0.005463327557174491
2014-07-30,0.0035633278032645155
2014-07-31,-0.03763489216279836
2014-08-01,-0.005096512620405114
2014-08-04,0.011840809607923664
2014-08-05,-0.01550416295590995
2014-08-06,0.000693427143333869
2014-08-07,-0.007123590757819098
2014-08-08,0.016671597401162197
2014-08-11,0.007713529269955055
2014-08-12,-0.0018193386061183814
2014-08-13,0.016304379005640746
2014-08-14,0.008773670596238903
2014-08-15,0.003437695863153012
2014-08-18,0.01423243699804111
2014-08-19,0.009334163542685125
2014-08-20,0.0023947322408988114
2014-08-21,0.0029935055462970706
2014-08-22,0.00011946342820845501
2014-08-25,0.007656002212549362
2014-08-26,0.0022499894594723013
2014-08-27,-0.00035801683377001403
2014-08-28,-0.0015267161406952168
2014-08-29,0.006104604825886595
2014-09-02,0.00030278938434591396
2014-09-03,-0.005206097685933941
2014-09-04,-0.0033491559744792676
2014-09-05,0.009738310978778308
2014-09-08,-0.002002098711385236
2014-09-09,-0.012850227146236626
2014-09-10,0.009764307278283368
2014-09-11,-0.0002487851385996054
2014-09-12,-0.010792569528566776
2014-09-15,-0.009546116580763875
2014-09-16,0.015051325100734259
2014-09-17,0.0015941027370780514
2014-09-18,0.011546921463105653
2014-09-19,-0.0022119670472049435
2014-09-22,-0.015131944039949663
2014-09-23,-0.007000381193973171
2014-09-24,0.0162356235164145
2014-09-25,-0.033631982284236916
2014-09-26,0.016979423737308208
2014-09-29,-0.003139841503613572
2014-09-30,-0.0018959052250392405
2014-10-01,-0.026421182073941396
2014-10-02,-0.0003332881413592448
2014-10-03,0.01883468978860825
2014-10-06,-0.0031059910655804046
2014-10-07,-0.02633014140984069
2014-10-08,0.03323268241506683
2014-10-09,-0.03311363619036023
2014-10-10,-0.03246551166420908
2014-10-13,-0.0286242682752178
2014-10-14,0.001790656312649519
2014-10-15,-0.012351232692048075
2014-10-16,-0.0065314623921668424
2014-10-17,0.022664798043521506
2014-10-20,0.021721117064993578
2014-10-21,0.04089978746903289
2014-10-22,-0.010995687607834648
2014-10-23,0.02383817837808544
2014-10-24,0.013369340560040577
2014-10-27,-0.00278107099741709
2014-10-28,0.026626864301025455
2014-10-29,-0.004583890660755374
2014-10-30,0.007911682154877475
2014-10-31,0.02229913620656765
2014-11-03,0.0030737404607039664
2014-11-04,-0.0056789389900341325
2014-11-05,0.0053822096066193925
2014-11-06,0.006652885918664531
2014-11-07,-0.0003261931326274947
2014-11-10,0.006143895971351787
2014-11-11,0.003424706044063308
2014-11-12,0.0008862443705839329
2014-11-13,0.00443694626356117
2014-11-14,0.003096628291746839
2014-11-17,-0.0022239782022311916
2014-11-18,0.012181762794315487
2014-11-19,-0.005772631562938724
2014-11-20,0.005815603205985065
2014-11-21,0.006199106661407772
2014-11-24,0.010114902290652594
2014-11-25,0.0009096946415954044
2014-11-26,0.007938896947376373
2014-11-28,0.0022207129290707783
2014-12-01,-0.01658455748434884
2014-12-02,0.009036093811988888
2014-12-03,0.005541262928697721
2014-12-04,-0.0019426903552318686
2014-12-05,0.001997676775905788
2014-12-08,-0.012776024549303044
2014-12-09,0.0024627721592693774
2014-12-10,-0.0286050826593105
2014-12-11,0.008363768117924053
2014-12-12,-0.02388247606568883
2014-12-15,-0.015770706777989973
2014-12-16,-0.021711486979149597
2014-12-17,0.03384404264115437
2014-12-18,0.04401661032001347
2014-12-19,0.00668110384444609
2014-12-22,0.007071398201073498
2014-12-23,-0.001393305824668567
2014-12-24,0.00046970043839533737
2014-12-26,0.009353821867087664
2014-12-29,0.0006446411092821958
2014-12-30,-0.010948206692309448
2014-12-31,-0.018486390670308994
2015-01-02,-0.0024719950127892742
2015-01-05,-0.030110020961881978
2015-01-06,-0.01988430353632431
2015-01-07,0.02230995704043126
2015-01-08,0.032919524995002725
2015-01-09,-0.013559861868269407
2015-01-12,-0.01618582506138555
2015-01-13,-0.002987002433365471
2015-01-14,-0.010024361909494295
2015-01-15,-0.019954524127247075
2015-01-16,0.021957290913741545
2015-01-20,0.008966564006906763
2015-01-21,0.008964294923899274
2015-01-22,0.029964850608100724
2015-01-23,-0.0030884754542667148
2015-01-26,0.0012478169680207873
2015-01-27,-0.035026364790905595
2015-01-28,-0.0165968045745154
2015-01-29,0.01677220965105697
2015-01-30,-0.017860902239015042
2015-02-02,0.017491130194674742
2015-02-03,0.02071721708454599
2015-02-04,-0.004067688620047805
2015-02-05,0.017657816712616237
2015-02-06,-0.010758332896827483
2015-02-09,-0.006658259312504966
2015-02-10,0.023026772591572042
2015-02-11,0.0030517534922256395
2015-02-12,0.01923984500463427
2015-02-13,0.012001773395402981
2015-02-17,0.0011948232565255346
2015-02-18,0.0014913513031920012
2015-02-19,0.0036762386928506086
2015-02-20,0.010855803417737953
2015-02-23,0.0010562130979916429
2015-02-24,0.0031104645328152714
2015-02-25,-0.003150159005046671
2015-02-26,0.003987870485840039
2015-02-27,-0.006796955303191798
2015-03-02,0.013531163116964784
2015-03-03,-0.008244156533801172
2015-03-04,-0.006856087821119128
2015-03-05,0.002188511478176558
2015-03-06,-0.022970751737451445
2015-03-09,0.006187606324921768
2015-03-10,-0.030821560578424334
2015-03-11,-0.00737773117272289
2015-03-12,0.017256183770376854
2015-03-13,-0.009409626094275203
2015-03-16,0.023623301014046305
2015-03-17,-0.001815074021591867
2015-03-18,0.01966598631540628
2015-03-19,-0.0029795394697091915
2015-03-20,0.014132634116269749
2015-03-23,-0.003675399424149184
2015-03-24,-0.008670067657501779
2015-03-25,-0.03350916205615517
2015-03-26,-0.00504065755195493
2015-03-27,0.0054138027472065975
2015-03-30,0.021927342426081076
2015-03-31,-0.01827767013881043
2015-04-01,-0.00759880502047372
2015-04-02,0.003110882668820869
2015-04-06,0.013649696467143757
2015-04-07,-0.0037023435660066273
2015-04-08,0.009862871199695755
2015-04-09,0.009738539510618649
2015-04-10,0.00828459647606583
2015-04-13,-0.006193057083037634
2015-04-14,-0.0009274952686045834
2015-04-15,0.009292190011931822
2015-04-16,-0.0013993685756257257
2015-04-17,-0.024279549394868427
2015-04-20,0.021631887151034812
2015-04-21,0.0026213063127120684
2015-04-22,0.009259369027250441
2015-04-23,0.005895927883244889
2015-04-24,0.01411453322486822
2015-04-27,-0.00583359848428211
2015-04-28,0.000683805399005033
2015-04-29,-0.009295506236292939
2015-04-30,-0.023435028878218356
2015-05-01,0.021717375193187394
2015-05-04,0.004099446669724838
2015-05-05,-0.024840662957272386
2015-05-06,-0.009861017134322303
2015-05-07,0.008414368673257622
2015-05-08,0.02305657426409513
2015-05-11,-0.008186102866967748
2015-05-12,-0.006455773047364666
2015-05-13,0.0019966506529742745
2015-05-14,0.022300968576953295
2015-05-15,0.0012009342965404457
2015-05-18,0.006545802885303154
2015-05-19,-0.0015634320920736577
2015-05-20,-0.0001267669072239075
2015-05-21,0.007641130729191703
2015-05-22,-0.002674219867243033
2015-05-26,-0.02043871287096377
2015-05-27,0.022519225235904772
2015-05-28,-0.0027688513530763625
2015-05-29,-0.01092278223203258
2015-06-01,0.004380417480259524
2015-06-02,-0.003396385945709901
2015-06-03,0.0051600576225561134
2015-06-04,-0.013734432552931941
2015-06-05,-0.0043721989924530025
2015-06-08,-0.014853660621974685
2015-06-09,-0.0014390754414087548
2015-06-10,0.0220469582457532
2015-06-11,0.004411238003778628
2015-06-12,-0.01387433883384026
2015-06-15,-0.008489755451819625
2015-06-16,0.00948677370485651
2015-06-17,0.003981706999326207
2015-06-18,0.021746364151442377
2015-06-19,-0.009433757288663247
2015-06-22,0.012991850051886855
2015-06-23,0.0012013072313608042
2015-06-24,-0.011031195497118285
2015-06-25,-0.005017174459605034
2015-06-26,-0.005426404432956167
2015-06-29,-0.039361702347384564
2015-06-30,0.00460942241132245
2015-07-01,0.013523208636104345
2015-07-02,-0.00032376757847751847
2015-07-06,-0.004809435312083998
2015-07-07,0.006956291101565926
2015-07-08,-0.03014759459748717
2015-07-09,0.0007207146870265024
2015-07-10,0.025518536239262257
2015-07-13,0.0252157832709905
2015-07-14,0.01016234622538903
2015-07-15,0.0006583390224423891
2015-07-16,0.019479508758135644
2015-07-17,0.0142821317483528
2015-07-20,0.004093741517962268
2015-07-21,-0.004560465734483321
2015-07-22,-0.012041415175166326
2015-07-23,-0.008411328044803601
2015-07-24,-0.018222372100566542
2015-07-27,-0.01306792544700719
2015-07-28,0.01855131202682836
2015-07-29,0.0100183463816641
2015-07-30,0.004396396990622886
2015-07-31,-0.002414206018786391
2015-08-03,-0.005697226838366376
2015-08-04,-0.00398581199672976
2015-08-05,0.010222916328903153
2015-08-06,-0.02093602365386238
2015-08-07,-0.0037534210133339796
2015-08-10,0.0212381472681471
2015-08-11,-0.019614918304683537
2015-08-12,0.0036871596639913573
2015-08-13,-0.0024996286910844434
2015-08-14,0.004590661050265066
2015-08-17,0.012590731187316573
2015-08-18,-0.007071215830861122
2015-08-19,-0.01318167705419282
2015-08-20,-0.04318409785747379
2015-08-21,-0.06597120228594644
2015-08-24,-0.07002979249335228
2015-08-25,-0.015753825161213153
2015-08-26,0.07752975229064507
2015-08-27,0.04365238998683374
2015-08-28,0.0004292949666169221
2015-08-31,-0.018328882561611026
2015-09-01,1.1904761907377548e-06
2015-09-02,1.1904761905157102e-06
2015-09-03,7.936507935291104e-07
2015-09-04,7.93650793751155e-07
2015-09-08,2.3809523810314204e-06
2015-09-09,1.1904761905157102e-06
2015-09-10,7.93650793751155e-07
2015-09-11,1.5873015872802654e-06
2015-09-14,2.7777777777959756e-06
2015-09-15,2.7777777777959756e-06
2015-09-16,2.3809523808093758e-06
2015-09-17,3.968253969865998e-07
2015-09-18,-3.968253969865998e-07
2015-09-21,3.968253967645552e-07
2015-09-22,-3.968253969865998e-07
2015-09-23,3.968253967645552e-07
2015-09-24,3.968253967645552e-07
2015-09-25,-3.968253967645552e-07
2015-09-28,3.968253967645552e-07
2015-09-29,3.968253967645552e-07
2015-09-30,-3.968253969865998e-07
2015-10-01,-7.93650793751155e-07
2015-10-02,0.0
2015-10-05,3.968253969865998e-07
2015-10-06,0.0
2015-10-07,0.0
2015-10-08,-3.968253969865998e-07
2015-10-09,3.968253967645552e-07
2015-10-12,3.968253967645552e-07
2015-10-13,3.968253967645552e-07
2015-10-14,0.0
2015-10-15,3.968253967645552e-07
2015-10-16,3.968253965425106e-07
2015-10-19,7.936507939731996e-07
2015-10-20,7.936507935291104e-07
2015-10-21,3.968253967645552e-07
2015-10-22,0.0
2015-10-23,3.968253967645552e-07
2015-10-26,7.93650793751155e-07
2015-10-27,1.1904761905157102e-06
2015-10-28,1.5873015870582208e-06
2015-10-29,2.7777777777959756e-06
2015-10-30,3.1746031745605308e-06
2015-11-02,0.020755561683289514
2015-11-03,0.005711367541492374
2015-11-04,-0.0024419310519206983
2015-11-05,-0.004064478691910844
2015-11-06,0.0007582803406434024
2015-11-09,-0.017951080099955052
2015-11-10,-0.0012182236920387224
2015-11-11,-0.004058854355403652
2015-11-12,-0.021362933486422153
2015-11-13,-0.027690505049982495
2015-11-16,0.026244600964473452
2015-11-17,-0.00041639939104409773
2015-11-18,0.0316061610135665
2015-11-19,-4.404992848106026e-05
2015-11-20,0.009249712752826822
2015-11-23,-0.003377701121510812
2015-11-24,0.00047090478853228923
2015-11-25,0.0005114320567025654
2015-11-27,0.002187681369997474
2015-11-30,-0.005963241115553908
2015-12-01,0.017516271975314135
2015-12-02,-0.014620337338182576
2015-12-03,-0.02834115913276447
2015-12-04,0.03824433493276147
2015-12-07,-0.009369464094505453
2015-12-08,-0.005712815700039453
2015-12-09,-0.020955330828293484
2015-12-10,0.006233557505495035
2015-12-11,-0.03836523278113835
2015-12-14,0.011986999064651505
2015-12-15,0.014683114475138703
2015-12-16,0.025344125455276867
2015-12-17,-0.025572237688707533
2015-12-18,-0.03359643738116658
2015-12-21,0.016767289396804275
2015-12-22,0.01397368179218561
2015-12-23,0.017671801992330982
2015-12-24,-0.0021573479694178
2015-12-28,-0.0022497357416018104
2015-12-29,0.02338690110359498
2015-12-30,-0.013780901676782809
2015-12-31,-0.019959234403362114
2016-01-04,-0.031706494532495966
2016-01-05,-0.0003796737072206957
2016-01-06,-0.02018513794309873
2016-01-07,-0.049136571235453674
2016-01-08,-0.017304296735833335
2016-01-11,0.0033534517863293978
2016-01-12,0.017194346740858624
2016-01-13,-0.05274891728197695
2016-01-14,0.03290714819840024
2016-01-15,-0.046577857361190356
2016-01-19,0.002939669397310274
2016-01-20,-0.013078027434518247
2016-01-21,0.005651515601806434
2016-01-22,0.04280169781159593
2016-01-25,-0.025916057992818375
2016-01-26,0.019213702436623015
2016-01-27,-0.0313737512151232
2016-01-28,0.016700454628658434
2016-01-29,0.03936494474592256
2016-02-01,1.3888888888979878e-05
2016-02-02,1.3492063491993278e-05
2016-02-03,1.3095238095228723e-05
2016-02-04,1.1507936507948457e-05
2016-02-05,1.1507936507948457e-05
2016-02-08,1.2698412698464168e-05
2016-02-09,1.1904761904713013e-05
2016-02-10,1.2301587301477568e-05
2016-02-11,1.1111111111183902e-05
2016-02-12,1.1507936507948457e-05
2016-02-16,1.1904761904713013e-05
2016-02-17,1.1904761904713013e-05
2016-02-18,1.1904761904713013e-05
2016-02-19,1.1904761904713013e-05
2016-02-22,1.3095238095228723e-05
2016-02-23,1.2698412698464168e-05
2016-02-24,1.3095238095228723e-05
2016-02-25,1.2698412698464168e-05
2016-02-26,1.2698412698464168e-05
2016-02-29,1.3095238095228723e-05
2016-03-01,-0.0007215274609146949
2016-03-02,0.0007800924105181295
2016-03-03,0.0017374613078369183
2016-03-04,-0.0001498809088151809
2016-03-07,0.0005163099271479066
2016-03-08,-0.0004606601366359264
2016-03-09,-0.0008307579275871335
2016-03-10,0.0016279977170450266
2016-03-11,-0.0017458376881575033
2016-03-14,-0.0012849400080130469
2016-03-15,8.804837812670385e-05
2016-03-16,0.002228863787498314
2016-03-17,-0.0003766983815981506
2016-03-18,-0.00026741417291431535
2016-03-21,-0.0006961656963160312
2016-03-22,0.0003055919132266549
2016-03-23,-0.0022633949772576933
2016-03-24,-0.00022599207099383012
2016-03-28,0.00023835274649997018
2016-03-29,0.0018316211724096476
2016-03-30,-0.0013916073711323085
2016-03-31,0.00046315873963242993
2016-04-01,0.01444657962965179
2016-04-04,-0.007110002420902539
2016-04-05,-0.015788539064869878
2016-04-06,0.02328750343665198
2016-04-07,-0.02300975310577691
2016-04-08,0.0026203083099454183
2016-04-11,-0.004541742005830907
2016-04-12,0.01634805759064717
2016-04-13,0.01901733402839345
2016-04-14,-0.001368211157367405
2016-04-15,-0.0029515793821770497
2016-04-18,0.011061040417066348
2016-04-19,-0.0013745609743548437
2016-04-20,0.0010562702818626146
2016-04-21,-0.004385211799954658
2016-04-22,-0.014220796955290549
2016-04-25,-0.0018651596446496166
2016-04-26,-0.0019736068379643257
2016-04-27,-0.005316293795255889
2016-04-28,-0.01641606601554213
2016-04-29,-0.007998317640739994
2016-05-02,0.006401298999023641
2016-05-03,-0.008091496231305895
2016-05-04,-0.005870383191757034
2016-05-05,0.0002427893944987325
2016-05-06,0.0038028512004784076
2016-05-09,-0.0009940437945280545
2016-05-10,0.010975769860588569
2016-05-11,-0.007367816756534085
2016-05-12,-0.0004918028571868627
2016-05-13,-0.007482335561554421
2016-05-16,0.008707708390929714
2016-05-17,-0.007719065558040805
2016-05-18,-0.0015818272464952488
2016-05-19,-0.0032966806180247943
2016-05-20,0.004987612496978322
2016-05-23,-0.0014015218396986606
2016-05-24,0.009850219702864704
2016-05-25,0.005703028100084273
2016-05-26,0.00017153414504500475
2016-05-27,0.002995566266336791
2016-05-31,-0.0009610280859768672
2016-06-01,0.0014908144338310336
2016-06-02,0.004571626348707447
2016-06-03,-0.004503611484888315
2016-06-06,0.007908192951267878
2016-06-07,-0.0007259439322458983
2016-06-08,0.005589895291658875
2016-06-09,-0.00217556352512438
2016-06-10,-0.017880343726340064
2016-06-13,-0.013999020412129082
2016-06-14,-0.0011896927158099313
2016-06-15,-0.0033550841857035163
2016-06-16,0.004353001852133609
2016-06-17,-0.012396412067827711
2016-06-20,0.010122838309367
2016-06-21,0.0033773737366689094
2016-06-22,-0.0036376599605800752
2016-06-23,0.023292095405387014
2016-06-24,-0.06381201754895072
2016-06-27,-0.03197855447335218
2016-06-28,0.03288380272215741
2016-06-29,0.031402328194332085
2016-06-30,0.022487191629169123
2016-07-01,0.008129188155049594
2016-07-05,-0.011146785773160972
2016-07-06,0.013211905794264123
2016-07-07,0.0017567558025708419
2016-07-08,0.027965883860648244
2016-07-11,0.007745125647860007
2016-07-12,0.00907927200961045
2016-07-13,-0.001355323082272375
2016-07-14,0.00995709799969613
2016-07-15,-0.002622102734985199
2016-07-18,0.008572469641692892
2016-07-19,-0.00436866280860293
2016-07-20,0.013302705274502502
2016-07-21,-0.0042876010863877045
2016-07-22,0.00728728436779158
2016-07-25,-0.0027844425863106093
2016-07-26,0.001617585459710913
2016-07-27,0.0064879432667648285
2016-07-28,0.004256842974136976
2016-07-29,0.0042890155974153465
2016-08-01,0.003991077696639644
2016-08-02,-0.011602003123104443
2016-08-03,0.005361626105247819
2016-08-04,0.0032302756399724686
2016-08-05,0.01394307886013535
2016-08-08,-0.0011409667289893344
2016-08-09,0.0027159655760737866
2016-08-10,-0.003805369048398788
2016-08-11,0.0070053206410405355
2016-08-12,-0.0003542530811683209
2016-08-15,0.006775975150469682
2016-08-16,-0.008961598027067641
2016-08-17,0.0027471419252727003
2016-08-18,0.0030050833140142785
2016-08-19,-0.002416565099725543
2016-08-22,0.00021066340580855325
2016-08-23,0.003039918091643168
2016-08-24,-0.011135889527551734
2016-08-25,-0.0024223957437149446
2016-08-26,-0.0005336356303446976
2016-08-29,0.005764603150941072
2016-08-30,-0.005516848437608468
2016-08-31,-0.003712167943209388
2016-09-01,0.0026104857911146695
2016-09-02,0.007855203003044098
2016-09-06,0.010190337279691875
2016-09-07,0.0004591919426215618
2016-09-08,-0.008097881905376858
2016-09-09,-0.04531650027991185
2016-09-12,0.028712231624204332
2016-09-13,-0.02129641131399518
2016-09-14,0.0042002596865473585
2016-09-15,0.022641805534935777
2016-09-16,-0.0044456855585272015
2016-09-19,-0.0037975113497137336
2016-09-20,0.0019168493274426268
2016-09-21,0.019848061031565
2016-09-22,0.01352136173285956
2016-09-23,-0.01087327410832839
2016-09-26,-0.014681679010711268
2016-09-27,0.013497104932471027
2016-09-28,0.005808620440466372
2016-09-29,-0.01494045546929601
2016-09-30,0.012889428001654268
2016-10-03,-0.003946395231109179
2016-10-04,-0.008623403934821083
2016-10-05,0.0064441906240941815
2016-10-06,-0.00044535799717715374
2016-10-07,-0.005296430783343076
2016-10-10,0.01025045213898057
2016-10-11,-0.02448619743117819
2016-10-12,0.0008116903179120616
2016-10-13,-0.006140606864496911
2016-10-14,0.0006055981093178175
2016-10-17,-0.004988220767283225
2016-10-18,0.013653746444229231
2016-10-19,0.0025009776993856203
2016-10-20,-0.0024433831250539884
2016-10-21,0.0036073713527187135
2016-10-24,0.014329692749019296
2016-10-25,-0.005135493230090438
2016-10-26,-0.008402865783029956
2016-10-27,-0.006043076539247072
2016-10-28,-0.008617145549027039
2016-10-31,-0.000695043092893477
2016-11-01,-0.011976959252541386
2016-11-02,-0.01234585124588794
2016-11-03,-0.012135790944618363
2016-11-04,-0.004547006198780568
2016-11-07,0.03911504881209793
2016-11-08,0.009429602597117448
2016-11-09,0.013855560991559601
2016-11-10,-0.013909898500822249
2016-11-11,-0.0037731552980433403
2016-11-14,-0.008797401266926408
2016-11-15,0.020080568602713456
2016-11-16,0.003120627657949404
2016-11-17,0.010637583762085345
2016-11-18,-0.006047915614767696
2016-11-21,0.015847067491556954
2016-11-22,0.004893755867820593
2016-11-23,-0.00489734822190635
2016-11-25,0.005660315519450343
2016-11-28,-0.005004489546460711
2016-11-29,0.004048234663390771
2016-11-30,-0.01502666571592326
2016-12-01,-0.01846899694195392
2016-12-02,0.002111306531128454
2016-12-05,0.012202004857971183
2016-12-06,0.005264934527398513
2016-12-07,0.022733198421953427
2016-12-08,0.004152071460145956
2016-12-09,0.01215175997967699
2016-12-12,-0.005102665699343589
2016-12-13,0.017456103974533344
2016-12-14,-0.00942736670638089
2016-12-15,0.004729027523188378
2016-12-16,-0.004347726179105393
2016-12-19,0.005050616630711602
2016-12-20,0.006964312753917401
2016-12-21,-0.0029769653979409005
2016-12-22,-0.004217548303930396
2016-12-23,0.0016246778318167454
2016-12-27,0.007147515662072612
2016-12-28,-0.014368700540791979
2016-12-29,-0.0020057122540270145
2016-12-30,-0.012283212149131084
2017-01-03,0.014407310901004333
2017-01-04,0.01004280914138067
2017-01-05,0.004243196131560323
2017-01-06,0.011248974958731006
2017-01-09,0.00011157582267018462
2017-01-10,0.0019538093931277256
2017-01-11,0.004594146609241179
2017-01-12,-0.003426022060916356
2017-01-13,0.00517404062312421
2017-01-17,-0.006040551056842647
2017-01-18,0.003976267996673721
2017-01-19,-0.0037946693723625025
2017-01-20,0.004662289505129813
2017-01-23,-0.0012178437792378372
2017-01-24,0.011536802996169104
2017-01-25,0.016760168271575004
2017-01-26,0.00023563401851567356
2017-01-27,0.0006450122553576243
2017-01-30,-0.012296062516825912
2017-01-31,-0.0021841480963628035
2017-02-01,0.006228801045757626
2017-02-02,-0.0005715345134936767
2017-02-03,0.008662751791648216
2017-02-06,-0.00036011051223305834
2017-02-07,0.0034420362697618057
2017-02-08,0.0029039427636472492
2017-02-09,0.00791779013316507
2017-02-10,0.006403119981575056
2017-02-13,0.010196337615379747
2017-02-14,0.006726167573968489
2017-02-15,0.0096727315069427
2017-02-16,-0.0006692770178672314
2017-02-17,0.004886434661186989
2017-02-21,0.009757594513994938
2017-02-22,-0.00018524574099787472
2017-02-23,-0.002500993134866958
2017-02-24,0.0022096082567759634
2017-02-27,0.002921254957910291
2017-02-28,-0.005271753972435622
2017-03-01,0.021680040926923994
2017-03-02,-0.009461366665100335
2017-03-03,0.0018142732751180723
2017-03-06,-0.004700232761919887
2017-03-07,-0.004277511986578664
2017-03-08,-0.000352935094419804
2017-03-09,0.001770365879436131
2017-03-10,0.006689996989653002
2017-03-13,0.0020592478325285324
2017-03-14,-0.0055934915057627155
2017-03-15,0.013004949889384498
2017-03-16,-0.001840652406363552
2017-03-17,-0.0025636727549744887
2017-03-20,-0.00010559221766770488
2017-03-21,-0.02497221247962067
2017-03-22,0.00805809165676763
2017-03-23,-0.0031912883396255642
2017-03-24,0.0007821628427666649
2017-03-27,0.0006678192472859834
2017-03-28,0.011775875277856285
2017-03-29,0.005374361416074169
2017-03-30,0.0036911720117038804
2017-03-31,-0.002235521780419081
2017-04-03,-0.00231240366769192
2017-04-04,0.002008954691839371
2017-04-05,-0.006303384396939782
2017-04-06,0.0025079301894721517
2017-04-07,-0.0012591805187109895
2017-04-10,0.0009582845085469582
2017-04-11,-0.004843812241333789
2017-04-12,-0.007470493801690847
2017-04-13,-0.009565523711269175
2017-04-17,0.014950790897053867
2017-04-18,-0.004093902219708179
2017-04-19,-0.0002268850490992902
2017-04-20,0.01411615207370076
2017-04-21,-0.002494473177488077
2017-04-24,0.020399344484592463
2017-04-25,0.011726869215923363
2017-04-26,-0.001560965905124334
2017-04-27,0.005885941315954213
2017-04-28,3.5957325603908075e-05
2017-05-01,0.008572303485585797
2017-05-02,0.002149552559679746
2017-05-03,-0.005405797787698452
2017-05-04,0.00021738960534434248
2017-05-05,0.007314170849377799
2017-05-08,0.0014454431334440798
2017-05-09,0.001724637289239217
2017-05-10,0.0017676777076542916
2017-05-11,-0.002057737809297966
2017-05-12,0.0011169984430170476
2017-05-15,0.007271940120545883
2017-05-16,0.003870585404686766
2017-05-17,-0.03750650452511117
2017-05-18,0.010065170245408872
2017-05-19,0.01047975821101832
2017-05-22,0.012481636749605896
2017-05-23,0.0020596794875278324
2017-05-24,0.006714667464316371
2017-05-25,0.011489173798950425
2017-05-26,0.0026437722962999732
2017-05-30,-0.000287064520634539
2017-05-31,-0.00039025212991961045
2017-06-01,0.010760628961732577
2017-06-02,0.013434826087221907
2017-06-05,-0.00032220676007621574
2017-06-06,-0.0048446605379276475
2017-06-07,0.003949623984724537
2017-06-08,0.0009469567040225613
2017-06-09,-0.02514357996464156
2017-06-12,-0.005348481649767978
2017-06-13,0.011566937293973956
2017-06-14,-0.005296742310780256
2017-06-15,-0.006509036303619764
2017-06-16,-0.0031016861114111505
2017-06-19,0.020756926273232112
2017-06-20,-0.012916906740996992
2017-06-21,0.008435989622550544
2017-06-22,-0.00045650918680806285
2017-06-23,0.0049631579563949035
2017-06-26,-0.0046717172665080575
2017-06-27,-0.022785229869667578
2017-06-28,0.01999413034754749
2017-06-29,-0.023221571241224814
2017-06-30,0.0006705681083614135
2017-07-03,-0.007009794119126944
2017-07-05,0.010321301864454124
2017-07-06,-0.016125857559839196
2017-07-07,0.01499139211905498
2017-07-10,0.007189946297355698
2017-07-11,0.0015318592270101572
2017-07-12,0.01782832272277335
2017-07-13,0.0032211566909625677
2017-07-14,0.0109592613960523
2017-07-17,0.0006350398472441121
2017-07-18,0.006765798552709201
2017-07-19,0.009945909222317972
2017-07-20,0.0014177092415192938
2017-07-21,-0.001177229973421845
2017-07-24,0.0036943794859405354
2017-07-25,-8.463565259120287e-05
2017-07-26,0.0032857042737544084
2017-07-27,-0.006365547740617372
2017-07-28,-0.0024765191488500538
2017-07-31,-0.004547977636201961
2017-08-01,0.003558511812430609
2017-08-02,0.002671232585532035
2017-08-03,-0.004248914475204368
2017-08-04,0.0017755460118771271
2017-08-07,0.006840393113416665
2017-08-08,-0.0029132508501688026
2017-08-09,-0.0006251867752843365
2017-08-10,-0.031139747442784804
2017-08-11,0.00811235155938328
2017-08-14,0.01993151114087044
2017-08-15,-0.0002972893829779055
2017-08-16,0.003860563597273714
2017-08-17,-0.031818488851832916
2017-08-18,-0.0028844467566551124
2017-08-21,0.0006193625151247328
2017-08-22,0.021789116505619655
2017-08-23,-0.005901529980739784
2017-08-24,-0.004663884316661093
2017-08-25,0.0002449585096797602
2017-08-28,0.004112225074998976
2017-08-29,0.004135540050567377
2017-08-30,0.01501006050569198
2017-08-31,0.01509107627695716
2017-09-01,0.0015201313083070822
2017-09-05,-0.013811465603211337
2017-09-06,0.005016736848693748
2017-09-07,0.003134473849412789
2017-09-08,-0.009010413039034493
2017-09-11,0.017502665335810352
2017-09-12,0.006057122202890897
2017-09-13,0.0010188884630688566
2017-09-14,-0.005273399713122351
2017-09-15,0.0036838412505135754
2017-09-18,-0.0001186677176907569
2017-09-19,0.0023917479889508098
2017-09-20,-0.0030194284134950067
2017-09-21,-0.009074162821826715
2017-09-22,-5.8121612475203754e-05
2017-09-25,-0.01010130201575743
2017-09-26,0.0014824520600049684
2017-09-27,0.010476501967768614
2017-09-28,0.0008263436973581229
2017-09-29,0.008865296267526857
2017-10-02,0.003592575813698984
2017-10-03,0.004461921995676077
2017-10-04,0.002010667982483172
2017-10-05,0.013415649112651806
2017-10-06,0.000553107476362058
2017-10-09,-0.0015247293615846536
2017-10-10,0.003102902525058626
2017-10-11,0.004314623507020832
2017-10-12,-0.0030654203635721577
2017-10-13,0.005196946839974181
2017-10-16,0.003706500641278865
2017-10-17,0.0009761258690734742
2017-10-18,-0.0007951356191068237
2017-10-19,-0.0025847766996036636
2017-10-20,0.006363851550357236
2017-10-23,-0.009197258482639303
2017-10-24,0.002723404916567862
2017-10-25,-0.008055375993683
2017-10-26,-0.0023717848527208263
2017-10-27,0.03308259572937211
2017-10-30,-0.0004707379594386385
2017-10-31,0.004280588018566123
2017-11-01,0.0013734335062822733
2017-11-02,-0.0017189500224488174
2017-11-03,0.010855300498485043
2017-11-06,0.005211027250953348
2017-11-07,1.53442116617164e-05
2017-11-08,0.0055179728953775875
2017-11-09,-0.008022096493219721
2017-11-10,-0.0010864074370090515
2017-11-13,0.0018465812959582717
2017-11-14,-0.004961672663413186
2017-11-15,-0.00937589484884771
2017-11-16,0.019050855170962055
2017-11-17,-0.004726310849712423
2017-11-20,-0.0007102595761087072
2017-11-21,0.015597763136880438
2017-11-22,0.0015018975817662206
2017-11-24,0.005059539847870331
2017-11-27,-0.00043180374052609327
2017-11-28,0.010920880959903956
2017-11-29,-0.0164942928275994
2017-11-30,0.013942469582164385
2017-12-01,-0.005199582280329684
2017-12-04,-0.011770589028240463
2017-12-05,-0.00371746755307778
2017-12-06,0.003877944096017716
2017-12-07,0.004600238835287707
2017-12-08,0.008749354219273586
2017-12-11,0.009438445700105769
2017-12-12,0.0004521932177292687
2017-12-13,0.002102598603187511
2017-12-14,-0.004540107193224285
2017-12-15,0.01756996346027795
2017-12-18,0.01373720476681295
2017-12-19,-0.008155665512912358
2017-12-20,-0.0015840127926322056
2017-12-21,0.0017550748487893397
2017-12-22,-0.0007830680420694014
2017-12-26,-0.005362771368021879
2017-12-27,0.0009689972327360241
2017-12-28,0.003098528090095032
2017-12-29,-0.008072154133710985
2018-01-02,0.022886192553112528
2018-01-03,0.013964858389136747
2018-01-04,0.006120792701162392
2018-01-05,0.014551288025260734
2018-01-08,0.005074693856875978
2018-01-09,0.001972596485602107
2018-01-10,-0.0037322203053159475
2018-01-11,0.012900358345462992
2018-01-12,0.013569126334564086
2018-01-16,-0.005525166919520763
2018-01-17,0.017742340286943437
2018-01-18,-0.0016032453983487738
2018-01-19,0.007243384045424239
2018-01-22,0.017104343316505233
2018-01-23,0.009901382513780588
2018-01-24,-0.004858625810945538
2018-01-25,-0.0010266008489902
2018-01-26,0.02380280290058079
2018-01-29,-0.010633527786878982
2018-01-30,-0.017255828386812166
2018-01-31,0.004910830084599693
2018-02-01,-0.00830179685342014
2018-02-02,-0.039049289608913074
2018-02-05,-0.07082357922438387
2018-02-06,0.03747384362990425
2018-02-07,-0.017108274194366002
2018-02-08,-0.06992315899906232
2018-02-09,0.0277132353518581
2018-02-12,0.028723804514315
2018-02-13,0.007156481458018726
2018-02-14,0.030967893458360374
2018-02-15,0.02716400085245252
2018-02-16,-0.0034285518808772064
2018-02-20,-0.005655031518624232
2018-02-21,-0.008036088121141538
2018-02-22,0.002035632270753318
2018-02-23,0.03198585056116943
2018-02-26,0.022562241254727056
2018-02-27,-0.023603113759196437
2018-02-28,-0.01547254952346222
2018-03-01,-0.026652578424209095
2018-03-02,0.012951132194033432
2018-03-05,0.019768173839817438
2018-03-06,0.0070697332666131985
2018-03-07,0.0008669510231678057
2018-03-08,0.009027001362903908
2018-03-09,0.032724255447276196
2018-03-12,0.0033487854267248984
2018-03-13,-0.016813420407319035
2018-03-14,-0.005174936969081889
2018-03-15,-0.0027981197669256774
2018-03-16,-0.00160600666519084
2018-03-19,-0.031139259781382655
2018-03-20,0.0034958876009463236
2018-03-21,-0.004470651602173303
2018-03-22,-0.04506823641882651
2018-03-23,-0.0416487509805461
2018-03-26,0.058494590073014496
2018-03-27,-0.046038119464705485
2018-03-28,-0.013378771768781661
2018-03-29,0.028611567159664064
2018-04-02,-0.04500456555509347
2018-04-03,0.019891952089515552
2018-04-04,0.021804462961449556
2018-04-05,0.013235689594466304
2018-04-06,-0.04115554410965816
2018-04-09,0.009251219707552494
2018-04-10,0.03441002802694704
2018-04-11,-0.008380604285722293
2018-04-12,0.016029538986876757
2018-04-13,-0.005981225400825463
2018-04-16,0.013725308804428904
2018-04-17,0.028774115111429577
2018-04-18,0.0029322946825032226
2018-04-19,-0.013155868349963074
2018-04-20,-0.022926253534832464
2018-04-23,-0.0035130894784805022
2018-04-24,-0.030656200626432595
2018-04-25,0.002709927123851985
2018-04-26,0.026573081276977772
2018-04-27,0.0021828821147089617
2018-04-30,-0.014587285163125574
2018-05-01,0.01114774464433399
2018-05-02,-0.011172872574146897
2018-05-03,-0.001832739186155452
2018-05-04,0.02885915892586488
2018-05-07,0.009863452305648224
2018-05-08,-0.0008837747661114559
2018-05-09,0.019199148223301155
2018-05-10,0.018081744687286738
2018-05-11,0.000810937473636475
2018-05-14,0.0020170189080213063
2018-05-15,-0.017795546705416054
2018-05-16,0.009930782355992873
2018-05-17,-0.004654242091095329
2018-05-18,-0.00688127958960183
2018-05-21,0.011806566328627977
2018-05-22,-0.003921876387067202
2018-05-23,0.010380400398597
2018-05-24,-0.001474531555171854
2018-05-25,-0.001594871086628591
2018-05-29,-0.014025923456866263
2018-05-30,0.017756200603164185
2018-05-31,-0.006970999981119275
2018-06-01,0.023601818775766503
2018-06-04,0.012107040722458384
2018-06-05,0.004072955863145378
2018-06-06,0.012665848278875291
2018-06-07,-0.007670664318120579
2018-06-08,0.002282164778510287
2018-06-11,0.0035225161961638385
2018-06-12,0.0062250882607430835
2018-06-13,-0.003939463004050459
2018-06-14,0.01209427165318977
2018-06-15,-0.004442614554041713
2018-06-18,-0.0024231789571793616
2018-06-19,-0.0062565777242563625
2018-06-20,0.008054562958433209
2018-06-21,-0.013910932247640728
2018-06-22,-0.0015216028908955348
2018-06-25,-0.03202673041432347
2018-06-26,0.005646391193502742
2018-06-27,-0.020400930098744996
2018-06-28,0.013521130920494562
2018-06-29,0.0027174036711152816
2018-07-02,0.008876461003233027
2018-07-03,-0.01437562290911687
2018-07-05,0.01863859275757629
2018-07-06,0.020769749554712558
2018-07-09,0.01675526857155929
2018-07-10,0.0036236771569611026
2018-07-11,-0.010739711928632878
2018-07-12,0.02275386849590011
2018-07-13,0.0016155088162799203
2018-07-16,-0.002820484667717116
2018-07-17,0.009711643084066912
2018-07-18,-0.00037071071054806115
2018-07-19,-0.007834572092886627
2018-07-20,-0.0016760075423079002
2018-07-23,0.004481507695460074
2018-07-24,0.008147364886106123
2018-07-25,0.020757898003251007
2018-07-26,-0.016123568553257694
2018-07-27,-0.018576589868102622
2018-07-30,-0.018048812018833238
2018-07-31,0.009589686569561051
2018-08-01,0.0036696305637087256
2018-08-02,0.016563058080085513
2018-08-03,0.006922980036573545
2018-08-06,0.008896353482305885
2018-08-07,0.005318934129100894
2018-08-08,0.000417368355276615
2018-08-09,-0.0015677555473143645
2018-08-10,-0.013014785368758441
2018-08-13,-0.004267094116046977
2018-08-14,0.011373890307570855
2018-08-15,-0.017735125822316733
2018-08-16,0.009789045066532331
2018-08-17,0.002972162172773629
2018-08-20,0.0014985328881369497
2018-08-21,0.00492760636104328
2018-08-22,0.0030281274960850535
2018-08-23,-0.0027085240646214093
2018-08-24,0.013733666576625003
2018-08-27,0.016120173537489846
2018-08-28,0.0019775173160883064
2018-08-29,0.01553719942434495
2018-08-30,-0.00584834460438044
2018-08-31,0.001144074873502987
2018-09-04,-0.004942580970858201
2018-09-05,-0.014478045800721873
2018-09-06,-0.010567403749281334
2018-09-07,-0.004748643866062552
2018-09-10,0.003575321534474929
2018-09-11,0.009989661715249731
2018-09-12,-0.00220093200833682
2018-09-13,0.013621505429993297
2018-09-14,-0.002068299356531522
2018-09-17,-0.017433547666221405
2018-09-18,0.011942261160361234
2018-09-19,0.00040868261919002613
2018-09-20,0.016287184173109592
2018-09-21,-0.005044155389030691
2018-09-24,-0.0008928244756261083
2018-09-25,0.0002820155676321878
2018-09-26,-0.0025471394475437004
2018-09-27,0.010078779474417487
2018-09-28,-4.518049243029676e-05
2018-10-01,0.004624321454342661
2018-10-02,-0.002574114288890983
2018-10-03,0.0019713835554193704
2018-10-04,-0.02453278160701977
2018-10-05,-0.015623258396568085
2018-10-08,-0.006269366220720496
2018-10-09,0.0013670207331970552
2018-10-10,-0.06752869823402163
2018-10-11,-0.03089034888827591
2018-10-12,0.03671409186480967
2018-10-15,-0.016076828797641607
2018-10-16,0.04463574419682281
2018-10-17,0.0005419924023599698
2018-10-18,-0.03249990117325707
2018-10-19,-0.002507575149793606
2018-10-22,0.0004951217455337886
2018-10-23,-0.007589532689492917
2018-10-24,-0.0677406213148789
2018-10-25,0.044848431704430425
2018-10-26,-0.03679137697740498
2018-10-29,-0.021578243743762493
2018-10-30,0.024409054986178624
2018-10-31,0.029289894940312866
2018-11-01,9.00793650793208e-05
2018-11-02,9.047619047608535e-05
2018-11-05,9.206349206358766e-05
2018-11-06,9.166666666660106e-05
2018-11-07,9.206349206358766e-05
2018-11-08,9.12698412698365e-05
2018-11-09,9.166666666660106e-05
2018-11-12,9.166666666660106e-05
2018-11-13,9.285714285711677e-05
2018-11-14,9.246031746035221e-05
2018-11-15,9.206349206358766e-05
2018-11-16,9.166666666660106e-05
2018-11-19,9.285714285711677e-05
2018-11-20,9.285714285711677e-05
2018-11-21,9.365079365086793e-05
2018-11-23,9.365079365086793e-05
2018-11-26,9.404761904763248e-05
2018-11-27,9.365079365086793e-05
2018-11-28,9.325396825388133e-05
2018-11-29,9.206349206358766e-05
2018-11-30,9.206349206358766e-05
2018-12-03,0.011510147127599124
2018-12-04,-0.028938735582283437
2018-12-06,-0.0012841922534503336
2018-12-07,-0.020916998973421697
2018-12-10,0.0011723845978561798
2018-12-11,0.0004262943050012957
2018-12-12,0.004438320401802143
2018-12-13,-0.0002756496390239338
2018-12-14,-0.016174612800639143
2018-12-17,-0.016901231948441398
2018-12-18,-0.0004562498421014638
2018-12-19,-0.012428188650003169
2018-12-20,-0.012843759058597692
2018-12-21,-0.016681727601246865
2018-12-24,-0.021185197930373767
2018-12-26,0.03761473636100021
2018-12-27,0.007823834794826068
2018-12-28,-0.0019032894717941895
2018-12-31,0.007342561041657536
2019-01-02,0.00015062374873431317
2019-01-03,0.0009913595552524246
2019-01-04,-0.0007309994399926634
2019-01-07,0.00043230854810438757
2019-01-08,-0.000185905865187741
2019-01-09,0.0007285743293619085
2019-01-10,-0.0005080630659053398
2019-01-11,0.0002580314633768843
2019-01-14,0.0003245804408500419
2019-01-15,-8.728029867521858e-05
2019-01-16,0.00040617196770109665
2019-01-17,-4.7140500523901174e-05
2019-01-18,-0.000813182137321955
2019-01-22,0.000439340823922052
2019-01-23,-5.5731627095712e-05
2019-01-24,-7.363249995984145e-05
2019-01-25,0.0015416020643426176
2019-01-28,0.0004382036021459701
2019-01-29,0.0006517680506061829
2019-01-30,0.0006677800541405876
2019-01-31,0.00013332262444665233
2019-02-01,-0.00011647223017474673
2019-02-04,-0.0003482562771126574
2019-02-05,0.0003413301050341211
2019-02-06,-0.0005887498045382689
2019-02-07,0.00032538366489465176
2019-02-08,0.00046197319865437514
2019-02-11,-0.000403185675513007
2019-02-12,0.0002935710149227777
2019-02-13,-0.0003073731264675583
2019-02-14,0.0006383927502702225
2019-02-15,0.0006780703638820107
2019-02-19,0.0016076359632064552
2019-02-20,-9.030284418221068e-05
2019-02-21,-0.001057836280140556
2019-02-22,0.000446265223338127
2019-02-25,-1.762180148845438e-05
2019-02-26,0.00025370789489387313
2019-02-27,-0.0006262489814962136
2019-02-28,-0.0004745591082840894
2019-03-01,0.01125326899945911
2019-03-04,-0.004173397693292946
2019-03-05,-0.0005231609511405777
2019-03-06,-0.011156089701413463
2019-03-07,-0.018482543399782614
2019-03-08,-0.0023566250206805694
2019-03-11,0.03152650679095692
2019-03-12,0.008557458613267732
2019-03-13,0.013426250695351527
2019-03-14,-0.003465094444649597
2019-03-15,0.012586348762329669
2019-03-18,0.005789348567169839
2019-03-19,0.0036791041028287896
2019-03-20,0.0010654302357084866
2019-03-21,0.023958996653513642
2019-03-22,-0.037678162814100635
2019-03-25,-0.0009552039211426777
2019-03-26,0.009897997666264757
2019-03-27,-0.01042131476063346
2019-03-28,0.0036968518462412447
2019-03-29,0.013087686808823218
2019-04-01,0.021750691791972088
2019-04-02,0.0034890344266489404
2019-04-03,0.0067173944574228095
2019-04-04,0.0019308508331561391
2019-04-05,0.008189868928762056
2019-04-08,0.0037939591757352176
2019-04-09,-0.007483456516270692
2019-04-10,0.008118439968722635
2019-04-11,-0.0037013247201515
2019-04-12,0.009651247438291266
2019-04-15,-0.0007115989688966096
2019-04-16,0.002676544865712005
2019-04-17,0.0007676320013620952
2019-04-18,0.002583550960636005
2019-04-22,0.003389645190762014
2019-04-23,0.019563212432141874
2019-04-24,-0.00470090268563228
2019-04-25,0.0024520746916132374
2019-04-26,0.006200720854753428
2019-04-29,0.0020971573426100676
2019-04-30,-0.00650313189595908
2019-05-01,-0.010342403185561677
2019-05-02,-0.005954639621864377
2019-05-03,0.023164901356051537
2019-05-06,-0.008860707833140857
2019-05-07,-0.03275480847590928
2019-05-08,-0.004219615836589363
2019-05-09,-0.006837864564500529
2019-05-10,0.005110967791595922
2019-05-13,-0.05237812861854929
2019-05-14,0.017520902725135734
2019-05-15,0.016853192450883014
2019-05-16,0.016623945097663073
2019-05-17,-0.015493149036013176
2019-05-20,-0.02055185827735795
2019-05-21,0.016323096481350552
2019-05-22,-0.006619836503292342
2019-05-23,-0.024006153012845144
2019-05-24,0.0011222805643611444
2019-05-28,-0.01216422995804467
2019-05-29,-0.01279021278316772
2019-05-30,0.00643783526164432
2019-05-31,-0.025127603732608805
2019-06-03,0.001525424096800343
2019-06-04,0.00011440988158439858
2019-06-05,0.0003410647238792919
2019-06-06,0.0004130705109968158
2019-06-07,0.0006537961749877308
2019-06-10,-0.0009387445350949042
2019-06-11,-4.2208444563818226e-05
2019-06-12,0.0006040574826606804
2019-06-13,0.0006989540259527693
2019-06-14,4.4263928885568404e-05
2019-06-17,1.301981126777818e-05
2019-06-18,0.0005944685404890571
2019-06-19,0.0006976809096972403
2019-06-20,0.0026729739203903424
2019-06-21,0.0007737042153377338
2019-06-24,0.0016501019065711109
2019-06-25,0.0002820634848392789
2019-06-26,-0.000912951827974462
2019-06-27,-3.0373034075048544e-05
2019-06-28,0.00036297283598552
2019-07-01,0.017197376068980752
2019-07-02,0.008167851827487027
2019-07-03,0.013535163383760818
2019-07-05,-0.0036636925887697513
2019-07-08,-0.012314943581084647
2019-07-09,0.00638639829562937
2019-07-10,0.014212237730355959
2019-07-11,0.0004531046129860883
2019-07-12,0.010018403176833335
2019-07-15,0.0027693655772065284
2019-07-16,-0.008403771649757141
2019-07-17,-0.008980788623525027
2019-07-18,0.006078570061174959
2019-07-19,-0.014283616335765803
2019-07-22,0.00995299636700353
2019-07-23,0.011490769215250607
2019-07-24,0.01091830909322522
2019-07-25,-0.013822964389706871
2019-07-26,0.01530583834741539
2019-07-29,-0.0036610980281356342
2019-07-30,-0.006137710426348919
2019-07-31,-0.023530209189489892
2019-08-01,-0.010687298300394943
2019-08-02,-0.019249640828739922
2019-08-05,-0.05780637361974239
2019-08-06,0.02545741607686569
2019-08-07,0.005736408424459993
2019-08-08,0.037555654044192366
2019-08-09,-0.014581010592985
2019-08-12,-0.019770157695388813
2019-08-13,0.0324885006010629
2019-08-14,-0.05305456196875569
2019-08-15,0.0025637551462114327
2019-08-16,0.026152724864827226
2019-08-19,0.022940407318932987
2019-08-20,-0.012217018832354487
2019-08-21,0.014368618771464892
2019-08-22,-0.0035765433586674167
2019-08-23,-0.04887682786081393
2019-08-26,0.0225505770987815
2019-08-27,-0.003931042708155363
2019-08-28,0.008439516080346099
2019-08-29,0.024105108938756503
2019-08-30,-0.002705877280915203
2019-09-03,-0.012784780008688434
2019-09-04,0.02350315001210279
2019-09-05,0.02588173599835364
2019-09-06,-0.0012697775474632689
2019-09-09,-0.002181368442297993
2019-09-10,-0.0028899511977221737
2019-09-11,0.014880240817236157
2019-09-12,0.006736505230111822
2019-09-13,-0.00452421407820669
2019-09-16,-0.0066106205138770635
2019-09-17,0.006654391060922471
2019-09-18,2.2428262168361357e-05
2019-09-19,0.0014066614015808554
2019-09-20,-0.013137935766820763
2019-09-23,0.0009160136990105094
2019-09-24,-0.018936331038738152
2019-09-25,0.013372934430977423
2019-09-26,-0.004978522635804228
2019-09-27,-0.01624175434330044
2019-09-30,0.010473577057869887
2019-10-01,-0.017534519192385023
2019-10-02,-0.030014619393837205
2019-10-03,0.017291983184565707
2019-10-04,0.02525362087617533
2019-10-07,-0.007549368277737445
2019-10-08,-0.027042505052301324
2019-10-09,0.017773948102887127
2019-10-10,0.011397669256889564
2019-10-11,0.020282714092392018
2019-10-14,1.6073687161055616e-05
2019-10-15,0.019110647475863773
2019-10-16,-0.003249443022013132
2019-10-17,0.0049773264786145965
2019-10-18,-0.012744847889805122
2019-10-21,0.013849356795402556
2019-10-22,-0.010329759378725267
2019-10-23,0.0045681202895975215
2019-10-24,0.01082915796060857
2019-10-25,0.010907389466568773
2019-10-28,0.013440998419810946
2019-10-29,-0.007691804337169095
2019-10-30,0.006993009343667644
2019-10-31,-0.0010505386637259528
2019-11-01,0.017157235860255193
2019-11-04,0.00808410274199245
2019-11-05,-0.0023601308455917236
2019-11-06,-0.0009274754192484247
2019-11-07,0.004590086549245864
2019-11-08,0.005190151651757402
2019-11-11,-0.0032757889699615017
2019-11-12,0.0042345200080149414
2019-11-13,0.00010937278643963211
2019-11-14,0.0018497559468280134
2019-11-15,0.012006415787711777
2019-11-18,0.0025593441691962315
2019-11-19,0.0006512110381360348
2019-11-20,-0.00860628309703737
2019-11-21,-0.0040588273152979415
2019-11-22,0.002336248424902765
2019-11-25,0.017129325884052804
2019-11-26,0.00424310591764443
2019-11-27,0.009718418680755958
2019-11-29,-0.0073121970106817535
2019-12-02,-0.017466397061287275
2019-12-03,-0.011808679356532625
2019-12-04,0.01013339255955703
2019-12-05,0.0032995945289537865
2019-12-06,0.016330132526936936
2019-12-09,-0.006475277741318619
2019-12-10,-0.0017094888213321502
2019-12-11,0.008068084515887586
2019-12-12,0.014002189000410059
2019-12-13,0.0037046041638892913
2019-12-16,0.014768837726129469
2019-12-17,0.0006311338373794495
2019-12-18,0.0007516159250051668
2019-12-19,0.009802682792707795
2019-12-20,0.00841130402054202
2019-12-23,0.0030872151585656926
2019-12-24,0.00118892547712246
2019-12-26,0.013474151713898763
2019-12-27,-0.0013222132878060178
2019-12-30,-0.010727954278824225
2019-12-31,0.004167512065252232
2020-01-02,0.023587023895040193
2020-01-03,-0.01338242697382852
2020-01-06,0.009801670843545995
2020-01-07,-0.0024228898293697787
2020-01-08,0.010611363366239468
2020-01-09,0.013608159996662428
2020-01-10,-0.004423100603559771
2020-01-13,0.015551749493061484
2020-01-14,-0.004759534532961407
2020-01-15,0.002458525461303429
2020-01-16,0.01580857152966164
2020-01-17,0.007917725981748225
2020-01-21,-0.00235876923791567
2020-01-22,0.0026486325568531033
2020-01-23,0.003733630625094353
2020-01-24,-0.015458463907166098
2020-01-27,-0.032379601534832436
2020-01-28,0.022125731189091224
2020-01-29,0.001290051996833741
2020-01-30,0.005862349499617281
2020-01-31,-0.030127072211771688
2020-02-03,0.019450057305577806
2020-02-04,0.033167930882109564
2020-02-05,0.013902131032873966
2020-02-06,0.01114735418343571
2020-02-07,-0.008813112763951136
2020-02-10,0.018382707934131215
2020-02-11,0.0010611800301640884
2020-02-12,0.014704306557209224
2020-02-13,-0.0020132691204551856
2020-02-14,0.004144861072910455
2020-02-18,-0.00038207554170566205
2020-02-19,0.013367780648921412
2020-02-20,-0.012257760856808408
2020-02-21,-0.025297387696233353
2020-02-24,-0.06498186428172681
2020-02-25,-0.05242332368535563
2020-02-26,0.001024871603385824
2020-02-27,-0.08497748513554126
2020-02-28,-0.0015280684954893653
2020-03-02,0.042925712138883076
2020-03-03,-0.027078706766287652
2020-03-04,0.037481068218769176
2020-03-05,-0.026385604733027423
2020-03-06,-0.015376248273315518
2020-03-09,-0.06161484066804712
2020-03-10,0.04186001672792061
2020-03-11,-0.03859682177648727
2020-03-12,-0.0813767723986687
2020-03-13,0.06685669861247678
2020-03-16,-0.10121092975761836
2020-03-17,0.04835446312896208
2020-03-18,-0.025720196113486193
2020-03-19,0.002867654648541995
2020-03-20,-0.027579350309340334
2020-03-23,0.0067743500628949516
2020-03-24,0.05824451399621133
2020-03-25,-0.008304476871957234
2020-03-26,0.04154553558468854
2020-03-27,-0.029758072530343238
2020-03-30,0.02945001050745444
2020-03-31,-0.010862630281958996
2020-04-01,0.0009488366211591881
2020-04-02,0.001656486802137369
2020-04-03,0.0005088305886100652
2020-04-06,0.0028536125619595953
2020-04-07,-0.0005590408046287632
2020-04-08,-0.0009259979565890974
2020-04-09,0.0027255152994012377
2020-04-13,0.001833260740627729
2020-04-14,0.0008571791272984353
2020-04-15,-0.000550146131638618
2020-04-16,-8.872964621564616e-05
2020-04-17,-0.002097135839672637
2020-04-20,0.0007620679227553495
2020-04-21,-0.0007265368772333414
2020-04-22,0.0020965651701274624
2020-04-23,0.0010813213307372394
2020-04-24,-0.0004636970950950836
2020-04-27,-0.0007180584605936957
2020-04-28,-0.00047798786081931777
2020-04-29,0.0005994827121038604
2020-04-30,-0.0019575569763589096
2020-05-01,-0.026577674331351275
2020-05-04,0.011232188784293662
2020-05-05,0.010246265453084602
2020-05-06,0.0041070756572614275
2020-05-07,0.013444970460276373
2020-05-08,0.011334787669746937
2020-05-11,0.007054634715739638
2020-05-12,-0.018206423205137656
2020-05-13,-0.010406294453418896
2020-05-14,0.010697610609286423
2020-05-15,0.006428076701347152
2020-05-18,0.01672174771395163
2020-05-19,-0.002051874356195915
2020-05-20,0.019148651038991327
2020-05-21,-0.01187848876888753
2020-05-22,0.0035028750895957916
2020-05-26,-0.0032748857801657705
2020-05-27,0.004649429310612518
2020-05-28,-0.001511500831654189
2020-05-29,0.013539901723907954
2020-06-01,0.009400829814668832
2020-06-02,0.012399521763524435
2020-06-03,0.014256538555785125
2020-06-04,-0.00823490139048233
2020-06-05,0.03920502112395585
2020-06-08,0.01990101128415933
2020-06-09,-0.00017438431908756158
2020-06-10,0.007149517880441714
2020-06-11,-0.09805741894045972
2020-06-12,0.01747202340455134
2020-06-15,0.019121788187460353
2020-06-16,0.03357817274263031
2020-06-17,-0.0013306347381539796
2020-06-18,0.002935700945817965
2020-06-19,-0.004741160932533184
2020-06-22,0.018340379276270635
2020-06-23,0.011876510579820199
2020-06-24,-0.04117820078190404
2020-06-25,0.017780367231624128
2020-06-26,-0.0427998804174643
2020-06-29,0.022428969867224424
2020-06-30,0.029945345007895474
2020-07-01,0.016728670745465468
2020-07-02,0.011061119858755575
2020-07-06,0.036937221753458926
2020-07-07,-0.015238412828291636
2020-07-08,0.01941129728349611
2020-07-09,0.002483758573132322
2020-07-10,0.015691537780155196
2020-07-13,-0.026856394477377088
2020-07-14,0.018293583764210197
2020-07-15,0.00959590609911265
2020-07-16,-0.010353061846013256
2020-07-17,0.004506309084459481
2020-07-20,0.03423230038063041
2020-07-21,-0.007207193034274306
2020-07-22,0.009719846909431284
2020-07-23,-0.03377952806639273
2020-07-24,-0.01374105587470742
2020-07-27,0.024462917037093135
2020-07-28,-0.015873041433741908
2020-07-29,0.021956341651003575
2020-07-30,0.0006291520483947544
2020-07-31,0.024107885311904775
2020-08-03,0.01823782917956418
2020-08-04,0.008929897609053716
2020-08-05,0.008942757709739846
2020-08-06,0.018807569976649008
2020-08-07,-0.01127558857523725
2020-08-10,-0.00167036754414418
2020-08-11,-0.02933844514735784
2020-08-12,0.03450897938927655
2020-08-13,0.002445186879104222
2020-08-14,-0.0012709358386655545
2020-08-17,0.014898613678163475
2020-08-18,0.011435910188214438
2020-08-19,-0.012357827050687442
2020-08-20,0.015938862542236976
2020-08-21,0.008392740906034701
2020-08-24,0.014717697266751095
2020-08-25,0.010461211220428757
2020-08-26,0.029649084522226143
2020-08-27,-0.002171428285042798
2020-08-28,0.011947854035243344
2020-08-31,0.00533360500577551
2020-09-01,0.023323410978389747
2020-09-02,0.020146242710507245
2020-09-03,-0.07827748345737306
2020-09-04,-0.019111762647863406
2020-09-08,-0.0669568040543651
2020-09-09,0.04416255014882631
2020-09-10,-0.034258212666140486
2020-09-11,-0.004961911138151365
2020-09-14,0.027704378421869347
2020-09-15,0.016820852463287128
2020-09-16,-0.017689267107926954
2020-09-17,-0.02116493581523693
2020-09-18,-0.021980788270185903
2020-09-21,-0.009047747369182346
2020-09-22,0.024068907143974583
2020-09-23,-0.05024556113996248
2020-09-24,0.00712978388856178
2020-09-25,0.03475657980571967
2020-09-28,0.03386088136869736
2020-09-29,-0.007973281914835595
2020-09-30,0.012764767655868203
2020-10-01,0.02054427756964028
2020-10-02,-0.03438630886935268
2020-10-05,0.03582859928883608
2020-10-06,-0.030722639410062147
2020-10-07,0.03207949595823778
2020-10-08,0.012364714024610812
2020-10-09,0.023607068018457467
2020-10-12,0.0418247798420901
2020-10-13,-0.007766606709228685
2020-10-14,-0.012408160735447815
2020-10-15,-0.007531690305386141
2020-10-16,-0.005546222597000217
2020-10-19,-0.029097176141169467
2020-10-20,0.006758426414722907
2020-10-21,-0.0020450028672788223
2020-10-22,0.004245562771783673
2020-10-23,0.004792103137542414
2020-10-26,-0.03085766288346181
2020-10-27,0.003912355433436376
2020-10-28,-0.06712621211355307
2020-10-29,0.023402539599437944
2020-10-30,-0.03049373354173124
2020-11-02,0.012396154024623351
2020-11-03,0.03140686176996943
2020-11-04,0.06031095189009017
2020-11-05,0.04385323178302314
2020-11-06,0.0008458816909229228
2020-11-09,-0.012398157165809276
2020-11-10,-0.016630218281995512
2020-11-11,0.026067919771117998
2020-11-12,-0.012597532340467343
2020-11-13,0.021615803855686844
2020-11-16,0.017327056449170097
2020-11-17,-0.00796485859716467
2020-11-18,-0.01834140497373271
2020-11-19,0.010410192743758095
2020-11-20,-0.011758525000972408
2020-11-23,0.003930866783856457
2020-11-24,0.02635410232641444
2020-11-25,0.004236042440020071
2020-11-27,0.009784124810451322
2020-11-30,-0.0036013914002699376
2020-12-01,0.02271818704568318
2020-12-02,0.002144199770252486
2020-12-03,0.0008415479265535541
2020-12-04,0.011944270444538496
2020-12-07,0.0030773491395219565
2020-12-08,0.005189325292960456
2020-12-09,-0.027953645885154477
2020-12-10,0.0026524996598462636
2020-12-11,-0.0029879528763799845
2020-12-14,0.0019202478769253517
2020-12-15,0.022142345335424807
2020-12-16,0.006500716663896622
2020-12-17,0.011079959716016052
2020-12-18,-0.0062997432574098955
2020-12-21,-0.004843967635508539
2020-12-22,0.0005992067689128966
2020-12-23,-0.003959420185188245
2020-12-24,0.007429864139808728
2020-12-28,0.01709161185220709
2020-12-29,-0.0007383854186256977
2020-12-30,0.0006373046699330587
2020-12-31,0.006623137592462358
2021-01-04,-0.0227062416188899
2021-01-05,0.013638649724085905
2021-01-06,-0.008296831383738379
2021-01-07,0.03468703878137225
2021-01-08,0.013174322675585382
2021-01-11,-0.019840813339613517
2021-01-12,-0.000413510189245736
2021-01-13,0.007943473773739385
2021-01-14,-0.008360239749428122
2021-01-15,-0.014776530637670038
2021-01-19,0.021275986373491484
2021-01-20,0.034590093201482874
2021-01-21,0.008503395706375816
2021-01-22,-0.006867395859126324
2021-01-25,0.011688424259805208
2021-01-26,-0.0009079949111790997
2021-01-27,-0.047394147742281456
2021-01-28,0.012029905147082243
2021-01-29,-0.0363169910034804
2021-02-01,0.03668752855405688
2021-02-02,0.027679851137716094
2021-02-03,-0.003101984189117224
2021-02-04,0.021030014824115373
2021-02-05,0.006642033657355162
2021-02-08,0.01222976622147498
2021-02-09,-0.0008711612637467558
2021-02-10,-0.0023625259973730772
2021-02-11,0.0064834559095339195
2021-02-12,0.009569715536128731
2021-02-16,-0.0031806757440135947
2021-02-17,-0.004168997203922387
2021-02-18,-0.00813686669394309
2021-02-19,-0.005836191395188095
2021-02-22,-0.030081513376063018
2021-02-23,-0.0017565571468031171
2021-02-24,0.017333361337148467
2021-02-25,-0.05361431509311798
2021-02-26,-0.0006005772147937849
2021-03-01,0.048482464550979376
2021-03-02,-0.021713818959814946
2021-03-03,-0.037844362246030716
2021-03-04,-0.02617201854620399
2021-03-05,0.03020041808264695
2021-03-08,-0.029426164720094627
2021-03-09,0.0469120818777955
2021-03-10,0.0031432699717419688
2021-03-11,0.029711777339189283
2021-03-12,-0.006035691396974574
2021-03-15,0.01504280980307282
2021-03-16,0.0036546340173204683
2021-03-17,0.006149162325473689
2021-03-18,-0.040744371278057856
2021-03-19,0.0020681011995682397
2021-03-22,0.023248929072577473
2021-03-23,-0.011789519835763818
2021-03-24,-0.019269791615138532
2021-03-25,0.0037873584548953065
2021-03-26,0.02790845707963463
2021-03-29,-0.0008373270716461878
2021-03-30,-0.00671587020855724
2021-03-31,0.016629567814908208
2021-04-01,0.025194717667885724
2021-04-05,0.0310744275667445
2021-04-06,-0.0014800981963071225
2021-04-07,0.0033390151021919223
2021-04-08,0.01379844450434331
2021-04-09,0.012124087085909174
2021-04-12,-0.0009378998916870218
2021-04-13,0.013224142151681217
2021-04-14,-0.014004854937691213
2021-04-15,0.023251923848900402
2021-04-16,0.004376655475377245
2021-04-19,-0.012883994379346064
2021-04-20,-0.0137302885248618
2021-04-21,0.016487976962655138
2021-04-22,-0.01916418539400544
2021-04-23,0.02113405856454742
2021-04-26,0.00785439816960598
2021-04-27,-0.004518123405061414
2021-04-28,-0.004192951995372618
2021-04-29,0.009684435021716453
2021-04-30,-0.012082287806953307
2021-05-03,-0.002771112220346761
2021-05-04,-0.02172964088524232
2021-05-05,-0.0029634357067691575
2021-05-06,0.014329690399284445
2021-05-07,0.013298856754148103
2021-05-10,-0.031147428161378943
2021-05-11,-0.009067538685620713
2021-05-12,-0.042268366847979744
2021-05-13,0.01759318505112817
2021-05-14,0.032875631520379534
2021-05-17,-0.007405165415999004
2021-05-18,-0.014070241359934954
2021-05-19,-0.0012964787337761408
2021-05-20,0.0264894537056386
2021-05-21,-0.00553319200503577
2021-05-24,0.02393977595540897
2021-05-25,-0.0007456186286864952
2021-05-26,0.0046175557667686995
2021-05-27,-0.0029068683531905393
2021-05-28,0.004324369944389783
2021-06-01,-0.003929198597824035
2021-06-02,0.0037717074152920915
2021-06-03,-0.015027564233682567
2021-06-04,0.02489724789077652
2021-06-07,0.0020027195292584565
2021-06-08,8.32734680435987e-05
2021-06-09,-0.0012473566820201398
2021-06-10,0.014062269596211374
2021-06-11,0.0026487852695331604
2021-06-14,0.0103574852890842
2021-06-15,-0.00822816244612945
2021-06-16,-0.009980397409112163
2021-06-17,0.008331012905851143
2021-06-18,-0.019585038577624725
2021-06-21,0.019186388091380513
2021-06-22,0.013012086437759862
2021-06-23,-0.0007413115683584381
2021-06-24,0.010943516445715007
2021-06-25,0.0023563499349157357
2021-06-28,0.013098052792054338
2021-06-29,0.002937710671744087
2021-06-30,-8.503793476255517e-05
2021-07-01,0.00510245150787858
2021-07-02,0.0170784484326445
2021-07-06,0.0020302195972936588
2021-07-07,0.004756742612193499
2021-07-08,-0.012161640628531978
2021-07-09,0.014720853610653784
2021-07-12,0.007007814722985506
2021-07-13,-0.0033021467565643725
2021-07-14,0.002702507462422954
2021-07-15,-0.009411849403592187
2021-07-16,-0.014362998695374274
2021-07-19,-0.02084595018890245
2021-07-20,0.02338366208485354
2021-07-21,0.013975663048604314
2021-07-22,0.008341041557193174
2021-07-23,0.019200754822620292
2021-07-26,0.0032864954289020254
2021-07-27,-0.014149706196346812
2021-07-28,0.0028361386466251304
2021-07-29,0.005489856688903005
2021-07-30,-0.009188920498550024
2021-08-02,-0.0020564912968077387
2021-08-03,0.012658305614167809
2021-08-04,-0.002964066550840583
2021-08-05,0.01100868308846592
2021-08-06,-0.005162595925570668
2021-08-09,-0.0007319066988838996
2021-08-10,-0.0036541460915693325
2021-08-11,0.002151468975958526
2021-08-12,0.005758959678456854
2021-08-13,0.006050776557710469
2021-08-16,0.0030090266103635077
2021-08-17,-0.013874062829836165
2021-08-18,-0.018752731539619316
2021-08-19,0.0052583070116254405
2021-08-20,0.016788944978707976
2021-08-23,0.022500221767266737
2021-08-24,0.004076691393789966
2021-08-25,0.0018569036588647059
2021-08-26,-0.010530249663712854
2021-08-27,0.018261335324899264
2021-08-30,0.013718723713371794
2021-08-31,-0.0018061377086506791
2021-09-01,0.0018323528572261605
2021-09-02,0.001870533834019028
2021-09-03,0.003730821481069846
2021-09-07,-0.004113095398932454
2021-09-08,-0.0042454931322580824
2021-09-09,-0.007144225447107466
2021-09-10,-0.014133338017164654
2021-09-13,0.0016341579834535658
2021-09-14,-0.006666106412557715
2021-09-15,0.013314098558431242
2021-09-16,-0.002956021251983465
2021-09-17,-0.019420977312268994
2021-09-20,-0.03312394700983401
2021-09-21,0.0009202746781371562
2021-09-22,0.016561694758808088
2021-09-23,0.01802884618566436
2021-09-24,0.002054251838095933
2021-09-27,-0.009254064587235766
2021-09-28,-0.04492424677000029
2021-09-29,-6.0460252647942525e-05
2021-09-30,-0.01344984272471006
2021-10-01,0.01668884988600161
2021-10-04,-0.030100145253633692
2021-10-05,0.021145586628787294
2021-10-06,0.009392963909069296
2021-10-07,0.015973444664565628
2021-10-08,-0.006296776292817441
2021-10-11,-0.013287844654436443
2021-10-12,-0.005292295801413438
2021-10-13,0.01020689458458901
2021-10-14,0.031582280605484625
2021-10-15,0.012670038335936162
2021-10-18,0.011974080575497537
2021-10-19,0.013351151282328111
2021-10-20,0.0024365858857784417
2021-10-21,0.008090788929575377
2021-10-22,-0.008770677628628376
2021-10-25,0.01385449166431374
2021-10-26,0.0035658443041839405
2021-10-27,-0.001921452030562043
2021-10-28,0.01912596119057941
2021-10-29,0.006315780936818838
2021-11-01,0.004644619184063226
2021-11-02,0.007380689076245561
2021-11-03,0.015137439367589156
2021-11-04,0.015468682279985657
2021-11-05,0.004037027139232929
2021-11-08,-0.00037218810138273106
2021-11-09,-0.00937482247496313
2021-11-10,-0.020589628809187688
2021-11-11,0.0028385262479775353
2021-11-12,0.016166309895920827
2021-11-15,-2.707549895530903e-05
2021-11-16,0.00983612117613375
2021-11-17,-0.001698695081040591
2021-11-18,0.01237620617014823
2021-11-19,0.0035021363598306543
2021-11-22,-0.013103458301597981
2021-11-23,-0.0028789010015201066
2021-11-24,0.0050726799752043306
2021-11-26,-0.03764045256300086
2021-11-29,0.030805025021485077
2021-11-30,-0.03042474308638954
2021-12-01,-0.025854401736932986
2021-12-02,0.020046429972757407
2021-12-03,-0.022993070430535
2021-12-06,0.017872687116788022
2021-12-07,0.04536998896746458
2021-12-08,0.0060924123511647554
2021-12-09,-0.019355313666862495
2021-12-10,0.018153836061060247
2021-12-13,-0.020779015295083858
2021-12-14,-0.01540948981693957
2021-12-15,0.03408121760203042
2021-12-16,-0.030749257244858774
2021-12-17,-0.014408570875920512
2021-12-20,-0.01877943137678484
2021-12-21,0.036005553253334543
2021-12-22,0.019922540974895098
2021-12-23,0.012477920057119452
2021-12-27,0.027237366074264413
2021-12-28,-0.004336657479174333
2021-12-29,0.0007482213729941289
2021-12-30,-0.005630942688259699
2021-12-31,-0.008416513942690607
2022-01-03,0.013132187452547406
2022-01-04,-0.01140190994138024
2022-01-05,-0.045338268648780544
2022-01-06,-0.002676640040446765
2022-01-07,-0.012684298909469538
2022-01-10,6.356954202058063e-05
2022-01-11,0.02218987634994929
2022-01-12,0.00635921708585685
2022-01-13,-0.03530003766002443
2022-01-14,0.005420662512356955
2022-01-18,-0.03755977558304269
2022-01-19,-0.018003953059738453
2022-01-20,-0.021654408269386916
2022-01-21,-0.042672925962720876
2022-01-24,0.00968601306595418
2022-01-25,-0.03196547533145955
2022-01-26,-0.00321490902381083
2022-01-27,-0.016184791913290586
2022-01-28,0.049066428124128425
2022-01-31,0.04429885393517252
2022-02-01,0.00619414164062837
2022-02-02,0.0087534820564803
2022-02-03,-0.021542941979501906
2022-02-04,0.004367880977346639
2022-02-07,-0.0030965866474113035
2022-02-08,0.007268196488704248
2022-02-09,0.012914836466086488
2022-02-10,-0.016125001965476837
2022-02-11,-0.017975086655564576
2022-02-14,-0.002656044582104111
2022-02-15,0.013938104644105609
2022-02-16,0.0011187046736245154
2022-02-17,-0.01898114832108566
2022-02-18,-0.005855703518931832
2022-02-22,-0.009087032282433571
2022-02-23,-0.015338292882695614
2022-02-24,0.012388683122913413
2022-02-25,0.018783519460921383
2022-02-28,-0.0021806678784539457
2022-03-01,0.001827770171207943
2022-03-02,-0.0010458380357241115
2022-03-03,0.0006125839197688165
2022-03-04,0.0016240486738354765
2022-03-07,0.0015393709385256305
2022-03-08,0.0028588715228121675
2022-03-09,-0.003152797568970467
2022-03-10,0.0003372772871357288
2022-03-11,-0.000717158373845006
2022-03-14,-0.0015420204379946734
2022-03-15,-0.0018908159411143988
2022-03-16,0.000642950874072401
2022-03-17,0.0005070735830337014
2022-03-18,-0.000875320340583241
2022-03-21,0.0007871101343761566
2022-03-22,-0.0007150975528262826
2022-03-23,0.0013902482522902826
2022-03-24,0.0007562176001232324
2022-03-25,-0.00040034395087984453
2022-03-28,-0.0018351257160730272
2022-03-29,6.481134339297867e-05
2022-03-30,0.0008262948991342167
2022-03-31,5.7368298460369616e-05
2022-04-01,0.001498810202344547
2022-04-04,0.00823170134129425
2022-04-05,-0.011883743900431454
2022-04-06,-0.008966322596236642
2022-04-07,0.004832248689055518
2022-04-08,-0.0016360300315394483
2022-04-11,-0.014764522926066115
2022-04-12,-0.0025621562477130544
2022-04-13,0.010575016823473282
2022-04-14,-0.0111899975009081
2022-04-18,0.00047981117292827946
2022-04-19,0.012153992958903848
2022-04-20,-0.00011150443527097043
2022-04-21,-0.013493157314518833
2022-04-22,-0.024818131701430213
2022-04-25,0.0028258590810441575
2022-04-26,-0.024263016417369387
2022-04-27,0.0015068969464095971
2022-04-28,0.02138247263558979
2022-04-29,-0.031339239100717786
2022-05-02,-0.0018219064964263287
2022-05-03,0.00029269164524592384
2022-05-04,0.0009995568445988479
2022-05-05,-0.0003489049311878878
2022-05-06,0.00019409644213519428
2022-05-09,-0.0014038554089880195
2022-05-10,-0.0007951511869322969
2022-05-11,0.0008258997091104003
2022-05-12,-0.001467025014101897
2022-05-13,-0.0007466080747973169
2022-05-16,0.0009523596331202366
2022-05-17,-0.0005688385078518321
2022-05-18,8.765659636855716e-05
2022-05-19,0.0014501679751073304
2022-05-20,0.00010416390124579067
2022-05-23,0.0004915509713987465
2022-05-24,0.0007737229072537488
2022-05-25,-0.0005565489928940348
2022-05-26,-0.0001432248209802811
2022-05-27,8.891470214011932e-05
2022-05-31,-0.0009276905763662135
2022-06-01,4.4444444444513564e-05
2022-06-02,4.484126984127812e-05
2022-06-03,4.6428571428558385e-05
2022-06-06,4.8809523809589805e-05
2022-06-07,4.920634920635436e-05
2022-06-08,4.9603174603118916e-05
2022-06-09,4.999999999988347e-05
2022-06-10,5.317460317488809e-05
2022-06-13,6.706349206342388e-05
2022-06-14,7.063492063497101e-05
2022-06-15,6.706349206342388e-05
2022-06-16,6.111111111106737e-05
2022-06-17,6.269841269834764e-05
2022-06-21,6.587301587268612e-05
2022-06-22,6.230158730158308e-05
2022-06-23,6.309523809533424e-05
2022-06-24,6.587301587290817e-05
2022-06-27,6.94444444444553e-05
2022-06-28,6.944444444467734e-05
2022-06-29,6.865079365070414e-05
2022-06-30,6.587301587290817e-05
2022-07-01,6.587301587290817e-05
2022-07-05,7.380952380953154e-05
2022-07-06,7.341269841276699e-05
2022-07-07,7.500000000004725e-05
2022-07-08,7.579365079357636e-05
2022-07-11,8.452380952372884e-05
2022-07-12,8.571428571424455e-05
2022-07-13,9.246031746035221e-05
2022-07-14,9.246031746035221e-05
2022-07-15,9.087301587307195e-05
2022-07-18,9.682539682542846e-05
2022-07-19,9.761904761895757e-05
2022-07-20,9.682539682520641e-05
2022-07-21,9.523809523814819e-05
2022-07-22,9.563492063491275e-05
2022-07-25,0.0001011904761905047
2022-07-26,9.841269841270872e-05
2022-07-27,9.404761904763248e-05
2022-07-28,9.325396825388133e-05
2022-07-29,9.285714285711677e-05
2022-08-01,9.841269841270872e-05
2022-08-02,9.841269841270872e-05
2022-08-03,9.682539682542846e-05
2022-08-04,9.563492063491275e-05
2022-08-05,9.841269841270872e-05
2022-08-08,0.00010198412698403381
2022-08-09,0.00010238095238102041
2022-08-10,0.00010158730158726925
2022-08-11,0.00010000000000021103
2022-08-12,0.00010039682539675354
2022-08-15,0.00010436507936506523
2022-08-16,0.00010357142857153612
2022-08-17,0.00010277777777778496
2022-08-18,0.00010357142857153612
2022-08-19,0.00010476190476182978
2022-08-22,0.00010873015873014147
2022-08-23,0.00010753968253962576
2022-08-24,0.00010833333333337691
2022-08-25,0.00011031746031742173
2022-08-26,0.00011031746031742173
2022-08-29,0.00011468253968272002
2022-08-30,0.00011428571428573342
2022-08-31,0.00011388888888896886
2022-09-01,0.00011428571428573342
2022-09-02,0.00011309523809543975
2022-09-06,0.00011746031746029395
2022-09-07,0.0001182539682540451
2022-09-08,0.0001178571428570585
2022-09-09,0.00011825396825426715
2022-09-12,0.00012261904761912135
2022-09-13,0.000126587301587211
2022-09-14,0.00012460317460316617
2022-09-15,0.000123809523809415
2022-09-16,0.0001230158730158859
2022-09-19,0.00013055555555552267
2022-09-20,0.00012936507936500696
2022-09-21,0.00012738095238096214
2022-09-22,0.000126587301587211
2022-09-23,0.000123809523809415
2022-09-26,0.00013095238095206518
2022-09-27,0.00012936507936500696
2022-09-28,0.00013055555555574472
2022-09-29,0.00012936507936478492
2022-09-30,0.0001277777777777267
2022-10-03,0.00013253968253978954
2022-10-04,0.00013174603174603838
2022-10-05,0.00013214285714280294
2022-10-06,0.00013174603174626043
2022-10-07,0.00013134920634927383
2022-10-10,0.00013134920634905178
2022-10-11,0.0001400793650794263
2022-10-12,0.00014126984126971998
2022-10-13,0.00014444444444450255
2022-10-14,0.0001448412698412671
2022-10-17,0.00015158730158715272
2022-10-18,0.00015436507936517074
2022-10-19,0.00015515873015869985
2022-10-20,0.00015515873015869985
2022-10-21,0.0001547619047619353
2022-10-24,0.00015873015873024698
2022-10-25,0.00015753968253973127
2022-10-26,0.00015634920634921556
2022-10-27,0.00015674603174598012
2022-10-28,0.00015833333333326038
2022-10-31,0.00016111111111105636
2022-11-01,0.00016111111111105636
2022-11-02,0.00016031746031752725
2022-11-03,0.00016111111111105636
2022-11-04,0.00015952380952399814
2022-11-07,0.00016349206349186574
2022-11-08,0.00016269841269833663
2022-11-09,0.00016309523809532323
2022-11-10,0.00016230158730157207
2022-11-11,0.00016230158730157207
2022-11-14,0.00016507936507936805
2022-11-15,0.0001642857142856169
2022-11-16,0.0001642857142856169
2022-11-17,0.00016388888888885234
2022-11-18,0.0001646825396826035
2022-11-21,0.00016785714285738607
2022-11-22,0.00016706349206341287
2022-11-23,0.00016706349206319082
2022-11-25,0.00016746031746039947
2022-11-28,0.00017063492063496
2022-11-29,0.0001694444444444443
2022-11-30,0.0001694444444444443
2022-12-01,-8.575887204187449e-05
2022-12-02,-0.0012414307063551844
2022-12-05,-0.016107465759051864
2022-12-06,-0.012571376448128668
2022-12-07,-0.0016463383004113874
2022-12-08,0.006610063981360215
2022-12-09,-0.006288217800550555
2022-12-12,0.012299554374131105
2022-12-13,0.006983285554022167
2022-12-14,-0.005576908187979401
2022-12-15,-0.021719325911541576
2022-12-16,-0.010081772870624506
2022-12-19,-0.00737862481942575
2022-12-20,0.0013224625579966176
2022-12-21,0.012698215774655797
2022-12-22,-0.012292648283638963
2022-12-23,0.004722787494201297
2022-12-27,-0.0033755883401527242
2022-12-28,-0.010267977128226025
2022-12-29,0.014482117568664243
2022-12-30,-0.00215398470001249
2023-01-03,0.000994208510322725
2023-01-04,0.0011054973841919669
2023-01-05,-0.0011039392675049609
2023-01-06,0.0020395822911227768
2023-01-09,0.00039132513090289756
2023-01-10,0.0005387811374872875
2023-01-11,9.227848103132708e-05
2023-01-12,0.0013462066181120225
2023-01-13,0.0014034066783186194
2023-01-17,-0.0005230061709938782
2023-01-18,-0.00013733525060233287
2023-01-19,0.0018081300343208984
2023-01-20,-0.00018862317816492613
2023-01-23,0.0003615681963782258
2023-01-24,0.0005423635974548535
2023-01-25,0.0006469405001328088
2023-01-26,-0.0007963369643573248
2023-01-27,1.6204345115955476e-05
2023-01-30,-0.00010580014242533853
2023-01-31,0.0005427108434350458
2023-02-01,0.030318870423049482
2023-02-02,0.042742662551782384
2023-02-03,-0.028489009136510757
2023-02-06,-0.013141304691925204
2023-02-07,0.031059457086446418
2023-02-08,-0.026603965753670633
2023-02-09,-0.017279852616081004
2023-02-10,-0.003794748607053755
2023-02-13,0.024796123933429337
2023-02-14,0.005866841258735711
2023-02-15,0.00945065916026211
2023-02-16,-0.030893596963514125
2023-02-17,-0.008752924789231509
2023-02-21,-0.040168222262976894
2023-02-22,-0.0009183990417658272
2023-02-23,0.012199380306731511
2023-02-24,-0.02629354280939311
2023-02-27,0.009975358629118247
2023-02-28,-0.004361598710467485
2023-03-01,-0.009898237144809086
2023-03-02,0.01422707030850634
2023-03-03,0.03370468000356408
2023-03-06,0.000590106984852623
2023-03-07,-0.026617092705493728
2023-03-08,0.005970442650051533
2023-03-09,-0.0324175774814246
2023-03-10,-0.023423358650153547
2023-03-13,0.007599186357919674
2023-03-14,0.035119577441290684
2023-03-15,-1.1797518154610387e-05
2023-03-16,0.038821044024484275
2023-03-17,-0.011267949972920022
2023-03-20,0.01120436459431784
2023-03-21,0.022292534406606945
2023-03-22,-0.025722317972429964
2023-03-23,0.014683054285546282
2023-03-24,0.007459538573394431
2023-03-27,-0.006047358036815664
2023-03-28,-0.005781127285068854
2023-03-29,0.02891194388405194
2023-03-30,0.013908274275366672
2023-03-31,0.02716011715884248
2023-04-03,0.0017676976038287773
2023-04-04,-0.005948431693222789
2023-04-05,-0.012171231852357467
2023-04-06,0.008904699083899237
2023-04-10,-0.0007714388743481626
2023-04-11,-0.004851075795518911
2023-04-12,-0.011132974633950687
2023-04-13,0.0301972134025299
2023-04-14,-0.00586028433283603
2023-04-17,0.0032297456871970276
2023-04-18,0.0011105131020083814
2023-04-19,-0.0012051883469170743
2023-04-20,-0.011668739585370735
2023-04-21,-0.0001018957881175897
2023-04-24,-0.0006204486584276969
2023-04-25,-0.03064915852534411
2023-04-26,0.0005147793693329739
2023-04-27,0.04175081408775472
2023-04-28,0.013544231266690465
2023-05-01,-0.002411745328802506
2023-05-02,-0.016395788499645847
2023-05-03,-0.010889904264904993
2023-05-04,-0.009190863018546658
2023-05-05,0.03340724201702394
2023-05-08,0.002483001701753418
2023-05-09,-0.008858815928148411
2023-05-10,0.01363894553975209
2023-05-11,8.940563518056166e-05
2023-05-12,-0.00491413177187483
2023-05-15,0.008017738671937558
2023-05-16,-0.0061952202927760824
2023-05-17,0.02140962819920844
2023-05-18,0.02373787123688076
2023-05-19,-0.0025716078365247697
2023-05-22,0.0026422855876808704
2023-05-23,-0.021226301459751795
2023-05-24,-0.012334230541170776
2023-05-25,0.028938528424994114
2023-05-26,0.0358171236442586
2023-05-30,0.004768698325236853
2023-05-31,-0.010756153570345317
2023-06-01,0.02012912779029996
2023-06-02,0.01840172474627666
2023-06-05,-0.0010764135895019455
2023-06-06,0.002053562400849529
2023-06-07,-0.01973173076410606
2023-06-08,0.01728543826479334
2023-06-09,0.004340586009987879
2023-06-12,0.023584100788299756
2023-06-13,0.01166001250683868
2023-06-14,0.007806115677969405
2023-06-15,0.02200947157961619
2023-06-16,-0.009369499490408773
2023-06-20,-0.006441641652522256
2023-06-21,-0.017645369790946774
2023-06-22,0.01278857573990999
2023-06-23,-0.016120353322243264
2023-06-26,-0.015754908315119054
2023-06-27,0.024935184208257466
2023-06-28,0.0018029563566073215
2023-06-29,0.0010134377034582975
2023-06-30,0.025143543235506938
2023-07-03,0.003439782240654665
2023-07-05,-0.0023971166630104568
2023-07-06,-0.014468981212988785
2023-07-07,-0.004777700054653944
2023-07-10,0.0027775755848724604
2023-07-11,0.010237082481558524
2023-07-12,0.0199126812901953
2023-07-13,0.021446183434956856
2023-07-14,-0.0010390745662338663
2023-07-17,0.011366455656263819
2023-07-18,0.015223751638155925
2023-07-19,0.0006522240494668541
2023-07-20,-0.027225501600875113
2023-07-21,-0.0029988281616257773
2023-07-24,0.004825241341747555
2023-07-25,0.009289701761633351
2023-07-26,-0.002663226975651245
2023-07-27,-0.010258215204862253
2023-07-28,0.025639726904292726
2023-07-31,0.002951304772690122
2023-08-01,-0.006496722348346307
2023-08-02,-0.03268328002605958
2023-08-03,-0.004774261227582621
2023-08-04,-0.007887128715684977
2023-08-07,0.01493048606492553
2023-08-08,-0.012371943398663654
2023-08-09,-0.016571381362304072
2023-08-10,0.001508127400713155
2023-08-11,-0.006476586140812368
2023-08-14,0.01464342119698725
2023-08-15,-0.02045008227991263
2023-08-16,-0.017364725129121794
2023-08-17,-0.01713009344039973
2023-08-18,-0.000822451899197385
2023-08-21,0.02059055500421092
2023-08-22,-0.0038271292850050598
2023-08-23,0.024758445247366367
2023-08-24,-0.03205003350824287
2023-08-25,0.01310601052206839
2023-08-28,0.012712542343608524
2023-08-29,0.03297946828913578
2023-08-30,0.008695080089543117
2023-08-31,0.0003290508902722422
2023-09-01,0.0011870006622844986
2023-09-05,-0.004025186594216912
2023-09-06,-0.014667177011300603
2023-09-07,-0.009526557922054368
2023-09-08,0.0024083557631098262
2023-09-11,0.016532059259806164
2023-09-12,-0.015569679627671307
2023-09-13,0.004125380572785442
2023-09-14,0.014628362696286867
2023-09-15,-0.026119497323638607
2023-09-18,0.0022729954445999123
2023-09-19,-0.003934420223054014
2023-09-20,-0.02044404903619057
2023-09-21,-0.03219313417280956
2023-09-22,-0.0016875529681926738
2023-09-25,0.007038438114032486
2023-09-26,-0.02757782333285841
2023-09-27,0.001342972062843506
2023-09-28,0.011437994750987723
2023-09-29,-0.002926302127504332
2023-10-02,0.006971352303013267
2023-10-03,-0.027904911924388598
2023-10-04,0.018469357835479316
2023-10-05,-0.003621255484308583
2023-10-06,0.025335705726619917
2023-10-09,0.010413562680830157
2023-10-10,0.009159445768387009
2023-10-11,0.01047926596262383
2023-10-12,-0.009126974741309524
2023-10-13,-0.01589439426964845
2023-10-16,0.01969447511862832
2023-10-17,-0.0032657346628403028
2023-10-18,-0.024724922990718157
2023-10-19,-0.016603848065081084
2023-10-20,-0.024334802617052564
2023-10-23,0.000791079729095534
2023-10-24,0.015629703956247853
2023-10-25,-0.03521055175226617
2023-10-26,-0.02817012430767507
2023-10-27,-8.912657223481002e-05
2023-10-30,0.020395960122092438
2023-10-31,0.009934201590762415
2023-11-01,0.015412501453683891
2023-11-02,0.016678730580519385
2023-11-03,0.011260116027079325
2023-11-06,0.0030084449791463186
2023-11-07,0.008531613393382376
2023-11-08,-9.15911539476344e-05
2023-11-09,-0.007169184488905911
2023-11-10,0.019909249419111097
2023-11-13,-0.0023126842285901006
2023-11-14,0.02161816255464788
2023-11-15,0.0005058118038849813
2023-11-16,0.001985240545564926
2023-11-17,2.909671704465211e-06
2023-11-20,0.012055523958810266
2023-11-21,-0.005361817402472879
2023-11-22,0.003974412744128353
2023-11-24,-0.0011756526689505886
2023-11-27,-0.00016638382967437693
2023-11-28,0.003771527128049401
2023-11-29,-0.0009305146218714366
2023-11-30,-0.0029715267374391674
2023-12-01,0.009524503082533942
2023-12-04,-0.015637800588331308
2023-12-05,0.0016453960985201022
2023-12-06,-0.008599935163478012
2023-12-07,0.019325385663805816
2023-12-08,0.005923742733751292
2023-12-11,0.010253442736248175
2023-12-12,0.011298845368235222
2023-12-13,0.025574698367502036
2023-12-14,0.0025339879231238704
2023-12-15,0.0007000206019025512
2023-12-18,0.012223327908097659
2023-12-19,0.010428458208068703
2023-12-20,-0.027664868094688044
2023-12-21,0.02007702236113773
2023-12-22,0.003499830728556308
2023-12-26,0.00950887050366478
2023-12-27,0.003811685173267909
2023-12-28,-0.0013087782362432021
2023-12-29,-0.006494790338070988
2024-01-02,-0.020718267004265378
2024-01-03,-0.017898275301671318
2024-01-04,-0.00792423989456259
2024-01-05,0.002293083471033075
2024-01-08,0.03021407383201158
2024-01-09,0.0001601831912463325
2024-01-10,0.010723810003879564
2024-01-11,0.00099626371751671
2024-01-12,0.0019062121249389108
2024-01-16,-0.004513019301428001
2024-01-17,-0.011396568933104367
2024-01-18,0.021443256122092302
2024-01-19,0.028944095097086286
2024-01-22,0.00266116051153098
2024-01-23,0.006763857373851767
2024-01-24,0.004701983103202245
2024-01-25,0.0060917422000419386
2024-01-26,-0.006862226421097017
2024-01-29,0.0170307384115429
2024-01-30,-0.00717654172298221
2024-01-31,-0.03246900483807835
2024-02-01,0.023214488853793736
2024-02-02,0.023436797453626035
2024-02-05,-0.005461792544832145
2024-02-06,0.0012390146586280792
2024-02-07,0.016456757211073425
2024-02-08,0.001762731080458213
2024-02-09,0.01356236863131488
2024-02-12,-0.004674138058368027
2024-02-13,-0.027968491608428514
2024-02-14,0.017983200972528257
2024-02-15,0.008821565187361324
2024-02-16,-0.012503047297543701
2024-02-20,-0.011337848838902542
2024-02-21,-0.003161452548526067
2024-02-22,0.044935571462086266
2024-02-23,-0.0018348650074779815
2024-02-26,-0.004154727294147231
2024-02-27,0.003520553417354133
2024-02-28,-0.006348210540765065
2024-02-29,0.011402755944084575
2024-03-01,0.02374421563353657
2024-03-04,-0.0032679846469910734
2024-03-05,-0.024337767553191725
2024-03-06,0.010825416252510545
2024-03-07,0.022848610127322644
2024-03-08,-0.017873186960343235
2024-03-11,-0.004202040775154736
2024-03-12,0.02130956346425661
2024-03-13,-0.007877737727560286
2024-03-14,-0.005029607250033208
2024-03-15,-0.01729211454307167
2024-03-18,0.013995511016890783
2024-03-19,0.0069876389617815615
2024-03-20,0.019717838353705552
2024-03-21,0.006390268768797558
2024-03-22,-0.0014221799506057842
2024-03-25,-0.0054978175372788485
2024-03-26,-0.004618754550188675
2024-03-27,0.011310029420858791
2024-03-28,-0.0011327032754879784
2024-04-01,0.0015625742580800406
2024-04-02,-0.01249193497193335
2024-04-03,0.0036753851368567236
2024-04-04,-0.02593329128709443
2024-04-05,0.021884989770493135
2024-04-08,0.0012132378645146602
2024-04-09,0.004643377264971882
2024-04-10,-0.01806271484673072
2024-04-11,0.02306504799761311
2024-04-12,-0.028490215314514344
2024-04-15,-0.02404444282782836
2024-04-16,-0.0014556219835092365
2024-04-17,-0.017241063521234556
2024-04-18,-0.007095976295565132
2024-04-19,-0.025438311854476092
2024-04-22,0.013451778920149593
2024-04-23,0.02371224005139627
2024-04-24,0.0020993225660002057
2024-04-25,-0.007925495711614716
2024-04-26,0.02277286776648202
2024-04-29,0.006130047581005993
2024-04-30,-0.03323968144653211
2024-05-01,-0.008779269989068528
2024-05-02,0.019096460206021515
2024-05-03,0.029206884968781432
2024-05-06,0.02026686268437583
2024-05-07,0.0002434819970547064
2024-05-08,-0.0007016361699901941
2024-05-09,0.007950072923324836
2024-05-10,0.0042610801926363795
2024-05-13,0.000931254579701779
2024-05-14,0.010297115253749878
2024-05-15,0.02628505739763387
2024-05-16,-0.0043582594016278176
2024-05-17,0.0025159176459477184
2024-05-20,0.007464466651297519
2024-05-21,0.003471920996106048
2024-05-22,-0.004649670920382043
2024-05-23,-0.012955787517071604
2024-05-24,0.014742733485416881
2024-05-28,0.004644053426566819
2024-05-29,-0.01372045840748437
2024-05-30,-0.015999281308363478
2024-05-31,0.00723940090799724
2024-06-03,0.004465200084861953
2024-06-04,0.0022256170393177843
2024-06-05,0.030253581007592123
2024-06-06,0.0001079711759295332
2024-06-07,-0.0059733890607761575
2024-06-10,0.007195060430736255
2024-06-11,0.008359110633373135
2024-06-12,0.019769643915418023
2024-06-13,0.005533684746007239
2024-06-14,0.006125907870501601
2024-06-17,0.017793886689682292
2024-06-18,0.002661297753596248
2024-06-20,-0.008906931184820555
2024-06-21,-0.00611824272388406
2024-06-24,-0.012658562515871052
2024-06-25,0.013711974414084116
2024-06-26,0.00206238083650101
2024-06-27,0.0043353947635629275
2024-06-28,-0.009035074394307951
2024-07-01,0.007722231047909478
2024-07-02,0.01518478084629793
2024-07-03,0.01224565591900384
2024-07-05,0.015802120795653574
2024-07-08,0.001837054434250085
2024-07-09,0.0014093691763357175
2024-07-10,0.018774633171683375
2024-07-11,-0.02672792465486795
2024-07-12,0.010531648870266919
2024-07-15,0.005253715829162342
2024-07-16,0.007587219467777073
2024-07-17,-0.03980677265194699
2024-07-18,-0.012094442326390786
2024-07-19,-0.01610635346717637
2024-07-22,0.02230608880530549
2024-07-23,-0.00428857477336575
2024-07-24,-0.053228487827503
2024-07-25,-0.01609561010415439
2024-07-26,0.019833956825530796
2024-07-29,0.0020021376022179016
2024-07-30,-0.015809311328434883
2024-07-31,0.041613507058934074
2024-08-01,-0.03428982566439831
2024-08-02,-0.03866941934905899
2024-08-05,-0.0534838827107047
2024-08-06,0.01509132567382121
2024-08-07,-0.01616874625764475
2024-08-08,0.049385584020071205
2024-08-09,0.008559652700260045
2024-08-12,0.0037419892836541013
2024-08-13,0.036528341145763754
2024-08-14,0.002267670356478124
2024-08-15,0.038003840848058745
2024-08-16,0.0045747225734589225
2024-08-19,0.020189961932415734
2024-08-20,-0.0031579820736770126
2024-08-21,0.007411307471549389
2024-08-22,-0.023153870046205616
2024-08-23,0.020042998772864973
2024-08-26,-0.010786708200749562
2024-08-27,0.004168504675134299
2024-08-28,-0.01630361171232897
2024-08-29,-0.0010435216865497532
2024-08-30,0.0180887287079734
2024-09-03,-0.046556298804010576
2024-09-04,-0.004449233169321221
2024-09-05,-0.0004175168992647249
2024-09-06,-0.03993921403219869
2024-09-09,0.02121660351705179
2024-09-10,0.012381541188670075
2024-09-11,0.027628363673864564
2024-09-12,0.018656237916911067
2024-09-13,0.008971119274673756
2024-09-16,-0.002683729974231719
2024-09-17,0.00020689721359445912
2024-09-18,-0.007944492805508463
2024-09-19,0.03975812745223117
2024-09-20,-0.0027830944080516895
2024-09-23,0.004901020425611247
2024-09-24,0.008268438812223167
2024-09-25,-0.0010816430528233223
2024-09-26,0.010389400772425672
2024-09-27,-0.0076654446387917075
2024-09-30,0.005279344240163297
2024-10-01,-0.020070902163238924
2024-10-02,0.0017296116177802912
2024-10-03,-0.0024773519855189052
2024-10-04,0.018276288515559402
2024-10-07,-0.018429390117411182
2024-10-08,0.020881990184334676
2024-10-09,0.01252208980001357
2024-10-10,-0.0017319243675664175
2024-10-11,0.006900988244716633
2024-10-14,0.014807496752829552
2024-10-15,-0.018847076361114157
2024-10-16,0.004427581845000583
2024-10-17,0.0012527948797229627
2024-10-18,0.00984136810152969
2024-10-21,0.00026732177656851874
2024-10-22,0.0012737189650382508
2024-10-23,-0.023491333593246178
2024-10-24,0.0098295307260714
2024-10-25,0.005014966672282961
2024-10-28,0.002721848151456374
2024-10-29,0.010989561299234785
2024-10-30,-0.00910417457207957
2024-10-31,-0.04192598012747595
2024-11-01,0.009496659844910882
2024-11-04,-0.004598110786353415
2024-11-05,0.022499473292446392
2024-11-06,0.04396004444069468
2024-11-07,0.022757092335891738
2024-11-08,0.003750874155805217
2024-11-11,-0.0020162796107783265
2024-11-12,-0.005262835948114164
2024-11-13,-0.0017035021199504063
2024-11-14,-0.01285665762145638
2024-11-15,-0.034261342467763356
2024-11-18,0.012013345225565075
2024-11-19,0.009916982223194815
2024-11-20,0.00028539002756566845
2024-11-21,0.008739330860226824
2024-11-22,0.004897501783853064
2024-11-25,0.0016995205217855691
2024-11-26,0.009896301154473486
2024-11-27,-0.010169655392191168
2024-11-29,0.013636740003483139
2024-12-02,0.0106365811725877
2024-12-03,0.0033046565663916727
2024-12-04,0.01688735545925102
2024-12-05,-0.004724258767418665
2024-12-06,0.009668948737040939
2024-12-09,-0.011216317464249559
2024-12-10,-0.0047277095802372715
2024-12-11,0.024119195359699974
2024-12-12,-0.012141456654728211
2024-12-13,0.005361535119529526
2024-12-16,0.017283746080736462
2024-12-17,-0.008320518592461856
2024-12-18,-0.060869636655184856
2024-12-19,-0.005601758369144116
2024-12-20,0.01916056369157748
2024-12-23,0.013791626591954653
2024-12-24,0.022010663366787808
2024-12-26,-0.00011449323521806054
2024-12-27,-0.022719952306903934
2024-12-30,-0.02285441512337716
2024-12-31,-0.010771388751343647
2025-01-02,-0.0030203146725141794
2025-01-03,0.024905651743977852
2025-01-06,0.01550432323959039
2025-01-07,-0.025960471593186596
2025-01-08,0.0014316175415507448
2025-01-10,-0.027162171974608684
2025-01-13,-0.002439379419876264
2025-01-14,0.000573782347418339
2025-01-15,0.03719571038662628
2025-01-16,-0.007016247734004444
2025-01-17,0.02276307075966333
2025-01-21,0.014574419559983953
2025-01-22,0.017135999122445122
2025-01-23,0.006808318251462664
2025-01-24,-0.007530935491397939
2025-01-27,-0.040431971545745404
2025-01-28,0.021846989080016144
2025-01-29,-0.00626334869392231
2025-01-30,0.009921891457546295
2025-01-31,-0.0064296661042320125
2025-02-03,-0.01274803445171191
2025-02-04,0.017971168593522435
2025-02-05,0.00809708776517959
2025-02-06,0.007364421135148458
2025-02-07,-0.019650296428940228
2025-02-10,0.01827014876786981
2025-02-11,-0.0019999488256674525
2025-02-12,-0.0021204994302299607
2025-02-13,0.02320679074951948
2025-02-14,0.001716864112532246
2025-02-18,0.005971285746908972
2025-02-19,0.0024612219933752844
2025-02-20,-0.007773388914207868
2025-02-21,-0.03444186237815938
2025-02-24,-0.014556476379278815
2025-02-25,-0.017266716038297658
2025-02-26,0.002377004513740788
2025-02-27,-0.04036609840269212
2025-02-28,0.026530719093738497
2025-03-03,-0.03335080627788134
2025-03-04,-0.013369788526694348
2025-03-05,0.021514239600517238
2025-03-06,-0.041016761184591966
2025-03-07,0.010548125366151906
2025-03-10,-0.058280264585494734
2025-03-11,-0.009280331857520752
2025-03-12,0.015059237023437033
2025-03-13,-0.025966114666558848
2025-03-14,0.03874469094863753
2025-03-17,0.012971738253515719
2025-03-18,-0.022955143906846498
2025-03-19,0.02093190877419615
2025-03-20,-0.005251012997676385
2025-03-21,0.002052645765777683
2025-03-24,0.0336427508742867
2025-03-25,0.00769023869927099
2025-03-26,-0.026709835855712405
2025-03-27,-0.006451840188492208
2025-03-28,-0.04004441159874539
2025-03-31,0.00681046269317509
2025-04-01,-4.782303576067459e-05
2025-04-02,0.0003551594800628166
2025-04-03,-0.000453680208883922
2025-04-04,-0.0021765784350263884
2025-04-07,-0.0019412762668727934
2025-04-08,0.0006697369807384668
2025-04-09,0.003697866884455614
2025-04-10,0.0025696171437372683
2025-04-11,0.002082284224912412
2025-04-14,-0.00043696847040730624
2025-04-15,0.0006859378626813406
2025-04-16,0.003496104021386115
2025-04-17,-0.000314472887258721
2025-04-21,0.0034096933539411456
2025-04-22,-0.0013875937415933626
2025-04-23,-0.002413236776825367
2025-04-24,0.0016717149303309142
2025-04-25,-0.000998906354107043
2025-04-28,0.0016427514532235676
2025-04-29,-0.0008851950484117799
2025-04-30,-0.000638360995187881
2025-05-01,-0.0019272287542564381
2025-05-02,0.00032254961184330355
2025-05-05,0.0030855642434362007
2025-05-06,0.0029774885980193844
2025-05-07,-0.001400047368693258
2025-05-08,-0.0018578147686977298
2025-05-09,0.00087734526994665
2025-05-12,-0.0026878855310109584
2025-05-13,0.0005718549313376009
2025-05-14,-0.0019205951162539758
2025-05-15,0.0016967476745941568
2025-05-16,-0.001033334697893129
2025-05-19,0.0014026700444011997
2025-05-20,0.0019793454609631222
2025-05-21,0.0008873616735878276
2025-05-22,-0.0007377807677949599
2025-05-23,0.002332544109748147
2025-05-27,-0.0015692764670861559
2025-05-28,-7.503452919466191e-05
2025-05-29,0.0007426688042151408
2025-05-30,-0.0005075303528309094
2025-06-02,0.014476471384938572
2025-06-03,0.011490892160903377
2025-06-04,0.0025405392763875323
2025-06-05,-0.012219454746077552
2025-06-06,0.016513354254870993
2025-06-09,0.002391900611354414
2025-06-10,0.011259484862516489
2025-06-11,-0.0051948367569216725
2025-06-12,0.006571723262265072
2025-06-13,-0.02047980605006705
2025-06-16,0.019497001758092214
2025-06-17,-0.016698238021674028
2025-06-18,-0.0010406098755231241
2025-06-20,-0.006550171365204416
2025-06-23,0.018527635383587482
2025-06-24,0.022063676477215743
2025-06-25,0.002987841459315854
2025-06-26,0.015547905847252963
2025-06-27,0.005159273369179651
2025-06-30,0.011494259430184117
2025-07-01,-0.007543368252271754
2025-07-02,0.01092390501388163
2025-07-03,0.01444001675012152
2025-07-07,-0.013119410232358408
2025-07-08,-0.0014852564889965558
2025-07-09,0.01209845815197963
2025-07-10,0.0013745213123184108
2025-07-11,-0.004728630099338105
2025-07-14,0.004287592146210217
2025-07-15,-0.0036869194944993966
2025-07-16,0.004525725317573892
2025-07-17,0.012572773957679306
2025-07-18,-0.0017906385054473617
2025-07-21,0.007775488725138224
2025-07-22,-0.0037317135579406635
2025-07-23,0.010333740321644802
2025-07-24,0.0017766618137289303
2025-07-25,0.004287146295571143
2025-07-28,0.001957116767335343
2025-07-29,-0.003581278671847543
2025-07-30,-0.0016099923920313008
2025-07-31,-0.0081624096090821
2025-08-01,-0.03084488485787462
2025-08-04,0.03050617540796119
2025-08-05,-0.010506795338438568
2025-08-06,0.017601205507237205
2025-08-07,0.003269065627628187
2025-08-08,0.014687438943044251
2025-08-11,-0.006202571800594914
2025-08-12,0.020921240723570378
2025-08-13,0.0037194626300895983
2025-08-14,-0.00142927648008917
2025-08-15,-0.006413830833230216
2025-08-18,-0.0008217337007755399
2025-08-19,-0.018002460794274255
2025-08-20,-0.006890469600753124
2025-08-21,-0.008067900344103762
2025-08-22,0.0282042771592097
2025-08-25,-0.006875857268228036
2025-08-26,0.007959198497164754
2025-08-27,0.0035131415564455537
2025-08-28,0.009215174649188418
2025-08-29,-0.015284885860239461
2025-09-02,-0.011894421321270388
2025-09-03,0.01221580895681651
2025-09-04,0.015123126827013555
2025-09-05,-0.00026104104796298433
2025-09-08,0.007698776989049083
2025-09-09,0.0042577738704123735
2025-09-10,0.003187692255254504
2025-09-11,0.012197297687582154
2025-09-12,0.003555989635403156
2025-09-15,0.0135025799638826
2025-09-16,-0.002152467350763243
2025-09-17,-0.0038592191168959067
2025-09-18,0.012229472200702807
2025-09-19,0.010985924658281299
2025-09-22,0.011246093554188485
2025-09-23,-0.010462348501846463
2025-09-24,-0.007238894323451928
2025-09-25,-0.007818114800181242
2025-09-26,0.009097911840953321
2025-09-29,0.008193790069318752
2025-09-30,0.006356345833922639
2025-10-01,0.007657431792721825
2025-10-02,0.004095926837994757
2025-10-03,-0.003411076955134429
2025-10-06,0.011783106584114078
2025-10-07,-0.007640394195487343
2025-10-08,0.017108372546843054
2025-10-09,-0.005666491785223937
2025-10-10,-0.05504954779118654
2025-10-13,0.035181383749114614
2025-10-14,-0.006356273111318478
2025-10-15,0.011679850293961236
2025-10-16,-0.006730307706328653
2025-10-17,0.008263049357880803
2025-10-20,0.024406548777260895
2025-10-21,-0.007504853014516533
2025-10-22,-0.013480882243150916
2025-10-23,0.013019183243023535
2025-10-24,0.016000344676791567
2025-10-27,0.023943821754622396
2025-10-28,0.008526447637216883
2025-10-29,0.004110905692154443
2025-10-30,-0.021965818346353583
2025-10-31,0.0064164209413810624
2025-11-03,0.006024668114892107
2025-11-04,-0.030849268274238506
2025-11-05,0.009682423635651194
2025-11-06,-0.026627881923314445
2025-11-07,-0.001585359292507027
2025-11-10,0.036239470857516
2025-11-11,0.00010016673816171107
2025-11-12,0.001384162383023968
2025-11-13,-0.03401721575712502
2025-11-14,-0.0019196176901746798
2025-11-17,-0.017275246156630897
2025-11-18,-0.01749771650959575
2025-11-19,0.008382886384842747
2025-11-20,-0.03454428357406669
2025-11-21,0.015176685722027017
2025-11-24,0.03747856918259118
2025-11-25,0.013380209579485047
2025-11-26,0.014591118334850384
2025-11-28,0.012764562957170433
2025-12-01,-0.006494292244028088
2025-12-02,0.007968040749905203
2025-12-03,0.004840682000231578
2025-12-04,-0.00022697738924137845
2025-12-05,0.00486568231468798
2025-12-08,-0.0049799085030936
2025-12-09,0.0011246893639151878
2025-12-10,0.009506366751974582
2025-12-11,0.00023114268947255212
2025-12-12,-0.02689528430005428
2025-12-15,-0.005729801121728606
2025-12-16,-0.0008473913346288553
2025-12-17,-0.025868525693831468
2025-12-18,0.01940865819053128
2025-12-19,0.019730353791983957
2025-12-22,0.011875550269121016
2025-12-23,0.009511900375162696
2025-12-24,0.005079378662954603
2025-12-26,0.0006038210244345699
2025-12-29,-0.012165688575823341
2025-12-30,-0.0033237985591965113
2025-12-31,-0.014896614165772037
2026-01-02,-8.575755849471456e-05
2026-01-05,0.01573603670242396
2026-01-06,0.014305135859095763
2026-01-07,-0.0031022219900672665
2026-01-08,-0.005050536109746373
2026-01-09,0.01528491480823746
2026-01-12,0.004036379107789534
2026-01-13,-0.0036800365187509287
2026-01-14,-0.012505521109287043
2026-01-15,0.004286608050689811
2026-01-16,-0.0025859828783585392
2026-01-20,-0.03327599756788491
2026-01-21,0.023376156715012808
2026-01-22,0.01335881677423334
2026-01-23,0.004406165164686282
2026-01-26,0.009992105362992998
2026-01-27,0.01428589770288613
2026-01-28,0.006519608198317872
2026-01-29,-0.00668807812845118
2026-01-30,-0.025932333319193535
2026-02-02,0.007101504762581756
2026-02-03,-0.015921187712361062
2026-02-04,-0.020293831805111018
2026-02-05,-0.026827390788769723
2026-02-06,0.03916429983990466
2026-02-09,0.013314099380543176
2026-02-10,-0.00751006478905536
2026-02-11,0.0031202688000282475
2026-02-12,-0.03563328518856135
2026-02-13,0.004232254506705724
2026-02-17,-0.002935282967405528
2026-02-18,0.013399864768609993
2026-02-19,-0.005432107299819133
2026-02-20,0.016118196342387092
2026-02-23,-0.01704005075244419
2026-02-24,0.014057553142460044
2026-02-25,0.01964210137995459
2026-02-26,-0.0144513704846978
2026-02-27,-0.005695871717821932
2026-03-02,0.0023737046377738658
2026-03-03,-0.022053466499420304
2026-03-04,0.02048282647510291
2026-03-05,-0.00879254871530144
2026-03-06,-0.024326683390501258
2026-03-09,0.01962116113202339
2026-03-10,-0.000893012399898363
2026-03-11,-0.0013515334602262064
2026-03-12,-0.031282046744623315
2026-03-13,-0.012127898784379365
2026-03-16,0.01877177874153446
2026-03-17,0.006727905868327166
2026-03-18,-0.02833392136591939
2026-03-19,-0.00956057160720103
2026-03-20,-0.03300152321135241
2026-03-23,0.01801995508035925
2026-03-24,-0.009914216581677238
2026-03-25,0.01348014373332651
2026-03-26,-0.04106551845485995
2026-03-27,-0.030305895785659565
2026-03-30,-0.00984225652516102
2026-03-31,0.05983613563878021
2026-04-01,0.001878910822878277
2026-04-02,-0.0018221259642676735
2026-04-06,-0.0002789765967036173
2026-04-07,0.0010963794859299991
2026-04-08,0.0007604727664083377
2026-04-09,0.0009126924322837571
2026-04-10,-5.2457129746885656e-05
2026-04-13,-0.0002812383068248048
2026-04-14,0.0023854274073971116
2026-04-15,-0.0009422307741219216
2026-04-16,4.100773044468653e-05
2026-04-17,0.00148319902694527
2026-04-20,-0.0007589765822542116
2026-04-21,-0.002768607777567267
2026-04-22,0.0014488161302594893
2026-04-23,-0.0008492594516572582
2026-04-24,0.0006410353130961166
2026-04-27,-0.0006501058066125109
2026-04-28,-0.0017218203561686352
2026-04-29,-0.0009164210393399763
2026-04-30,0.001581741361659672
2026-05-01,0.010994068165111281
2026-05-04,-0.006916230410162094
2026-05-05,0.019410580715685466
2026-05-06,0.03412644473781423
2026-05-07,-0.003739848111136701
2026-05-08,0.0288946554389653
2026-05-11,0.004865399758954725
2026-05-12,-0.009548046895451301
2026-05-13,0.013864581684970734
2026-05-14,0.012927049325593964
2026-05-15,-0.02724477848777307
2026-05-18,-0.004817692854210631
2026-05-19,-0.012783542055475272
2026-05-20,0.02564887918702996
2026-05-21,0.0031746838085755513
2026-05-22,0.006126114974693175
2026-05-26,0.0224721598718729
2026-05-27,-0.0022625238616047483
2026-05-28,0.013565525823654223
2026-05-29,0.006200453196071987
2026-06-01,0.006145828254391361
2026-06-02,0.005476398439088648
2026-06-03,-0.009638925206695848
2026-06-04,-0.0005521857123956808
2026-06-05,-0.07022993115090126
2026-06-08,0.01572629408154569
2026-06-09,-0.01454355035172128
2026-06-10,-0.036614197729251785
2026-06-11,0.047590358817154454
2026-06-12,0.01057270024652035
2026-06-15,0.046164644897785045
2026-06-16,-0.021921698165498826
2026-06-17,-0.022415905545550285
2026-06-18,0.029126352176925607
2026-06-22,-0.004409824368329485
2026-06-23,-0.04487119712430965
2026-06-24,-0.007457855589836249
2026-06-25,0.007782121282799981
2026-06-26,-0.016343911854920568
2026-06-29,0.0351478112518131
2026-06-30,0.02187176911435018
2026-07-01,-0.014421570682722207
2026-07-02,-0.016932827943939133
2026-07-06,0.020155229367968097
2026-07-07,-0.020744959240338923
2026-07-08,-0.0009964933954641486
2026-07-09,0.022317863563745766
2026-07-10,0.006365339842517637
2026-07-13,-0.02372333967924889
2026-07-14,0.012892870981877191
2026-07-15,0.0010189988246542825
2026-07-16,-0.019157425864056665
2026-07-17,-0.022680214109941588
2026-07-20,-0.000737309854586865
2026-07-21,0.02365184710850543
2026-07-22,-0.005736078699744351
