,ret
2000-02-01,0.024356323154795634
2000-02-02,0.006304291922676564
2000-02-03,0.036880857244952825
2000-02-04,0.002069332095136156
2000-02-07,0.008967872186710357
2000-02-08,0.03966247891629915
2000-02-09,-0.04070658068372801
2000-02-10,0.025717188744908803
2000-02-11,-0.03072941833210807
2000-02-14,0.002521947038529815
2000-02-15,0.012357399649833178
2000-02-16,-0.012851907400480478
2000-02-17,0.01296325963384537
2000-02-18,-0.04136139544792683
2000-02-22,0.0007925849752981051
2000-02-23,0.04951135451143829
2000-02-24,0.0057032733592909945
2000-02-25,-0.021333684660459484
2000-02-28,0.011152761908015174
2000-02-29,0.02683060702009099
2000-03-01,0.010216496833909794
2000-03-02,-0.015174601488836092
2000-03-03,0.049257231627834575
2000-03-06,-0.0012353441058996495
2000-03-07,-0.02342613712169972
2000-03-08,0.0053860672924297415
2000-03-09,0.042441569260126544
2000-03-10,-0.006722980766204034
2000-03-13,-0.026053451604018285
2000-03-14,-0.03525202441896402
2000-03-15,-0.012844210423637925
2000-03-16,0.06804419745017665
2000-03-17,0.016922923110491928
2000-03-20,-0.022418327550214
2000-03-21,0.03878331867566054
2000-03-22,0.01758841132584399
2000-03-23,0.023996796460334258
2000-03-24,0.013385131634780167
2000-03-27,-0.006669272160399586
2000-03-28,-0.0220264673255528
2000-03-29,-0.027435060025936098
2000-03-30,-0.028505169080783932
2000-03-31,0.021373736163324386
2000-04-03,-0.03617428512214216
2000-04-04,-0.011208600040083061
2000-04-05,-0.015171666392135852
2000-04-06,0.019994880339202936
2000-04-07,0.028725714212633813
2000-04-10,-0.04160611959555427
2000-04-11,-0.01598282474019208
2000-04-12,-0.052944165850214
2000-04-13,-0.0328629606535481
2000-04-14,-0.08415977629471638
2000-04-17,0.07573965133430915
2000-04-18,0.03174640633515824
2000-04-19,-0.022595245623514892
2000-04-20,-0.007569060283865836
2000-04-24,-0.021731395322432845
2000-04-25,0.0612167288908978
2000-04-26,-0.025380478711082843
2000-04-27,0.018599049793791123
2000-04-28,0.014975397071338659
2000-05-01,0.015102760664324366
2000-05-02,-0.05203509659990324
2000-05-03,-0.023007614929330344
2000-05-04,0.006251037065861276
2000-05-05,0.022872383277777963
2000-05-08,-0.02999953333226346
2000-05-09,-0.01849156641584848
2000-05-10,-0.05847632982946538
2000-05-11,0.04856104892112301
2000-05-12,0.007409465873073007
2000-05-15,0.03685174716345241
2000-05-16,0.023576889666023115
2000-05-17,-0.02008769964727153
2000-05-18,-0.030226269946607265
2000-05-19,-0.0383859931128141
2000-05-22,-0.005796670864552933
2000-05-23,-0.05583340346991594
2000-05-24,0.04173971808751897
2000-05-25,-0.023690785338138953
2000-05-26,0.0007271098941463716
2000-05-30,0.07388025576826562
2000-05-31,-0.014720443178571907
2000-06-01,0.011732117172322587
2000-06-02,0.011936975372652814
2000-06-05,-0.0033323401260134666
2000-06-06,-0.0030297799576735063
2000-06-07,0.004830853346803554
2000-06-08,-0.002663580981538294
2000-06-09,-0.0014102381805608522
2000-06-12,-0.0080112270333218
2000-06-13,0.012772516243093834
2000-06-14,0.0012314330599352274
2000-06-15,0.001525680604946178
2000-06-16,-0.00566918257130733
2000-06-19,0.00887044275401827
2000-06-20,-0.0024510144552232216
2000-06-21,-0.00023894638777699484
2000-06-22,-0.010536379521630002
2000-06-23,-0.005794175459823858
2000-06-26,0.00874164174905867
2000-06-27,-0.004992875398650676
2000-06-28,0.0019588304404640766
2000-06-29,-0.006369210530432712
2000-06-30,0.005158493463213398
2000-07-03,0.022009856789893867
2000-07-05,-0.038416938466544925
2000-07-06,0.022422457643275218
2000-07-07,0.024413898352177776
2000-07-10,-0.011540376873957037
2000-07-11,0.004965108641366456
2000-07-12,0.020200244920297372
2000-07-13,0.011691792843291138
2000-07-14,0.021504213915078285
2000-07-17,0.006743435617160731
2000-07-18,-0.02151205518906718
2000-07-19,-0.021418836797610474
2000-07-20,0.0312954338443161
2000-07-21,-0.03698468031974855
2000-07-24,-0.018088315259406906
2000-07-25,0.007329664916444711
2000-07-26,-0.0075024261185048235
2000-07-27,-0.0290422799620077
2000-07-28,-0.050440740151346475
2000-07-31,0.022093088900240643
2000-08-01,0.004147938648886518
2000-08-02,0.0034234652788254216
2000-08-03,0.004741360901723057
2000-08-04,0.0037236775588016524
2000-08-07,0.008271855005749673
2000-08-08,0.0027075126795850224
2000-08-09,-0.005826818287891555
2000-08-10,-0.0033133449413512706
2000-08-11,0.0032860058602930398
2000-08-14,0.008859808021127291
2000-08-15,-0.0005292583422431552
2000-08-16,-0.0024396429562584254
2000-08-17,0.007402227713890763
2000-08-18,-0.0022974845546549494
2000-08-21,0.0038815432792982385
2000-08-22,-0.0011197414239129122
2000-08-23,0.0028531422252826566
2000-08-24,0.0022654337091523313
2000-08-25,-0.0002368700689550085
2000-08-28,0.002486555345635022
2000-08-29,0.0002039492187695391
2000-08-30,-0.0067915583901838605
2000-08-31,0.009454586746381999
2000-09-01,0.007138600455926181
2000-09-05,-0.025952895156469924
2000-09-06,-0.030586978256759156
2000-09-07,0.01948883923811806
2000-09-08,-0.024221382854412776
2000-09-11,-0.016016600979386286
2000-09-12,-0.014323376486670036
2000-09-13,0.01529331621625274
2000-09-14,0.000128865648407972
2000-09-15,-0.02593955180738916
2000-09-18,-0.015560943816131823
2000-09-19,0.027346245518471646
2000-09-20,0.004305987169969994
2000-09-21,-0.055095586183111944
2000-09-22,0.04527495153309391
2000-09-25,-0.020740279126330585
2000-09-26,-0.015250264534193425
2000-09-27,0.0042135843240027615
2000-09-28,0.021324515788758713
2000-09-29,-0.024464677157251646
2000-10-02,0.00023928571428566414
2000-10-03,0.00024047619047617985
2000-10-04,0.0002404761904759578
2000-10-05,0.0002408730158729444
2000-10-06,0.00024047619047617985
2000-10-09,0.00024047619047617985
2000-10-10,0.0002400793650794153
2000-10-11,0.0002400793650794153
2000-10-12,0.00023849206349213503
2000-10-13,0.0002388888888888996
2000-10-16,0.00024047619047617985
2000-10-17,0.00024285714285721127
2000-10-18,0.00024285714285721127
2000-10-19,0.00024365079365096243
2000-10-20,0.00024325396825375378
2000-10-23,0.00024444444444449154
2000-10-24,0.0002448412698412561
2000-10-25,0.00024603174603199385
2000-10-26,0.0002452380952377986
2000-10-27,0.0002448412698412561
2000-10-30,0.00024563492063500725
2000-10-31,0.00024563492063500725
2000-11-01,0.00024523809523802065
2000-11-02,0.00024563492063500725
2000-11-03,0.0002460317460317718
2000-11-06,0.00024761904761905207
2000-11-07,0.00024722222222250956
2000-11-08,0.0002468253968253009
2000-11-09,0.00024642857142853636
2000-11-10,0.0002456349206347852
2000-11-13,0.0002456349206352293
2000-11-14,0.00024523809523802065
2000-11-15,0.00024563492063500725
2000-11-16,0.0002448412698412561
2000-11-17,0.0002448412698412561
2000-11-20,0.00024523809523802065
2000-11-21,0.00024523809523802065
2000-11-22,0.0002452380952382427
2000-11-24,0.00024523809523802065
2000-11-27,0.00024365079365074038
2000-11-28,0.00024206349206346012
2000-11-29,0.00024047619047617985
2000-11-30,0.00023928571428588619
2000-12-01,0.0002400793650794153
2000-12-04,0.00023809523809514843
2000-12-05,0.00023452380952382335
2000-12-06,0.0002349206349205879
2000-12-07,0.000235714285714117
2000-12-08,0.0002349206349205879
2000-12-11,0.00023452380952382335
2000-12-12,0.0002337301587300722
2000-12-13,0.00023373015872985015
2000-12-14,0.00023373015873029424
2000-12-15,0.00023214285714301397
2000-12-18,0.00022936507936499595
2000-12-19,0.00022857142857168888
2000-12-20,0.00022460317460315515
2000-12-21,0.0002079365079368234
2000-12-22,0.0002035714285715251
2000-12-26,0.00022261904761911033
2000-12-27,0.00022182539682535918
2000-12-28,0.00022658730158719997
2000-12-29,0.00022738095238095113
2001-01-02,0.00022579365079367086
2001-01-03,0.0002194444444445498
2001-01-04,0.00020753968253961474
2001-01-05,0.00019801587301593315
2001-01-08,0.00020079365079372913
2001-01-09,0.00020238095238078735
2001-01-10,0.00020436507936505421
2001-01-11,0.00020515873015902741
2001-01-12,0.00020595238095233448
2001-01-16,0.0002071428571428502
2001-01-17,0.0002071428571428502
2001-01-18,0.00020396825396828966
2001-01-19,0.0002023809523810094
2001-01-22,0.00020277777777777395
2001-01-23,0.0002023809523810094
2001-01-24,0.00020396825396828966
2001-01-25,0.00020396825396828966
2001-01-26,0.00019999999999997797
2001-01-29,0.0001980158730161552
2001-01-30,0.00019404761904739942
2001-01-31,0.00019285714285710576
2001-02-01,0.0001932539682538703
2001-02-02,0.00019563492063490173
2001-02-05,0.00019682539682541744
2001-02-06,0.0001960317460316663
2001-02-07,0.0001960317460316663
2001-02-08,0.00019642857142843084
2001-02-09,0.00019563492063512378
2001-02-12,0.00019563492063490173
2001-02-13,0.00019523809523813718
2001-02-14,0.0001960317460316663
2001-02-15,0.0001964285714286529
2001-02-16,0.00019404761904762147
2001-02-20,0.00019523809523835922
2001-02-21,0.00019404761904762147
2001-02-22,0.00019365079365063487
2001-02-23,0.00018928571428578067
2001-02-26,0.0001869047619049713
2001-02-27,0.0001865079365079847
2001-02-28,0.0001876984126985004
2001-03-01,0.00018730158730173585
2001-03-02,0.0001873015873015138
2001-03-05,0.0001865079365079847
2001-03-06,0.00018531746031746898
2001-03-07,0.0001813492063491573
2001-03-08,0.00018095238095239274
2001-03-09,0.00018293650793643756
2001-03-12,0.0001801587301586416
2001-03-13,0.0001801587301586416
2001-03-14,0.00017579365079356535
2001-03-15,0.00017500000000003624
2001-03-16,0.00017579365079356535
2001-03-19,0.0001753968253968008
2001-03-20,0.00017380952380952053
2001-03-21,0.00016706349206319082
2001-03-22,0.00016507936507936805
2001-03-23,0.00016626984126988376
2001-03-26,0.00016626984126988376
2001-03-27,0.00016825396825392858
2001-03-28,0.00016785714285716402
2001-03-29,0.00016746031746039947
2001-03-30,0.0001666666666666483
2001-04-02,0.00016349206349208778
2001-04-03,0.0001607142857142918
2001-04-04,0.00015873015873024698
2001-04-05,0.00015912698412701154
2001-04-06,0.00015277777777766843
2001-04-09,0.00015238095238090388
2001-04-10,0.00015277777777766843
2001-04-11,0.00015793650793627378
2001-04-12,0.0001555555555554644
2001-04-16,0.0001607142857142918
2001-04-17,0.00015952380952355405
2001-04-18,0.0001515873015875968
2001-04-19,0.0001500000000000945
2001-04-20,0.00014603174603156077
2001-04-23,0.00014523809523803166
2001-04-24,0.00014722222222229853
2001-04-25,0.0001488095238095788
2001-04-26,0.0001484126984125922
2001-04-27,0.00014920634920634335
2001-04-30,0.00015317460317465503
2001-05-01,0.00015198412698436137
2001-05-02,0.0001507936507936236
2001-05-03,0.0001488095238095788
2001-05-04,0.0001448412698412671
2001-05-07,0.0001448412698412671
2001-05-08,0.0001436507936507514
2001-05-09,0.00014444444444450255
2001-05-10,0.0001452380952382537
2001-05-11,0.00014642857142854737
2001-05-14,0.00014404761904751595
2001-05-15,0.00014087301587295542
2001-05-16,0.0001384920634923681
2001-05-17,0.00013849206349214604
2001-05-18,0.00014007936507964835
2001-05-21,0.00014166666666670658
2001-05-22,0.00014126984126994202
2001-05-23,0.00014126984126994202
2001-05-24,0.0001436507936507514
2001-05-25,0.00014206349206347113
2001-05-29,0.000144047619047738
2001-05-30,0.00014285714285700024
2001-05-31,0.00014087301587317747
2001-06-01,0.00014246031746001364
2001-06-04,0.00014285714285722229
2001-06-05,0.00014087301587295542
2001-06-06,0.00014047619047619087
2001-06-07,0.00014087301587295542
2001-06-08,0.00014126984126994202
2001-06-11,0.0001396825396824397
2001-06-12,0.00013809523809515944
2001-06-13,0.00013769841269817285
2001-06-14,0.0001380952380953815
2001-06-15,0.00013650793650765713
2001-06-18,0.00013650793650787918
2001-06-19,0.00013611111111111462
2001-06-20,0.00013531746031736347
2001-06-21,0.00013611111111111462
2001-06-22,0.0001337301587300832
2001-06-25,0.0001341269841270698
2001-06-26,0.0001341269841270698
2001-06-27,0.00013650793650787918
2001-06-28,0.00014126984127016406
2001-06-29,0.00014166666666648453
2001-07-02,0.00014246031746023569
2001-07-03,0.00014206349206347113
2001-07-05,0.00014166666666670658
2001-07-06,0.00014087301587295542
2001-07-09,0.00014166666666692862
2001-07-10,0.00014087301587295542
2001-07-11,0.0001388888888889106
2001-07-12,0.0001396825396824397
2001-07-13,0.00014047619047619087
2001-07-16,0.00014126984126994202
2001-07-17,0.0001400793650794263
2001-07-18,0.00013730158730185238
2001-07-19,0.0001376984126983949
2001-07-20,0.00013690476190486578
2001-07-23,0.00013809523809515944
2001-07-24,0.00013809523809515944
2001-07-25,0.00013809523809515944
2001-07-26,0.00013809523809515944
2001-07-27,0.0001376984126983949
2001-07-30,0.00013849206349214604
2001-07-31,0.00013730158730163033
2001-08-01,0.00013690476190508782
2001-08-02,0.00013690476190486578
2001-08-03,0.00013650793650787918
2001-08-06,0.00013650793650787918
2001-08-07,0.00013650793650810122
2001-08-08,0.00013531746031736347
2001-08-09,0.0001341269841270698
2001-08-10,0.00013333333333331865
2001-08-13,0.0001337301587300832
2001-08-14,0.0001329365079365541
2001-08-15,0.0001329365079365541
2001-08-16,0.00013174603174603838
2001-08-17,0.00013055555555552267
2001-08-20,0.00013253968253978954
2001-08-21,0.00013134920634927383
2001-08-22,0.00013134920634927383
2001-08-23,0.00013214285714280294
2001-08-24,0.0001329365079365541
2001-08-27,0.0001337301587300832
2001-08-28,0.00013214285714280294
2001-08-29,0.00013253968253978954
2001-08-30,0.00013055555555552267
2001-08-31,0.00013095238095250927
2001-09-04,0.00013333333333331865
2001-09-05,0.00013214285714280294
2001-09-06,0.0001297619047622156
2001-09-07,0.00012698412698397554
2001-09-10,0.00012658730158743303
2001-09-17,0.00010079365079374014
2001-09-18,9.642857142888595e-05
2001-09-19,8.531746031725795e-05
2001-09-20,8.650793650799571e-05
2001-09-21,8.769841269851142e-05
2001-09-24,9.246031746035221e-05
2001-09-25,9.325396825388133e-05
2001-09-26,9.246031746035221e-05
2001-09-27,9.246031746035221e-05
2001-09-28,9.325396825410337e-05
2001-10-01,9.206349206336562e-05
2001-10-02,8.809523809527597e-05
2001-10-03,8.690476190498231e-05
2001-10-04,8.611111111078706e-05
2001-10-05,8.531746031770204e-05
2001-10-08,8.531746031748e-05
2001-10-09,8.650793650799571e-05
2001-10-10,8.650793650799571e-05
2001-10-11,8.849206349204053e-05
2001-10-12,8.769841269873346e-05
2001-10-15,8.769841269851142e-05
2001-10-16,8.650793650799571e-05
2001-10-17,8.650793650799571e-05
2001-10-18,8.531746031748e-05
2001-10-19,8.531746031725795e-05
2001-10-22,8.650793650799571e-05
2001-10-23,8.571428571424455e-05
2001-10-24,8.452380952372884e-05
2001-10-25,8.333333333343518e-05
2001-10-26,8.333333333343518e-05
2001-10-29,8.134920634894627e-05
2001-10-30,7.976190476188805e-05
2001-10-31,7.976190476188805e-05
2001-11-01,8.015873015843056e-05
2001-11-02,7.817460317460778e-05
2001-11-05,7.817460317460778e-05
2001-11-06,7.222222222225128e-05
2001-11-07,7.023809523798441e-05
2001-11-08,7.182539682570876e-05
2001-11-09,7.142857142850012e-05
2001-11-12,7.142857142850012e-05
2001-11-13,7.182539682548672e-05
2001-11-14,7.301587301578039e-05
2001-11-15,7.46031746032827e-05
2001-11-16,7.579365079335432e-05
2001-11-19,7.53968253968118e-05
2001-11-20,7.579365079357636e-05
2001-11-21,7.619047619056296e-05
2001-11-23,7.57936507937984e-05
2001-11-26,7.698412698409207e-05
2001-11-27,7.46031746032827e-05
2001-11-28,7.301587301578039e-05
2001-11-29,7.023809523798441e-05
2001-11-30,6.94444444444553e-05
2001-12-03,6.94444444444553e-05
2001-12-04,6.785714285717503e-05
2001-12-05,6.904761904769074e-05
2001-12-06,6.825396825393959e-05
2001-12-07,6.587301587290817e-05
2001-12-10,6.666666666665932e-05
2001-12-11,6.46825396826145e-05
2001-12-12,6.507936507937906e-05
2001-12-13,6.587301587290817e-05
2001-12-14,6.746031746041048e-05
2001-12-17,6.785714285695299e-05
2001-12-18,6.666666666688137e-05
2001-12-19,6.587301587290817e-05
2001-12-20,6.587301587290817e-05
2001-12-21,6.666666666665932e-05
2001-12-24,6.706349206342388e-05
2001-12-26,6.825396825393959e-05
2001-12-27,6.785714285717503e-05
2001-12-28,6.706349206342388e-05
2001-12-31,6.785714285717503e-05
2002-01-02,6.785714285695299e-05
2002-01-03,6.746031746041048e-05
2002-01-04,6.706349206342388e-05
2002-01-07,6.587301587290817e-05
2002-01-08,6.547619047614361e-05
2002-01-09,6.547619047614361e-05
2002-01-10,6.547619047636566e-05
2002-01-11,6.150793650760988e-05
2002-01-14,6.150793650783193e-05
2002-01-15,6.230158730158308e-05
2002-01-16,6.269841269834764e-05
2002-01-17,6.388888888886335e-05
2002-01-18,6.309523809533424e-05
2002-01-22,6.587301587290817e-05
2002-01-23,6.666666666665932e-05
2002-01-24,6.706349206364592e-05
2002-01-25,6.706349206342388e-05
2002-01-28,6.746031746041048e-05
2002-01-29,6.706349206342388e-05
2002-01-30,6.825396825393959e-05
2002-01-31,6.865079365070414e-05
2002-02-01,6.865079365070414e-05
2002-02-04,6.904761904769074e-05
2002-02-05,6.865079365070414e-05
2002-02-06,6.785714285717503e-05
2002-02-07,6.746031746041048e-05
2002-02-08,6.746031746041048e-05
2002-02-11,6.746031746041048e-05
2002-02-12,6.825396825393959e-05
2002-02-13,6.865079365070414e-05
2002-02-14,6.825396825393959e-05
2002-02-15,6.785714285717503e-05
2002-02-19,6.785714285717503e-05
2002-02-20,6.865079365070414e-05
2002-02-21,6.86507936504821e-05
2002-02-22,6.865079365092619e-05
2002-02-25,6.904761904769074e-05
2002-02-26,6.904761904769074e-05
2002-02-27,6.904761904769074e-05
2002-02-28,6.984126984121986e-05
2002-03-01,6.904761904769074e-05
2002-03-04,6.98412698414419e-05
2002-03-05,7.023809523798441e-05
2002-03-06,6.94444444444553e-05
2002-03-07,6.94444444444553e-05
2002-03-08,7.023809523798441e-05
2002-03-11,7.142857142827808e-05
2002-03-12,7.182539682548672e-05
2002-03-13,7.103174603173557e-05
2002-03-14,7.222222222225128e-05
2002-03-15,7.222222222225128e-05
2002-03-18,7.261904761879379e-05
2002-03-19,7.222222222225128e-05
2002-03-20,7.182539682548672e-05
2002-03-21,7.142857142850012e-05
2002-03-22,7.142857142850012e-05
2002-03-25,7.103174603173557e-05
2002-03-26,7.063492063497101e-05
2002-03-27,7.063492063474897e-05
2002-03-28,6.984126984121986e-05
2002-04-01,0.00030211032404325877
2002-04-02,-0.003655617678910761
2002-04-03,-0.004636245879233725
2002-04-04,-0.0027111473866052727
2002-04-05,0.00012790372042448261
2002-04-08,0.0014008696756284689
2002-04-09,-0.0045615215149532595
2002-04-10,0.007345207357298822
2002-04-11,-0.016332628322913267
2002-04-12,0.004777930250174034
2002-04-15,-0.004879795663913833
2002-04-16,0.01510756813052927
2002-04-17,-0.0013768551405491936
2002-04-18,-0.0028198767069087527
2002-04-19,0.002377514625721
2002-04-22,-0.010847680649340163
2002-04-23,-0.0027425553166617878
2002-04-24,-0.006347473480017962
2002-04-25,0.00035681443302060245
2002-04-26,-0.011859056194655992
2002-04-29,-0.0029864652720819063
2002-04-30,0.005669562612318879
2002-05-01,6.904761904769074e-05
2002-05-02,6.904761904769074e-05
2002-05-03,6.865079365092619e-05
2002-05-06,6.865079365070414e-05
2002-05-07,6.865079365070414e-05
2002-05-08,6.865079365070414e-05
2002-05-09,6.904761904769074e-05
2002-05-10,6.904761904769074e-05
2002-05-13,6.904761904791279e-05
2002-05-14,6.94444444444553e-05
2002-05-15,6.865079365070414e-05
2002-05-16,6.825396825393959e-05
2002-05-17,6.865079365070414e-05
2002-05-20,6.825396825371755e-05
2002-05-21,6.825396825393959e-05
2002-05-22,6.785714285717503e-05
2002-05-23,6.785714285717503e-05
2002-05-24,6.785714285717503e-05
2002-05-28,6.865079365070414e-05
2002-05-29,6.825396825393959e-05
2002-05-30,6.825396825371755e-05
2002-05-31,6.785714285739708e-05
2002-06-03,6.825396825393959e-05
2002-06-04,6.865079365092619e-05
2002-06-05,6.825396825393959e-05
2002-06-06,6.785714285695299e-05
2002-06-07,6.785714285739708e-05
2002-06-10,6.825396825393959e-05
2002-06-11,6.825396825393959e-05
2002-06-12,6.785714285717503e-05
2002-06-13,6.706349206342388e-05
2002-06-14,6.666666666643728e-05
2002-06-17,6.746031746041048e-05
2002-06-18,6.746031746041048e-05
2002-06-19,6.666666666665932e-05
2002-06-20,6.746031746041048e-05
2002-06-21,6.706349206364592e-05
2002-06-24,6.746031746018843e-05
2002-06-25,6.746031746041048e-05
2002-06-26,6.626984126989477e-05
2002-06-27,6.626984126989477e-05
2002-06-28,6.626984126967272e-05
2002-07-01,6.666666666665932e-05
2002-07-02,6.706349206364592e-05
2002-07-03,6.706349206342388e-05
2002-07-05,6.706349206342388e-05
2002-07-08,6.746031746041048e-05
2002-07-09,6.706349206320183e-05
2002-07-10,6.706349206342388e-05
2002-07-11,6.706349206342388e-05
2002-07-12,6.666666666665932e-05
2002-07-15,6.666666666665932e-05
2002-07-16,6.706349206342388e-05
2002-07-17,6.706349206364592e-05
2002-07-18,6.706349206342388e-05
2002-07-19,6.666666666665932e-05
2002-07-22,6.666666666643728e-05
2002-07-23,6.626984126989477e-05
2002-07-24,6.587301587268612e-05
2002-07-25,6.626984126989477e-05
2002-07-26,6.587301587290817e-05
2002-07-29,6.706349206342388e-05
2002-07-30,6.706349206320183e-05
2002-07-31,6.666666666665932e-05
2002-08-01,6.547619047614361e-05
2002-08-02,6.34920634920988e-05
2002-08-05,6.388888888886335e-05
2002-08-06,6.42857142856279e-05
2002-08-07,6.190476190481853e-05
2002-08-08,6.309523809533424e-05
2002-08-09,6.309523809533424e-05
2002-08-12,6.507936507937906e-05
2002-08-13,6.349206349187675e-05
2002-08-14,6.388888888886335e-05
2002-08-15,6.309523809533424e-05
2002-08-16,6.309523809533424e-05
2002-08-19,6.46825396826145e-05
2002-08-20,6.309523809555628e-05
2002-08-21,6.349206349187675e-05
2002-08-22,6.42857142856279e-05
2002-08-23,6.42857142856279e-05
2002-08-26,6.507936507937906e-05
2002-08-27,6.547619047592157e-05
2002-08-28,6.507936507937906e-05
2002-08-29,6.547619047614361e-05
2002-08-30,6.587301587290817e-05
2002-09-03,6.388888888886335e-05
2002-09-04,6.34920634920988e-05
2002-09-05,6.269841269834764e-05
2002-09-06,6.468253968283655e-05
2002-09-09,6.587301587290817e-05
2002-09-10,6.547619047636566e-05
2002-09-11,6.587301587290817e-05
2002-09-12,6.587301587290817e-05
2002-09-13,6.587301587290817e-05
2002-09-16,6.666666666643728e-05
2002-09-17,6.626984126989477e-05
2002-09-18,6.547619047614361e-05
2002-09-19,6.42857142856279e-05
2002-09-20,6.42857142856279e-05
2002-09-23,6.428571428584995e-05
2002-09-24,6.42857142856279e-05
2002-09-25,6.46825396826145e-05
2002-09-26,6.42857142856279e-05
2002-09-27,6.34920634920988e-05
2002-09-30,6.111111111084533e-05
2002-10-01,6.190476190481853e-05
2002-10-02,6.150793650783193e-05
2002-10-03,6.111111111106737e-05
2002-10-04,6.269841269834764e-05
2002-10-07,6.34920634920988e-05
2002-10-08,6.26984126981256e-05
2002-10-09,6.111111111106737e-05
2002-10-10,6.150793650783193e-05
2002-10-11,6.150793650805397e-05
2002-10-14,6.150793650783193e-05
2002-10-15,6.547619047614361e-05
2002-10-16,6.468253968283655e-05
2002-10-17,6.507936507937906e-05
2002-10-18,6.507936507937906e-05
2002-10-21,6.666666666688137e-05
2002-10-22,6.587301587290817e-05
2002-10-23,6.547619047636566e-05
2002-10-24,6.42857142856279e-05
2002-10-25,6.388888888886335e-05
2002-10-28,6.190476190481853e-05
2002-10-29,5.873015873048004e-05
2002-10-30,5.873015873003595e-05
2002-10-31,5.634920634944862e-05
2002-11-01,5.595238095223998e-05
2002-11-04,5.595238095223998e-05
2002-11-05,5.555555555569747e-05
2002-11-06,4.801587301583865e-05
2002-11-07,4.7619047619074095e-05
2002-11-08,4.7619047619074095e-05
2002-11-11,4.7619047619074095e-05
2002-11-12,4.7619047619074095e-05
2002-11-13,4.722222222230954e-05
2002-11-14,4.7619047619074095e-05
2002-11-15,4.7619047619074095e-05
2002-11-18,4.801587301583865e-05
2002-11-19,4.722222222230954e-05
2002-11-20,4.7619047619074095e-05
2002-11-21,4.761904761885205e-05
2002-11-22,4.801587301583865e-05
2002-11-25,4.841269841238116e-05
2002-11-26,4.761904761929614e-05
2002-11-27,4.8015873015616606e-05
2002-11-29,4.7619047619074095e-05
2002-12-02,4.8412698412603206e-05
2002-12-03,4.801587301583865e-05
2002-12-04,4.7619047619074095e-05
2002-12-05,4.7619047619074095e-05
2002-12-06,4.7222222222531585e-05
2002-12-09,4.8015873015616606e-05
2002-12-10,4.7222222222531585e-05
2002-12-11,4.722222222230954e-05
2002-12-12,4.722222222230954e-05
2002-12-13,4.722222222230954e-05
2002-12-16,4.801587301583865e-05
2002-12-17,4.7619047619074095e-05
2002-12-18,4.7222222222531585e-05
2002-12-19,4.722222222230954e-05
2002-12-20,4.722222222230954e-05
2002-12-23,4.6428571428558385e-05
2002-12-24,4.6428571428558385e-05
2002-12-26,4.603174603179383e-05
2002-12-27,4.5238095238042675e-05
2002-12-30,4.7619047619074095e-05
2002-12-31,4.7619047619074095e-05
2003-01-02,4.761904761885205e-05
2003-01-03,4.761904761929614e-05
2003-01-06,4.722222222230954e-05
2003-01-07,4.6428571428558385e-05
2003-01-08,4.6428571428558385e-05
2003-01-09,4.682539682532294e-05
2003-01-10,4.682539682532294e-05
2003-01-13,4.722222222230954e-05
2003-01-14,4.6428571428558385e-05
2003-01-15,4.682539682532294e-05
2003-01-16,4.603174603179383e-05
2003-01-17,4.603174603179383e-05
2003-01-21,4.6428571428558385e-05
2003-01-22,4.5634920635029275e-05
2003-01-23,4.563492063480723e-05
2003-01-24,4.523809523826472e-05
2003-01-27,4.563492063480723e-05
2003-01-28,4.603174603179383e-05
2003-01-29,4.603174603179383e-05
2003-01-30,4.6031746031571785e-05
2003-01-31,4.6031746032015874e-05
2003-02-03,4.6031746031571785e-05
2003-02-04,4.5238095238042675e-05
2003-02-05,4.603174603179383e-05
2003-02-06,4.5634920635029275e-05
2003-02-07,4.5634920635029275e-05
2003-02-10,4.563492063480723e-05
2003-02-11,4.603174603179383e-05
2003-02-12,4.603174603179383e-05
2003-02-13,4.5634920635029275e-05
2003-02-14,4.603174603179383e-05
2003-02-18,4.6428571428558385e-05
2003-02-19,4.603174603179383e-05
2003-02-20,4.6428571428558385e-05
2003-02-21,4.6428571428558385e-05
2003-02-24,4.722222222230954e-05
2003-02-25,4.682539682532294e-05
2003-02-26,4.722222222230954e-05
2003-02-27,4.722222222230954e-05
2003-02-28,4.682539682532294e-05
2003-03-03,-0.013510078494653022
2003-03-04,-0.00394157119106453
2003-03-05,0.0013163532693065694
2003-03-06,-0.0015710236594239646
2003-03-07,0.0013152201247901285
2003-03-10,-0.01391010422502903
2003-03-11,-0.0054619024243148795
2003-03-12,0.011159074399562652
2003-03-13,0.03629347081438827
2003-03-14,0.002657228033017711
2003-03-17,0.023399186144963613
2003-03-18,0.008855930904276832
2003-03-19,-0.006194286908242419
2003-03-20,0.002685163962535153
2003-03-21,0.00994661829482113
2003-03-24,-0.03048874858856565
2003-03-25,0.009849719562276205
2003-03-26,0.004009133018231026
2003-03-27,-0.005085793558837204
2003-03-28,-0.0077456598170468904
2003-03-31,-0.02208980918759995
2003-04-01,0.005282529339676545
2003-04-02,0.01852907434099116
2003-04-03,0.008804724483358006
2003-04-04,-0.011514025657016091
2003-04-07,0.0010662430688357372
2003-04-08,-0.0007986545778146947
2003-04-09,-0.01598137557546797
2003-04-10,0.00819478534033724
2003-04-11,-0.006895550153976138
2003-04-14,0.013749422862119554
2003-04-15,0.006650483068728619
2003-04-16,-0.0015997710421045142
2003-04-17,0.015990416876214164
2003-04-21,0.002680826955630433
2003-04-22,0.013687673810320655
2003-04-23,0.005391347162014837
2003-04-24,-0.004054826497037367
2003-04-25,-0.014299149571571856
2003-04-28,0.014216306020508496
2003-04-29,0.0067368499899647105
2003-04-30,-0.007567431931725044
2003-05-01,0.0057178955032222145
2003-05-02,0.023777429158645447
2003-05-05,-0.002054993421986784
2003-05-06,0.014995919023456539
2003-05-07,-0.011492506695908067
2003-05-08,-0.01936516002175237
2003-05-09,0.02471903389670871
2003-05-12,0.018572014344016896
2003-05-13,-0.0055871869399775065
2003-05-14,-0.0029083724802771993
2003-05-15,0.011948918558344346
2003-05-16,-0.007039546485562931
2003-05-19,-0.04014315898843579
2003-05-20,0.0005218938003073159
2003-05-21,-0.0006065568987565495
2003-05-22,0.016278156737961957
2003-05-23,0.0015659459911452345
2003-05-27,0.035829196637460425
2003-05-28,0.0040273785444921995
2003-05-29,0.0010807881982271006
2003-05-30,0.02226398163113985
2003-06-02,-0.001988708609304668
2003-06-03,0.0089625898475989
2003-06-04,0.022139385956188695
2003-06-05,0.008189018816712856
2003-06-06,-0.01399750733806493
2003-06-09,-0.01582192744794675
2003-06-10,0.016843196252110282
2003-06-11,0.014689632279104137
2003-06-12,0.0049456381183505815
2003-06-13,-0.022388939405369013
2003-06-16,0.03470189154448633
2003-06-17,-0.002664055697787937
2003-06-18,0.0028447443536914196
2003-06-19,-0.02153815711085727
2003-06-20,-0.002429063403602827
2003-06-23,-0.017405565189164918
2003-06-24,-0.004421462875485949
2003-06-25,-0.010445678710519157
2003-06-26,0.024281788119395964
2003-06-27,-0.016495815311138418
2003-06-30,0.002415653514675098
2003-07-01,0.01501342884693213
2003-07-02,0.022156927795943027
2003-07-03,-0.015608310381371004
2003-07-07,0.04233365872195605
2003-07-08,0.01159501891555692
2003-07-09,-0.005555908730556891
2003-07-10,-0.021804575104156898
2003-07-11,0.011547709194809963
2003-07-14,0.011654875302878454
2003-07-15,-0.0005924337919961387
2003-07-16,-0.006132222458460235
2003-07-17,-0.03125205607894832
2003-07-18,0.008929000606031856
2003-07-21,-0.017134554479062536
2003-07-22,0.016194313642856173
2003-07-23,0.006221745335240225
2003-07-24,-0.01437811694053992
2003-07-25,0.02540990497357809
2003-07-28,-0.00048542279797825216
2003-07-29,-0.008418897827086158
2003-07-30,-0.006755385941919045
2003-07-31,0.00995902146942762
2003-08-01,-0.013067149730149774
2003-08-04,-0.0002465233084730789
2003-08-05,-0.04016474443270568
2003-08-06,0.0033902995763204213
2003-08-07,0.009492602844128673
2003-08-08,-0.003095349882388465
2003-08-11,0.009352998040610405
2003-08-12,0.01569122165008152
2003-08-13,-0.0033188359205409412
2003-08-14,0.0024311540943875443
2003-08-15,0.007680375404875761
2003-08-18,0.022414788691850207
2003-08-19,0.010833198906189834
2003-08-20,-0.004434855241262858
2003-08-21,0.009400398157463297
2003-08-22,-0.010837833222556048
2003-08-25,0.0024911969685379454
2003-08-26,0.0017832821076102512
2003-08-27,0.005612712327517144
2003-08-28,0.010137589773942635
2003-08-29,0.010715638548397077
2003-09-02,0.018484512834555655
2003-09-03,0.0032263706493220745
2003-09-04,0.0064288961526104416
2003-09-05,-0.008182757768209648
2003-09-08,0.0166477579576374
2003-09-09,-0.012589826456789965
2003-09-10,-0.023117730410832427
2003-09-11,0.00928885896425058
2003-09-12,0.004788178420660927
2003-09-15,-0.008955441089153915
2003-09-16,0.027842003937199156
2003-09-17,-0.004113854031282949
2003-09-18,0.018211183477140125
2003-09-19,-0.007430008218710538
2003-09-22,-0.020390242428639516
2003-09-23,0.014418637719488814
2003-09-24,-0.037765137075243094
2003-09-25,-0.014071068936483355
2003-09-26,-0.006406591581419985
2003-09-29,0.0176391613728637
2003-09-30,-0.020828177671651238
2003-10-01,0.02918167380106751
2003-10-02,0.004656420842793496
2003-10-03,0.025136835007379954
2003-10-06,0.008126050066048496
2003-10-07,0.006839717790604993
2003-10-08,-0.006204893521131183
2003-10-09,0.007078081068721653
2003-10-10,0.00835994088528147
2003-10-13,0.006773001315188987
2003-10-14,0.0041635038440532846
2003-10-15,-0.004884415240976159
2003-10-16,0.008357390283143307
2003-10-17,-0.024686801523845836
2003-10-20,0.013763144570594799
2003-10-21,0.0030752089310597253
2003-10-22,-0.02234871170390973
2003-10-23,-0.009445893438943531
2003-10-24,0.002070019270207668
2003-10-27,0.0004899471864434624
2003-10-28,0.032559132755025866
2003-10-29,3.854040254491764e-05
2003-10-30,0.002790169538660292
2003-10-31,-0.004946660536355063
2003-11-03,0.015322850466597204
2003-11-04,-0.006031916453129393
2003-11-05,0.006530601582479534
2003-11-06,0.00536898540976849
2003-11-07,-0.01085678447917604
2003-11-10,-0.01109225625441912
2003-11-11,-0.0026903201679617794
2003-11-12,0.02164742258605923
2003-11-13,-0.0006058322366442326
2003-11-14,-0.01949340426462598
2003-11-17,-0.010200143336568379
2003-11-18,-0.022094603714949423
2003-11-19,0.011867361016489664
2003-11-20,-0.012290685115953215
2003-11-21,0.009338603062358564
2003-11-24,0.02674951277945037
2003-11-25,0.002498215264428394
2003-11-26,0.005385681348071714
2003-11-28,0.001221738553562668
2003-12-01,0.016963904893980697
2003-12-02,-0.005476889884122205
2003-12-03,-0.009553946757967724
2003-12-04,0.009848717881526747
2003-12-05,-0.01578629291890632
2003-12-08,0.00825131503894272
2003-12-09,-0.02039056538499695
2003-12-10,0.0023206118091156913
2003-12-11,0.021393142679759114
2003-12-12,0.00016915399586503455
2003-12-15,-0.011996243161429221
2003-12-16,0.004822988583146781
2003-12-17,0.00323665624059033
2003-12-18,0.01973312085498513
2003-12-19,-0.0038073471542864334
2003-12-22,0.006812325406108988
2003-12-23,0.00537595845904737
2003-12-24,0.0006342280709232817
2003-12-26,-0.000456514801547514
2003-12-29,0.020055615527471815
2003-12-30,0.0022928012203489168
2003-12-31,-0.0012538355159592562
2004-01-02,-0.002164434366716983
2004-01-05,0.020564148025574935
2004-01-06,0.005180227306395446
2004-01-07,0.008427693262949232
2004-01-08,0.008100577461281233
2004-01-09,-0.010412801180943898
2004-01-12,0.015849757102400774
2004-01-13,-0.01085320465708961
2004-01-14,0.007850059218758698
2004-01-15,0.003429931736732561
2004-01-16,0.009717890595624556
2004-01-20,-0.0007601834976355137
2004-01-21,0.0022734483337960576
2004-01-22,-0.005966968224359492
2004-01-23,-0.004749823268038189
2004-01-26,0.01895981089878296
2004-01-27,-0.022365607432015433
2004-01-28,-0.019357705594705177
2004-01-29,0.003156919744829567
2004-01-30,-0.003121229340003584
2004-02-02,0.001043499927321001
2004-02-03,-0.0018731873748155659
2004-02-04,-0.016274445302531304
2004-02-05,0.0044337733732562334
2004-02-06,0.019319447941988477
2004-02-09,-3.90114426821464e-05
2004-02-10,0.00321330353893301
2004-02-11,0.014281876331894816
2004-02-12,-0.008367528393793067
2004-02-13,-0.008608629724978889
2004-02-17,0.015000698557592118
2004-02-18,-0.0010835393351369405
2004-02-19,-0.012710043828866868
2004-02-20,-0.00423730557242008
2004-02-23,-0.009043468780160824
2004-02-24,-0.0028244846628608933
2004-02-25,0.006729872899857714
2004-02-26,0.001974817938105833
2004-02-27,-0.0013351569996702395
2004-03-01,0.01532058295493921
2004-03-02,-0.011776947415592431
2004-03-03,-0.002456636302973214
2004-03-04,0.007873610304691914
2004-03-05,-0.0001376792661480497
2004-03-08,-0.023845963488756672
2004-03-09,-0.004729686765511998
2004-03-10,-0.01984399353177202
2004-03-11,-0.014483033043879878
2004-03-12,0.020319350638250855
2004-03-15,-0.019464477599098196
2004-03-16,0.004548566336397775
2004-03-17,0.017397325412270792
2004-03-18,-0.0027762690059253137
2004-03-19,-0.020314335545016382
2004-03-22,-0.01644869725713982
2004-03-23,-0.0062967882301933065
2004-03-24,0.007635502449441001
2004-03-25,0.02547760025914081
2004-03-26,-0.002061176315501956
2004-03-29,0.0196070595493385
2004-03-30,0.0043818065136527196
2004-03-31,-0.0005516853353183526
2004-04-01,0.009924649573724631
2004-04-02,0.022476758404077257
2004-04-05,0.010127854790017654
2004-04-06,-0.01091722968633746
2004-04-07,-0.0023477914551174317
2004-04-08,-0.0015456442805903414
2004-04-12,0.006855026931994024
2004-04-13,-0.019395285893072933
2004-04-14,0.004375202911511389
2004-04-15,-0.014877334027524447
2004-04-16,0.003940892042332944
2004-04-19,0.008120480135485497
2004-04-20,-0.026994488811379225
2004-04-21,0.01016839870239794
2004-04-22,0.026571520037056207
2004-04-23,0.005997189600341235
2004-04-26,-0.0059946979547375046
2004-04-27,-0.0007620822251945825
2004-04-28,-0.021084645635533028
2004-04-29,-0.016267268525966827
2004-04-30,-0.021390951744875597
2004-05-03,0.0071508511335098834
2004-05-04,-0.0005415796095026293
2004-05-05,0.004339428258710809
2004-05-06,-0.00585650584596753
2004-05-07,-0.011136212017811009
2004-05-10,-0.006760731986573232
2004-05-11,0.005489176781654281
2004-05-12,0.004188050841542612
2004-05-13,-0.002754945487269622
2004-05-14,0.0003009563761415812
2004-05-17,-0.005622458258867535
2004-05-18,0.003283784317269056
2004-05-19,-0.002268169209655446
2004-05-20,0.0020911492690245392
2004-05-21,0.0011370092790115027
2004-05-24,0.002752270839424309
2004-05-25,0.00945839521492875
2004-05-26,0.0023464087390674404
2004-05-27,0.0037928019573219007
2004-05-28,-5.9004825392672267e-05
2004-06-01,-0.0018368792189601413
2004-06-02,0.0009824290358182441
2004-06-03,-0.014203837494917715
2004-06-04,0.009086773676068027
2004-06-07,0.02580636253519275
2004-06-08,0.001805352700192664
2004-06-09,-0.015747676913260622
2004-06-10,0.007986181087630051
2004-06-14,-0.0161279328559788
2004-06-15,0.013234438274571492
2004-06-16,-0.0012474282983897522
2004-06-17,-0.007207873408231147
2004-06-18,0.0021381505194346673
2004-06-21,-0.007843426686870436
2004-06-22,0.012941995076326984
2004-06-23,0.01373413611370089
2004-06-24,-0.0034313686751999972
2004-06-25,0.0017731656238924032
2004-06-28,-0.007967148862036422
2004-06-29,0.009086836471740245
2004-06-30,0.010258850736037273
2004-07-01,-0.02166105914752725
2004-07-02,-0.004289019780524206
2004-07-06,-0.019837050039165027
2004-07-07,0.003159955262077796
2004-07-08,-0.011727383589917095
2004-07-09,0.0025764959609775318
2004-07-12,-0.0023809980421275467
2004-07-13,-0.0004379008464866496
2004-07-14,-0.008398181718250797
2004-07-15,-0.006484690723470132
2004-07-16,-0.0076096761588357875
2004-07-19,-0.0041168137196860854
2004-07-20,0.023015829289541045
2004-07-21,-0.030484054944436845
2004-07-22,0.010034401549297911
2004-07-23,-0.017211666416465876
2004-07-26,-0.003951646434240952
2004-07-27,0.014437406478142956
2004-07-28,-0.0006667897285475011
2004-07-29,0.009814516771905701
2004-07-30,0.00352215632484576
2004-08-02,0.0013911936504220623
2004-08-03,-0.0051684492175900765
2004-08-04,-5.2148745258495666e-05
2004-08-05,-0.010793503937236881
2004-08-06,-0.009237541659993131
2004-08-09,0.0009001302598794503
2004-08-10,0.008201148278226045
2004-08-11,-0.0013033856850694914
2004-08-12,-0.0070196337110762785
2004-08-13,0.001254939455290538
2004-08-16,0.006598546432312613
2004-08-17,0.003642449460496744
2004-08-18,0.00669207387503401
2004-08-19,-0.0019078282360338594
2004-08-20,0.004613460781131895
2004-08-23,-0.0016698504674156345
2004-08-24,0.0009072602344544212
2004-08-25,0.004502180371983799
2004-08-26,8.306815888703412e-06
2004-08-27,0.0021092175518044876
2004-08-30,-0.005518572058366145
2004-08-31,0.003483637228083314
2004-09-01,6.150793650783193e-05
2004-09-02,6.230158730180513e-05
2004-09-03,6.42857142856279e-05
2004-09-07,6.507936507937906e-05
2004-09-08,6.42857142856279e-05
2004-09-09,6.388888888886335e-05
2004-09-10,6.46825396826145e-05
2004-09-13,6.507936507937906e-05
2004-09-14,6.46825396826145e-05
2004-09-15,6.507936507937906e-05
2004-09-16,6.507936507915701e-05
2004-09-17,6.666666666665932e-05
2004-09-20,6.746031746063252e-05
2004-09-21,6.706349206320183e-05
2004-09-22,6.666666666643728e-05
2004-09-23,6.706349206364592e-05
2004-09-24,6.746031746041048e-05
2004-09-27,6.825396825393959e-05
2004-09-28,6.706349206342388e-05
2004-09-29,6.706349206342388e-05
2004-09-30,6.666666666665932e-05
2004-10-01,0.011284191635261065
2004-10-04,0.0011488083685513573
2004-10-05,0.00036865467929869666
2004-10-06,0.004688396593217181
2004-10-07,-0.007384805069548528
2004-10-08,-0.00562084995793144
2004-10-11,0.0027567359908751143
2004-10-12,-0.0026207851488363465
2004-10-13,-0.005901245897730001
2004-10-14,-0.005346533285546129
2004-10-15,0.00369187515790248
2004-10-18,0.002509358472789769
2004-10-19,-0.005583668678703302
2004-10-20,-0.0012924266587432953
2004-10-21,0.004282344275476024
2004-10-22,-0.007414736524667176
2004-10-25,-0.0007550704125057761
2004-10-26,0.009951525449612753
2004-10-27,0.007978141998288724
2004-10-28,0.0020407635821626524
2004-10-29,-0.00010710272792802122
2004-11-01,0.004304868866545242
2004-11-02,0.002351946960154727
2004-11-03,0.012856937345386399
2004-11-04,0.012925618013599927
2004-11-05,0.010290418521115452
2004-11-08,-0.0003351490112422084
2004-11-09,-0.002822207447573555
2004-11-10,-0.0018466050909818899
2004-11-11,0.014057621518431151
2004-11-12,0.011933249342675145
2004-11-15,0.0046495943188249456
2004-11-16,-0.009238327583966366
2004-11-17,0.013256511676810856
2004-11-18,0.004066763644001048
2004-11-19,-0.018495359185475846
2004-11-22,0.009785369055243187
2004-11-23,-9.059955745049919e-05
2004-11-24,0.007609993327831965
2004-11-26,-0.002711834803581392
2004-11-29,-0.0033400732586198467
2004-11-30,-0.00102771325324591
2004-12-01,0.021157451864454613
2004-12-02,0.003058722119942736
2004-12-03,0.0005207892342682374
2004-12-06,0.0021069826675474967
2004-12-07,-0.018007029004755704
2004-12-08,0.007745236597779037
2004-12-09,0.006387389699859192
2004-12-10,-0.0014288083876000668
2004-12-13,0.011716604154366594
2004-12-14,0.005677962231408262
2004-12-15,-0.002095147104565709
2004-12-16,-0.006869315670398057
2004-12-17,-0.0062991222532154945
2004-12-20,-0.004497377189897733
2004-12-21,0.013336633146202148
2004-12-22,0.0024297284497314386
2004-12-23,0.0009617514805269067
2004-12-27,-0.004351769648761383
2004-12-28,0.010123019277552547
2004-12-29,0.0018036411961335208
2004-12-30,-0.001856256110278287
2004-12-31,-0.002703432111031745
2005-01-03,-0.01021246472796633
2005-01-04,-0.02022333768460971
2005-01-05,-0.008647283141702267
2005-01-06,0.00012378310550054117
2005-01-07,0.002325831959974378
2005-01-10,0.002751086612201137
2005-01-11,-0.009152673665325683
2005-01-12,0.007483661849888801
2005-01-13,-0.013891016335022544
2005-01-14,0.009456069779395948
2005-01-18,0.011691014256402621
2005-01-19,-0.01769871922390087
2005-01-20,-0.016263664297116787
2005-01-21,-0.0091282210427035
2005-01-24,-0.009997230984658989
2005-01-25,0.004826968420469369
2005-01-26,0.009234348969452855
2005-01-27,0.00026312849019594076
2005-01-28,-0.003027839366895546
2005-01-31,0.012059470087531832
2005-02-01,0.006313491565541618
2005-02-02,0.0030395910535236936
2005-02-03,-0.009434063863860587
2005-02-04,0.017774635217632895
2005-02-07,-0.0023738183054469175
2005-02-08,0.0019687931422556204
2005-02-09,-0.016258714553567644
2005-02-10,0.003093461743493453
2005-02-11,0.015486619117667022
2005-02-14,0.002422544857446418
2005-02-15,0.006879723665499604
2005-02-16,-0.0020767315544516496
2005-02-17,-0.014542325886893304
2005-02-18,-0.0012654022891278593
2005-02-22,-0.018298844236327327
2005-02-23,0.00566505668075834
2005-02-24,0.012710507921362302
2005-02-25,0.010373997316556194
2005-02-28,-0.011590073978553272
2005-03-01,0.010599553349703195
2005-03-02,-0.0007488192779836478
2005-03-03,-0.005339412460933057
2005-03-04,0.012213874737511343
2005-03-07,0.009851958760612733
2005-03-08,-0.009351709992469925
2005-03-09,-0.009505289539769701
2005-03-10,0.0005272665666531395
2005-03-11,-0.010996639136260589
2005-03-14,0.007126625185115643
2005-03-15,-0.010936825041871767
2005-03-16,-0.013223040682092013
2005-03-17,0.0028891624562350504
2005-03-18,-0.005611270956034198
2005-03-21,-0.0012626461019770163
2005-03-22,-0.014837411756837726
2005-03-23,0.0028446129081458604
2005-03-24,0.0009046224680959725
2005-03-28,0.0021529744318424804
2005-03-29,-0.009634520883373354
2005-03-30,0.021444184343387906
2005-03-31,-0.0041580158959931834
2005-04-01,-0.0029712107780345276
2005-04-04,0.0011535946783898243
2005-04-05,0.003185659733590418
2005-04-06,0.0023411935412089857
2005-04-07,0.0036443652048896436
2005-04-08,-0.007003310576382926
2005-04-11,0.0005326917406474063
2005-04-12,0.003467920714976369
2005-04-13,-0.007893019137682256
2005-04-14,-0.008590823672261272
2005-04-15,-0.009051717830214079
2005-04-18,0.0019808430249690367
2005-04-19,0.005106643526584742
2005-04-20,-0.00897803488115656
2005-04-21,0.012325771781188433
2005-04-22,-0.002435446031831212
2005-04-25,0.004278464558541195
2005-04-26,-0.006303485710994372
2005-04-27,0.0025412007070095832
2005-04-28,-0.008076302789920109
2005-04-29,0.008651111322013127
2005-05-02,0.0037702264291403775
2005-05-03,0.0011790377640945593
2005-05-04,0.0052187519026809515
2005-05-05,-0.00020838646691967444
2005-05-06,-0.0021158044992535263
2005-05-09,0.004241076025023327
2005-05-10,-0.007035612464862839
2005-05-11,0.003714630403837793
2005-05-12,-0.007425231306326996
2005-05-13,-0.0012981597164344327
2005-05-16,0.006233088041235568
2005-05-17,0.004520550834148596
2005-05-18,0.007011942833407447
2005-05-19,0.0029186987655023255
2005-05-20,-0.0009634179773635454
2005-05-23,0.00384869090175477
2005-05-24,-0.001602547976618629
2005-05-25,-0.0004991314224559451
2005-05-26,0.003732535695974315
2005-05-27,0.0011838471583780485
2005-05-31,-0.004448401949663006
2005-06-01,0.01105617122517688
2005-06-02,0.006094816104743606
2005-06-03,-0.01322578449081746
2005-06-06,-0.0005038749987308355
2005-06-07,-0.005144358810891259
2005-06-08,-0.002689632555842647
2005-06-09,0.007315196856053419
2005-06-10,-0.008582816132773563
2005-06-13,0.005201164821149629
2005-06-14,-0.0010869418116089546
2005-06-15,0.0033078451534682696
2005-06-16,0.005138230457631954
2005-06-17,0.0025511705822736097
2005-06-20,0.00016168471900002146
2005-06-21,-1.3224781399201468e-05
2005-06-22,-0.00018826888314216195
2005-06-23,-0.016963214883763844
2005-06-24,-0.012319711204953121
2005-06-27,-0.002038407898823702
2005-06-28,0.011698131853534521
2005-06-29,-0.0032644350369627206
2005-06-30,-0.00876855576065716
2005-07-01,0.0019872985357201056
2005-07-05,0.0054032655338045465
2005-07-06,-0.005639156256372124
2005-07-07,0.002658189928552046
2005-07-08,0.007701941214992791
2005-07-11,0.0035117952311920497
2005-07-12,0.0018282440130585886
2005-07-13,0.0009837276483954938
2005-07-14,0.002730659123031831
2005-07-15,-0.0003684881566502485
2005-07-18,-0.0027346755474016993
2005-07-19,0.003799086470140489
2005-07-20,0.0023944913054569916
2005-07-21,-0.004034791558822026
2005-07-22,0.004645034981448637
2005-07-25,-0.0019457549379970907
2005-07-26,0.0008735987652259691
2005-07-27,0.0025638572358503975
2005-07-28,0.004427188823842965
2005-07-29,-0.004662768375497506
2005-08-01,0.0006252631944290155
2005-08-02,0.01116068202636833
2005-08-03,0.0013581011527386
2005-08-04,-0.011984982626672691
2005-08-05,-0.007787799205788537
2005-08-08,-0.006207655374396381
2005-08-09,0.008317552213900736
2005-08-10,-0.006118370937742035
2005-08-11,0.007961725144460363
2005-08-12,-0.00786675383346791
2005-08-15,0.008078711929558446
2005-08-16,-0.019503017101130782
2005-08-17,0.0037524018018786354
2005-08-18,-0.0034963266960919004
2005-08-19,0.0011141023048464316
2005-08-22,0.000268764902113805
2005-08-23,-0.0031654434578269885
2005-08-24,-0.009857730812265153
2005-08-25,0.0038449094069781253
2005-08-26,-0.006768291456575093
2005-08-29,0.010058612159913105
2005-08-30,-0.005895903434067873
2005-08-31,0.014313484961677059
2005-09-01,0.0046683435080414615
2005-09-02,-0.003622509623471659
2005-09-06,0.017467957080325114
2005-09-07,0.0026545965170583496
2005-09-08,-0.00045805416599054016
2005-09-09,0.011312292836726856
2005-09-12,0.0007692518778050772
2005-09-13,-0.007931897856569559
2005-09-14,-0.007142500633934068
2005-09-15,0.0027004134340031793
2005-09-16,0.011611379729123517
2005-09-19,-0.0042867302731901535
2005-09-20,-0.008488697045888283
2005-09-21,-0.007135183353526364
2005-09-22,-0.0008010378644393024
2005-09-23,0.0016551772066559778
2005-09-26,0.003002600406762701
2005-09-27,-0.004193038476927424
2005-09-28,0.004876369072336129
2005-09-29,0.016086724781715356
2005-09-30,0.0032350072456672763
2005-10-03,-0.002810961799158962
2005-10-04,-0.011788786759652337
2005-10-05,-0.018594271914341265
2005-10-06,-0.0049273616343396
2005-10-07,0.004761226596090573
2005-10-10,-0.009096314077039702
2005-10-11,-0.004125760987594207
2005-10-12,-0.016878610777703695
2005-10-13,0.005743303527999899
2005-10-14,0.00978952324813509
2005-10-17,0.007780534675374984
2005-10-18,-0.013667192958712882
2005-10-19,0.01859970351685436
2005-10-20,-0.020442110550510484
2005-10-21,0.010620780042854161
2005-10-24,0.019334027763423967
2005-10-25,0.0009201122524256089
2005-10-26,-0.006372988336431962
2005-10-27,-0.018464916818427546
2005-10-28,0.014377858917269393
2005-10-31,0.004908288899255098
2005-11-01,-0.003457037336065172
2005-11-02,0.018561504301835008
2005-11-03,0.011636740020944059
2005-11-04,-0.0017562925586015465
2005-11-07,0.0032138673540351714
2005-11-08,0.0010207447534711367
2005-11-09,0.00562624147445101
2005-11-10,0.012015995020235426
2005-11-11,0.0062221426425888016
2005-11-14,-0.001736712756182035
2005-11-15,-0.0055315653454551805
2005-11-16,0.013175346398800247
2005-11-17,0.019920735498299313
2005-11-18,0.004691050001485841
2005-11-21,0.008393920899544716
2005-11-22,0.007391000652195334
2005-11-23,0.004271367833035056
2005-11-25,0.0036398063218057164
2005-11-28,-0.00858818393280647
2005-11-29,-0.0037838236492138133
2005-11-30,-0.009947787511345507
2005-12-01,0.026389142369388274
2005-12-02,0.0033050007285897465
2005-12-05,-0.0034710363608772
2005-12-06,0.004086169386031457
2005-12-07,-0.0024271714648474996
2005-12-08,-0.0014924998192918926
2005-12-09,0.007433444406772738
2005-12-12,0.003915404784530008
2005-12-13,0.0010410749277254272
2005-12-14,-0.008241349506696305
2005-12-15,-0.0016786913796859038
2005-12-16,-0.007885633075438658
2005-12-19,-0.013260458416821441
2005-12-20,-0.006961382356087342
2005-12-21,0.006079720053213666
2005-12-22,0.012928679850738867
2005-12-23,0.00011111805862351609
2005-12-27,-0.009247171059601933
2005-12-28,0.006141468082410784
2005-12-29,-0.007353290827826542
2005-12-30,-0.007892277499701117
2006-01-03,0.036393597215391926
2006-01-04,0.011135058498372707
2006-01-05,-0.0027121346784844125
2006-01-06,0.02638002541511164
2006-01-09,0.009619489013538152
2006-01-10,-0.0022115892269258808
2006-01-11,0.010107792416118144
2006-01-12,-0.006709127334333487
2006-01-13,0.00494686711168657
2006-01-17,-0.007476340833678763
2006-01-18,-0.017719919032546327
2006-01-19,0.016650491743785523
2006-01-20,-0.03473199214224232
2006-01-23,0.005889290808691383
2006-01-24,0.003166092393479092
2006-01-25,6.927100812270659e-05
2006-01-26,0.00649376113302691
2006-01-27,0.013335072948594373
2006-01-30,0.0069461098861034465
2006-01-31,-0.007812545999215104
2006-02-01,0.006894774673064541
2006-02-02,-0.01768308535717067
2006-02-03,-0.014372368965292148
2006-02-06,0.001196492540688876
2006-02-07,-0.021699664341834124
2006-02-08,0.014957218022118468
2006-02-09,0.000686128431524935
2006-02-10,-0.003381217946948345
2006-02-13,-0.015392518628186025
2006-02-14,0.018471044462508912
2006-02-15,0.0019898900726449398
2006-02-16,0.015705768740355452
2006-02-17,-0.004627685586639285
2006-02-21,-0.008169028137864243
2006-02-22,0.013422030285307418
2006-02-23,-0.007059935253494576
2006-02-24,0.009367783059840873
2006-02-27,0.004841645777393433
2006-02-28,-0.011441275620609925
2006-03-01,0.01504578170529891
2006-03-02,0.004038021220212906
2006-03-03,-0.009785802974558111
2006-03-06,-0.015209552512389424
2006-03-07,-0.006774609555548761
2006-03-08,-0.004301875572690683
2006-03-09,-0.008788818352529426
2006-03-10,0.004413588052291972
2006-03-13,0.006006343421977256
2006-03-14,0.021612725464244642
2006-03-15,0.010035206997292878
2006-03-16,-0.00310840391700018
2006-03-17,0.000887781974925117
2006-03-20,0.000653468690789083
2006-03-21,-0.013531610514154191
2006-03-22,0.00516195718234802
2006-03-23,-0.003802418587697476
2006-03-24,0.009764449542098541
2006-03-27,0.0030162705270895263
2006-03-28,-0.008969947854951976
2006-03-29,0.02260669951002603
2006-03-30,0.009600953439341975
2006-03-31,-0.0047628402503880896
2006-04-03,0.0022591737099089126
2006-04-04,0.0069539943162246765
2006-04-05,0.010373381752085242
2006-04-06,0.004531802953408048
2006-04-07,-0.01720352750784382
2006-04-10,0.005671580071422877
2006-04-11,-0.014428560143571412
2006-04-12,0.003651686360562678
2006-04-13,0.0020869670687340136
2006-04-17,0.0017087194438072384
2006-04-18,0.027034951410152663
2006-04-19,0.014616131918226527
2006-04-20,-0.016844078433486898
2006-04-21,0.004637767552928551
2006-04-24,-0.010550336938184413
2006-04-25,0.002073963498222531
2006-04-26,0.004717372445366852
2006-04-27,0.005287215028678016
2006-04-28,0.007531425150595128
2006-05-01,-0.011747425655708077
2006-05-02,0.013796692435228408
2006-05-03,-0.004030695604016699
2006-05-04,0.012841764243679776
2006-05-05,0.013439834345304824
2006-05-08,-0.002469799151826546
2006-05-09,0.009262605717509587
2006-05-10,-0.0027488669009047006
2006-05-11,-0.01916078502386409
2006-05-12,-0.016659949946444264
2006-05-15,-0.018455851588286
2006-05-16,0.0005018436481916133
2006-05-17,-0.023496488993313913
2006-05-18,-0.01136655559876254
2006-05-19,-0.0010705767716153725
2006-05-22,-0.012740923354063183
2006-05-23,-0.005239162670955144
2006-05-24,-0.00369508845471056
2006-05-25,0.01979925866928145
2006-05-26,0.007503917894451373
2006-05-30,-0.02542174423991439
2006-05-31,0.005220182385130556
2006-06-01,-0.002300046328520433
2006-06-02,0.006304332996645456
2006-06-05,-0.010998167074160348
2006-06-06,-0.005504539878201653
2006-06-07,-0.0064261099277594935
2006-06-08,-0.007834176086741307
2006-06-09,-0.004577622853805585
2006-06-12,-0.009457998026338399
2006-06-13,-0.029840032063987332
2006-06-14,0.0034347687066542676
2006-06-15,0.02359184972883499
2006-06-16,-0.0030082951756078558
2006-06-19,-0.012471953544576309
2006-06-20,0.007444876038741999
2006-06-21,0.010582415277279544
2006-06-22,-0.006748475856827585
2006-06-23,0.001437212798754084
2006-06-26,0.0035809748880215597
2006-06-27,-0.009109382607981553
2006-06-28,0.0022440779015071577
2006-06-29,0.025034794503713043
2006-06-30,0.008990683978606695
2006-07-03,0.009775765791230073
2006-07-05,-0.002660277680181511
2006-07-06,0.0039113014910669985
2006-07-07,-0.005851315086058961
2006-07-10,-0.0026518704101546886
2006-07-11,0.01259239038142601
2006-07-12,-0.00046531662452087286
2006-07-13,-0.006306190768998854
2006-07-14,-0.0011512697240714242
2006-07-17,-0.010521109221940272
2006-07-18,-0.005169066755987273
2006-07-19,0.017168040854572242
2006-07-20,-0.011760086750121745
2006-07-21,-0.009569451333870993
2006-07-24,0.007084973375502512
2006-07-25,0.006467503132756125
2006-07-26,0.003150278935290407
2006-07-27,0.0017823169597550592
2006-07-28,0.008651344596537491
2006-07-31,-0.00056160381505721
2006-08-01,0.0032069057816119795
2006-08-02,0.004848900393072952
2006-08-03,-0.0015749529822215447
2006-08-04,0.0008144336457620582
2006-08-07,-0.0006201962387510918
2006-08-08,-0.00540517953904085
2006-08-09,0.0010180106698685076
2006-08-10,-0.00431758644410285
2006-08-11,-0.005189083313947296
2006-08-14,-0.0012413344268510373
2006-08-15,0.006942865138813703
2006-08-16,0.008257984772877425
2006-08-17,-0.0061981922989843286
2006-08-18,0.001518296334854563
2006-08-21,0.005817392576604075
2006-08-22,-0.0013942925905425785
2006-08-23,-0.004185295413758339
2006-08-24,0.0009065464464994566
2006-08-25,0.0008015611495362229
2006-08-28,-0.0010579320049499685
2006-08-29,0.0013710917732911998
2006-08-30,0.002542800881797147
2006-08-31,0.004356765150386632
2006-09-01,0.002641304578290926
2006-09-05,0.007180528170003253
2006-09-06,-0.008420814270979626
2006-09-07,-0.011871591130121817
2006-09-08,-0.0008705085843768723
2006-09-11,-0.011607242886779279
2006-09-12,0.00568550944272328
2006-09-13,0.005048653698750183
2006-09-14,-0.009350184704228992
2006-09-15,0.004180725757706671
2006-09-18,0.004541660019546256
2006-09-19,-0.00927699706805174
2006-09-20,0.0061354201587244805
2006-09-21,3.051569501044682e-05
2006-09-22,0.001162662106109158
2006-09-25,0.006441957940300114
2006-09-26,0.005904463076385147
2006-09-27,0.006674506665738322
2006-09-28,0.0010783693191556143
2006-09-29,-0.003063814248671526
2006-10-02,-0.010839966522035671
2006-10-03,0.003613381774192348
2006-10-04,0.02302979191369814
2006-10-05,0.006076011811664506
2006-10-06,-0.002794425052524585
2006-10-09,0.00206733353555566
2006-10-10,0.002962566585138271
2006-10-11,-0.00252395871573452
2006-10-12,0.01733007274118581
2006-10-13,0.004251051184787524
2006-10-16,0.0017501709819720546
2006-10-17,-0.009382652904628586
2006-10-18,-0.0037291285223022275
2006-10-19,0.0035684797775545896
2006-10-20,0.001369713996454136
2006-10-23,0.009285045831993743
2006-10-24,-0.0017051645933469084
2006-10-25,0.006142626835761833
2006-10-26,0.00847204907823107
2006-10-27,-0.01419714678376749
2006-10-30,0.0036403633867430063
2006-10-31,0.0009979768388448385
2006-11-01,-0.012925830664982985
2006-11-02,0.00010638838817977891
2006-11-03,-0.003908378157321035
2006-11-06,0.015549164296275286
2006-11-07,0.008516964955017414
2006-11-08,0.006768130986632315
2006-11-09,-0.008449691589896169
2006-11-10,0.004360342452982557
2006-11-13,0.006868002146642516
2006-11-14,0.013459706201687016
2006-11-15,0.0045953325346030915
2006-11-16,0.005030633249134997
2006-11-17,-0.0007671618689244486
2006-11-20,0.0011965368632138595
2006-11-21,0.0020234988240572793
2006-11-22,0.005858796759633966
2006-11-24,-0.004763242750415619
2006-11-27,-0.024485267108028563
2006-11-28,0.0031072881442084643
2006-11-29,0.011586848984486808
2006-11-30,-0.0007350185606100901
2006-12-01,-0.007359212525061776
2006-12-04,0.013670093151753049
2006-12-05,0.0027393021316131083
2006-12-06,-0.009182989470890579
2006-12-07,-0.010407059592371537
2006-12-08,0.0005010211864495684
2006-12-11,0.007101419450748603
2006-12-12,-0.005251696540801931
2006-12-13,0.0023336058862677422
2006-12-14,0.009784729213232923
2006-12-15,-0.002126626929252029
2006-12-18,-0.009755332160723995
2006-12-19,0.004535234185110815
2006-12-20,-0.004549897742467834
2006-12-21,-0.007900488565775965
2006-12-22,-0.009740143286766423
2006-12-26,0.007964039789171595
2006-12-27,0.009315214168121644
2006-12-28,-0.0005908391999822626
2006-12-29,-0.0022159439241608014
2007-01-03,-0.00599779907996334
2007-01-04,0.010450448714624416
2007-01-05,-0.01799707651651372
2007-01-08,0.006606482562388827
2007-01-09,0.005335567378697226
2007-01-10,0.0092425004216381
2007-01-11,0.010079089629607685
2007-01-12,0.01549168560546943
2007-01-16,-0.0015066484170694894
2007-01-17,-0.0031837935804168715
2007-01-18,-0.019008489909962845
2007-01-19,0.006878260622737109
2007-01-22,-0.011708851755176664
2007-01-23,0.008680651336618661
2007-01-24,0.01582223638309954
2007-01-25,-0.01726450702294413
2007-01-26,-0.0025861826099249363
2007-01-29,-0.0011299341131632001
2007-01-30,0.006744770285170398
2007-01-31,0.01142400503610963
2007-02-01,0.006300974644650292
2007-02-02,-0.0008174432581266045
2007-02-05,-0.0014501471358905338
2007-02-06,0.0009462198320657755
2007-02-07,0.008257853951952887
2007-02-08,0.003962559374556918
2007-02-09,-0.01139253140452312
2007-02-12,-0.007705040393401363
2007-02-13,0.009594915203933407
2007-02-14,0.017644497501494216
2007-02-15,0.003671938483167825
2007-02-16,-0.0014488094763097648
2007-02-20,0.00021616285299153049
2007-02-21,0.011794910862722663
2007-02-22,0.0020013378994943043
2007-02-23,-0.0020327263570557585
2007-02-26,-0.002030710515274592
2007-02-27,-0.0719009242491484
2007-02-28,0.01896469736579731
2007-03-01,-0.007659881937628676
2007-03-02,-0.031810777480148045
2007-03-05,-0.015281507555114815
2007-03-06,0.030153279394038224
2007-03-07,-0.003588873266103576
2007-03-08,0.011071817155045016
2007-03-09,-0.0009425976452742679
2007-03-12,0.005513655286446095
2007-03-13,-0.029767317971866603
2007-03-14,0.015423047917358046
2007-03-15,0.0008187215558534966
2007-03-16,-0.0007879955524081605
2007-03-19,0.015509449552406185
2007-03-20,0.011078868498556771
2007-03-21,0.026298255822676753
2007-03-22,-0.0024708504007906473
2007-03-23,-0.005876144925965554
2007-03-26,0.006719459859364063
2007-03-27,-0.0076667834119921174
2007-03-28,-0.010227903154270912
2007-03-29,-0.0008263503253163051
2007-03-30,0.0014076543736945002
2007-04-02,0.00010324906026482061
2007-04-03,0.016080024663812198
2007-04-04,0.007297107643402301
2007-04-05,0.006000988462961265
2007-04-09,-0.002316694927610885
2007-04-10,0.006055350147725624
2007-04-11,-0.011018600344514407
2007-04-12,0.00970254982169827
2007-04-13,0.00779128317554223
2007-04-16,0.014887358675855777
2007-04-17,0.0010325694750079606
2007-04-18,0.0007593661270317575
2007-04-19,-0.0035816627187466032
2007-04-20,0.01644610149348691
2007-04-23,-0.003604566375527085
2007-04-24,0.00032809989106730164
2007-04-25,0.016399997448206527
2007-04-26,-8.39589567358523e-05
2007-04-27,0.002453290617065118
2007-04-30,-0.015972558159747408
2007-05-01,0.0008887828596100267
2007-05-02,0.008189366610769078
2007-05-03,0.009698114650288137
2007-05-04,0.006581228345678314
2007-05-07,-0.0002621243557329178
2007-05-08,-0.002360319865371774
2007-05-09,0.002601665414486254
2007-05-10,-0.023092744104405982
2007-05-11,0.015389046325219313
2007-05-14,-0.0069383972178759246
2007-05-15,-0.004478399041721204
2007-05-16,0.006974828310272185
2007-05-17,-0.007106823673933227
2007-05-18,0.01293909656692338
2007-05-21,0.00492119075381936
2007-05-22,-0.001284569476573405
2007-05-23,-0.0017231518346674246
2007-05-24,-0.02063064406983306
2007-05-25,0.0072204525340091585
2007-05-29,0.007577255694315221
2007-05-30,0.009942390706102477
2007-05-31,0.007919107267220227
2007-06-01,0.006902048595512689
2007-06-04,0.001482511369268913
2007-06-05,-0.0030552041187015266
2007-06-06,-0.014767271096387757
2007-06-07,-0.02806030438387741
2007-06-08,0.010593822801316488
2007-06-11,0.00308411728009772
2007-06-12,-0.015749008890943772
2007-06-13,0.019054225574741235
2007-06-14,0.009855608803103433
2007-06-15,0.011320479276218265
2007-06-18,-0.0006558619932350851
2007-06-19,0.0037323152228265766
2007-06-20,-0.019054509710499712
2007-06-21,0.00947892155832708
2007-06-22,-0.011602681367612888
2007-06-25,-0.006774178859963675
2007-06-26,-0.013926439199676954
2007-06-27,0.01702951519974283
2007-06-28,0.003204553985979297
2007-06-29,0.0017881854711141454
2007-07-02,0.014726032037670533
2007-07-03,0.004105069819939189
2007-07-05,0.0013920716429398627
2007-07-06,0.010357925214606878
2007-07-09,0.002521717613803709
2007-07-10,-0.01450909753980123
2007-07-11,0.010421549361448568
2007-07-12,0.022812973176576268
2007-07-13,0.007086748834429724
2007-07-16,-0.0019568423306680627
2007-07-17,0.0024679546752288672
2007-07-18,0.0036867626287051536
2007-07-19,0.005435697858691357
2007-07-20,-0.007204755314771938
2007-07-23,0.0013259502374645127
2007-07-24,-0.02026024776969304
2007-07-25,-0.0014515667385525122
2007-07-26,-0.029221751010911734
2007-07-27,-0.026518177232727758
2007-07-30,0.019942919558506356
2007-07-31,-0.022757036642403028
2007-08-01,0.009229219130210575
2007-08-02,0.011066978824860962
2007-08-03,-0.028260184963847523
2007-08-06,0.018495272462122347
2007-08-07,0.010106781442348112
2007-08-08,0.020728157682325055
2007-08-09,-0.04254790189352531
2007-08-10,-0.005373974684567906
2007-08-13,0.00599798031524279
2007-08-14,-0.021433446769811404
2007-08-15,-0.02112386302493041
2007-08-16,-0.011656056193525166
2007-08-17,0.026888412048717836
2007-08-20,0.00179812794431089
2007-08-21,0.010152920486548256
2007-08-22,0.016630061422753917
2007-08-23,-0.0024543505096964457
2007-08-24,0.02157169705113504
2007-08-27,-0.012989138454449045
2007-08-28,-0.03005033642221344
2007-08-29,0.03234560289392374
2007-08-30,0.0020161783477805617
2007-08-31,0.01432539604915628
2007-09-04,0.02488307442874449
2007-09-05,-0.013751343789963455
2007-09-06,0.008873504596826676
2007-09-07,-0.01824694691846218
2007-09-10,-0.001532737913253479
2007-09-11,0.021724794504023315
2007-09-12,0.002608595671638847
2007-09-13,0.0030881053471514264
2007-09-14,3.906758961891299e-05
2007-09-17,-0.0049577128944421345
2007-09-18,0.039812873915371805
2007-09-19,0.005129818603826886
2007-09-20,-0.0005135665025669534
2007-09-21,0.003224210580280662
2007-09-24,0.0025774758788517094
2007-09-25,0.004929882030059174
2007-09-26,0.003904565204887245
2007-09-27,0.011661269482530434
2007-09-28,-0.000443486888344502
2007-10-01,0.01571202568023411
2007-10-02,-0.0070546646628451
2007-10-03,-0.009609078351967004
2007-10-04,0.007030434414522224
2007-10-05,0.025961080067647302
2007-10-08,-0.004737333036112346
2007-10-09,0.011813498620756535
2007-10-10,0.0016958106353270885
2007-10-11,-0.0101570736188199
2007-10-12,0.015992561073945977
2007-10-15,-0.008530150344055798
2007-10-16,-0.005597090007175676
2007-10-17,0.005174628079084087
2007-10-18,0.006952099205287832
2007-10-19,-0.03616891942556777
2007-10-22,0.006780655759343723
2007-10-23,0.018134820235030213
2007-10-24,-0.0003997982564467595
2007-10-25,-0.00048135129453918957
2007-10-26,0.01911281654384056
2007-10-29,0.006591387675934923
2007-10-30,-0.007697293744783451
2007-10-31,0.023597144165472317
2007-11-01,-0.02884768965733453
2007-11-02,0.012600788924922668
2007-11-05,-0.010018404170091255
2007-11-06,0.022250779537006826
2007-11-07,-0.029117832970225077
2007-11-08,-0.02727536022884225
2007-11-09,-0.025879942788508692
2007-11-12,-0.03911695461760245
2007-11-13,0.04649225625966946
2007-11-14,-0.002399436138037614
2007-11-15,-0.024785394427627727
2007-11-16,0.005124006871703557
2007-11-19,-0.01980354271980911
2007-11-20,0.01671709689186618
2007-11-21,-0.021922255535604784
2007-11-23,0.02588125725373125
2007-11-26,-0.019960773867423898
2007-11-27,0.010867358445839415
2007-11-28,0.03375750342602446
2007-11-29,-0.00245812839074111
2007-11-30,0.00018880101094587154
2007-12-03,-0.007754118703518831
2007-12-04,-0.0029949096848503887
2007-12-05,0.0184034857727422
2007-12-06,0.019837970812760952
2007-12-07,-0.0001849888815395051
2007-12-10,0.011918572202685551
2007-12-11,-0.03690984348603488
2007-12-12,0.01734226802686245
2007-12-13,-0.013405507338509315
2007-12-14,-0.014647318024708977
2007-12-17,-0.0272832804089308
2007-12-18,0.009755164000583738
2007-12-19,0.0034128298252134037
2007-12-20,0.014010849549344506
2007-12-21,0.028433263556487676
2007-12-24,0.009275597528825674
2007-12-26,0.009007200022429718
2007-12-27,-0.01762947726096631
2007-12-28,0.0043383097614930755
2007-12-31,-0.012998899975853795
2008-01-02,-0.0009060888638136033
2008-01-03,0.004763884722990941
2008-01-04,-0.029708557627230125
2008-01-07,-0.005382644257343916
2008-01-08,-0.005475557048092439
2008-01-09,0.008353296347620942
2008-01-10,0.007289305031927151
2008-01-11,-0.006732139848743324
2008-01-14,0.011569257068532401
2008-01-15,-0.019689840455185403
2008-01-16,-0.013732609881688007
2008-01-17,-0.008512567571778429
2008-01-18,0.0024879216734430276
2008-01-22,-0.01158522191361111
2008-01-23,0.0011207848677667887
2008-01-24,0.01715419594067158
2008-01-25,-0.010690614921061936
2008-01-28,0.010189615876719182
2008-01-29,-0.001319136565520851
2008-01-30,0.003586992485959506
2008-01-31,0.00322122993273366
2008-02-01,-0.007421808325787094
2008-02-04,-0.0008593864799228967
2008-02-05,-0.0051648093914798965
2008-02-06,0.004749518799738839
2008-02-07,0.003367720941116259
2008-02-08,0.004274686896827751
2008-02-11,0.0012644790765581337
2008-02-12,-0.007233358247048516
2008-02-13,0.0004632249624370033
2008-02-14,0.0010514787704727357
2008-02-15,-0.0019962583915480447
2008-02-19,0.00898927073115674
2008-02-20,0.006103991958655408
2008-02-21,9.272802461968155e-05
2008-02-22,0.0005632662594838855
2008-02-25,-0.0022949475842105604
2008-02-26,0.003572188699315193
2008-02-27,0.0039168363375639
2008-02-28,0.004403312149751093
2008-02-29,0.0007279255563830134
2008-03-03,0.0037178388504093274
2008-03-04,-0.007069973362546
2008-03-05,0.008872605198069206
2008-03-06,-0.004169156049156131
2008-03-07,-0.001381626380934975
2008-03-10,-0.0007273220942235481
2008-03-11,0.0004546244589733739
2008-03-12,0.003574801955797069
2008-03-13,0.004629828484794762
2008-03-14,0.0013028250196029934
2008-03-17,0.0016083705373217683
2008-03-18,-0.009131046265766551
2008-03-19,-0.011957096921319632
2008-03-20,-0.010945508461112863
2008-03-24,0.0007060468144239884
2008-03-25,0.009340679684357811
2008-03-26,0.0037852003435119297
2008-03-27,-0.0011533318422525252
2008-03-28,-0.005489631958498609
2008-03-31,-0.0051318117250295225
2008-04-01,-0.013052025440931425
2008-04-02,0.009040200211684946
2008-04-03,0.0005919985679649908
2008-04-04,0.0031063282965064776
2008-04-07,0.0034313139000692328
2008-04-08,-0.0029775928898563286
2008-04-09,0.007186759741812931
2008-04-10,-0.0018706852554014608
2008-04-11,-0.0016928832993265974
2008-04-14,-0.0006697904132603183
2008-04-15,0.002050659254071441
2008-04-16,0.0059356958969007945
2008-04-17,-0.002557667471190017
2008-04-18,-0.007058605644571503
2008-04-21,-0.0013273026505046248
2008-04-22,0.0001070933664095719
2008-04-23,-0.003838314400873122
2008-04-24,-0.0073690938314863175
2008-04-25,0.00022148690855283704
2008-04-28,0.001603663553293222
2008-04-29,-0.006958334673209721
2008-04-30,0.003186113356039133
2008-05-01,-0.01019518483480375
2008-05-02,0.0023323523085891917
2008-05-05,0.006593179684953654
2008-05-06,0.001429142275063855
2008-05-07,-0.003072326536344261
2008-05-08,0.0055222324128214595
2008-05-09,0.0007345262355882287
2008-05-12,-0.001602902172592846
2008-05-13,-0.006097361725150852
2008-05-14,-0.0006866025997542824
2008-05-15,0.0070081459813851055
2008-05-16,0.008111590243182532
2008-05-19,0.0011515358842049128
2008-05-20,0.0057928912385434295
2008-05-21,0.004057299227893552
2008-05-22,-0.0036445874826643854
2008-05-23,0.000992675042863267
2008-05-27,-0.007015455257840975
2008-05-28,-0.0007881944782699435
2008-05-29,-0.00996372225662523
2008-05-30,0.0036636902421129935
2008-06-02,-0.005508896079541414
2008-06-03,-0.008115323192430801
2008-06-04,0.004699075837035771
2008-06-05,0.011742377537486304
2008-06-06,-0.012498425559880455
2008-06-09,-0.004726492486367251
2008-06-10,-0.01359707176506253
2008-06-11,-0.008949011200398371
2008-06-12,-0.005017779929790023
2008-06-13,0.012622817845143519
2008-06-16,0.009253061015869646
2008-06-17,-0.0006188924475378776
2008-06-18,-0.003037099782840502
2008-06-19,0.009440058932661533
2008-06-20,-0.013625949459146858
2008-06-23,-0.014129687764976695
2008-06-24,-0.00037459108130599716
2008-06-25,0.006365864058602844
2008-06-26,-0.009152043831572865
2008-06-27,0.004265363408965328
2008-06-30,-0.006860516410397199
2008-07-01,0.004643870958361163
2008-07-02,0.001898477840726942
2008-07-03,-0.003974215961618621
2008-07-07,-0.002970700645809621
2008-07-08,-0.0013015195472014796
2008-07-09,0.00238555510498184
2008-07-10,0.007441895324922676
2008-07-11,0.005938304038370479
2008-07-14,0.0027363889995395407
2008-07-15,0.0009681348785401944
2008-07-16,-0.006163517244908379
2008-07-17,-0.0007565199408343659
2008-07-18,-0.0001424306992597879
2008-07-21,0.003466336619433852
2008-07-22,-0.007368156622057809
2008-07-23,-0.008979539391228086
2008-07-24,0.0028212266998328683
2008-07-25,0.0013575635150520071
2008-07-28,0.00019055957313174332
2008-07-29,-0.004104529311841798
2008-07-30,-0.0038661229487044757
2008-07-31,0.0020985264435955386
2008-08-01,-0.0018440975411281313
2008-08-04,-0.005255780262822585
2008-08-05,-0.0076314442320395415
2008-08-06,0.002146305153043926
2008-08-07,-0.0020174302634861085
2008-08-08,-0.006188489067501246
2008-08-11,-0.012419052186008805
2008-08-12,-0.0022837399039132844
2008-08-13,0.004037998202988113
2008-08-14,-0.008390022718696266
2008-08-15,-0.006574844396904811
2008-08-18,0.004585845825048507
2008-08-19,0.00633964044248847
2008-08-20,-0.001372878700686253
2008-08-21,0.008648804113671194
2008-08-22,-0.004599528759828719
2008-08-25,-0.0005269422812285152
2008-08-26,0.001194133373737749
2008-08-27,0.000541779825195654
2008-08-28,0.0031794723549443127
2008-08-29,-0.0017438152939301954
2008-09-02,6.706349206364592e-05
2008-09-03,6.626984126989477e-05
2008-09-04,6.587301587290817e-05
2008-09-05,6.547619047614361e-05
2008-09-08,6.706349206342388e-05
2008-09-09,6.46825396826145e-05
2008-09-10,6.42857142856279e-05
2008-09-11,6.26984126981256e-05
2008-09-12,5.793650793672889e-05
2008-09-15,4.0873015872966434e-05
2008-09-16,3.333333333332966e-05
2008-09-17,1.1904761905157102e-06
2008-09-18,9.126984126917037e-06
2008-09-19,3.84920634923791e-05
2008-09-22,5.119047619039918e-05
2008-09-23,3.214285714281395e-05
2008-09-24,1.9841269841336384e-05
2008-09-25,2.9761904762004576e-05
2008-09-26,3.412698412708082e-05
2008-09-29,3.809523809517046e-05
2008-09-30,3.571428571436108e-05
2008-10-01,3.333333333310762e-05
2008-10-02,2.460317460317718e-05
2008-10-03,1.984126984111434e-05
2008-10-06,2.1428571428838694e-05
2008-10-07,3.214285714259191e-05
2008-10-08,2.6587301587222e-05
2008-10-09,2.3015873015896915e-05
2008-10-10,9.523809523903637e-06
2008-10-13,9.523809523681592e-06
2008-10-14,1.3492063492215323e-05
2008-10-15,8.730158730152482e-06
2008-10-16,1.7857142856847474e-05
2008-10-17,3.17460317460494e-05
2008-10-20,4.920634920635436e-05
2008-10-21,4.3253968253997854e-05
2008-10-22,4.0873015872966434e-05
2008-10-23,3.809523809517046e-05
2008-10-24,3.412698412708082e-05
2008-10-27,3.333333333332966e-05
2008-10-28,3.0158730158991176e-05
2008-10-29,2.420634920663467e-05
2008-10-30,1.5873015872802654e-05
2008-10-31,1.7460317460304964e-05
2008-11-03,1.9444444444349784e-05
2008-11-04,1.904761904758523e-05
2008-11-05,1.5476190476260143e-05
2008-11-06,1.2301587301477568e-05
2008-11-07,1.1904761904713013e-05
2008-11-10,1.1507936507948457e-05
2008-11-11,1.1507936507948457e-05
2008-11-12,7.1428571428722165e-06
2008-11-13,8.333333333387927e-06
2008-11-14,5.555555555813996e-06
2008-11-17,4.761904761840796e-06
2008-11-18,4.761904761840796e-06
2008-11-19,2.777777777573931e-06
2008-11-20,1.1904761905157102e-06
2008-11-21,7.93650793751155e-07
2008-11-24,5.158730158605351e-06
2008-11-25,3.96825396853373e-06
2008-11-26,1.984126983822776e-06
2008-11-28,3.968253967645552e-07
2008-12-01,2.7777777777959756e-06
2008-12-02,2.3809523810314204e-06
2008-12-03,7.93650793751155e-07
2008-12-04,7.93650793751155e-07
2008-12-05,7.936507935291104e-07
2008-12-08,1.1904761905157102e-06
2008-12-09,1.1904761902936656e-06
2008-12-10,0.0
2008-12-11,3.968253967645552e-07
2008-12-12,7.93650793751155e-07
2008-12-15,1.5873015872802654e-06
2008-12-16,1.5873015872802654e-06
2008-12-17,1.9841269840448206e-06
2008-12-18,0.0
2008-12-19,7.93650793751155e-07
2008-12-22,3.968253965425106e-07
2008-12-23,7.93650793751155e-07
2008-12-24,0.0
2008-12-26,1.1904761905157102e-06
2008-12-29,2.380952381253465e-06
2008-12-30,3.968253968089641e-06
2008-12-31,4.365079365076241e-06
2009-01-02,-0.0011151331640125717
2009-01-05,-0.006745998304841905
2009-01-06,0.002527770379126215
2009-01-07,-0.009215707538344997
2009-01-08,0.006687499737813241
2009-01-09,-0.0020951929995995933
2009-01-12,-0.012294205058858365
2009-01-13,0.00047576053960685094
2009-01-14,-0.004289331364503157
2009-01-15,0.0023760545071387362
2009-01-16,0.009157381747344706
2009-01-20,0.0070804750401751715
2009-01-21,-0.0014335555490473384
2009-01-22,0.0016745221311686986
2009-01-23,0.015334947532344989
2009-01-26,0.0016095496511285834
2009-01-27,-0.0021721439273542087
2009-01-28,-0.0036670702321065507
2009-01-29,0.007991493810467709
2009-01-30,0.006900030231492327
2009-02-02,-0.009009763968487627
2009-02-03,-0.0013544296386750476
2009-02-04,0.002627031466609031
2009-02-05,0.0034660844570497673
2009-02-06,-0.0019357653928386842
2009-02-09,-0.004656802808945648
2009-02-10,0.0069836717092814915
2009-02-11,0.007631347416771961
2009-02-12,0.003208480855075857
2009-02-13,-0.002240290864649941
2009-02-17,0.010546520942075643
2009-02-18,0.0052581299408536175
2009-02-19,-0.00407014086052726
2009-02-20,0.007298240354736363
2009-02-23,-0.0002418443014332583
2009-02-24,-0.010691400971483911
2009-02-25,-0.005688227546006619
2009-02-26,-0.0003192339769061414
2009-02-27,-0.0015527257060319322
2009-03-02,-0.006110110310570738
2009-03-03,-0.0032152063341835957
2009-03-04,-0.003807033132899318
2009-03-05,0.010944048415732599
2009-03-06,0.0010873412539551541
2009-03-09,-0.006190795287495998
2009-03-10,-0.008803040571307652
2009-03-11,0.00395626908927138
2009-03-12,0.006854579499526059
2009-03-13,0.0007287239251654309
2009-03-16,-0.001801435016734132
2009-03-17,-0.002746454012152455
2009-03-18,0.011083589288403362
2009-03-19,0.004531606686523304
2009-03-20,-0.002712329009748271
2009-03-23,-0.005408791060663165
2009-03-24,-0.0040684800684258615
2009-03-25,0.003733746220057732
2009-03-26,-0.00017636312300528534
2009-03-27,-0.004469514285433074
2009-03-30,-0.0025678355171179224
2009-03-31,0.0010954198943347038
2009-04-01,0.002774982748491084
2009-04-02,-0.008205038818220767
2009-04-03,-0.00448651571800851
2009-04-06,-0.008646378615112527
2009-04-07,0.005535118707188369
2009-04-08,-0.0004814959412644537
2009-04-09,-0.0011180275598117184
2009-04-13,0.005887623289708488
2009-04-14,-0.0018952271807886056
2009-04-15,0.0004891797156441058
2009-04-16,-0.006300771077351497
2009-04-17,-0.0022110629448329755
2009-04-20,0.006512518641846432
2009-04-21,-0.00022024985083890503
2009-04-22,0.001835739722805485
2009-04-23,0.005302020045108824
2009-04-24,0.0034179105349370076
2009-04-27,-0.0026232599687510127
2009-04-28,-0.00467029781463657
2009-04-29,0.002164445892709921
2009-04-30,-0.003938087017802183
2009-05-01,0.0005385880245296626
2009-05-04,0.020611977001893544
2009-05-05,-0.002508808346133984
2009-05-06,0.004743880853406823
2009-05-07,-0.0165988705954081
2009-05-08,0.0032166815919971725
2009-05-11,0.0009376888589185395
2009-05-12,-0.004397570107247617
2009-05-13,-0.016479529980380936
2009-05-14,0.0064836249151181136
2009-05-15,0.0013096310056750493
2009-05-18,0.012195809007011116
2009-05-19,0.006047010021906329
2009-05-20,0.0021604636464596094
2009-05-21,-0.005895399217121011
2009-05-22,-0.0012789217271719222
2009-05-26,0.022504894364163475
2009-05-27,-0.006628179969369041
2009-05-28,0.011793652333568216
2009-05-29,0.014454742740846127
2009-06-01,0.018502178014609738
2009-06-02,0.00214510547336233
2009-06-03,-0.007522362453959319
2009-06-04,0.013245605438372277
2009-06-05,-0.00760527968138236
2009-06-08,-0.003226873179120626
2009-06-09,0.006834952663240967
2009-06-10,-0.002696125899439905
2009-06-11,-0.0009037184204365722
2009-06-12,-0.007740425100662529
2009-06-15,-0.018922392509594377
2009-06-16,-0.0031504818179963756
2009-06-17,0.007173175433822898
2009-06-18,-0.004335489851792107
2009-06-19,0.008747858619670756
2009-06-22,-0.02437997590997465
2009-06-23,-0.0005407079373319634
2009-06-24,0.01277729033967856
2009-06-25,0.016952752832433138
2009-06-26,0.001221103651811939
2009-06-29,0.0001514077976261241
2009-06-30,-0.004430069220933253
2009-07-01,0.00660585231664057
2009-07-02,-0.03625633488564339
2009-07-06,-0.004781079434172497
2009-07-07,-0.029667345703391246
2009-07-08,-0.003132478545445627
2009-07-09,0.0036436440643532464
2009-07-10,0.000955203943913796
2009-07-13,0.030673893440747335
2009-07-14,0.008520951782704511
2009-07-15,0.04581851965522765
2009-07-16,0.013132932098189887
2009-07-17,0.0039577618510457935
2009-07-20,0.018058080620495298
2009-07-21,0.008163456356124588
2009-07-22,0.0058746709899544225
2009-07-23,0.02959629721388146
2009-07-24,0.0038804541293195882
2009-07-27,0.0032717452405903735
2009-07-28,-0.004933866096017758
2009-07-29,-0.009206866089215171
2009-07-30,0.01258119815793557
2009-07-31,0.0037186930623740455
2009-08-03,0.023314267510715192
2009-08-04,0.004567324142821461
2009-08-05,-0.006077470093183601
2009-08-06,-0.009790593065402198
2009-08-07,0.012907219889074062
2009-08-10,-0.008063358032935786
2009-08-11,-0.015107934786351751
2009-08-12,0.018183224310422297
2009-08-13,0.01153624930558017
2009-08-14,-0.014969514410863471
2009-08-17,-0.04194302157604113
2009-08-18,0.017092173456074056
2009-08-19,0.01215724596371448
2009-08-20,0.014177249522300928
2009-08-21,0.025484346754520493
2009-08-24,-0.0041367994168435285
2009-08-25,0.004645988281251734
2009-08-26,-0.0006511179797029643
2009-08-27,0.004659713698766499
2009-08-28,0.0018285972423739416
2009-08-31,-0.01408019526509574
2009-09-01,-0.025431636454759765
2009-09-02,0.005265113234057317
2009-09-03,0.014275459007799585
2009-09-04,0.02321769204723223
2009-09-08,0.011922299905072764
2009-09-09,0.009520341340275129
2009-09-10,0.014733177068377845
2009-09-11,0.004308334511307077
2009-09-14,0.003741004800969172
2009-09-15,0.007372367651530265
2009-09-16,0.023383024213827763
2009-09-17,-0.0027862475871768266
2009-09-18,-0.00014243928387680516
2009-09-21,-0.0008760427688834227
2009-09-22,0.00917580253753969
2009-09-23,-0.011475627737608018
2009-09-24,-0.0177283360259759
2009-09-25,-0.010942354656445774
2009-09-28,0.022852100428895517
2009-09-29,-0.003564132847105661
2009-09-30,0.0028774241486011487
2009-10-01,-0.03926856710113669
2009-10-02,-0.0035943633945325626
2009-10-05,0.019737735988268668
2009-10-06,0.02930445875342258
2009-10-07,0.004185718197661226
2009-10-08,0.012457403776938047
2009-10-09,0.0042059105565563915
2009-10-12,0.007085355461251108
2009-10-13,0.0009989095774258772
2009-10-14,0.019801481423999734
2009-10-15,-0.0033729089336628215
2009-10-16,-0.008009500121152091
2009-10-19,0.015099692819968702
2009-10-20,-0.005513429305739392
2009-10-21,-0.006614784198807233
2009-10-22,0.009804534224356232
2009-10-23,-0.010935875796172723
2009-10-26,-0.015269157559563706
2009-10-27,-0.013070394846009359
2009-10-28,-0.030984177495240517
2009-10-29,0.0310549088937786
2009-10-30,-0.03675019328280449
2009-11-02,0.011939516250101478
2009-11-03,0.012047244776022703
2009-11-04,0.004609636609560486
2009-11-05,0.02810790370895333
2009-11-06,0.007464024568007099
2009-11-09,0.03214061669421797
2009-11-10,0.0016711302471825729
2009-11-11,0.011672040531674144
2009-11-12,-0.014455486007363016
2009-11-13,0.014011403400254752
2009-11-16,0.022199036405032624
2009-11-17,0.0035249718052656753
2009-11-18,-0.002928116108955603
2009-11-19,-0.019804634508470254
2009-11-20,-0.0031674497415465908
2009-11-23,0.022771567778067325
2009-11-24,-0.0005353383166265546
2009-11-25,0.01054324598170897
2009-11-27,-0.025114378633105616
2009-11-30,0.004227981595077868
2009-12-01,0.01967760445881206
2009-12-02,0.006775869771693532
2009-12-03,-0.0093473078318983
2009-12-04,-0.007182204975359485
2009-12-07,-0.006398382694038474
2009-12-08,-0.017373541240032986
2009-12-09,0.00858365352020063
2009-12-10,0.007253171191900165
2009-12-11,-0.0036388593263776414
2009-12-14,0.013374794606908935
2009-12-15,-0.006922362459916842
2009-12-16,0.006057809612066034
2009-12-17,-0.02849388744683179
2009-12-18,0.019158207631648994
2009-12-21,0.00871260922355055
2009-12-22,0.004728878026014405
2009-12-23,0.007606071894875166
2009-12-24,0.015383283950860749
2009-12-28,0.005076088919278243
2009-12-29,-0.006477581068833449
2009-12-30,-0.00027838262772406086
2009-12-31,-0.011098252315629553
2010-01-04,0.027366922272360483
2010-01-05,0.0021218608904738367
2010-01-06,0.0020678257710295966
2010-01-07,0.0007651376206352367
2010-01-08,0.009338179004316549
2010-01-11,0.003078952617313835
2010-01-12,-0.02149948272260993
2010-01-13,0.016422836422667952
2010-01-14,0.0038237276008956655
2010-01-15,-0.018219237068158534
2010-01-19,0.020566590305215904
2010-01-20,-0.023968046831588485
2010-01-21,-0.024184776222602067
2010-01-22,-0.0342037822336293
2010-01-25,0.005674769997006113
2010-01-26,-0.0017512857406609683
2010-01-27,0.004663238666942737
2010-01-28,-0.024087616067398843
2010-01-29,-0.02043657419461886
2010-02-01,0.024654399700948293
2010-02-02,0.01677116709904447
2010-02-03,-0.0007211208634152477
2010-02-04,-0.052663486815672456
2010-02-05,0.007477283973491122
2010-02-08,-0.011616607567445758
2010-02-09,0.019402274422896326
2010-02-10,-0.0037389224699467816
2010-02-11,0.023025471155803556
2010-02-12,0.0009023985475202778
2010-02-16,0.026953543167280047
2010-02-17,0.00565889729235991
2010-02-18,0.010595832227151103
2010-02-19,-0.0001596355111185277
2010-02-22,-0.002985321622975934
2010-02-23,-0.02005730710374476
2010-02-24,0.010782909041794353
2010-02-25,0.003036950023530993
2010-02-26,0.0057974287528752555
2010-03-01,0.016045532911368676
2010-03-02,0.008460571449943721
2010-03-03,0.003399780666575314
2010-03-04,0.0015678540230299465
2010-03-05,0.019746305221481464
2010-03-08,-0.001039406392806086
2010-03-09,0.005221230062251392
2010-03-10,0.004038549089959043
2010-03-11,0.005818842110531186
2010-03-12,-0.0013605613676198614
2010-03-15,-1.7984862923370315e-05
2010-03-16,0.015545758550082
2010-03-17,0.0030023695917003046
2010-03-18,0.004232867265540063
2010-03-19,-0.013213343968682345
2010-03-22,0.008239554091939105
2010-03-23,0.011681982201096952
2010-03-24,-0.012313910220864477
2010-03-25,-0.001660155972447619
2010-03-26,0.006694674881396301
2010-03-29,0.007207969148914417
2010-03-30,0.0007453209199961286
2010-03-31,-0.0025710781767054325
2010-04-01,0.008146036717084693
2010-04-05,0.013203331332199975
2010-04-06,0.0038956409313575247
2010-04-07,-0.0005221349660037289
2010-04-08,0.003434313519788512
2010-04-09,0.011454079971010112
2010-04-12,-0.0001428114032598904
2010-04-13,0.0030210010310396385
2010-04-14,0.016431590642622007
2010-04-15,0.005392844752700521
2010-04-16,-0.02539055335630591
2010-04-19,0.0015141496493127349
2010-04-20,0.01015498097854528
2010-04-21,0.0049705244469639975
2010-04-22,0.004235268168079065
2010-04-23,0.011011026036768179
2010-04-26,-0.005285046313936559
2010-04-27,-0.02433863824493876
2010-04-28,0.0039266923577039314
2010-04-29,0.019297099347816093
2010-04-30,-0.02073955895003432
2010-05-03,0.019043299460785867
2010-05-04,-0.0387827144884183
2010-05-05,-0.006877856355873568
2010-05-06,-0.0336909889791559
2010-05-07,-0.025106520900420648
2010-05-10,0.05658078661123467
2010-05-11,0.006875059161156605
2010-05-12,0.02325771412903377
2010-05-13,-0.020571694416568587
2010-05-14,-0.02417871310928843
2010-05-17,-0.000870151926397944
2010-05-18,-0.01704823845335579
2010-05-19,-0.017902282265724878
2010-05-20,-0.0495986632088391
2010-05-21,0.013364513235645026
2010-05-24,-0.0056329433388921935
2010-05-25,0.003128621195276793
2010-05-26,-0.007944301943815346
2010-05-27,0.04535250929646284
2010-05-28,-0.011488880736668983
2010-06-01,-0.014736173842614053
2010-06-02,0.03270911568803436
2010-06-03,0.004010236317461002
2010-06-04,-0.042415667552771374
2010-06-07,-0.014780727695229312
2010-06-08,0.003878194105920718
2010-06-09,-0.010325706575628257
2010-06-10,0.033000579748109216
2010-06-11,0.012139533126207747
2010-06-14,-0.0017338675987201846
2010-06-15,0.03641228827789589
2010-06-16,0.0010882721996676725
2010-06-17,0.007168192847334387
2010-06-18,0.004052156596229928
2010-06-21,-0.013262142461682003
2010-06-22,-0.014799470113872837
2010-06-23,-0.006012879268671001
2010-06-24,-0.020240491457693133
2010-06-25,0.005666067941801023
2010-06-28,-0.00920560689926031
2010-06-29,-0.04476255576012689
2010-06-30,-0.015806218738158906
2010-07-01,-0.01270643672946925
2010-07-02,0.004027835890414444
2010-07-06,-0.005467282155452335
2010-07-07,0.003394363708209003
2010-07-08,-0.0014360585034645101
2010-07-09,0.003193614082954488
2010-07-12,-0.002815526980797789
2010-07-13,0.0028317763848955124
2010-07-14,-0.0001618569512233936
2010-07-15,-0.00018953825161827087
2010-07-16,-0.004310103501628637
2010-07-19,-0.0026061972422293245
2010-07-20,0.002566198120823815
2010-07-21,-0.0022177535124719983
2010-07-22,0.002815864745031371
2010-07-23,-0.002133167907204081
2010-07-26,-0.0015813477723258806
2010-07-27,-0.005596297725333876
2010-07-28,0.000760569308724035
2010-07-29,0.001431957369878667
2010-07-30,0.003358991151146018
2010-08-02,0.02694792676250035
2010-08-03,-0.004460575013879087
2010-08-04,0.013307110669451339
2010-08-05,-0.0014993437794222908
2010-08-06,-0.0016068419514821963
2010-08-09,0.006661154626774746
2010-08-10,-0.007831521655663587
2010-08-11,-0.03813511584254892
2010-08-12,-0.005521637567409421
2010-08-13,-0.006750384002650711
2010-08-16,0.004148330388096033
2010-08-17,0.015803123556525467
2010-08-18,0.005316925942577155
2010-08-19,-0.020585857406829167
2010-08-20,-0.00271782417252453
2010-08-23,-0.009257959783298353
2010-08-24,-0.019634875079253655
2010-08-25,0.010827707862342217
2010-08-26,-0.01287135668845829
2010-08-27,0.018087915194847648
2010-08-30,-0.016368628779144245
2010-08-31,0.001507781569744182
2010-09-01,-0.0010614346555356535
2010-09-02,0.001643714214026648
2010-09-03,-0.0011697115045697926
2010-09-07,0.002298627570580747
2010-09-08,3.096125304247188e-05
2010-09-09,-0.003130874981604914
2010-09-10,0.0004685511289348465
2010-09-13,-0.00029665864292971467
2010-09-14,0.0065650828629566504
2010-09-15,-0.0002133146018895582
2010-09-16,0.0018786179381915513
2010-09-17,-0.0002398176384574846
2010-09-20,0.0008994680973499758
2010-09-21,0.0030934865903204933
2010-09-22,0.0005174237005560745
2010-09-23,0.00027419406060591456
2010-09-24,0.001056600668747576
2010-09-27,8.506688979093013e-05
2010-09-28,0.0030507644516686305
2010-09-29,0.00027295309776476095
2010-09-30,-0.00010330236909128487
2010-10-01,0.004611660994660038
2010-10-04,-0.013565970188448628
2010-10-05,0.03601797134318607
2010-10-06,-0.003125688868172327
2010-10-07,-0.0026756925165588585
2010-10-08,0.010899539106972611
2010-10-11,0.0033042121090054444
2010-10-12,0.006071115316415687
2010-10-13,0.015485221903384527
2010-10-14,-0.0016897663489534587
2010-10-15,0.012369978483291355
2010-10-18,0.0039600821813279286
2010-10-19,-0.02754134253505436
2010-10-20,0.0147659726391427
2010-10-21,-0.0018160983219573934
2010-10-22,0.006919544895221952
2010-10-25,0.007167308477559642
2010-10-26,0.002294477351745483
2010-10-27,-0.0026305014495654477
2010-10-28,0.006017182282482825
2010-10-29,0.0023267976751333297
2010-11-01,-0.0014345560995594475
2010-11-02,0.01363735947478606
2010-11-03,0.00396890315009113
2010-11-04,0.03170779192081752
2010-11-05,0.003626531016247325
2010-11-08,0.003068284897611573
2010-11-09,-0.014578857878605134
2010-11-10,0.005641586384988795
2010-11-11,-0.0008156572999025169
2010-11-12,-0.0287354785293763
2010-11-15,-0.006214436007852542
2010-11-16,-0.025346801068763747
2010-11-17,0.0003831108562875052
2010-11-18,0.02536571814901345
2010-11-19,0.002398763710337315
2010-11-22,0.008528619485049793
2010-11-23,-0.01791502888914487
2010-11-24,0.022198417598619846
2010-11-26,-0.014380255554764299
2010-11-29,0.002424524248234139
2010-11-30,-0.008240624510238215
2010-12-01,0.02850662019843586
2010-12-02,0.015521152802795424
2010-12-03,0.009975988259302904
2010-12-06,0.0013794259230786032
2010-12-07,-0.004878141464164543
2010-12-08,0.0013504783478994753
2010-12-09,0.0040573622272630505
2010-12-10,0.008900971836443006
2010-12-13,-0.00064827926509059
2010-12-14,0.001684093934658959
2010-12-15,-0.009024511788747414
2010-12-16,0.00635406620508161
2010-12-17,0.0029215975696068597
2010-12-20,0.004219431857617861
2010-12-21,0.008432701768952944
2010-12-22,0.001983306578846822
2010-12-23,-0.003512327563895745
2010-12-27,0.0013019713982191927
2010-12-28,0.0046711842998399256
2010-12-29,0.002984598905186431
2010-12-30,-0.004139151257981033
2010-12-31,0.0020373480804019017
2011-01-03,0.014885785382445782
2011-01-04,-0.008778282483646205
2011-01-05,0.008550007904866153
2011-01-06,-0.0004116409032822732
2011-01-07,-0.0023361189876226485
2011-01-10,0.002697611528837962
2011-01-11,0.005055310795390122
2011-01-12,0.01238547076766272
2011-01-13,-0.0032283334394541674
2011-01-14,0.006151361850608383
2011-01-18,0.004955803371197831
2011-01-19,-0.013973186778908131
2011-01-20,-0.0121807056579889
2011-01-21,-0.004244814090385685
2011-01-24,0.012362228779511097
2011-01-25,1.406409576354406e-05
2011-01-26,0.00922917768648679
2011-01-27,-0.0013682515758780545
2011-01-28,-0.02473417142630363
2011-01-31,0.007320467228490335
2011-02-01,0.025620664603508425
2011-02-02,-0.0034264351774533353
2011-02-03,0.006942932358895204
2011-02-04,0.004728243953575184
2011-02-07,0.007494095728325378
2011-02-08,0.011465310285132535
2011-02-09,-0.00344700213349447
2011-02-10,0.0011248724369159468
2011-02-11,0.007241317826413685
2011-02-14,0.004745893788176803
2011-02-15,-0.00019052937916197443
2011-02-16,0.008587491454688623
2011-02-17,0.004190604717849267
2011-02-18,0.0008344966265960707
2011-02-22,-0.031527409106816284
2011-02-23,-0.00674592806214247
2011-02-24,0.0004391395419596211
2011-02-25,0.018532565870726936
2011-02-28,0.006521166983807669
2011-03-01,-0.016147796338352394
2011-03-02,0.004313589215557245
2011-03-03,0.01965841829274928
2011-03-04,-0.005422629831674963
2011-03-07,-0.013084000216197045
2011-03-08,0.007189594522056142
2011-03-09,-0.005311827618654563
2011-03-10,-0.026191879377038152
2011-03-11,0.009416247561067737
2011-03-14,-0.004730821195450985
2011-03-15,-0.022641100976317774
2011-03-16,-0.028101738993474124
2011-03-17,0.015539509325385836
2011-03-18,0.004996023362190627
2011-03-21,0.02358972840626361
2011-03-22,-0.0029337281116396108
2011-03-23,0.008569595094820803
2011-03-24,0.015443494900684307
2011-03-25,0.003011060332939186
2011-03-28,-0.007245708902389958
2011-03-29,0.010160055339574425
2011-03-30,0.008508933825396747
2011-03-31,0.0030686824167809323
2011-04-01,0.0013771154400721297
2011-04-04,0.0003378398220477141
2011-04-05,0.003036588293209297
2011-04-06,0.00429893085117361
2011-04-07,-0.0011420018098784457
2011-04-08,-0.0031483181409912575
2011-04-11,-0.00640123456855235
2011-04-12,-0.011940766526438495
2011-04-13,0.00588161187512104
2011-04-14,0.003736449916347473
2011-04-15,0.0045648051172442194
2011-04-18,-0.010325221779893035
2011-04-19,0.007744037204472587
2011-04-20,0.024773481751821924
2011-04-21,0.009056572510425909
2011-04-25,0.0019004110161993104
2011-04-26,0.007891062775002844
2011-04-27,0.015348789005030117
2011-04-28,0.0029814127601381912
2011-04-29,0.006746118809880075
2011-05-02,-0.006611703794430324
2011-05-03,-0.00736309422075343
2011-05-04,-0.009921173535156536
2011-05-05,-0.019418741493921754
2011-05-06,0.009536092796707862
2011-05-09,0.009830850395604163
2011-05-10,0.012452704041625573
2011-05-11,-0.014860895108579908
2011-05-12,0.0068446624953046875
2011-05-13,-0.015198010486870528
2011-05-16,-0.01660326802865464
2011-05-17,0.0003080817250906698
2011-05-18,0.013581274485684913
2011-05-19,0.0035938311109788845
2011-05-20,-0.006056443620188201
2011-05-23,-0.01650450772537837
2011-05-24,-0.0029329456501088202
2011-05-25,0.004344231147735744
2011-05-26,0.0062583700960057165
2011-05-27,0.009156681371813136
2011-05-31,0.01721757533477941
2011-06-01,-0.029024199527142747
2011-06-02,-5.251063278643997e-06
2011-06-03,-0.01458178985607883
2011-06-06,-0.011889100126003638
2011-06-07,-0.001697845057326286
2011-06-08,-0.009026787159606364
2011-06-09,0.007572070341593573
2011-06-10,-0.021472896770175054
2011-06-13,-0.00375711417014557
2011-06-14,0.018462985090955897
2011-06-15,-0.021609453779649068
2011-06-16,-0.0018513640436108592
2011-06-17,0.0023569918061401296
2011-06-20,0.006492811738838755
2011-06-21,0.02370309674857829
2011-06-22,-0.007478132649222369
2011-06-23,-0.002070424149778316
2011-06-24,-0.023776477187088085
2011-06-27,0.014271967477866188
2011-06-28,0.019295699166812508
2011-06-29,0.011066983045169732
2011-06-30,0.01167893685290422
2011-07-01,0.01760421916690258
2011-07-05,0.008685816575305427
2011-07-06,0.005284598862462797
2011-07-07,0.01779707742727732
2011-07-08,-0.0047070891438520945
2011-07-11,-0.02086310614082243
2011-07-12,-0.0060446261864572914
2011-07-13,0.008071419875606
2011-07-14,-0.010995592827847234
2011-07-15,0.013687312611561309
2011-07-18,-0.005859871444626741
2011-07-19,0.02118867179666606
2011-07-20,-0.0005050439776942417
2011-07-21,0.011250819690726388
2011-07-22,0.009927451760819661
2011-07-25,-0.001983934768952089
2011-07-26,-0.0003014907648440923
2011-07-27,-0.0315589202773372
2011-07-28,-0.0006700823339773621
2011-07-29,-0.004517394155620025
2011-08-01,-0.006773419679929948
2011-08-02,-0.02603823353799417
2011-08-03,0.009356600288735972
2011-08-04,-0.06240282132802999
2011-08-05,-0.0031603064358196598
2011-08-08,-0.06456305319079991
2011-08-09,0.0582694403621824
2011-08-10,-0.03893350796200501
2011-08-11,0.04274504169079063
2011-08-12,0.0074926443394776054
2011-08-15,0.025801353692045392
2011-08-16,-0.005562504129521972
2011-08-17,-0.0018568444056985545
2011-08-18,-0.048228447030383315
2011-08-19,-0.014388782891760266
2011-08-22,0.01309638923141443
2011-08-23,0.02498221290811986
2011-08-24,-0.0017011448250007222
2011-08-25,-0.016557941937803355
2011-08-26,0.034969047720242896
2011-08-29,0.02606756232237961
2011-08-30,0.016432980279718956
2011-08-31,0.0007827009199223856
2011-09-01,0.0002818590867510462
2011-09-02,0.010069733654723967
2011-09-06,-0.0006306696743331175
2011-09-07,-0.010810455957880216
2011-09-08,0.008882798322186858
2011-09-09,-0.0020658104204576144
2011-09-12,-0.007516406300116407
2011-09-13,0.0035145556645910236
2011-09-14,-0.00249043216608158
2011-09-15,-0.005275248857221859
2011-09-16,0.003076663583687189
2011-09-19,-0.005117595756509941
2011-09-20,0.004671642680909915
2011-09-21,-0.00412230511232381
2011-09-22,-0.008581687803002835
2011-09-23,-0.017635820686678794
2011-09-26,-0.004308102916235512
2011-09-27,0.005945432197913103
2011-09-28,-0.00854475900862417
2011-09-29,0.0028930688610084854
2011-09-30,0.0007021086549454658
2011-10-03,0.006116369498831986
2011-10-04,-0.0069587493105180975
2011-10-05,0.003841620017712266
2011-10-06,0.0021660360081812158
2011-10-07,-0.0027483392962956987
2011-10-10,0.008605368712254924
2011-10-11,-0.0024400705988667504
2011-10-12,0.002426157114411076
2011-10-13,-0.002002040290621565
2011-10-14,0.0022997330319500797
2011-10-17,-0.0016255717420048388
2011-10-18,-0.0016282185263700732
2011-10-19,-0.004120875275250957
2011-10-20,-0.004411018545003809
2011-10-21,0.0036933421705516167
2011-10-24,0.0031541481448613684
2011-10-25,0.009578067377700838
2011-10-26,0.003757930967179579
2011-10-27,0.004447056112109715
2011-10-28,0.00014437136714651189
2011-10-31,-0.0046935624098287665
2011-11-01,-0.017479934163018185
2011-11-02,0.008594671577202062
2011-11-03,0.018951584304164992
2011-11-04,-0.005007237280176824
2011-11-07,0.012736383106576099
2011-11-08,0.004732750543454456
2011-11-09,-0.026042581081692107
2011-11-10,-0.002732792351378577
2011-11-11,0.017637137066110142
2011-11-14,-0.005235269185267288
2011-11-15,0.007380053706144585
2011-11-16,-0.014827071892005161
2011-11-17,-0.023114557792930368
2011-11-18,-0.004323069213658659
2011-11-21,-0.02028888422472075
2011-11-22,0.005342011843891381
2011-11-23,-0.014869090769976667
2011-11-25,-0.007316980346815827
2011-11-28,0.027167901628373903
2011-11-29,-0.0031392427111137655
2011-11-30,0.02921791668335927
2011-12-01,-0.0009793784397034155
2011-12-02,0.000373163688811351
2011-12-05,-0.004900923202331708
2011-12-06,0.0016945494925173499
2011-12-07,0.0024000268324706475
2011-12-08,-0.006710074908836572
2011-12-09,0.0008299073407262991
2011-12-12,-0.008703751569516527
2011-12-13,-0.007048011740205196
2011-12-14,-0.011148454815292252
2011-12-15,-0.001135548430052924
2011-12-16,0.0058872171363970605
2011-12-19,-0.0007262798545323301
2011-12-20,0.00426176586616922
2011-12-21,0.0003622843542430143
2011-12-22,-0.0022513585326507934
2011-12-23,0.0005443040893871043
2011-12-27,-0.0028187714846820144
2011-12-28,-0.00783538916206683
2011-12-29,-0.0014039133472921739
2011-12-30,0.003363777400132495
2012-01-03,7.93650793751155e-07
2012-01-04,7.93650793751155e-07
2012-01-05,7.93650793751155e-07
2012-01-06,7.93650793751155e-07
2012-01-09,3.968253967645552e-07
2012-01-10,7.93650793751155e-07
2012-01-11,7.93650793751155e-07
2012-01-12,1.1904761907377548e-06
2012-01-13,1.1904761902936656e-06
2012-01-17,1.1904761905157102e-06
2012-01-18,1.1904761907377548e-06
2012-01-19,1.984126984266865e-06
2012-01-20,1.9841269840448206e-06
2012-01-23,1.5873015872802654e-06
2012-01-24,1.5873015872802654e-06
2012-01-25,1.58730158750231e-06
2012-01-26,1.9841269840448206e-06
2012-01-27,2.3809523810314204e-06
2012-01-30,1.9841269840448206e-06
2012-01-31,2.3809523810314204e-06
2012-02-01,0.011661133435829196
2012-02-02,0.00657942279504331
2012-02-03,0.012170216067812767
2012-02-06,-0.001695121376723896
2012-02-07,0.007618248071548983
2012-02-08,0.0029499424131134155
2012-02-09,0.005150193056934649
2012-02-10,-0.01110358615485263
2012-02-13,0.011085538290827035
2012-02-14,0.0009161516451043905
2012-02-15,-0.006481563072432306
2012-02-16,0.01641119189939677
2012-02-17,-0.0013609780291318208
2012-02-21,0.009194785719577547
2012-02-22,-0.0017529005371539341
2012-02-23,0.007661449081622473
2012-02-24,0.002306352616181062
2012-02-27,0.0013476620050023591
2012-02-28,0.012009488200866114
2012-02-29,-0.023630893672358377
2012-03-01,0.014780754903456428
2012-03-02,-0.002941804668527226
2012-03-05,-0.010735615827919154
2012-03-06,-0.02281223375311181
2012-03-07,0.01135621270891507
2012-03-08,0.01729010545869336
2012-03-09,0.007515604369903839
2012-03-12,-0.0021077114415956055
2012-03-13,0.018964016660065308
2012-03-14,-0.003535281225081288
2012-03-15,0.0081555774055464
2012-03-16,0.0012151889184297548
2012-03-19,0.008532734839638234
2012-03-20,-0.003806445820487725
2012-03-21,-0.0009711541015477998
2012-03-22,-0.007679807312833575
2012-03-23,0.005944139061843101
2012-03-26,0.026840189956428118
2012-03-27,-0.0033380985429668497
2012-03-28,-0.009411474324636071
2012-03-29,-0.0040010122817886185
2012-03-30,0.0024453847646450644
2012-04-02,0.011665612690659133
2012-04-03,-0.0022584097999011066
2012-04-04,-0.01637574202609371
2012-04-05,0.0038971050951812636
2012-04-09,-0.0119684704478481
2012-04-10,-0.022493987485724176
2012-04-11,0.008241162181147343
2012-04-12,0.016604168503569827
2012-04-13,-0.018188783128662123
2012-04-16,-0.007617674906974403
2012-04-17,0.022868388568199283
2012-04-18,-0.004174629751704351
2012-04-19,-0.010659597973889157
2012-04-20,-0.001459609637551651
2012-04-23,-0.011346848003060184
2012-04-24,-0.0011789880636412509
2012-04-25,0.02631338927386051
2012-04-26,0.008286248413656105
2012-04-27,0.005242215042463139
2012-04-30,-0.007698082808292428
2012-05-01,0.005158958091894261
2012-05-02,-0.0003020176598185209
2012-05-03,-0.011980319540356166
2012-05-04,-0.027184531249672017
2012-05-07,0.0006886842464768339
2012-05-08,-0.0049019889552602836
2012-05-09,-0.005240258676057152
2012-05-10,-0.0011901670116467589
2012-05-11,-0.0015797713117443601
2012-05-14,-0.013148315656133613
2012-05-15,-0.005834821260852885
2012-05-16,-0.006966987996594787
2012-05-17,-0.02323371429911547
2012-05-18,-0.01354615089767408
2012-05-21,0.02765681075901605
2012-05-22,0.0005740036289632044
2012-05-23,0.002380682777073595
2012-05-24,-0.002853767958704845
2012-05-25,-0.003645185676407481
2012-05-29,0.01581749041358682
2012-05-30,-0.01472043601613815
2012-05-31,-0.0024405842539892975
2012-06-01,-0.0363836565399005
2012-06-04,0.004856698672772053
2012-06-05,0.007161983064342126
2012-06-06,0.030601322302075573
2012-06-07,-0.002991365907131338
2012-06-08,0.012426271119017729
2012-06-11,-0.019066708088286033
2012-06-12,0.014622822065707863
2012-06-13,-0.00897598245313902
2012-06-14,0.009478053256064989
2012-06-15,0.014948397790199186
2012-06-18,0.007730705756245904
2012-06-19,0.01377034686279699
2012-06-20,-0.0001808585674880625
2012-06-21,-0.032764343087058445
2012-06-22,0.01152639639428954
2012-06-25,-0.023544183412641306
2012-06-26,0.007886953320926038
2012-06-27,0.009894465248541762
2012-06-28,-0.009021820898219568
2012-06-29,0.03729807593241685
2012-07-02,0.004086348268051543
2012-07-03,0.010054289866747279
2012-07-05,-0.0027026150448439257
2012-07-06,-0.015006468738357981
2012-07-09,-0.0019233613733531385
2012-07-10,-0.011898646092342036
2012-07-11,-0.003884267809732278
2012-07-12,-0.008880424278049914
2012-07-13,0.01957091662843058
2012-07-16,-0.002633511917857545
2012-07-17,0.007573404691274543
2012-07-18,0.013931626478426828
2012-07-19,0.008907078426867443
2012-07-20,-0.014511240688132698
2012-07-23,-0.01440047325907623
2012-07-24,-0.010903323029844092
2012-07-25,-0.005238065470847375
2012-07-26,0.01888512534549669
2012-07-27,0.029535622523462424
2012-07-30,-0.0013427944442303552
2012-07-31,-0.0038554283166112313
2012-08-01,-0.0035119612305540837
2012-08-02,-0.006773533854479541
2012-08-03,0.025033357418067892
2012-08-06,0.006580716124491959
2012-08-07,0.008943461045788803
2012-08-08,0.0003851780583343789
2012-08-09,0.002845397242989156
2012-08-10,0.0016968695755679164
2012-08-13,0.0014887017102407363
2012-08-14,0.0001298612287599088
2012-08-15,0.0020686724586629346
2012-08-16,0.01328341752021256
2012-08-17,0.0041188186963785345
2012-08-20,0.0011666213333976216
2012-08-21,-0.00487182138511788
2012-08-22,0.002802650425667297
2012-08-23,-0.010787176720057134
2012-08-24,0.008003495752846534
2012-08-27,0.0012295946083897835
2012-08-28,-0.0003944609377103392
2012-08-29,0.0001692037235816457
2012-08-30,-0.011645923280041215
2012-08-31,0.008397152622958037
2012-09-04,-0.0025302083674880738
2012-09-05,-0.0007830459837555592
2012-09-06,0.02931234750268219
2012-09-07,0.009045539150846382
2012-09-10,-0.01450153632229123
2012-09-11,0.0019097810894521672
2012-09-12,0.004340005069641384
2012-09-13,0.025823875960992337
2012-09-14,0.00967393885306822
2012-09-17,-0.00444633429961605
2012-09-18,0.002785467418684684
2012-09-19,0.0010873001688718187
2012-09-20,-0.0008787450003430175
2012-09-21,0.0006620518204158987
2012-09-24,-0.00726721844075362
2012-09-25,-0.015962169670978077
2012-09-26,-0.011375228164195006
2012-09-27,0.020250900777279535
2012-09-28,-0.009252215152744658
2012-10-01,0.0010925386934010906
2012-10-02,0.0024748168164356876
2012-10-03,0.007079237850531994
2012-10-04,0.010076156803491942
2012-10-05,-0.006010953663942331
2012-10-08,-0.009066570176598288
2012-10-09,-0.018896999438972828
2012-10-10,-0.00793271189911382
2012-10-11,-0.0014571417982622847
2012-10-12,-0.004841372497547902
2012-10-15,0.0064170229320641425
2012-10-16,0.018535116390806072
2012-10-17,0.0033998117768285763
2012-10-18,-0.01059198362829672
2012-10-19,-0.031062493999568175
2012-10-22,0.004832328771874117
2012-10-23,-0.020245110827720625
2012-10-24,-0.00568710605873346
2012-10-25,0.0043708991188795565
2012-10-26,0.0012705232335463723
2012-10-31,-0.003252237419606896
2012-11-01,0.006719485186358121
2012-11-02,-0.013092686351899196
2012-11-05,0.0026978120922609428
2012-11-06,0.011176377139000548
2012-11-07,-0.014565351425364303
2012-11-08,-0.005334197631402637
2012-11-09,0.0002900409356294542
2012-11-12,-0.00022966654065215142
2012-11-13,-0.0027201659165279057
2012-11-14,-0.0086855315515878
2012-11-15,-0.0033700428272748217
2012-11-16,0.00237212813047738
2012-11-19,0.017009457813038642
2012-11-20,-0.0001640578702797324
2012-11-21,0.0014895038319182596
2012-11-23,0.012819867124810314
2012-11-26,-0.001316308344560757
2012-11-27,-0.0045974618909405685
2012-11-28,5.955987709937993e-05
2012-11-29,0.004838809191391791
2012-11-30,-0.003206994745670544
2012-12-03,-0.0035654803898286236
2012-12-04,-0.005787213121618673
2012-12-05,-0.0061975787913276514
2012-12-06,0.006799877996052972
2012-12-07,-0.00015147212973776192
2012-12-10,0.0035772114262653254
2012-12-11,0.012774382899872982
2012-12-12,-0.0012085068242154717
2012-12-13,-0.011542804984017496
2012-12-14,-0.009454020391791329
2012-12-17,0.017334648176899448
2012-12-18,0.012871711820850784
2012-12-19,-0.00909795580407613
2012-12-20,-6.541521402159134e-05
2012-12-21,-0.011788512948319285
2012-12-24,-0.0033729296384100715
2012-12-26,-0.00810536853819932
2012-12-27,-0.0007309466469763715
2012-12-28,-0.015260093510604533
2012-12-31,0.028236696836244413
2013-01-02,0.018605715984238103
2013-01-03,-0.00565896703137081
2013-01-04,0.0014564959452900705
2013-01-07,-0.003681338406838819
2013-01-08,0.00022446837692502442
2013-01-09,0.0017708903360278416
2013-01-10,0.008100822991463197
2013-01-11,-0.0015826509072943695
2013-01-14,0.00015697199114961258
2013-01-15,0.0026559068595213287
2013-01-16,7.420479336861519e-05
2013-01-17,0.005786874549165155
2013-01-18,0.001199906295904718
2013-01-22,0.004809375814151862
2013-01-23,0.00010076314132900777
2013-01-24,-0.0032925261515780457
2013-01-25,0.0026433199261022278
2013-01-28,-0.001410310612637744
2013-01-29,0.003964699862335275
2013-01-30,-0.0003349154955414324
2013-01-31,-0.003244968107624091
2013-02-01,0.013807790912055085
2013-02-04,-0.019003736864294796
2013-02-05,0.01702718267605996
2013-02-06,-0.002115095750946594
2013-02-07,-7.242708857879698e-06
2013-02-08,0.010184142116641093
2013-02-11,8.822384288009744e-06
2013-02-12,-0.0016936767471007474
2013-02-13,0.003024069019674336
2013-02-14,0.0003414815277873462
2013-02-15,-0.0024233164853230127
2013-02-19,0.009425725991047296
2013-02-20,-0.0189096862759196
2013-02-21,-0.0110245932901466
2013-02-22,0.012916009451337418
2013-02-25,-0.020721236787789366
2013-02-26,0.006594059195119462
2013-02-27,0.015062357764402678
2013-02-28,-0.0024702198014410204
2013-03-01,0.0048597099027636315
2013-03-04,0.006553984827124104
2013-03-05,0.016222827370008686
2013-03-06,-0.0008026716859881322
2013-03-07,0.0033360482512772016
2013-03-08,0.0031984633463233436
2013-03-11,0.004707623208844325
2013-03-12,-0.003935649312927114
2013-03-13,-0.0004074319389307801
2013-03-14,0.00604177310593812
2013-03-15,-0.0027724679236023064
2013-03-18,-0.005363231623872866
2013-03-19,-0.0026563606792233685
2013-03-20,0.008597884957372237
2013-03-21,-0.012637940308241058
2013-03-22,0.011359282549128658
2013-03-25,-0.004929248255773566
2013-03-26,0.00909333262367773
2013-03-27,0.0005011702497024206
2013-03-28,0.0034276407519195917
2013-04-01,-0.006832508221970568
2013-04-02,0.00865274452769138
2013-04-03,-0.012909088624495912
2013-04-04,0.0030005432023016976
2013-04-05,-0.008677214895316587
2013-04-08,0.008134461539446969
2013-04-09,0.006283792487877582
2013-04-10,0.021538004719646286
2013-04-11,0.0014681423334668153
2013-04-12,-0.002011072093615396
2013-04-15,-0.028642994389770693
2013-04-16,0.018312898108831188
2013-04-17,-0.022892419965739874
2013-04-18,-0.013490502635408963
2013-04-19,0.014460946405870478
2013-04-22,0.009910424501489379
2013-04-23,0.013237081822146557
2013-04-24,0.0005924995206691985
2013-04-25,0.005909066621750947
2013-04-26,-0.003133268057085692
2013-04-29,0.010313115415695906
2013-04-30,0.00655472794756351
2013-05-01,-0.008825283570285669
2013-05-02,0.014215913329393537
2013-05-03,0.01447429173252246
2013-05-06,0.004778699730363156
2013-05-07,0.0028142560868829047
2013-05-08,0.006464345510694303
2013-05-09,-0.0023099046449758243
2013-05-10,0.005708998911164498
2013-05-13,0.0015743480768606322
2013-05-14,0.01051074446182465
2013-05-15,0.004893138504596273
2013-05-16,-0.003797741375291541
2013-05-17,0.012917381679215856
2013-05-20,-0.0011801691216560828
2013-05-21,0.0018333342651171147
2013-05-22,-0.011359946178701619
2013-05-23,-0.0033766884293906507
2013-05-24,-0.0009703316189398903
2013-05-28,0.008125695195936977
2013-05-29,-0.007327290748851523
2013-05-30,0.0059046346705273756
2013-05-31,-0.016172925243673086
2013-06-03,0.004938352568709448
2013-06-04,-0.006357365347941513
2013-06-05,-0.018085502801069353
2013-06-06,0.008255604374620695
2013-06-07,0.017605876175794455
2013-06-10,0.00048218596989091367
2013-06-11,-0.013291316028819833
2013-06-12,-0.013084357408703617
2013-06-13,0.017876895235432677
2013-06-14,-0.008287315604392331
2013-06-17,0.011166375344157098
2013-06-18,0.010516851661330096
2013-06-19,-0.016495574084565146
2013-06-20,-0.0326653722143202
2013-06-21,-0.0010264013181039422
2013-06-24,-0.014688700327217363
2013-06-25,0.010760948839683149
2013-06-26,0.011727528715972824
2013-06-27,0.007072333277536869
2013-06-28,-0.002593863171035049
2013-07-01,0.008537697717296622
2013-07-02,-0.0007166465122444565
2013-07-03,0.003614624339865591
2013-07-05,0.012200532227288674
2013-07-08,0.004291012209295175
2013-07-09,0.00910933688376181
2013-07-10,0.004254133103819724
2013-07-11,0.023366680375379367
2013-07-12,0.002457979892586115
2013-07-15,0.004835620266327112
2013-07-16,-0.003774877098221996
2013-07-17,0.0034025780347457513
2013-07-18,0.0018816866572064495
2013-07-19,-0.005573320805419724
2013-07-22,0.0028902775494843436
2013-07-23,-0.00617131574974239
2013-07-24,-0.0005472640033331588
2013-07-25,0.005419928258439732
2013-07-26,0.004448654361429494
2013-07-29,-0.0032116542562805606
2013-07-30,0.003605064187633733
2013-07-31,0.0015592309770724455
2013-08-01,0.014623234671531815
2013-08-02,0.005121063489301747
2013-08-05,-0.0004378298140899073
2013-08-06,-0.007622489092453555
2013-08-07,-0.0035445906295707985
2013-08-08,0.004882984967010895
2013-08-09,-0.004200359270008058
2013-08-12,0.0005529658911829216
2013-08-13,0.00586612437199574
2013-08-14,-0.005613815703664149
2013-08-15,-0.021099747340134645
2013-08-16,-0.002391417137007301
2013-08-19,-0.005283899313622387
2013-08-20,0.00591850535307703
2013-08-21,-0.0063243872286318226
2013-08-22,0.012141830292613953
2013-08-23,0.006969506595986941
2013-08-26,-0.002114701132402863
2013-08-27,-0.024756930662707566
2013-08-28,0.005206663761817998
2013-08-29,0.0056641794404292956
2013-08-30,-0.006620598305900893
2013-09-03,0.006444336084692415
2013-09-04,0.013232963400070963
2013-09-05,0.0015752979285104107
2013-09-06,0.0012522393840821433
2013-09-09,0.014568464171185624
2013-09-10,0.008321742270523735
2013-09-11,0.000736654263286507
2013-09-12,-0.002094446379913517
2013-09-13,0.0017347585696476653
2013-09-16,0.002239859716270942
2013-09-17,0.00760962408342003
2013-09-18,0.016005271997636905
2013-09-19,0.0005198801274493015
2013-09-20,-0.007689455171343562
2013-09-23,-0.004206498821825555
2013-09-24,-0.0016856887075406002
2013-09-25,-0.0037056408577382793
2013-09-26,0.007246637368625075
2013-09-27,-0.00361118644308811
2013-09-30,-0.0059015560320985205
2013-10-01,0.012421677020255872
2013-10-02,-0.0014592798400097085
2013-10-03,-0.013280858585742017
2013-10-04,0.010136190041294402
2013-10-07,-0.01105231596827505
2013-10-08,-0.020207411178977952
2013-10-09,-0.0023491442091247983
2013-10-10,0.02783236229779229
2013-10-11,0.009977383206980717
2013-10-14,0.007418660338253558
2013-10-15,-0.007364728135342835
2013-10-16,0.016734595781731754
2013-10-17,0.008409933567898209
2013-10-18,0.015413996254534545
2013-10-21,0.0014629005047046562
2013-10-22,0.0044038721889843035
2013-10-23,-0.006593348817647948
2013-10-24,0.005248661311950453
2013-10-25,0.00745058051723535
2013-10-28,0.0016833658443677901
2013-10-29,0.004704317802997293
2013-10-30,-0.004145814873474762
2013-10-31,-0.003626216472672583
2013-11-01,0.0014140714321901893
2013-11-04,0.00339050089803683
2013-11-05,-0.0009617800581506186
2013-11-06,0.002977166792037078
2013-11-07,-0.02101729969984223
2013-11-08,0.017737001122158924
2013-11-11,-0.000802392633408644
2013-11-12,-0.0005348965681269968
2013-11-13,0.013567025951833012
2013-11-14,0.005348171916027322
2013-11-15,0.00412899473970052
2013-11-18,-0.008419918037685825
2013-11-19,-0.003976403074103518
2013-11-20,-0.0031607094637611244
2013-11-21,0.011595438076090758
2013-11-22,0.006931629265514383
2013-11-25,0.001368881904789232
2013-11-26,0.0032845961964005355
2013-11-27,0.005983880517108631
2013-11-29,0.003232939562312742
2013-12-02,-0.0029621062545788224
2013-12-03,-0.0032026015256167994
2013-12-04,-4.4792848318042644e-05
2013-12-05,-0.0033184450033457713
2013-12-06,0.012094147138683509
2013-12-09,0.004045442383465048
2013-12-10,-0.0027600642754262994
2013-12-11,-0.016055971965134086
2013-12-12,-0.0035826971469651303
2013-12-13,-0.0013561604828984386
2013-12-16,0.007774008638130603
2013-12-17,-0.0036606254425437523
2013-12-18,0.0188920124444254
2013-12-19,-0.0022850516038548374
2013-12-20,0.01007787968542373
2013-12-23,0.010870819160306189
2013-12-24,0.0019982571370911195
2013-12-26,0.005501511039142981
2013-12-27,-0.0017824042033276477
2013-12-30,-0.0013622115953482172
2013-12-31,0.00759378984243142
2014-01-02,-0.011522266818573712
2014-01-03,-0.005132796651983185
2014-01-06,-0.004208048514562912
2014-01-07,0.009797973403057991
2014-01-08,0.001824486448064544
2014-01-09,-0.00183936011307273
2014-01-10,0.0035790389203889106
2014-01-13,-0.018596330819918183
2014-01-14,0.019757360114599942
2014-01-15,0.009119636391616837
2014-01-16,-0.0007346586046587111
2014-01-17,-0.006733537968676706
2014-01-21,0.0068767812720496035
2014-01-22,0.002620999249256073
2014-01-23,-0.007772560640492587
2014-01-24,-0.027861673078496185
2014-01-27,-0.00939903525613528
2014-01-28,0.0034076967523342105
2014-01-29,-0.013197412977007272
2014-01-30,0.018393496809755217
2014-01-31,-0.005448696595980906
2014-02-03,-0.03024245517129176
2014-02-04,0.009231060299714322
2014-02-05,-0.0024619848775899733
2014-02-06,0.016474860401268554
2014-02-07,0.020463462525261322
2014-02-10,0.004966165054761662
2014-02-11,0.01501261243527141
2014-02-12,0.0018603406620110174
2014-02-13,0.008341292481369278
2014-02-14,0.005197871630652662
2014-02-18,0.004328479200759183
2014-02-19,-0.009158283322834304
2014-02-20,0.006365997620594754
2014-02-21,-0.0015294919779944571
2014-02-24,0.007498922283249776
2014-02-25,-0.0009896366088247843
2014-02-26,-0.0006607442169761502
2014-02-27,0.008250211220253156
2014-02-28,0.0006303965682126211
2014-03-03,-0.0024931124429391494
2014-03-04,0.01375583808405545
2014-03-05,0.002325018044238014
2014-03-06,0.004451465948039246
2014-03-07,-0.005908482247693692
2014-03-10,0.0005400324527269351
2014-03-11,-0.00426270893349423
2014-03-12,0.0073720896634863475
2014-03-13,-0.01543486871691313
2014-03-14,-0.00428581370607406
2014-03-17,0.007791785598102008
2014-03-18,0.01003161522803353
2014-03-19,-0.01318642875408682
2014-03-20,0.004385215482840987
2014-03-21,-0.008971763880871508
2014-03-24,-0.01418485123096136
2014-03-25,0.005754706076217753
2014-03-26,-0.016058390569046677
2014-03-27,-0.006913699682808416
2014-03-28,0.004129137839542052
2014-03-31,0.007655106071098539
2014-04-01,0.015904281579813606
2014-04-02,0.0040892955048157376
2014-04-03,-0.0060674425212493555
2014-04-04,-0.02608076860430819
2014-04-07,-0.013306975270536259
2014-04-08,0.008277818209124987
2014-04-09,0.01857995313979255
2014-04-10,-0.03474056108953305
2014-04-11,-0.013396272784254815
2014-04-14,0.010005267648981908
2014-04-15,0.006791072257578357
2014-04-16,0.014972032264042756
2014-04-17,0.0012026751333575891
2014-04-21,0.007507794442634719
2014-04-22,0.00804877585062358
2014-04-23,-0.00716846978700858
2014-04-24,0.007464446414186199
2014-04-25,-0.01600478595088639
2014-04-28,0.0043759398768752344
2014-04-29,0.007830175444642151
2014-04-30,0.004196066447160973
2014-05-01,0.0017911076737227027
2014-05-02,-0.002158966561744635
2014-05-05,0.004703924796989778
2014-05-06,-0.0144690798604592
2014-05-07,0.0017081813730117634
2014-05-08,-0.001300520164189134
2014-05-09,0.0037325153039056147
2014-05-12,0.016926783676651125
2014-05-13,0.0009311130451159499
2014-05-14,-0.006545294776011845
2014-05-15,-0.010999038957657081
2014-05-16,0.006749453169014652
2014-05-19,0.007186119786116718
2014-05-20,-0.0071124251412154615
2014-05-21,0.012053010530184816
2014-05-22,0.0045060855217220475
2014-05-23,0.00783454499965952
2014-05-27,0.012745711316879182
2014-05-28,-0.0029187192734873024
2014-05-29,0.007856490428663543
2014-05-30,0.0011268498328369514
2014-06-02,-3.0525286860205725e-05
2014-06-03,-0.00039436931948899634
2014-06-04,0.003618155188904959
2014-06-05,0.009913291287118486
2014-06-06,0.0070572780591009465
2014-06-09,0.0002163497999485564
2014-06-10,0.001153696534628601
2014-06-11,-0.0025269541903499837
2014-06-12,-0.010525926883120373
2014-06-13,0.003779784501674044
2014-06-16,0.0009663423230386048
2014-06-17,0.002111561086662661
2014-06-18,0.00905902757942112
2014-06-19,0.00020732200105855192
2014-06-20,0.0018648455191532243
2014-06-23,9.446906616839001e-05
2014-06-24,-0.00480531088176539
2014-06-25,0.0072949235715611405
2014-06-26,-0.0002514593446124591
2014-06-27,0.004185158006782874
2014-06-30,0.001096784561499753
2014-07-01,0.010878488055851454
2014-07-02,0.0016415079264244792
2014-07-03,0.006132503632154895
2014-07-07,-0.004829826158131656
2014-07-08,-0.012311648111513973
2014-07-09,0.009996928083920942
2014-07-10,-0.002932628075216881
2014-07-11,0.005430620452475443
2014-07-14,-8.24147846198997e-05
2014-07-15,-0.006591573773505388
2014-07-16,0.00621543083925391
2014-07-17,-0.011307700938765208
2014-07-18,0.014558778546745366
2014-07-21,-0.0016285996724318963
2014-07-22,0.0060339111622840225
2014-07-23,0.005494339225489586
2014-07-24,-0.0039902620247102005
2014-07-25,-0.0024989552863224906
2014-07-28,3.5842771536342966e-05
2014-07-29,-0.0048556899648372065
2014-07-30,0.0019352321621142199
2014-07-31,-0.03114809735885049
2014-08-01,-0.0016950736640433117
2014-08-04,0.007920252090512392
2014-08-05,-0.011740524323733625
2014-08-06,0.004315275374610517
2014-08-07,-0.0041671487724037615
2014-08-08,0.012248410528627574
2014-08-11,0.00520192731706981
2014-08-12,-0.0012812306039133858
2014-08-13,0.012470314968748841
2014-08-14,0.006725954695046221
2014-08-15,0.0008591236357107235
2014-08-18,0.009533215004646767
2014-08-19,0.0064143586450959855
2014-08-20,0.0008731761467166699
2014-08-21,-0.0004371596250514198
2014-08-22,0.0007115724390391875
2014-08-25,0.0048648156201391846
2014-08-26,0.0029155973748868913
2014-08-27,-0.0003298613737721112
2014-08-28,0.00019999737662934614
2014-08-29,0.004321182170633264
2014-09-02,-0.004401601465266802
2014-09-03,-0.002823381867025465
2014-09-04,-0.0038992272155502494
2014-09-05,0.00846195337000677
2014-09-08,-0.004280662428843507
2014-09-09,-0.009284932717233518
2014-09-10,0.0059553772680120964
2014-09-11,-0.0018563931321941007
2014-09-12,-0.010370078307361252
2014-09-15,-0.006569718889844811
2014-09-16,0.011612072285974717
2014-09-17,-0.0015579707470821935
2014-09-18,0.00916283973139187
2014-09-19,-0.00312011838660331
2014-09-22,-0.011882732513668337
2014-09-23,-0.003634400848214203
2014-09-24,0.010937029419810562
2014-09-25,-0.024517649907057404
2014-09-26,0.011903741248718847
2014-09-29,-0.0024110470466554013
2014-09-30,-0.003190410023735879
2014-10-01,-0.01957104021938061
2014-10-02,-0.00024505024803345155
2014-10-03,0.013853025922901496
2014-10-06,-0.0022954753694582886
2014-10-07,-0.01944496686374597
2014-10-08,0.024370569985850077
2014-10-09,-0.02449314125530111
2014-10-10,-0.023801529913459407
2014-10-13,-0.02079912257595473
2014-10-14,0.0012909669491447673
2014-10-15,-0.008907268301563076
2014-10-16,-0.00469367157186773
2014-10-17,0.01625879864014501
2014-10-20,0.015680065235900376
2014-10-21,0.029700192571379125
2014-10-22,-0.008071313168060201
2014-10-23,0.017447234984508286
2014-10-24,0.00984656879174417
2014-10-27,-0.002055185390064329
2014-10-28,0.019664879213254993
2014-10-29,-0.003408138142279471
2014-10-30,0.005876050849601411
2014-10-31,0.01659502361946208
2014-11-03,0.0022770505470235403
2014-11-04,-0.004209657292067015
2014-11-05,0.003984413014945343
2014-11-06,0.004931868190661826
2014-11-07,-0.00024190356660847012
2014-11-10,0.004561882336358014
2014-11-11,0.0025469602303762606
2014-11-12,0.0006598288790475859
2014-11-13,0.0033033403559676877
2014-11-14,0.002308128715743374
2014-11-17,-0.001658539229276501
2014-11-18,0.0090813033614352
2014-11-19,-0.004316428002521744
2014-11-20,0.004342501537015764
2014-11-21,0.004635537714132942
2014-11-24,0.007575479697123022
2014-11-25,0.0006832058594570256
2014-11-26,0.005962152174335156
2014-11-28,0.00167118503873942
2014-12-01,-0.012284548753838775
2014-12-02,0.00666457564659706
2014-12-03,0.004096500858274066
2014-12-04,-0.0014380007432595043
2014-12-05,0.0014783731539331768
2014-12-08,-0.00945812160570092
2014-12-09,0.0018175646932092615
2014-12-10,-0.02111945056829434
2014-12-11,0.006128250081238296
2014-12-12,-0.017536784311466658
2014-12-15,-0.01150526419109743
2014-12-16,-0.015771179242832223
2014-12-17,0.02443670007852039
2014-12-18,0.03207353080249775
2014-12-19,0.0049249988838480085
2014-12-22,0.005221891541653978
2014-12-23,-0.0010303708935062161
2014-12-24,0.0003474322344454439
2014-12-26,0.006917808787451296
2014-12-29,0.00047821160160910203
2014-12-30,-0.008117478389350619
2014-12-31,-0.013667604308293835
2015-01-02,-0.001830901655564099
2015-01-05,-0.02228908502877791
2015-01-06,-0.014601591498296096
2015-01-07,0.0162956613961327
2015-01-08,0.02418724779828607
2015-01-09,-0.010047562740463034
2015-01-12,-0.011950725629569448
2015-01-13,-0.0021957275657010777
2015-01-14,-0.007363640530903326
2015-01-15,-0.01461931197677968
2015-01-16,0.01600017448116131
2015-01-20,0.0065723883936792404
2015-01-21,0.006586351182714889
2015-01-22,0.02206739014488379
2015-01-23,-0.0022918222189403092
2015-01-26,0.0009256012310192574
2015-01-27,-0.025981251266010696
2015-01-28,-0.012196452857321627
2015-01-29,0.01227097802032362
2015-01-30,-0.013125047982581961
2015-02-02,0.010793276275396613
2015-02-03,0.012601349226254666
2015-02-04,-0.0019699083289533847
2015-02-05,0.01367590088268944
2015-02-06,-0.014489605847995857
2015-02-09,-0.003941877508731317
2015-02-10,0.015910884286590488
2015-02-11,-0.0005307883881819908
2015-02-12,0.015205968636096134
2015-02-13,0.010461865979498164
2015-02-17,-0.0029924944107988516
2015-02-18,0.0018036768296423311
2015-02-19,0.002032472980036726
2015-02-20,0.007053191986354124
2015-02-23,0.0011117937598492666
2015-02-24,0.002070437796004354
2015-02-25,-0.0015746588099087022
2015-02-26,0.003808289687263988
2015-02-27,-0.005076494789969188
2015-03-02,0.010023289551660985
2015-03-03,-0.006127788133099887
2015-03-04,-0.005085267337798682
2015-03-05,0.0016206026167981946
2015-03-06,-0.01701732319038496
2015-03-09,0.00455641197068446
2015-03-10,-0.022731895065313257
2015-03-11,-0.005396002119718801
2015-03-12,0.012596928676099406
2015-03-13,-0.006900093078920033
2015-03-16,0.01728055550057861
2015-03-17,-0.0013354486763148543
2015-03-18,0.014468372974860477
2015-03-19,-0.002202936293779101
2015-03-20,0.010442469434661206
2015-03-23,-0.002725301000356839
2015-03-24,-0.006423231711211397
2015-03-25,-0.024769549507686728
2015-03-26,-0.003692342983040775
2015-03-27,0.003961077107779154
2015-03-30,0.016065327794012818
2015-03-31,-0.013467942131682897
2015-04-01,-0.005628435817634836
2015-04-02,0.0022999983233791266
2015-04-06,0.010099324741767557
2015-04-07,-0.0027486805237421086
2015-04-08,0.007316206251611446
2015-04-09,0.0072422422150904
2015-04-10,0.006176201815822235
2015-04-13,-0.004626172467382839
2015-04-14,-0.0006915855000942939
2015-04-15,0.006929294348088311
2015-04-16,-0.0010457433120243387
2015-04-17,-0.01814097688128502
2015-04-20,0.016062066461753677
2015-04-21,0.001957301116309429
2015-04-22,0.006917687440493925
2015-04-23,0.004415206666094962
2015-04-24,0.010584929390588416
2015-04-27,-0.004389757422862406
2015-04-28,0.0005140346220804393
2015-04-29,-0.006986083122569542
2015-04-30,-0.01757189776642376
2015-05-01,0.016087047468204663
2015-05-04,0.0030536561835960985
2015-05-05,-0.01852164146710278
2015-05-06,-0.007305046720588182
2015-05-07,0.0062175978992626835
2015-05-08,0.01707412179125578
2015-05-11,-0.006097485810874992
2015-05-12,-0.004798384216669449
2015-05-13,0.0014818786232810854
2015-05-14,0.01655770475456797
2015-05-15,0.0008968856677769033
2015-05-18,0.004889147505890978
2015-05-19,-0.0011694254628203948
2015-05-20,-9.459853929649764e-05
2015-05-21,0.005714197941429022
2015-05-22,-0.0020034001924912337
2015-05-26,-0.015302754440405408
2015-05-27,0.016772843051418906
2015-05-28,-0.0020738481146703736
2015-05-29,-0.008175673997675159
2015-06-01,0.003244959450398044
2015-06-02,-0.0025185862859831154
2015-06-03,0.0038234290418017736
2015-06-04,-0.010189550192638563
2015-06-05,-0.0032318639347934663
2015-06-08,-0.01096788791766723
2015-06-09,-0.001058243248491464
2015-06-10,0.01620976774732541
2015-06-11,0.003262002004999154
2015-06-12,-0.010270953155597229
2015-06-15,-0.006261867135909593
2015-06-16,0.006981896723941672
2015-06-17,0.0029377309140055097
2015-06-18,0.01606085359665821
2015-06-19,-0.0070061738923294925
2015-06-22,0.009625319578224989
2015-06-23,0.0008930769072259537
2015-06-24,-0.00820230949998968
2015-06-25,-0.0037198521906584014
2015-06-26,-0.004018033884721217
2015-06-29,-0.029105080483178503
2015-06-30,0.0033724530286725063
2015-07-01,0.01001729446295796
2015-07-02,-0.00024055845222015204
2015-07-06,-0.0035744094700684848
2015-07-07,0.005164060188922459
2015-07-08,-0.022419129316923136
2015-07-09,0.0005320362705831805
2015-07-10,0.018830550558153858
2015-07-13,0.018729389115846207
2015-07-14,0.007596308248924766
2015-07-15,0.0004935510988939296
2015-07-16,0.014600338052104478
2015-07-17,0.01075641123563753
2015-07-20,0.0030942087102283633
2015-07-21,-0.003449689499872677
2015-07-22,-0.009098755136004555
2015-07-23,-0.006336884287305389
2015-07-24,-0.0136998602007663
2015-07-27,-0.009779400380714676
2015-07-28,0.01383800580071548
2015-07-29,0.0075080639330604715
2015-07-30,0.003303435927095588
2015-07-31,-0.0018148343384354337
2015-08-03,-0.004219344983152129
2015-08-04,-0.002947244929783266
2015-08-05,0.007554244747903116
2015-08-06,-0.015509580248199706
2015-08-07,-0.0027646857307037642
2015-08-10,0.01563283291270423
2015-08-11,-0.01451550252248579
2015-08-12,0.002715705568872684
2015-08-13,-0.0018410823922851982
2015-08-14,0.0033818423831923905
2015-08-17,0.009284956129878674
2015-08-18,-0.00523039367599154
2015-08-19,-0.00973292556182137
2015-08-20,-0.0317761842535037
2015-08-21,-0.04797167041500827
2015-08-24,-0.049959799341329325
2015-08-25,-0.011000787430556325
2015-08-26,0.053883136760943806
2015-08-27,0.031019379755432563
2015-08-28,0.0003094562562209191
2015-08-31,-0.013184484358911952
2015-09-01,1.1904761905157102e-06
2015-09-02,1.1904761905157102e-06
2015-09-03,7.93650793751155e-07
2015-09-04,7.93650793751155e-07
2015-09-08,2.3809523810314204e-06
2015-09-09,1.1904761905157102e-06
2015-09-10,7.93650793751155e-07
2015-09-11,1.5873015872802654e-06
2015-09-14,2.7777777777959756e-06
2015-09-15,2.777777777573931e-06
2015-09-16,2.380952381253465e-06
2015-09-17,3.968253967645552e-07
2015-09-18,-3.968253967645552e-07
2015-09-21,3.968253967645552e-07
2015-09-22,-3.968253969865998e-07
2015-09-23,3.968253969865998e-07
2015-09-24,3.968253967645552e-07
2015-09-25,-3.968253967645552e-07
2015-09-28,3.968253967645552e-07
2015-09-29,3.968253967645552e-07
2015-09-30,-3.968253969865998e-07
2015-10-01,-7.936507935291104e-07
2015-10-02,0.0
2015-10-05,3.968253967645552e-07
2015-10-06,0.0
2015-10-07,0.0
2015-10-08,-3.968253967645552e-07
2015-10-09,3.968253967645552e-07
2015-10-12,3.968253967645552e-07
2015-10-13,3.968253967645552e-07
2015-10-14,0.0
2015-10-15,3.968253967645552e-07
2015-10-16,3.968253967645552e-07
2015-10-19,7.936507935291104e-07
2015-10-20,7.93650793751155e-07
2015-10-21,3.968253969865998e-07
2015-10-22,0.0
2015-10-23,3.968253965425106e-07
2015-10-26,7.93650793751155e-07
2015-10-27,1.1904761905157102e-06
2015-10-28,1.5873015872802654e-06
2015-10-29,2.7777777777959756e-06
2015-10-30,3.1746031745605308e-06
2015-11-02,0.015375313181037464
2015-11-03,0.004253667798594929
2015-11-04,-0.0018205574620245857
2015-11-05,-0.0030286791659284162
2015-11-06,0.000565356957770824
2015-11-09,-0.013365883244299992
2015-11-10,-0.0009016013659075561
2015-11-11,-0.003006096782398049
2015-11-12,-0.015810839249787434
2015-11-13,-0.020378800607591896
2015-11-16,0.019173413059382804
2015-11-17,-0.00030482320891356274
2015-11-18,0.023247310835740498
2015-11-19,-3.1534616131367876e-05
2015-11-20,0.0068596983112554355
2015-11-23,-0.002509050442861982
2015-11-24,0.0003513295247752346
2015-11-25,0.0003817763448028533
2015-11-27,0.0016267184430018844
2015-11-30,-0.004429662267383061
2015-12-01,0.01297717677183785
2015-12-02,-0.010876274772544159
2015-12-03,-0.021005544252091668
2015-12-04,0.028138258343683553
2015-12-07,-0.006957811570754813
2015-12-08,-0.004231088840422337
2015-12-09,-0.015504551790158527
2015-12-10,0.004589893727392935
2015-12-11,-0.028277512472791644
2015-12-14,0.008746928840551504
2015-12-15,0.01074793242106753
2015-12-16,0.018622175219754178
2015-12-17,-0.018908515906673196
2015-12-18,-0.0246741073176302
2015-12-21,0.012205268848986872
2015-12-22,0.010217657045071826
2015-12-23,0.01296906077188531
2015-12-24,-0.0015882493121314178
2015-12-28,-0.0016550928926725161
2015-12-29,0.017222471796169092
2015-12-30,-0.010206380207816168
2015-12-31,-0.014730233521767722
2016-01-04,-0.023484028871807783
2016-01-05,-0.00027676457153713585
2016-01-06,-0.014822316239125999
2016-01-07,-0.03588869018172036
2016-01-08,-0.012463678922142285
2016-01-11,0.002406321836002201
2016-01-12,0.012339974925843045
2016-01-13,-0.038028485625976716
2016-01-14,0.02336522311661926
2016-01-15,-0.03337357033306232
2016-01-19,0.0020807207355308943
2016-01-20,-0.009248173943967819
2016-01-21,0.003985621928437322
2016-01-22,0.030213761198031763
2016-01-25,-0.018512044088061064
2016-01-26,0.013627129583784425
2016-01-27,-0.022364641805726726
2016-01-28,0.011801024423043982
2016-01-29,0.02794540615504526
2016-02-01,1.3888888888979878e-05
2016-02-02,1.3492063491993278e-05
2016-02-03,1.3095238095228723e-05
2016-02-04,1.1507936507948457e-05
2016-02-05,1.1507936508170502e-05
2016-02-08,1.2698412698464168e-05
2016-02-09,1.1904761904713013e-05
2016-02-10,1.2301587301477568e-05
2016-02-11,1.1111111111183902e-05
2016-02-12,1.1507936507948457e-05
2016-02-16,1.1904761904713013e-05
2016-02-17,1.1904761904713013e-05
2016-02-18,1.1904761904935057e-05
2016-02-19,1.1904761904713013e-05
2016-02-22,1.3095238095006678e-05
2016-02-23,1.2698412698464168e-05
2016-02-24,1.3095238095228723e-05
2016-02-25,1.2698412698464168e-05
2016-02-26,1.2698412698242123e-05
2016-02-29,1.3095238095228723e-05
2016-03-01,-0.002435647091937998
2016-03-02,0.0025722891983217533
2016-03-03,0.005766121170376559
2016-03-04,-0.0005233407309391813
2016-03-07,0.0016851830074109397
2016-03-08,-0.0015547237854711682
2016-03-09,-0.002786359901705282
2016-03-10,0.005388131927167361
2016-03-11,-0.0058165137033302505
2016-03-14,-0.0043081857771007925
2016-03-15,0.00026239742392819565
2016-03-16,0.007410978016779701
2016-03-17,-0.0012776227246161787
2016-03-18,-0.000915554256054274
2016-03-21,-0.002343981027921771
2016-03-22,0.0009902885612775858
2016-03-23,-0.007562800794601143
2016-03-24,-0.0007833758484505626
2016-03-28,0.0007711535746635079
2016-03-29,0.006108947796228392
2016-03-30,-0.004656370931896969
2016-03-31,0.0015291173382427914
2016-04-01,0.009136448592551805
2016-04-04,-0.006997808038908926
2016-04-05,-0.00843451955815111
2016-04-06,0.01561327033025206
2016-04-07,-0.01348636556444005
2016-04-08,0.0015338163898097612
2016-04-11,0.00018371045163045885
2016-04-12,0.012055790641988695
2016-04-13,0.011237025151332514
2016-04-14,-0.0046018273262457
2016-04-15,-0.0004445719779212487
2016-04-18,0.007839624677001833
2016-04-19,0.002936247634507172
2016-04-20,-0.0005246696445451171
2016-04-21,-0.0022977542981915677
2016-04-22,-0.0138585256992253
2016-04-25,-0.0006426743611503971
2016-04-26,-0.00043692825124330703
2016-04-27,-0.003193770488127856
2016-04-28,-0.007197122996943084
2016-04-29,-0.000643067893916438
2016-05-02,0.003882040653947705
2016-05-03,-0.006593550603409271
2016-05-04,-0.005929626028748802
2016-05-05,-0.00011606656485629863
2016-05-06,0.005168857728949927
2016-05-09,-0.006060455799144604
2016-05-10,0.008870783068457566
2016-05-11,-0.003104813405604867
2016-05-12,-0.0023862973326476133
2016-05-13,-0.004408757265625618
2016-05-16,0.006652180101708316
2016-05-17,-0.004855195401654244
2016-05-18,-0.005658241238212458
2016-05-19,-0.0029435995307635077
2016-05-20,0.003370243349064994
2016-05-23,-0.0017678226714629153
2016-05-24,0.0029343493377329555
2016-05-25,0.0036020054796079837
2016-05-26,-0.0007176823329074766
2016-05-27,0.00022216004122932453
2016-05-31,0.0002061605798713284
2016-06-01,0.00083625730810577
2016-06-02,0.002785962719690671
2016-06-03,0.003800587648968623
2016-06-06,0.0059123064511621415
2016-06-07,-0.0007560751514671393
2016-06-08,0.008007230777145047
2016-06-09,-0.0001352060508962305
2016-06-10,-0.012062665425070618
2016-06-13,-0.008229384398800277
2016-06-14,-0.0005733683490015684
2016-06-15,-0.0004004351908367676
2016-06-16,0.00024231248987782728
2016-06-17,-0.005495278380942992
2016-06-20,0.00563900470743417
2016-06-21,-0.002850300077666512
2016-06-22,-0.0025177855338046617
2016-06-23,0.015188333317053715
2016-06-24,-0.03380694033540643
2016-06-27,-0.021188968595557633
2016-06-28,0.019949629721923712
2016-06-29,0.02356432658397445
2016-06-30,0.017555047572055615
2016-07-01,0.00999856077071426
2016-07-05,-0.00609014792332474
2016-07-06,0.01127077676700039
2016-07-07,0.0003053026626582689
2016-07-08,0.02221593523958454
2016-07-11,0.003319652214997193
2016-07-12,0.002556533675999839
2016-07-13,0.001280092400753663
2016-07-14,0.005510598698831526
2016-07-15,-0.0029265702876041244
2016-07-18,0.006837057340681296
2016-07-19,-0.0029603684530381535
2016-07-20,0.006459951109387685
2016-07-21,0.00045040592076195374
2016-07-22,0.003654198058350211
2016-07-25,-0.0038026947574765213
2016-07-26,0.0022504735556010402
2016-07-27,0.008829137865759895
2016-07-28,0.0025055765830415133
2016-07-29,0.005763767144408849
2016-08-01,0.003438782508356386
2016-08-02,-0.006495456342344497
2016-08-03,0.0027032205065264936
2016-08-04,0.0028305114594555647
2016-08-05,0.005660162850890993
2016-08-08,-0.0010701246145277121
2016-08-09,0.003063021597586868
2016-08-10,-0.0016424526580549603
2016-08-11,0.003436291797374036
2016-08-12,-0.0008007285056080837
2016-08-15,0.005934540258601739
2016-08-16,-0.005452481888891358
2016-08-17,0.0021054638038568996
2016-08-18,0.003448949555679315
2016-08-19,-0.0040527536880580195
2016-08-22,-0.00021981382406188743
2016-08-23,0.002229350223644788
2016-08-24,-0.011130512502748435
2016-08-25,-0.002029813931891611
2016-08-26,-0.0007596473070210497
2016-08-29,0.004807519142705496
2016-08-30,-0.0066623970271071364
2016-08-31,-0.003281370792116989
2016-09-01,0.0029933403764976774
2016-09-02,0.008468003842464267
2016-09-06,0.011936796365740188
2016-09-07,-0.0005539439289570236
2016-09-08,-0.007369336322130993
2016-09-09,-0.035204762745175366
2016-09-12,0.020654835216701084
2016-09-13,-0.017440091639984057
2016-09-14,0.003992630200566838
2016-09-15,0.014918042291185873
2016-09-16,-0.003932343600073107
2016-09-19,-0.0022662663545286454
2016-09-20,0.0016658018779260875
2016-09-21,0.01847261060939842
2016-09-22,0.010612856255887593
2016-09-23,-0.00790164290657902
2016-09-26,-0.011059571528866607
2016-09-27,0.008023045006869012
2016-09-28,0.0034830943049533047
2016-09-29,-0.011397843502507499
2016-09-30,0.008647021835285207
2016-10-03,-0.00358357795093045
2016-10-04,-0.015393924177464324
2016-10-05,0.004404914919257985
2016-10-06,-0.002678080542659056
2016-10-07,-0.0037977328953858747
2016-10-10,0.008548720727241443
2016-10-11,-0.019612130334783484
2016-10-12,0.0010098428446010388
2016-10-13,-0.00395727692808856
2016-10-14,-0.0009822413380279338
2016-10-17,-0.0030292189415505044
2016-10-18,0.0117345382936771
2016-10-19,0.0033259567669905454
2016-10-20,-0.0026000452023683396
2016-10-21,0.0028747535636786115
2016-10-24,0.010098459575707652
2016-10-25,-0.0019351026330888255
2016-10-26,-0.007688428491266941
2016-10-27,-0.0040356139025368165
2016-10-28,-0.005195182363537665
2016-10-31,0.0002530330135437353
2016-11-01,-0.007192183747661174
2016-11-02,-0.007152222789037044
2016-11-03,-0.007475757501735791
2016-11-04,-0.003123150943577513
2016-11-07,0.02362497889771875
2016-11-08,0.00589042128134909
2016-11-09,0.010117836740827668
2016-11-10,-0.014159555318593586
2016-11-11,-0.008446716022029177
2016-11-14,-0.008711250810163662
2016-11-15,0.017221953925569133
2016-11-16,0.0015991645723529846
2016-11-17,0.006726598020228458
2016-11-18,-0.006717292828555266
2016-11-21,0.012885744897131124
2016-11-22,0.0036242998214175426
2016-11-23,-0.008498349731790533
2016-11-25,0.0029618845546719452
2016-11-28,-0.001321608607963931
2016-11-29,0.0019647894266141552
2016-11-30,-0.014644513200691711
2016-12-01,-0.013675903084575003
2016-12-02,0.0015613375966667675
2016-12-05,0.009004641256836754
2016-12-06,0.003900493392978488
2016-12-07,0.016848011615681058
2016-12-08,0.0030990826351373624
2016-12-09,0.009070056045827668
2016-12-12,-0.0038129082209595877
2016-12-13,0.013049808667515927
2016-12-14,-0.0070700676595951695
2016-12-15,0.0035457821579147897
2016-12-16,-0.003254172787372167
2016-12-19,0.003787070890671318
2016-12-20,0.005226585995581345
2016-12-21,-0.0022307689945259
2016-12-22,-0.003160209923224744
2016-12-23,0.0012230514204620846
2016-12-27,0.00536554529823885
2016-12-28,-0.010790189728736022
2016-12-29,-0.001496867380623712
2016-12-30,-0.009185410914538283
2017-01-03,0.010677534823789081
2017-01-04,0.0074718643812909935
2017-01-05,0.0031679111049525144
2017-01-06,0.008398891705777789
2017-01-09,8.848435484209993e-05
2017-01-10,0.0014671232594112293
2017-01-11,0.0034445423916655837
2017-01-12,-0.002562796388817845
2017-01-13,0.0038798631128176275
2017-01-17,-0.0045240552766450115
2017-01-18,0.002982188149285303
2017-01-19,-0.0028387857529688088
2017-01-20,0.0034956179398035747
2017-01-23,-0.000907811614900722
2017-01-24,0.008650123709395663
2017-01-25,0.012600076464088339
2017-01-26,0.0001826754766756089
2017-01-27,0.0004917089494298477
2017-01-30,-0.009275387270436197
2017-01-31,-0.001638333119899249
2017-02-01,0.0046190707334829995
2017-02-02,-0.00041881436636825864
2017-02-03,0.006431275857137653
2017-02-06,-0.0002623319187166073
2017-02-07,0.0025641597976786557
2017-02-08,0.002166025012368733
2017-02-09,0.005900840613769498
2017-02-10,0.004782668840237925
2017-02-13,0.007624747655023523
2017-02-14,0.005044541917700984
2017-02-15,0.007264072903979013
2017-02-16,-0.0004983420576735176
2017-02-17,0.0036802413701242376
2017-02-21,0.007352778072454269
2017-02-22,-0.0001347657387904544
2017-02-23,-0.0018827148670935712
2017-02-24,0.0016716882330649607
2017-02-27,0.0022095638133734496
2017-02-28,-0.003976316987207684
2017-03-01,0.01606566817632249
2017-03-02,-0.007040462553276838
2017-03-03,0.001355175770624495
2017-03-06,-0.003486523413671061
2017-03-07,-0.003168186947935081
2017-03-08,-0.00025436405629430947
2017-03-09,0.0013202056159447029
2017-03-10,0.004970699657369071
2017-03-13,0.0015382929897997943
2017-03-14,-0.004151164642425376
2017-03-15,0.009663091062217743
2017-03-16,-0.0013638572508550828
2017-03-17,-0.0019015301077347502
2017-03-20,-7.09515576627906e-05
2017-03-21,-0.01857280728363775
2017-03-22,0.005964378622785427
2017-03-23,-0.002356182701631071
2017-03-24,0.0005868313323309504
2017-03-27,0.0005022960036171753
2017-03-28,0.008726577503070487
2017-03-29,0.003998972653236343
2017-03-30,0.002752726570202313
2017-03-31,-0.0016563641042515176
2017-04-03,-0.0017048669143396866
2017-04-04,0.0014952476028278205
2017-04-05,-0.00466059583720857
2017-04-06,0.0018625467065418455
2017-04-07,-0.0009233377169061141
2017-04-10,0.0007171865168806857
2017-04-11,-0.003575347280920904
2017-04-12,-0.0055117428691185966
2017-04-13,-0.0070458163690706455
2017-04-17,0.011006173432514421
2017-04-18,-0.0030147535754870836
2017-04-19,-0.0001590345192310494
2017-04-20,0.010420267514641202
2017-04-21,-0.0018386279633754166
2017-04-24,0.015100034922708838
2017-04-25,0.008729263735821835
2017-04-26,-0.0011560383423485643
2017-04-27,0.0043965547322184495
2017-04-28,3.479005240447641e-05
2017-05-01,0.003988466692490755
2017-05-02,0.0015567741834594528
2017-05-03,-0.0075901823727005935
2017-05-04,-0.0023977113037811915
2017-05-05,0.005946558804772684
2017-05-08,0.0005255446872307612
2017-05-09,-0.0002064949516905612
2017-05-10,0.0013066441909614923
2017-05-11,-0.0005622538118021936
2017-05-12,0.0015449918587460143
2017-05-15,0.006118289882340866
2017-05-16,0.003990866299378615
2017-05-17,-0.02363724711732429
2017-05-18,0.005326916905550094
2017-05-19,0.009067144534985028
2017-05-22,0.010365379860407975
2017-05-23,-7.008271293984514e-05
2017-05-24,0.006016686559158879
2017-05-25,0.008326490342117632
2017-05-26,0.004195397139301615
2017-05-30,-0.0010458042273007173
2017-05-31,0.0007049610701919118
2017-06-01,0.008185771848594703
2017-06-02,0.011874561917189608
2017-06-05,1.3185794773828974e-05
2017-06-06,-0.0007157120132035288
2017-06-07,0.0015540599294907587
2017-06-08,-0.0009812358989911285
2017-06-09,-0.02103725411948243
2017-06-12,-0.0043482129329101005
2017-06-13,0.0088166091288151
2017-06-14,-0.005343571085692056
2017-06-15,-0.005905965145094005
2017-06-16,-0.0022562455666554904
2017-06-19,0.013399414317578628
2017-06-20,-0.010173793932655273
2017-06-21,0.00701331805139449
2017-06-22,0.0005200145531119027
2017-06-23,0.004790747707370979
2017-06-26,-0.005767037451882895
2017-06-27,-0.016014865748755436
2017-06-28,0.014996921797293616
2017-06-29,-0.018523214161136115
2017-06-30,-0.0001620306179078712
2017-07-03,-0.00518174049976472
2017-07-05,0.007642012115744112
2017-07-06,-0.011944363584968976
2017-07-07,0.011077468145619607
2017-07-10,0.005338806659662909
2017-07-11,0.0011478263886233186
2017-07-12,0.013251880729198806
2017-07-13,0.0024135861485823362
2017-07-14,0.008193213232670749
2017-07-17,0.000485936587929503
2017-07-18,0.005076903926455989
2017-07-19,0.007471128110075442
2017-07-20,0.0010771441880224053
2017-07-21,-0.0008742870862377128
2017-07-24,0.002789342750458834
2017-07-25,-5.231351309287202e-05
2017-07-26,0.0024837629740055434
2017-07-27,-0.00478395674880272
2017-07-28,-0.0018519579930447172
2017-07-31,-0.003407672444103116
2017-08-01,0.0024212304909660975
2017-08-02,0.0014454635455765086
2017-08-03,-0.002748411200986456
2017-08-04,-0.0006996594423887004
2017-08-07,0.004783369060209486
2017-08-08,-0.0014219955268020001
2017-08-09,0.0026366693547263953
2017-08-10,-0.02116066651319215
2017-08-11,0.007215681253289086
2017-08-14,0.012753009208275268
2017-08-15,-0.002228285154150078
2017-08-16,0.004766274391575287
2017-08-17,-0.022232674930377505
2017-08-18,-0.002528451838049728
2017-08-21,0.0014590470188038385
2017-08-22,0.01475231357152551
2017-08-23,-0.0033614903904329863
2017-08-24,-0.0042493638537197675
2017-08-25,0.001155104861257028
2017-08-28,0.007240228528766934
2017-08-29,0.0024473457528817466
2017-08-30,0.010878357805758299
2017-08-31,0.014207433977480699
2017-09-01,0.0016205524278321004
2017-09-05,-0.007349574220852584
2017-09-06,0.002344441704267286
2017-09-07,0.005041892625848643
2017-09-08,-0.00696449168158364
2017-09-11,0.009174963633516109
2017-09-12,0.005247582876131585
2017-09-13,-0.0011844433350803873
2017-09-14,-0.002794617530071819
2017-09-15,0.001439298201576511
2017-09-18,-0.002483527111043271
2017-09-19,0.002314914544149671
2017-09-20,-0.004296601155515001
2017-09-21,-0.008700401216636844
2017-09-22,0.001118418930568854
2017-09-25,-0.004848406759490942
2017-09-26,-0.0017964160279331232
2017-09-27,0.005365441921146186
2017-09-28,0.0010944240380497128
2017-09-29,0.00531390779119123
2017-10-02,0.0009338984598059596
2017-10-03,0.003441743167559075
2017-10-04,0.0022167111055402255
2017-10-05,0.008595014472504214
2017-10-06,0.001610306740626788
2017-10-09,0.0009384739033422296
2017-10-10,0.0029797092926147073
2017-10-11,0.0040261376000483295
2017-10-12,-0.002074301261047351
2017-10-13,0.005804334387340848
2017-10-16,0.0009934372609952113
2017-10-17,-0.0010117915406477884
2017-10-18,-0.0015473185741383677
2017-10-19,-0.0004371998980368108
2017-10-20,0.003126260724739094
2017-10-23,-0.006488166559808994
2017-10-24,0.0010526928265950364
2017-10-25,-0.005979142099890589
2017-10-26,-0.0039051620991172875
2017-10-27,0.025911424455499876
2017-10-30,0.00011724243725508288
2017-10-31,0.002275501315638584
2017-11-01,0.0019627025529196374
2017-11-02,-0.0011010003841422922
2017-11-03,0.006807671339381205
2017-11-06,0.006066962680070231
2017-11-07,-0.0009211002595786999
2017-11-08,0.004990134872863372
2017-11-09,-0.004907275888379137
2017-11-10,-0.002926082774130867
2017-11-13,0.0017536676260274664
2017-11-14,-0.0031525672564693963
2017-11-15,-0.0072674251465552064
2017-11-16,0.014065949042099346
2017-11-17,-0.00042252792645436354
2017-11-20,-0.0038069563096008174
2017-11-21,0.012001683507856686
2017-11-22,0.00347058921261878
2017-11-24,0.00311241177442545
2017-11-27,0.0007423424868977513
2017-11-28,0.008082824788827159
2017-11-29,-0.013897672130463667
2017-11-30,0.008402985314258649
2017-12-01,-0.0028025210855288085
2017-12-04,-0.009578210937487897
2017-12-05,-0.0046051582332204966
2017-12-06,0.0023174335690376857
2017-12-07,-3.2599132050337154e-05
2017-12-08,0.006475164135542721
2017-12-11,0.00600979634134946
2017-12-12,0.000638100209830128
2017-12-13,0.0037572171617759054
2017-12-14,-0.003896938119555604
2017-12-15,0.013624396626590318
2017-12-18,0.01143672614654423
2017-12-19,-0.005924552430935814
2017-12-20,-0.0005111395905059712
2017-12-21,0.001669047741100771
2017-12-22,0.0007392930100165174
2017-12-26,-0.0022569965965170136
2017-12-27,0.0016890283662263084
2017-12-28,0.003605595930509242
2017-12-29,-0.004320080321022046
2018-01-02,0.020097813138720166
2018-01-03,0.009694326354324101
2018-01-04,0.005868373182258191
2018-01-05,0.01059354401320256
2018-01-08,0.003760967378403146
2018-01-09,0.00032230520805098806
2018-01-10,-0.002205447736279953
2018-01-11,0.010495890136826613
2018-01-12,0.013208888298204435
2018-01-16,-0.003745698718301771
2018-01-17,0.011302400913306254
2018-01-18,-0.0017539342113552792
2018-01-19,0.0065607727584651165
2018-01-22,0.013377872372121846
2018-01-23,0.00871386757395487
2018-01-24,-0.0007677269587427205
2018-01-25,-0.0024006096285217327
2018-01-26,0.01822718042640381
2018-01-29,-0.009440561114237522
2018-01-30,-0.014164364605918078
2018-01-31,0.0053434779502090635
2018-02-01,-0.005296440444370942
2018-02-02,-0.03226829787030838
2018-02-05,-0.05126173722733518
2018-02-06,0.023956186673445234
2018-02-07,-0.013730906728710135
2018-02-08,-0.050289660124321456
2018-02-09,0.019195127791520106
2018-02-12,0.021935333708714477
2018-02-13,0.006739711471596577
2018-02-14,0.027088261367086863
2018-02-15,0.01998754421168858
2018-02-16,-0.0033860153837894647
2018-02-20,-0.007765356527345557
2018-02-21,-0.00710866095333218
2018-02-22,0.0028616059099042523
2018-02-23,0.022982667379201516
2018-02-26,0.017247925781417983
2018-02-27,-0.020173981798761176
2018-02-28,-0.011675385487008638
2018-03-01,-0.020323388893511374
2018-03-02,0.010949906618402672
2018-03-05,0.01413751593109569
2018-03-06,0.008029966296396518
2018-03-07,-0.0010170642307528732
2018-03-08,0.006084623778726206
2018-03-09,0.024603468143523877
2018-03-12,0.0025124843799502194
2018-03-13,-0.012148860113724402
2018-03-14,-0.004028175058685024
2018-03-15,-0.003702198472337881
2018-03-16,-0.0018072483995902333
2018-03-19,-0.022723278678601688
2018-03-20,0.0014279520674707058
2018-03-21,0.0011775529175834798
2018-03-22,-0.03430518281416317
2018-03-23,-0.026909814534555765
2018-03-26,0.04352957427322246
2018-03-27,-0.03524054858481629
2018-03-28,-0.01349764255885888
2018-03-29,0.020766906803663554
2018-04-02,-0.030306971805883265
2018-04-03,0.012471000836381974
2018-04-04,0.016338115513944818
2018-04-05,0.008436110067438829
2018-04-06,-0.029342494076297965
2018-04-09,0.007691248184714006
2018-04-10,0.025899985982705376
2018-04-11,-0.004185237859303914
2018-04-12,0.008766051404873298
2018-04-13,-0.0027558053956890927
2018-04-16,0.010527747319565517
2018-04-17,0.02161113366799272
2018-04-18,0.002390311598391426
2018-04-19,-0.01033630943467334
2018-04-20,-0.01903588837379555
2018-04-23,-0.004659272694045313
2018-04-24,-0.0215661192325296
2018-04-25,0.0002898199333776219
2018-04-26,0.01871877106593467
2018-04-27,0.0027085342697104053
2018-04-30,-0.012710716499085173
2018-05-01,0.0064264027936860035
2018-05-02,-0.008439078861088078
2018-05-03,-4.6516563818155277e-05
2018-05-04,0.021922149170831684
2018-05-07,0.007418039018417311
2018-05-08,-0.0006202744524479442
2018-05-09,0.013824030225572104
2018-05-10,0.015286698552254396
2018-05-11,0.0002566185614580885
2018-05-14,0.0005167197262681
2018-05-15,-0.01739146588877527
2018-05-16,0.007114800697354706
2018-05-17,-0.00338343520440465
2018-05-18,-0.005101770327940458
2018-05-21,0.0090489258251929
2018-05-22,-0.003106416630775266
2018-05-23,0.008106577897201817
2018-05-24,0.0009590042729541448
2018-05-25,-0.0019561627064629272
2018-05-29,-0.010644902260578681
2018-05-30,0.013740107121918532
2018-05-31,-0.00580659465169775
2018-06-01,0.01750217028657608
2018-06-04,0.009041253741366218
2018-06-05,0.003063454065946214
2018-06-06,0.00949564255405333
2018-06-07,-0.005738388054365662
2018-06-08,0.0017283620045474013
2018-06-11,0.0026591216614111346
2018-06-12,0.004688477305567096
2018-06-13,-0.002940949107214097
2018-06-14,0.00909607992703676
2018-06-15,-0.0033256403749095664
2018-06-18,-0.0018032573605496482
2018-06-19,-0.004682745566358393
2018-06-20,0.0060619592783131004
2018-06-21,-0.010438968531446657
2018-06-22,-0.0011210512588433197
2018-06-25,-0.023963387745702613
2018-06-26,0.004212617332901791
2018-06-27,-0.015152871849169136
2018-06-28,0.01002154958174506
2018-06-29,0.0020364464156947815
2018-07-02,0.006595218027086069
2018-07-03,-0.010652912854755336
2018-07-05,0.013805424091701601
2018-07-06,0.015454751483803042
2018-07-09,0.012536458487674373
2018-07-10,0.0027376503239870953
2018-07-11,-0.008044475651019178
2018-07-12,0.017056916034403402
2018-07-13,0.0012354490867403367
2018-07-16,-0.002105163265943122
2018-07-17,0.007329549951651471
2018-07-18,-0.00026060551968642987
2018-07-19,-0.005891410364955663
2018-07-20,-0.0012428144042450073
2018-07-23,0.003392081585294804
2018-07-24,0.00615784259027774
2018-07-25,0.015689707363249816
2018-07-26,-0.012214065259779971
2018-07-27,-0.014019029671465622
2018-07-30,-0.013556387717944096
2018-07-31,0.007200264784487098
2018-08-01,0.0027387181130351657
2018-08-02,0.012300638356613547
2018-08-03,0.005174476543359896
2018-08-06,0.0066556774484112236
2018-08-07,0.003996172656471009
2018-08-08,0.0003325569081096269
2018-08-09,-0.001153393914886891
2018-08-10,-0.009718146160481611
2018-08-13,-0.003161714907941926
2018-08-14,0.008493349948424989
2018-08-15,-0.013228706737583917
2018-08-16,0.007300191857614768
2018-08-17,0.0022359854572651106
2018-08-20,0.0011384042829158947
2018-08-21,0.0036979855424779107
2018-08-22,0.002283209000794262
2018-08-23,-0.00200491914460621
2018-08-24,0.010282870466753025
2018-08-27,0.012107391628271902
2018-08-28,0.0015091057126495055
2018-08-29,0.011721765623997182
2018-08-30,-0.004401036671782599
2018-08-31,0.0008837483000427859
2018-09-04,-0.0036396690319112635
2018-09-05,-0.010688768618206002
2018-09-06,-0.007765710407619197
2018-09-07,-0.0034674826660890945
2018-09-10,0.002646254547041149
2018-09-11,0.007360558927851146
2018-09-12,-0.0015988424740069895
2018-09-13,0.010048428057275016
2018-09-14,-0.001505805759327239
2018-09-17,-0.01284826018622498
2018-09-18,0.00879788211537158
2018-09-19,0.00032336184929482314
2018-09-20,0.012028768387711386
2018-09-21,-0.003712031184773368
2018-09-24,-0.0006375027891100116
2018-09-25,0.0002309043282207046
2018-09-26,-0.0018603304806174004
2018-09-27,0.0074666882383174205
2018-09-28,-1.1322202967178896e-05
2018-10-01,0.003447954163710687
2018-10-02,-0.0018865312606134443
2018-10-03,0.0014834886943750902
2018-10-04,-0.018167693021849618
2018-10-05,-0.011486130837909947
2018-10-08,-0.004575967305202822
2018-10-09,0.001024573697558706
2018-10-10,-0.049445972266829896
2018-10-11,-0.022174132456282858
2018-10-12,0.026174352166764114
2018-10-15,-0.011542746644775392
2018-10-16,0.03199557305959755
2018-10-17,0.0004177243123801855
2018-10-18,-0.02354116812832663
2018-10-19,-0.001776330474870469
2018-10-22,0.00038120675086084077
2018-10-23,-0.005423739256899318
2018-10-24,-0.04850679763460919
2018-10-25,0.031509089638174226
2018-10-26,-0.02613407777458132
2018-10-29,-0.015148055169130092
2018-10-30,0.01708124262946953
2018-10-31,0.020638316315238603
2018-11-01,9.00793650793208e-05
2018-11-02,9.047619047608535e-05
2018-11-05,9.20634920638097e-05
2018-11-06,9.166666666660106e-05
2018-11-07,9.206349206336562e-05
2018-11-08,9.12698412698365e-05
2018-11-09,9.166666666660106e-05
2018-11-12,9.166666666660106e-05
2018-11-13,9.285714285711677e-05
2018-11-14,9.246031746035221e-05
2018-11-15,9.206349206358766e-05
2018-11-16,9.166666666660106e-05
2018-11-19,9.285714285711677e-05
2018-11-20,9.285714285711677e-05
2018-11-21,9.365079365086793e-05
2018-11-23,9.365079365086793e-05
2018-11-26,9.404761904763248e-05
2018-11-27,9.365079365086793e-05
2018-11-28,9.325396825365928e-05
2018-11-29,9.206349206358766e-05
2018-11-30,9.206349206358766e-05
2018-12-03,0.008550108983406579
2018-12-04,-0.02147473391539101
2018-12-06,-0.0009221611861872647
2018-12-07,-0.015390899262924362
2018-12-10,0.0008843009639498689
2018-12-11,0.00033760286402872985
2018-12-12,0.003279134633067393
2018-12-13,-0.00017719258192183673
2018-12-14,-0.011845444421246354
2018-12-17,-0.012324169674679974
2018-12-18,-0.0003065050038650874
2018-12-19,-0.009012150440882216
2018-12-20,-0.009282027256063419
2018-12-21,-0.012019616894994756
2018-12-24,-0.015198168009279533
2018-12-26,0.026895172712147586
2018-12-27,0.005672933909971034
2018-12-28,-0.0013508391400173236
2018-12-31,0.005334302395019863
2019-01-02,0.0002826347180033828
2019-01-03,0.0030856184192600278
2019-01-04,-0.0026500052305855615
2019-01-07,0.0012175440302484297
2019-01-08,-0.0008418173216464542
2019-01-09,0.0022054553717074654
2019-01-10,-0.0019100960864861793
2019-01-11,0.000639462447019179
2019-01-14,0.0008590399002925686
2019-01-15,-0.0005122966120820749
2019-01-16,0.0011325087109406162
2019-01-17,-0.00037577296997248766
2019-01-18,-0.0029249378040455687
2019-01-22,0.0012449378173049475
2019-01-23,-0.0004042529674577189
2019-01-24,-0.0004604072878623411
2019-01-25,0.004925194605461813
2019-01-28,0.0012381263501126671
2019-01-29,0.0019465980163559937
2019-01-30,0.0019973214290498476
2019-01-31,0.00022508168934387562
2019-02-01,-0.0006058333598414345
2019-02-04,-0.001381020626634033
2019-02-05,0.000919579061442688
2019-02-06,-0.002184096330957619
2019-02-07,0.0008671311278964922
2019-02-08,0.0013219947135489907
2019-02-11,-0.0015680732126692742
2019-02-12,0.0007597335489752943
2019-02-13,-0.00124834567756138
2019-02-14,0.00191266037068627
2019-02-15,0.0020428066555100433
2019-02-19,0.0051363868491061115
2019-02-20,-0.0005211519513680374
2019-02-21,-0.0037370694973870577
2019-02-22,0.001264108396629382
2019-02-25,-0.0002824086834194439
2019-02-26,0.0006230461968406154
2019-02-27,-0.0023068988809837876
2019-02-28,-0.0018050545811036933
2019-03-01,0.003923808651810079
2019-03-04,-0.003780469765511052
2019-03-05,-5.56821939283747e-05
2019-03-06,-0.008546920320249174
2019-03-07,-0.01395346227848937
2019-03-08,0.0011002303955456316
2019-03-11,0.02197130124244029
2019-03-12,0.007917673364742805
2019-03-13,0.011785383357084678
2019-03-14,-0.005516713438545873
2019-03-15,0.010564939496965797
2019-03-18,0.004480065574097525
2019-03-19,0.0034503004548329663
2019-03-20,0.002418287145284914
2019-03-21,0.016943601435299938
2019-03-22,-0.027852082451955695
2019-03-25,0.0012264155154348977
2019-03-26,0.006111904934550827
2019-03-27,-0.009113132099115129
2019-03-28,-0.0008181927295937141
2019-03-29,0.010046574532301955
2019-04-01,0.015091663607131434
2019-04-02,0.003543423288382863
2019-04-03,0.004632751963612014
2019-04-04,0.0020861994264351758
2019-04-05,0.0058484057772196785
2019-04-08,0.003932410421992216
2019-04-09,-0.0042891237125610715
2019-04-10,0.006841241609461646
2019-04-11,-0.005999310436680005
2019-04-12,0.006980731235749715
2019-04-15,-0.0010046343969004612
2019-04-16,-0.0002206740342712843
2019-04-17,0.00010736075159090142
2019-04-18,0.0021316704783111984
2019-04-22,0.0025561955346427023
2019-04-23,0.01425587733988598
2019-04-24,-0.002863452927859944
2019-04-25,0.0020584094040425605
2019-04-26,0.006306034869538513
2019-04-29,0.0005097633110680011
2019-04-30,-0.004195203144992554
2019-05-01,-0.009372311887100748
2019-05-02,-0.005399819582859067
2019-05-03,0.01867427376306341
2019-05-06,-0.006241297672465063
2019-05-07,-0.023410333659897975
2019-05-08,-0.003755227679145823
2019-05-09,-0.004376149012066843
2019-05-10,0.004248723995289527
2019-05-13,-0.03562210828078205
2019-05-14,0.012127344453024103
2019-05-15,0.012033476916961439
2019-05-16,0.010119000743002315
2019-05-17,-0.01323378774020667
2019-05-20,-0.015022171116524263
2019-05-21,0.01121001797533494
2019-05-22,-0.005098431301225226
2019-05-23,-0.015382428452533015
2019-05-24,0.0011085528694974034
2019-05-28,-0.00985922682306073
2019-05-29,-0.009119635640890578
2019-05-30,0.006535637015214535
2019-05-31,-0.014222596175415991
2019-06-03,0.004871784026371673
2019-06-04,0.00016814644403018164
2019-06-05,0.0009211020261157277
2019-06-06,0.0011615310272363732
2019-06-07,0.0019639716317010336
2019-06-10,-0.0033159781416494116
2019-06-11,-0.00034467087390588347
2019-06-12,0.0018049980958938505
2019-06-13,0.002122427089180867
2019-06-14,-5.0714259856365906e-05
2019-06-17,-0.0001570196056589479
2019-06-18,0.0017710103915813402
2019-06-19,0.002114384201768127
2019-06-20,0.008645149805927677
2019-06-21,0.0023547879962269036
2019-06-24,0.005225819057538272
2019-06-25,0.000735762864461531
2019-06-26,-0.0031724421900609645
2019-06-27,-0.0002881887985319853
2019-06-28,0.0010012856089265387
2019-07-01,0.007717105054111606
2019-07-02,0.011496040256271156
2019-07-03,0.010507168686841206
2019-07-05,-0.005554176199860095
2019-07-08,-0.01083791093212183
2019-07-09,0.005659350056898438
2019-07-10,0.014608688390069124
2019-07-11,-0.0017885652980086375
2019-07-12,0.009076403463202265
2019-07-15,0.0020781678136005954
2019-07-16,-0.008418412643772744
2019-07-17,-0.002643223509664727
2019-07-18,0.008119206984093186
2019-07-19,-0.014396930440631395
2019-07-22,0.007374472713173041
2019-07-23,0.007147515973999541
2019-07-24,0.00945956588550878
2019-07-25,-0.01214117370106238
2019-07-26,0.011887194116725786
2019-07-29,-0.0011037046092159386
2019-07-30,-0.0037697309532681578
2019-07-31,-0.020910274228645886
2019-08-01,-0.0016885404063173848
2019-08-02,-0.015144230256391666
2019-08-05,-0.038495609761624916
2019-08-06,0.020541557546944533
2019-08-07,0.008385476528728342
2019-08-08,0.028380901182159413
2019-08-09,-0.011475143377559505
2019-08-12,-0.011578191272933802
2019-08-13,0.02157029836724611
2019-08-14,-0.03650403084506437
2019-08-15,0.003745099479328662
2019-08-16,0.016725186232263045
2019-08-19,0.013138172383781344
2019-08-20,-0.006692310426033243
2019-08-21,0.009457776684023589
2019-08-22,-0.00328971122869004
2019-08-23,-0.02992547818466773
2019-08-26,0.016030413657060594
2019-08-27,-6.447212932159108e-05
2019-08-28,0.00518500435971414
2019-08-29,0.015135943018133702
2019-08-30,-0.0026669939078549643
2019-09-03,-0.005863122067627513
2019-09-04,0.018939435704941276
2019-09-05,0.012856222152886954
2019-09-06,-0.003094866453424938
2019-09-09,-0.002570036822842403
2019-09-10,-0.004306707893389716
2019-09-11,0.012685881899346718
2019-09-12,0.005579279035538676
2019-09-13,-0.005449424541846937
2019-09-16,-0.0029352808847142864
2019-09-17,0.005493242223506334
2019-09-18,-0.0015394186542975197
2019-09-19,0.002058266844529699
2019-09-20,-0.006975169646814994
2019-09-23,0.0020935712340146573
2019-09-24,-0.012820580488132838
2019-09-25,0.005166561627833133
2019-09-26,-0.0037995281519012103
2019-09-27,-0.013447049358057295
2019-09-30,0.003868663508290515
2019-10-01,-0.011569654821988129
2019-10-02,-0.019020201440129614
2019-10-03,0.01382113990881928
2019-10-04,0.018448052339619325
2019-10-07,-0.0078080758330386635
2019-10-08,-0.017580366926970292
2019-10-09,0.013197021304645284
2019-10-10,0.0059994094970956535
2019-10-11,0.013458385336906353
2019-10-14,0.001048992724637765
2019-10-15,0.012327104736875594
2019-10-16,-0.0009584063938027354
2019-10-17,0.004064777057764424
2019-10-18,-0.009753296078740759
2019-10-21,0.009037808306706197
2019-10-22,-0.006949369721795273
2019-10-23,0.0039981198082792435
2019-10-24,0.00987488063580888
2019-10-25,0.008709509950369343
2019-10-28,0.007827794111370245
2019-10-29,-0.006459556558580437
2019-10-30,0.006615136128123922
2019-10-31,0.0017246259738794567
2019-11-01,0.012945705960304865
2019-11-04,0.005276347355851696
2019-11-05,-0.005871788458174376
2019-11-06,0.00038461003372214364
2019-11-07,-0.0004870583450247157
2019-11-08,0.0023170946322137453
2019-11-11,-0.003060385706137758
2019-11-12,0.0038558937533574866
2019-11-13,0.0010684399405116451
2019-11-14,0.0024313681394343423
2019-11-15,0.008409148202100258
2019-11-18,0.0026590162593951305
2019-11-19,0.0006154075772424328
2019-11-20,-0.006375018288894085
2019-11-21,-0.0044085521941855665
2019-11-22,0.0012966690026896543
2019-11-25,0.01174667559246223
2019-11-26,0.004381173379157888
2019-11-27,0.00608941368434901
2019-11-29,-0.00408314642226093
2019-12-02,-0.013069727540215959
2019-12-03,-0.006192924887511553
2019-12-04,0.007066244269070099
2019-12-05,0.002579192223967963
2019-12-06,0.00939889330619037
2019-12-09,-0.0048740023074475
2019-12-10,-0.0005275297286247982
2019-12-11,0.007759464668878335
2019-12-12,0.009431361050988851
2019-12-13,0.0039039041925672535
2019-12-16,0.01094656037493813
2019-12-17,0.00041539324353223606
2019-12-18,0.0005785986913233732
2019-12-19,0.007967268848925402
2019-12-20,0.006536648042266391
2019-12-23,0.003085888079119359
2019-12-24,0.003263748090852614
2019-12-26,0.012051668497844226
2019-12-27,-0.001077319284481848
2019-12-30,-0.007488384133166992
2019-12-31,0.0035878886195397364
2020-01-02,0.01937685923029897
2020-01-03,-0.0065544565937827315
2020-01-06,0.009981409434477673
2020-01-07,-0.0007606214430504465
2020-01-08,0.005853612598086588
2020-01-09,0.008616314547145176
2020-01-10,-0.0017531173784099963
2020-01-13,0.009636442992029703
2020-01-14,-0.0037803171120979195
2020-01-15,0.003315597375049606
2020-01-16,0.011385318014963675
2020-01-17,0.006391937069745834
2020-01-21,-0.0014957156835136987
2020-01-22,0.0020698303668260642
2020-01-23,0.0033617326982435802
2020-01-24,-0.010130905370841603
2020-01-27,-0.022417283862585347
2020-01-28,0.013998973844797202
2020-01-29,0.0023459196841411067
2020-01-30,0.004375478655213705
2020-01-31,-0.020950488957391933
2020-02-03,0.012723382388787119
2020-02-04,0.021423342638114073
2020-02-05,0.01078759103126381
2020-02-06,0.009745386741771389
2020-02-07,-0.006035562858827781
2020-02-10,0.014516680460884945
2020-02-11,-2.6908028017302854e-05
2020-02-12,0.010967740875115206
2020-02-13,-0.00017908698569524262
2020-02-14,0.004152896770101666
2020-02-18,0.0027782414555137525
2020-02-19,0.01154544928027823
2020-02-20,-0.00832850504858662
2020-02-21,-0.01548115124204652
2020-02-24,-0.04641719574112513
2020-02-25,-0.04324820135023777
2020-02-26,0.0019369276475027508
2020-02-27,-0.061702176891422655
2020-02-28,-0.01171350017916395
2020-03-02,0.03322956762977691
2020-03-03,-0.012315403319599905
2020-03-04,0.028067697765477906
2020-03-05,-0.014065530754941546
2020-03-06,-0.011184392546342403
2020-03-09,-0.04458772217384954
2020-03-10,0.024094556647416443
2020-03-11,-0.029147069270818116
2020-03-12,-0.06989191746421652
2020-03-13,0.03903239743127185
2020-03-16,-0.07727757441861194
2020-03-17,0.03841430536860879
2020-03-18,-0.024103615547513724
2020-03-19,-0.0032288633733222882
2020-03-20,-0.01584575367393637
2020-03-23,0.0174062136462374
2020-03-24,0.055410754156890896
2020-03-25,-0.009865165248452934
2020-03-26,0.03325331159066103
2020-03-27,-0.023165213564490195
2020-03-30,0.02224020280050998
2020-03-31,-0.016796942591240316
2020-04-01,0.0031544554038640538
2020-04-02,0.0055011752166076455
2020-04-03,0.0016767220137134942
2020-04-06,0.00943006680983327
2020-04-07,-0.0018507598508102907
2020-04-08,-0.003068504846954534
2020-04-09,0.008969191080405947
2020-04-13,0.00598734169420978
2020-04-14,0.0027809154518494417
2020-04-15,-0.001805461559853283
2020-04-16,-0.0003021038479286142
2020-04-17,-0.006855345706848093
2020-04-20,0.00248827533003948
2020-04-21,-0.0023884314073517876
2020-04-22,0.006864228605387934
2020-04-23,0.003519210572414888
2020-04-24,-0.0015204262780589284
2020-04-27,-0.002351055426687121
2020-04-28,-0.0015702936825875424
2020-04-29,0.0019501737858915735
2020-04-30,-0.00639696792065636
2020-05-01,-0.018087210494316275
2020-05-04,0.009179298158015436
2020-05-05,0.008659861119260981
2020-05-06,-0.00035433030496923035
2020-05-07,0.013939948564545501
2020-05-08,0.006823584286755668
2020-05-11,0.003642602861673838
2020-05-12,-0.01258878923797535
2020-05-13,-0.0052290880217072955
2020-05-14,0.010212914133887807
2020-05-15,0.006222606680710507
2020-05-18,0.010362710548990517
2020-05-19,0.0009578415968596321
2020-05-20,0.014796902438311221
2020-05-21,-0.012569819675439242
2020-05-22,0.004120202080261759
2020-05-26,-0.006077592178470148
2020-05-27,0.003926029878114745
2020-05-28,-0.0002787575658393937
2020-05-29,0.011966867060373865
2020-06-01,0.008157147342008342
2020-06-02,0.00752290258414412
2020-06-03,0.005924314420959087
2020-06-04,-0.0035711982430935985
2020-06-05,0.02421004505337332
2020-06-08,0.017711641907955933
2020-06-09,0.0021767714272078464
2020-06-10,0.008880918891008838
2020-06-11,-0.07601848884770768
2020-06-12,0.013286794798426316
2020-06-15,0.013736323713425369
2020-06-16,0.024935324959035166
2020-06-17,-0.0005288199477252453
2020-06-18,0.0017195588263947403
2020-06-19,-0.0008438567056552326
2020-06-22,0.015370769702814924
2020-06-23,0.011019856940932993
2020-06-24,-0.03186111489947674
2020-06-25,0.013103343228588304
2020-06-26,-0.03093790048726308
2020-06-29,0.016734755459295148
2020-06-30,0.023416135799972038
2020-07-01,0.011229843903219017
2020-07-02,0.008789430933608733
2020-07-06,0.029090106228084167
2020-07-07,-0.009897309568248192
2020-07-08,0.016086025183336794
2020-07-09,0.0011894608231814985
2020-07-10,0.011147585094147372
2020-07-13,-0.01996900707515259
2020-07-14,0.014880230484075607
2020-07-15,0.007435492318546677
2020-07-16,-0.010131057870003901
2020-07-17,0.005426040254821185
2020-07-20,0.026962985272763973
2020-07-21,-0.0025500878195685583
2020-07-22,0.011065056611965218
2020-07-23,-0.023283035232091964
2020-07-24,-0.008061356127145758
2020-07-27,0.023244489101648558
2020-07-28,-0.009629324490531999
2020-07-29,0.01816376617450799
2020-07-30,-0.0014567740500026627
2020-07-31,0.020229142284309498
2020-08-03,0.01380312433971631
2020-08-04,0.012091176381312074
2020-08-05,0.009030719322488556
2020-08-06,0.017377671932730987
2020-08-07,-0.012461969310481824
2020-08-10,-0.0021290926522379294
2020-08-11,-0.03557676844606439
2020-08-12,0.024662986915248597
2020-08-13,0.007614026440968535
2020-08-14,-0.002024438288597996
2020-08-17,0.016580009800742257
2020-08-18,0.010832138607860697
2020-08-19,-0.017125758612761888
2020-08-20,0.013731505501938246
2020-08-21,0.004407648475659887
2020-08-24,0.009828743730581735
2020-08-25,0.008276851332430724
2020-08-26,0.02546374079167446
2020-08-27,-0.004345117152261935
2020-08-28,0.013196213157759429
2020-08-31,0.004653509255405641
2020-09-01,0.01758519431316885
2020-09-02,0.011657650617545423
2020-09-03,-0.06081615209573199
2020-09-04,-0.013363840656979264
2020-09-08,-0.049587825703139354
2020-09-09,0.034498592728859245
2020-09-10,-0.025761901970504097
2020-09-11,-0.003587454391399292
2020-09-14,0.022135455126247816
2020-09-15,0.011495332216839849
2020-09-16,-0.012078686127385385
2020-09-17,-0.016815210458299146
2020-09-18,-0.015442771989586102
2020-09-21,-0.012199191556595657
2020-09-22,0.015880436172422296
2020-09-23,-0.0423007666674482
2020-09-24,0.0061630925129725345
2020-09-25,0.024124566303733275
2020-09-28,0.027309355285430215
2020-09-29,-0.0035331058790162295
2020-09-30,0.0076237916128529815
2020-10-01,0.017530709873401884
2020-10-02,-0.025776947236569647
2020-10-05,0.027667725397934273
2020-10-06,-0.02583458827031826
2020-10-07,0.023572470392441813
2020-10-08,0.01011496183705618
2020-10-09,0.022225427112542828
2020-10-12,0.030529866724950505
2020-10-13,-0.009713464415341377
2020-10-14,-0.008640532931499356
2020-10-15,-0.004783026250575362
2020-10-16,-0.005030159565625469
2020-10-19,-0.021744757626848465
2020-10-20,0.006266245725965236
2020-10-21,0.00038415702537131224
2020-10-22,0.0006571266099626438
2020-10-23,0.0033120484506310444
2020-10-26,-0.02321757051860973
2020-10-27,0.003582678287461283
2020-10-28,-0.054007847028791356
2020-10-29,0.016030645628342333
2020-10-30,-0.021299047600286225
2020-11-02,0.011698426448724542
2020-11-03,0.024749300348680503
2020-11-04,0.04485411928448446
2020-11-05,0.03878416305073995
2020-11-06,0.000983537386425981
2020-11-09,-0.02002551344897774
2020-11-10,-0.01197581486079169
2020-11-11,0.018864519903574628
2020-11-12,-0.008276248516260853
2020-11-13,0.01813945631568581
2020-11-16,0.013288191435106844
2020-11-17,-0.0069799505488601365
2020-11-18,-0.015438481483991962
2020-11-19,0.007554914390885514
2020-11-20,-0.008356098138962764
2020-11-23,-0.0015684623796916597
2020-11-24,0.01682745052890433
2020-11-25,0.0031940911224583868
2020-11-27,0.005389000923943232
2020-11-30,-0.004268695875887629
2020-12-01,0.016829212626432
2020-12-02,0.001598405360153432
2020-12-03,0.0006281288729483858
2020-12-04,0.008906505530386744
2020-12-07,0.0023021673533072384
2020-12-08,0.0038846884228829204
2020-12-09,-0.020947434330611192
2020-12-10,0.0019743491621821985
2020-12-11,-0.0022238170963021497
2020-12-14,0.0014295065137002183
2020-12-15,0.01648195506679051
2020-12-16,0.004866501234464193
2020-12-17,0.008307318692892807
2020-12-18,-0.004735047083013311
2020-12-21,-0.003634839412647639
2020-12-22,0.00045009410946472705
2020-12-23,-0.0029677589573098295
2020-12-24,0.005566041460304261
2020-12-28,0.01282684226113151
2020-12-29,-0.0005554486363550382
2020-12-30,0.0004809497546667263
2020-12-31,0.004991757059508606
2021-01-04,-0.01104875213946832
2021-01-05,0.010777304432648016
2021-01-06,-0.010409348477039004
2021-01-07,0.02490030246398023
2021-01-08,0.0009810750661520817
2021-01-11,-0.015401718709406431
2021-01-12,0.0013198553158482174
2021-01-13,0.004844440245417747
2021-01-14,-0.00639477264933308
2021-01-15,-0.014179228210423944
2021-01-19,0.01804201782978665
2021-01-20,0.030009077092033154
2021-01-21,0.006249172548145054
2021-01-22,-0.007114005833305126
2021-01-25,0.00903596346529878
2021-01-26,-0.0012877518781694297
2021-01-27,-0.03742758995567452
2021-01-28,0.009247818506925132
2021-01-29,-0.02739239805649829
2021-02-01,0.027176667241688213
2021-02-02,0.02069414196163133
2021-02-03,-0.0023345207870362206
2021-02-04,0.015817846137266667
2021-02-05,0.005021642962181216
2021-02-08,0.009261045735876605
2021-02-09,-0.0006612150181776189
2021-02-10,-0.0017933480130196688
2021-02-11,0.004920448804849764
2021-02-12,0.007273654214369651
2021-02-16,-0.0024225420727648217
2021-02-17,-0.003172994086233394
2021-02-18,-0.0061871774178650085
2021-02-19,-0.004428886446047664
2021-02-22,-0.022797246342399657
2021-02-23,-0.001320905481555723
2021-02-24,0.013032925057997025
2021-02-25,-0.0404823375490132
2021-02-26,-0.00044686818272188233
2021-03-01,0.03591345110772126
2021-03-02,-0.016279068299611343
2021-03-03,-0.028215734384943736
2021-03-04,-0.01931974015712834
2021-03-05,0.0221385660051181
2021-03-08,-0.021740197015825746
2021-03-09,0.03438792202077301
2021-03-10,0.0023323798654975025
2021-03-11,0.022061202920576672
2021-03-12,-0.004514605900735713
2021-03-15,0.011235998646947465
2021-03-16,0.002740150388868434
2021-03-17,0.0046145516796489705
2021-03-18,-0.030621329342885306
2021-03-19,0.0015381518728709853
2021-03-22,0.01729971924639684
2021-03-23,-0.008823726393782705
2021-03-24,-0.01437905421312613
2021-03-25,0.002812334570584607
2021-03-26,0.02074250310027126
2021-03-29,-0.0006263929497005716
2021-03-30,-0.005025192060960082
2021-03-31,0.012422829896966858
2021-04-01,0.018662959589380357
2021-04-05,0.02316599156372945
2021-04-06,-0.0011117302197158896
2021-04-07,0.002507716401829674
2021-04-08,0.010370985887461881
2021-04-09,0.00914355019545754
2021-04-12,-0.0007092109785018508
2021-04-13,0.010000415932500673
2021-04-14,-0.010624113704887694
2021-04-15,0.017579197986526296
2021-04-16,0.003327491299914387
2021-04-19,-0.009804958400267072
2021-04-20,-0.01041642667044107
2021-04-21,0.01246728190657298
2021-04-22,-0.014547800804923017
2021-04-23,0.015968610044020615
2021-04-26,0.005965028644971948
2021-04-27,-0.0034374768148224266
2021-04-28,-0.0031866135415193897
2021-04-29,0.007352986223464697
2021-04-30,-0.00919459279425483
2021-05-03,-0.0020522641961417953
2021-05-04,-0.01608422970624679
2021-05-05,-0.0021807608266749545
2021-05-06,0.010538017925931342
2021-05-07,0.009816653318532875
2021-05-10,-0.023070302769967355
2021-05-11,-0.006660577859208039
2021-05-12,-0.030973354172353695
2021-05-13,0.012741946795313153
2021-05-14,0.023924083746618585
2021-05-17,-0.0054357243319141935
2021-05-18,-0.010307925798605955
2021-05-19,-0.0009461080721530069
2021-05-20,0.01932625200975302
2021-05-21,-0.0040651633492494454
2021-05-24,0.017562979139047474
2021-05-25,-0.0005502230566797328
2021-05-26,0.00340831491920901
2021-05-27,-0.0021478681680193734
2021-05-28,0.0031932332243511663
2021-06-01,-0.0036081701839014713
2021-06-02,0.004062017841222065
2021-06-03,-0.016209426476067934
2021-06-04,0.02124425320503187
2021-06-07,0.0025163200256883567
2021-06-08,-0.0007313709548297798
2021-06-09,-0.0014188782020376767
2021-06-10,0.011563447137649119
2021-06-11,-0.0008818403993632318
2021-06-14,0.006281083579539493
2021-06-15,-0.007123064507955523
2021-06-16,-0.01170233744905047
2021-06-17,-0.0013524434795828544
2021-06-18,-0.016208302129942842
2021-06-21,0.01749921151599576
2021-06-22,0.00885024338801399
2021-06-23,-0.0007222925826128046
2021-06-24,0.008186632564867624
2021-06-25,0.002582667849585274
2021-06-28,0.009981227579880958
2021-06-29,-0.00021499511045575126
2021-06-30,0.0010612326806156425
2021-07-01,0.0037801081128316927
2021-07-02,0.01266788058510504
2021-07-06,0.0015129121242281052
2021-07-07,0.0035458569139545926
2021-07-08,-0.009074790750941863
2021-07-09,0.010951549054564413
2021-07-12,0.005233098956132665
2021-07-13,-0.002469500565028593
2021-07-14,0.002020385474502673
2021-07-15,-0.007038460391442958
2021-07-16,-0.010715661138453125
2021-07-19,-0.015495213183066459
2021-07-20,0.017288162871117452
2021-07-21,0.010394688488531534
2021-07-22,0.006226008071665623
2021-07-23,0.01436149402628617
2021-07-26,0.0024703182004306434
2021-07-27,-0.01064177256044252
2021-07-28,0.0021260478747711087
2021-07-29,0.00411789663018447
2021-07-30,-0.006900361085510953
2021-08-02,-0.0018439380202447397
2021-08-03,0.009190994513496031
2021-08-04,-0.0021420669232117273
2021-08-05,0.007156512181433872
2021-08-06,-0.010211826343468955
2021-08-09,-0.0049971683677856316
2021-08-10,-0.0026726997529307184
2021-08-11,0.005040899911385788
2021-08-12,0.004377249356649404
2021-08-13,0.008115408510394717
2021-08-16,0.0035058979450737215
2021-08-17,-0.010761862337157146
2021-08-18,-0.013796374545220313
2021-08-19,0.0031490780620699876
2021-08-20,0.012630012729971662
2021-08-23,0.019889644589307087
2021-08-24,0.0029344994190019236
2021-08-25,-0.00034284388503558194
2021-08-26,-0.007631772611621623
2021-08-27,0.017451199946560525
2021-08-30,0.009053630590857509
2021-08-31,-0.0008656050400015491
2021-09-01,0.0013725684251453263
2021-09-02,0.0006996356273485382
2021-09-03,0.005527741800793073
2021-09-07,-0.008125833350958733
2021-09-08,-0.00379910955680296
2021-09-09,-0.004174621305508941
2021-09-10,-0.011783618436150278
2021-09-13,0.0020814041063732525
2021-09-14,-0.003245485383619351
2021-09-15,0.008259460462417989
2021-09-16,-0.008071760175574427
2021-09-17,-0.01485408077627981
2021-09-20,-0.022674412074737305
2021-09-21,0.0024575882780646374
2021-09-22,0.01111148731674283
2021-09-23,0.010203323615167736
2021-09-24,0.0011899066107801115
2021-09-27,-0.006326397287491625
2021-09-28,-0.03575451347336933
2021-09-29,-0.0012492156527993403
2021-09-30,-0.00507131770940128
2021-10-01,0.012362522549301369
2021-10-04,-0.022391280989694895
2021-10-05,0.015606710339227448
2021-10-06,0.00697060264324767
2021-10-07,0.011882362642211541
2021-10-08,-0.004702294812252816
2021-10-11,-0.009907728424574547
2021-10-12,-0.003932176853646552
2021-10-13,0.00757505896022348
2021-10-14,0.023498970899704652
2021-10-15,0.009501956580981519
2021-10-18,0.009008320765994116
2021-10-19,0.010073666970482398
2021-10-20,0.0018448032819267102
2021-10-21,0.006128342891136729
2021-10-22,-0.006655078619688171
2021-10-25,0.010491705608882906
2021-10-26,0.0027097455569122797
2021-10-27,-0.0014605116785902927
2021-10-28,0.014537338428181279
2021-10-29,0.004822516394114018
2021-11-01,0.00344097305815394
2021-11-02,0.005474247714539748
2021-11-03,0.011248163892658258
2021-11-04,0.01153838785831196
2021-11-05,0.0030233892834150566
2021-11-08,-0.00027837654347695473
2021-11-09,-0.007025822664907699
2021-11-10,-0.015394461918734392
2021-11-11,0.0021116893574064655
2021-11-12,0.012033075328362175
2021-11-15,-1.9733257991649822e-05
2021-11-16,0.007351362006786211
2021-11-17,-0.001272125058882967
2021-11-18,0.009268503046323984
2021-11-19,0.002631167365557685
2021-11-22,-0.00985088487867658
2021-11-23,-0.0021566944243596176
2021-11-24,0.003799036312964077
2021-11-26,-0.028220451915408118
2021-11-29,0.022872893573690822
2021-11-30,-0.02276460656007373
2021-12-01,-0.01915079141007381
2021-12-02,0.01474824498179128
2021-12-03,-0.017003198241694717
2021-12-06,0.01313728854243923
2021-12-07,0.03350402126313545
2021-12-08,0.004551289089824051
2021-12-09,-0.014478581902258703
2021-12-10,0.013513796886105656
2021-12-13,-0.01553760689307615
2021-12-14,-0.011461032225964396
2021-12-15,0.025248890792576084
2021-12-16,-0.022975611462252465
2021-12-17,-0.010680035571120183
2021-12-20,-0.01386731878031977
2021-12-21,0.02645730994126194
2021-12-22,0.014775906447117348
2021-12-23,0.00930169890402821
2021-12-27,0.020366894329437946
2021-12-28,-0.003263909792203701
2021-12-29,0.0005631233150853454
2021-12-30,-0.004234524752285251
2021-12-31,-0.006320567435373903
2022-01-03,0.0057391683307019825
2022-01-04,-0.006638217185294448
2022-01-05,-0.03444268650236093
2022-01-06,-0.0052194131711191805
2022-01-07,-0.008135943983385907
2022-01-10,0.000859138280028704
2022-01-11,0.01947780028602586
2022-01-12,0.0053709530615573264
2022-01-13,-0.026839852937604602
2022-01-14,0.003166520467927869
2022-01-18,-0.027866519704803583
2022-01-19,-0.008610663573195287
2022-01-20,-0.016213024949819244
2022-01-21,-0.031321787994277206
2022-01-24,0.008443700358107487
2022-01-25,-0.02157494047051134
2022-01-26,-0.007138985486648375
2022-01-27,-0.015198074048224597
2022-01-28,0.03340324082097612
2022-01-31,0.03315757619786641
2022-02-01,0.004590310680300691
2022-02-02,0.006496460829441109
2022-02-03,-0.01601691619269474
2022-02-04,0.0032320380521475567
2022-02-07,-0.0022893567016352145
2022-02-08,0.005378706088402518
2022-02-09,0.009573177335079563
2022-02-10,-0.011984640279276038
2022-02-11,-0.013304520892646443
2022-02-14,-0.0019524660500921387
2022-02-15,0.010267647619442766
2022-02-16,0.0008307926820712019
2022-02-17,-0.014027802564102188
2022-02-18,-0.0043033522464275276
2022-02-22,-0.006669222466606395
2022-02-23,-0.01123289548030093
2022-02-24,0.009041712448057515
2022-02-25,0.01375249158108427
2022-02-28,-0.001600223993837746
2022-03-01,0.0060629376077301345
2022-03-02,-0.0035018232320918052
2022-03-03,0.0020041886118515873
2022-03-04,0.0053660691141455
2022-03-07,0.005061235740516867
2022-03-08,0.009398268410670152
2022-03-09,-0.01036770241500673
2022-03-10,0.001078788511862605
2022-03-11,-0.0024014631798818797
2022-03-14,-0.0051368203122152956
2022-03-15,-0.0063131386533440415
2022-03-16,0.0021020445501196416
2022-03-17,0.0016497974571041407
2022-03-18,-0.0029461229551587254
2022-03-21,0.0025698374483833497
2022-03-22,-0.002423705141435084
2022-03-23,0.004582292786420528
2022-03-24,0.002463645200296183
2022-03-25,-0.0013750012647189003
2022-03-28,-0.006140921448345216
2022-03-29,0.0001640711379622406
2022-03-30,0.0027009556189152573
2022-03-31,0.00014366187536074548
2022-04-01,-0.0005401802721239912
2022-04-04,0.007359241647926673
2022-04-05,-0.010439095006226418
2022-04-06,-0.0060463152604091075
2022-04-07,0.004559547936556552
2022-04-08,0.00041981934756285533
2022-04-11,-0.009602980476481116
2022-04-12,0.00015664623084665763
2022-04-13,0.009026943189716086
2022-04-14,-0.009088975863968285
2022-04-18,0.0011811767216769464
2022-04-19,0.004833447225126797
2022-04-20,0.0012059334567737778
2022-04-21,-0.010869001780592358
2022-04-22,-0.02080153037108934
2022-04-25,-0.002770166668875418
2022-04-26,-0.017429733897944666
2022-04-27,-0.0009411822170191098
2022-04-28,0.017093894138162646
2022-04-29,-0.023057511308897882
2022-05-02,-0.00615635498808853
2022-05-03,0.0008960413337979478
2022-05-04,0.0032624514611190314
2022-05-05,-0.0012426950249257995
2022-05-06,0.0005704900848952921
2022-05-09,-0.00477435850818031
2022-05-10,-0.0027478722423616153
2022-05-11,0.002689086292535059
2022-05-12,-0.005005639402673401
2022-05-13,-0.0026060153487966753
2022-05-16,0.003108695014462759
2022-05-17,-0.002012166260297543
2022-05-18,0.0001993552938657217
2022-05-19,0.004785177187661915
2022-05-20,0.00025514250080038714
2022-05-23,0.0015493490586842018
2022-05-24,0.0024954301025801318
2022-05-25,-0.0019600357474586216
2022-05-26,-0.0005788056242435058
2022-05-27,0.00019912222198037455
2022-05-31,-0.00321500593719104
2022-06-01,4.4444444444513564e-05
2022-06-02,4.484126984127812e-05
2022-06-03,4.6428571428558385e-05
2022-06-06,4.880952380981185e-05
2022-06-07,4.9206349206132316e-05
2022-06-08,4.960317460334096e-05
2022-06-09,4.999999999988347e-05
2022-06-10,5.3174603174666046e-05
2022-06-13,6.706349206342388e-05
2022-06-14,7.063492063497101e-05
2022-06-15,6.706349206320183e-05
2022-06-16,6.111111111106737e-05
2022-06-17,6.269841269834764e-05
2022-06-21,6.587301587268612e-05
2022-06-22,6.230158730158308e-05
2022-06-23,6.30952380951122e-05
2022-06-24,6.587301587290817e-05
2022-06-27,6.94444444444553e-05
2022-06-28,6.94444444444553e-05
2022-06-29,6.865079365070414e-05
2022-06-30,6.587301587290817e-05
2022-07-01,6.587301587268612e-05
2022-07-05,7.380952380953154e-05
2022-07-06,7.341269841276699e-05
2022-07-07,7.49999999998252e-05
2022-07-08,7.579365079357636e-05
2022-07-11,8.452380952395089e-05
2022-07-12,8.571428571424455e-05
2022-07-13,9.246031746035221e-05
2022-07-14,9.246031746057426e-05
2022-07-15,9.087301587307195e-05
2022-07-18,9.682539682542846e-05
2022-07-19,9.761904761895757e-05
2022-07-20,9.682539682542846e-05
2022-07-21,9.523809523814819e-05
2022-07-22,9.563492063491275e-05
2022-07-25,0.00010119047619028265
2022-07-26,9.841269841270872e-05
2022-07-27,9.404761904741044e-05
2022-07-28,9.325396825388133e-05
2022-07-29,9.285714285689473e-05
2022-08-01,9.841269841270872e-05
2022-08-02,9.841269841270872e-05
2022-08-03,9.682539682542846e-05
2022-08-04,9.563492063491275e-05
2022-08-05,9.841269841270872e-05
2022-08-08,0.00010198412698403381
2022-08-09,0.00010238095238102041
2022-08-10,0.00010158730158726925
2022-08-11,9.999999999998899e-05
2022-08-12,0.00010039682539675354
2022-08-15,0.00010436507936506523
2022-08-16,0.00010357142857153612
2022-08-17,0.00010277777777778496
2022-08-18,0.00010357142857153612
2022-08-19,0.00010476190476160774
2022-08-22,0.00010873015873014147
2022-08-23,0.00010753968253962576
2022-08-24,0.00010833333333337691
2022-08-25,0.00011031746031742173
2022-08-26,0.00011031746031719969
2022-08-29,0.00011468253968249797
2022-08-30,0.00011428571428595546
2022-08-31,0.00011388888888874682
2022-09-01,0.00011428571428551138
2022-09-02,0.00011309523809521771
2022-09-06,0.00011746031746029395
2022-09-07,0.00011825396825382306
2022-09-08,0.0001178571428570585
2022-09-09,0.0001182539682540451
2022-09-12,0.00012261904761912135
2022-09-13,0.000126587301587211
2022-09-14,0.00012460317460316617
2022-09-15,0.000123809523809415
2022-09-16,0.00012301587301610795
2022-09-19,0.00013055555555530063
2022-09-20,0.00012936507936500696
2022-09-21,0.00012738095238096214
2022-09-22,0.00012658730158743303
2022-09-23,0.00012380952380919297
2022-09-26,0.00013095238095228723
2022-09-27,0.000129365079365229
2022-09-28,0.00013055555555552267
2022-09-29,0.00012936507936500696
2022-09-30,0.0001277777777777267
2022-10-03,0.0001325396825395675
2022-10-04,0.00013174603174603838
2022-10-05,0.00013214285714302498
2022-10-06,0.00013174603174581634
2022-10-07,0.00013134920634949587
2022-10-10,0.00013134920634927383
2022-10-11,0.0001400793650794263
2022-10-12,0.00014126984126994202
2022-10-13,0.00014444444444450255
2022-10-14,0.0001448412698412671
2022-10-17,0.00015158730158737477
2022-10-18,0.00015436507936517074
2022-10-19,0.00015515873015869985
2022-10-20,0.00015515873015869985
2022-10-21,0.00015476190476171325
2022-10-24,0.00015873015873024698
2022-10-25,0.00015753968253973127
2022-10-26,0.0001563492063494376
2022-10-27,0.00015674603174598012
2022-10-28,0.00015833333333326038
2022-10-31,0.00016111111111105636
2022-11-01,0.00016111111111105636
2022-11-02,0.00016031746031752725
2022-11-03,0.00016111111111105636
2022-11-04,0.0001595238095237761
2022-11-07,0.00016349206349208778
2022-11-08,0.00016269841269833663
2022-11-09,0.00016309523809532323
2022-11-10,0.00016230158730157207
2022-11-11,0.00016230158730157207
2022-11-14,0.000165079365079146
2022-11-15,0.0001642857142856169
2022-11-16,0.0001642857142856169
2022-11-17,0.00016388888888885234
2022-11-18,0.0001646825396826035
2022-11-21,0.00016785714285716402
2022-11-22,0.00016706349206341287
2022-11-23,0.00016706349206341287
2022-11-25,0.0001674603174606215
2022-11-28,0.00017063492063473795
2022-11-29,0.00016944444444466633
2022-11-30,0.00016944444444422224
2022-12-01,-2.010945254127261e-05
2022-12-02,-0.0008760941485230767
2022-12-05,-0.011882326102508833
2022-12-06,-0.009223792885188042
2022-12-07,-0.0011654646018193215
2022-12-08,0.004898449309184594
2022-12-09,-0.004582047753114993
2022-12-12,0.009078013872914514
2022-12-13,0.00518940404885182
2022-12-14,-0.004072123859785948
2022-12-15,-0.015961891917743443
2022-12-16,-0.007341678512553407
2022-12-19,-0.0053451487197243575
2022-12-20,0.001009914592399408
2022-12-21,0.009306700110881971
2022-12-22,-0.008950577632734324
2022-12-23,0.003489893801380317
2022-12-27,-0.002418366109246617
2022-12-28,-0.007444036283785538
2022-12-29,0.01058191905821304
2022-12-30,-0.001526930012766603
2023-01-03,0.0029066209603350046
2023-01-04,0.0032707434891203757
2023-01-05,-0.004080024108567337
2023-01-06,0.006374287064848438
2023-01-09,0.0008793358231817816
2023-01-10,0.0013657924473151617
2023-01-11,-0.00011356593508693447
2023-01-12,0.004045433263298204
2023-01-13,0.004223044371632456
2023-01-17,-0.0021375542489516786
2023-01-18,-0.0008672082366359968
2023-01-19,0.0055536118000047985
2023-01-20,-0.0010354786567090546
2023-01-23,0.0007736770088373479
2023-01-24,0.001369231712097685
2023-01-25,0.0017129745669712815
2023-01-26,-0.0030277414623951504
2023-01-27,-0.000362231196753271
2023-01-30,-0.0007659909501487316
2023-01-31,0.0013711101092452882
2023-02-01,0.025724263290357152
2023-02-02,0.02649177859360563
2023-02-03,-0.027626816036333768
2023-02-06,-0.009415768417957437
2023-02-07,0.02359486315617576
2023-02-08,-0.019562283291716498
2023-02-09,-0.014960210001212615
2023-02-10,-0.002372683363430217
2023-02-13,0.017314008626698962
2023-02-14,0.00461434881777989
2023-02-15,0.004713007041701411
2023-02-16,-0.023662177795217954
2023-02-17,-0.005864050378108776
2023-02-21,-0.031123521300211343
2023-02-22,-0.002120305936838651
2023-02-23,0.008961057589795818
2023-02-24,-0.021480715905946357
2023-02-27,0.008427243712727961
2023-02-28,-0.00209179430143569
2023-03-01,-0.005835544017054328
2023-03-02,0.010341918968232777
2023-03-03,0.02774211603260035
2023-03-06,-0.0008474099270534552
2023-03-07,-0.02429564853007582
2023-03-08,0.004321476573016181
2023-03-09,-0.021654970442341326
2023-03-10,-0.011599447820581643
2023-03-13,0.011768788434198596
2023-03-14,0.023883299650991674
2023-03-15,0.0020726649160320854
2023-03-16,0.028950312336263773
2023-03-17,-0.0007185820853486957
2023-03-20,0.0082928550878274
2023-03-21,0.011305376064512762
2023-03-22,-0.014655174316644315
2023-03-23,0.014109842081409862
2023-03-24,0.002466593017634855
2023-03-27,-0.006892002104583073
2023-03-28,-0.002113183469817148
2023-03-29,0.019926694899369712
2023-03-30,0.012648292745212064
2023-03-31,0.018812253680880797
2023-04-03,0.0031772157123222122
2023-04-04,0.0004521876765719579
2023-04-05,-0.00915693655137828
2023-04-06,0.004618038569311977
2023-04-10,-0.0025222888911511365
2023-04-11,-0.0019146106144063424
2023-04-12,-0.006887871501732312
2023-04-13,0.025723880905952567
2023-04-14,-0.009000174240356484
2023-04-17,0.0012117502797597268
2023-04-18,0.0018339792804300536
2023-04-19,-0.002140284477750165
2023-04-20,-0.0075953818309743015
2023-04-21,-0.0026856223230231624
2023-04-24,0.0003388619438438045
2023-04-25,-0.021256810444595597
2023-04-26,-0.0010917335379095894
2023-04-27,0.030545667094129092
2023-04-28,0.010082765709126695
2023-05-01,-0.002950902568681135
2023-05-02,-0.007156492568615502
2023-05-03,-0.005742487718164435
2023-05-04,-0.004817620149509483
2023-05-05,0.020026612056724735
2023-05-08,0.002152363218747899
2023-05-09,-0.0046655422044673545
2023-05-10,0.009629679708241135
2023-05-11,-0.00219288682627361
2023-05-12,-0.004076306767323179
2023-05-15,0.006477452342396495
2023-05-16,-0.007840491503465774
2023-05-17,0.014949107972133557
2023-05-18,0.01437501185155976
2023-05-19,0.0005231527708027262
2023-05-22,0.0013938812103682086
2023-05-23,-0.015629435530729596
2023-05-24,-0.011251465723566834
2023-05-25,0.019120377387844334
2023-05-26,0.027942494003812435
2023-05-30,0.005112357054052552
2023-05-31,-0.007781454465802473
2023-06-01,0.016958128453012478
2023-06-02,0.009884059390632194
2023-06-05,0.000702636891939612
2023-06-06,0.00181275675879089
2023-06-07,-0.017787267297182607
2023-06-08,0.0162533791799071
2023-06-09,0.0025663420037336238
2023-06-12,0.017438151474400865
2023-06-13,0.00696568522058949
2023-06-14,0.006042382610923269
2023-06-15,0.018386477226823406
2023-06-16,-0.007496681584748588
2023-06-20,-0.00738221714931242
2023-06-21,-0.013759366669863993
2023-06-22,0.007273684185846285
2023-06-23,-0.011613476021198998
2023-06-26,-0.011517504833104764
2023-06-27,0.017687012969586302
2023-06-28,0.0008161076806174616
2023-06-29,0.0005143685595658809
2023-06-30,0.02072752766361896
2023-07-03,0.0028388437440862724
2023-07-05,-0.002690332673997764
2023-07-06,-0.011498011532969032
2023-07-07,-0.0015750993136679492
2023-07-10,0.0022527927925339863
2023-07-11,0.008531578442383614
2023-07-12,0.01824618669578726
2023-07-13,0.016048621392407147
2023-07-14,-0.0015897695554590863
2023-07-17,0.008639906319108048
2023-07-18,0.014266793325798055
2023-07-19,0.0005283931662238839
2023-07-20,-0.021613853928612592
2023-07-21,-0.0030157467125185855
2023-07-24,0.0024804465732359837
2023-07-25,0.008337866714201336
2023-07-26,-0.0007396245645774346
2023-07-27,-0.011656965438345601
2023-07-28,0.021129394706176807
2023-07-31,0.002886533129015767
2023-08-01,-0.007499526082143881
2023-08-02,-0.025466258000590325
2023-08-03,-0.003602062157081032
2023-08-04,-0.004839150343734722
2023-08-07,0.010334460580858185
2023-08-08,-0.010781088855485121
2023-08-09,-0.013441250225912804
2023-08-10,0.0008193628250789953
2023-08-11,-0.004748650023716161
2023-08-14,0.009902862739547214
2023-08-15,-0.015740748593502496
2023-08-16,-0.014257180798951219
2023-08-17,-0.012913018071046944
2023-08-18,-0.0005506312468804841
2023-08-21,0.015702889570152756
2023-08-22,-0.002346891298074527
2023-08-23,0.020798232839898345
2023-08-24,-0.023503824128731754
2023-08-25,0.009147103547389346
2023-08-28,0.010034822881052285
2023-08-29,0.026708605795854545
2023-08-30,0.007049510327379327
2023-08-31,-0.0001980500991755063
2023-09-01,0.0010088697006449543
2023-09-05,-0.005097067038236869
2023-09-06,-0.012049544353507025
2023-09-07,-0.006768737275303249
2023-09-08,0.001864946352402308
2023-09-11,0.012686936019696393
2023-09-12,-0.012871187288425623
2023-09-13,0.002444642994514634
2023-09-14,0.010958082817872139
2023-09-15,-0.01770157298819286
2023-09-18,0.0032258560554923044
2023-09-19,-0.0031449858101604278
2023-09-20,-0.01483641998012919
2023-09-21,-0.02548108570228369
2023-09-22,-0.0003474627684001419
2023-09-25,0.0036854283664358167
2023-09-26,-0.022237226147743705
2023-09-27,-0.002449592996323746
2023-09-28,0.00693664202452382
2023-09-29,-0.004915242398755737
2023-10-02,0.0052190058211620816
2023-10-03,-0.020651571598466978
2023-10-04,0.013659182244644796
2023-10-05,-0.002624754405851193
2023-10-06,0.018785938637071675
2023-10-09,0.007802600251203273
2023-10-10,0.006886525295463741
2023-10-11,0.007888364632297584
2023-10-12,-0.006788219108093241
2023-10-13,-0.01183250192780727
2023-10-16,0.014721344912454581
2023-10-17,-0.002390624143582376
2023-10-18,-0.01843418387144069
2023-10-19,-0.01228130697926344
2023-10-20,-0.017945347556650892
2023-10-23,0.0006373166818514076
2023-10-24,0.011543515619667488
2023-10-25,-0.025928620669326996
2023-10-26,-0.020533497243595322
2023-10-27,-6.629682871017728e-06
2023-10-30,0.014848631503218135
2023-10-31,0.00730063620415633
2023-11-01,0.010599834411514575
2023-11-02,0.013263521121992694
2023-11-03,0.009330253069324446
2023-11-06,0.0002888026168395008
2023-11-07,0.0053654566203305
2023-11-08,-0.002534910199275764
2023-11-09,-0.004430719590236776
2023-11-10,0.012277538941666943
2023-11-13,-0.0004052329158227286
2023-11-14,0.018527174612082753
2023-11-15,-0.00025160880328811697
2023-11-16,0.004222401370571838
2023-11-17,-2.4174016338252002e-05
2023-11-20,0.008740007289821605
2023-11-21,-0.0014881074615106238
2023-11-22,0.0019756749265982254
2023-11-24,0.00036223854524064514
2023-11-27,0.001506637786536702
2023-11-28,0.006100279589600799
2023-11-29,-0.00033926633265246586
2023-11-30,-0.0032655863947180785
2023-12-01,0.011532982228975586
2023-12-04,-0.017195825874570247
2023-12-05,0.00023733438335704626
2023-12-06,-0.005423595782344526
2023-12-07,0.01471424915466435
2023-12-08,0.0009627453334488667
2023-12-11,0.004847469674602367
2023-12-12,0.008339975498424579
2023-12-13,0.024828796973190848
2023-12-14,0.0033564166683233143
2023-12-15,-0.001743911771163953
2023-12-18,0.010335673674882306
2023-12-19,0.00954489501802458
2023-12-20,-0.02224818890448854
2023-12-21,0.016851743529214147
2023-12-22,0.003729356962562269
2023-12-26,0.00904483478388185
2023-12-27,0.003989896393108205
2023-12-28,-0.0024153922892959923
2023-12-29,-0.005288852420151424
2024-01-02,-0.01595713738053095
2024-01-03,-0.015385108950501825
2024-01-04,-0.005560551510195633
2024-01-05,0.001724263930268144
2024-01-08,0.02009587579591643
2024-01-09,0.00020137350072180205
2024-01-10,0.007356256295355967
2024-01-11,0.001246708083119552
2024-01-12,0.0039295638147474055
2024-01-16,-0.005796677013019114
2024-01-17,-0.011298729017538034
2024-01-18,0.018046489453951597
2024-01-19,0.022334557785389952
2024-01-22,0.0010524673441438814
2024-01-23,0.00605161308899449
2024-01-24,0.0014894473123190366
2024-01-25,0.005570465257169754
2024-01-26,-0.005349386785541421
2024-01-29,0.014573188642336143
2024-01-30,-0.005083367743053735
2024-01-31,-0.024657816496596374
2024-02-01,0.019892388335485567
2024-02-02,0.014989092764259304
2024-02-05,-0.005474875928869638
2024-02-06,0.002238030355078413
2024-02-07,0.012252886282996922
2024-02-08,0.0011011446819353399
2024-02-09,0.009241232499460406
2024-02-12,-0.004169789456385131
2024-02-13,-0.02449508470939732
2024-02-14,0.013382164358772597
2024-02-15,0.008309237189342511
2024-02-16,-0.008561173777624442
2024-02-20,-0.007042159715198948
2024-02-21,-0.0023574149702291214
2024-02-22,0.03377666487263209
2024-02-23,-1.848998670739288e-05
2024-02-26,-0.0036842865711691486
2024-02-27,0.0024006088126964364
2024-02-28,-0.004361952027094662
2024-02-29,0.009870760882372487
2024-03-01,0.02249110558857259
2024-03-04,0.0017551377418703051
2024-03-05,-0.016381860824350336
2024-03-06,0.010125830638229028
2024-03-07,0.018256484829028086
2024-03-08,-0.010917170299202916
2024-03-11,-0.0025756366278604226
2024-03-12,0.012582835451754537
2024-03-13,-0.003943469894793994
2024-03-14,-0.004801281298032256
2024-03-15,-0.01352263583408242
2024-03-18,0.010647086229334413
2024-03-19,0.004808725510977441
2024-03-20,0.01764007433706083
2024-03-21,0.0044240032946836205
2024-03-22,-0.0031592334930719
2024-03-25,-0.0032208513544214057
2024-03-26,-0.0025484620841296213
2024-03-27,0.010230960115324983
2024-03-28,0.0025773224889868995
2024-04-01,0.003804001513172617
2024-04-02,-0.005378318111326275
2024-04-03,0.005032200167614631
2024-04-04,-0.020536432286702766
2024-04-05,0.020591018576660902
2024-04-08,0.0025688780715047432
2024-04-09,0.004874971855180155
2024-04-10,-0.015728482712914715
2024-04-11,0.022072890401880763
2024-04-12,-0.024334643750217433
2024-04-15,-0.012259682513243386
2024-04-16,-0.0006945776615958632
2024-04-17,-0.014429608328959564
2024-04-18,-0.004081216123126952
2024-04-19,-0.01718257876407936
2024-04-22,0.00219858224951186
2024-04-23,0.016200599304610375
2024-04-24,0.000983748553962327
2024-04-25,-0.004023365196876627
2024-04-26,0.017230591624118663
2024-04-29,0.0038459808938235973
2024-04-30,-0.02953852233382548
2024-05-01,-0.004153716055673606
2024-05-02,0.01326884474814305
2024-05-03,0.0214519353703837
2024-05-06,0.01780215278822528
2024-05-07,-0.0009724120759829757
2024-05-08,-0.0012617360159603574
2024-05-09,0.009904765380532643
2024-05-10,0.0052283306713081235
2024-05-13,-0.0021246647888152337
2024-05-14,0.00983913708448525
2024-05-15,0.02293384087904715
2024-05-16,-0.004243532101941727
2024-05-17,0.005967432367452785
2024-05-20,0.006606258413985655
2024-05-21,0.0022424790754449475
2024-05-22,-0.008051641527464293
2024-05-23,-0.014670135360043246
2024-05-24,0.011371904117836618
2024-05-28,0.006061252671537121
2024-05-29,-0.012649264379470448
2024-05-30,-0.01164414721288698
2024-05-31,0.004006860248849664
2024-06-03,0.005619572785179772
2024-06-04,-0.0006883064448857112
2024-06-05,0.0255052044267281
2024-06-06,0.0019617108542595574
2024-06-07,-0.013576020162964109
2024-06-10,0.007688657150819456
2024-06-11,0.006980581829570509
2024-06-12,0.015501187537932282
2024-06-13,0.002162711349697366
2024-06-14,0.007792031411798073
2024-06-17,0.012160998873034456
2024-06-18,0.002985490227998877
2024-06-20,-0.003749360443741634
2024-06-21,-0.008415444845237818
2024-06-24,-0.008616091186966157
2024-06-25,0.009111179514069478
2024-06-26,-0.0006804952647943008
2024-06-27,0.00602176692594969
2024-06-28,-0.0068248978881202405
2024-07-01,0.006395435143249362
2024-07-02,0.011250821671957345
2024-07-03,0.011997242349116144
2024-07-05,0.015211216874091216
2024-07-08,-0.0017908049623870381
2024-07-09,0.0014815572633148921
2024-07-10,0.01496391830566246
2024-07-11,-0.015642889114782177
2024-07-12,0.007655234903330976
2024-07-15,0.0047356079251938965
2024-07-16,0.010736883374125261
2024-07-17,-0.03074897836550672
2024-07-18,-0.01058312473122125
2024-07-19,-0.01659288804899406
2024-07-22,0.016472303307780267
2024-07-23,-0.0022508449335403302
2024-07-24,-0.04017188475931244
2024-07-25,-0.015972694869066273
2024-07-26,0.01729797582237147
2024-07-29,0.0010791636691098727
2024-07-30,-0.00883911124092518
2024-07-31,0.035142024834120544
2024-08-01,-0.026292485751149286
2024-08-02,-0.028914132919725333
2024-08-05,-0.04235896589183885
2024-08-06,0.008598487768413765
2024-08-07,-0.011885312927964131
2024-08-08,0.03996101951113329
2024-08-09,0.006892219877180361
2024-08-12,0.007386838087805048
2024-08-13,0.026077500915082874
2024-08-14,-0.0005174153899331069
2024-08-15,0.028759283242176137
2024-08-16,0.009180269927897555
2024-08-19,0.014472486400788132
2024-08-20,-0.001397911449710465
2024-08-21,0.005145656482867134
2024-08-22,-0.020276300646513534
2024-08-23,0.017839166647354743
2024-08-26,-0.007181032641246254
2024-08-27,0.003787427513573638
2024-08-28,-0.01388791095115971
2024-08-29,0.0005878532144560911
2024-08-30,0.01144670051856811
2024-09-03,-0.03560707452577372
2024-09-04,-0.0030955870285813702
2024-09-05,0.0019332426749718579
2024-09-06,-0.031141988019463662
2024-09-09,0.016504555894338413
2024-09-10,0.010198489795984145
2024-09-11,0.019678381981537596
2024-09-12,0.018366131900913407
2024-09-13,0.009230015143348202
2024-09-16,-0.001991127659669689
2024-09-17,-0.0013245037298621476
2024-09-18,-0.007882294800061307
2024-09-19,0.03332070602850079
2024-09-20,0.0012645640193571506
2024-09-23,0.004118734629734888
2024-09-24,0.009771455326868406
2024-09-25,-0.001161102195668784
2024-09-26,0.00898584959693749
2024-09-27,-0.007736738015326594
2024-09-30,0.0017788146495782975
2024-10-01,-0.012147381389496559
2024-10-02,0.0013249088627780292
2024-10-03,-0.0020044071536324815
2024-10-04,0.01289901371125679
2024-10-07,-0.014498238856781809
2024-10-08,0.013414539196927366
2024-10-09,0.007870519781451035
2024-10-10,0.0005862952441251235
2024-10-11,0.007932907884398377
2024-10-14,0.01056770682944097
2024-10-15,-0.013160465563608614
2024-10-16,0.004576325303157658
2024-10-17,0.0024803935257362575
2024-10-18,0.010043448789035292
2024-10-21,0.00014594374717447067
2024-10-22,0.003749136623878435
2024-10-23,-0.02049359654591809
2024-10-24,0.009264955456858015
2024-10-25,0.0042344450074642825
2024-10-28,0.0020155818698810446
2024-10-29,0.010964675495414022
2024-10-30,-0.005265239834738367
2024-10-31,-0.034905829875944705
2024-11-01,0.005970983916916417
2024-11-04,-0.003051965513562238
2024-11-05,0.017279982352258916
2024-11-06,0.025075372652760164
2024-11-07,0.021151982384431278
2024-11-08,0.001235780130227404
2024-11-11,-0.007104593969759154
2024-11-12,-0.0060485422505585085
2024-11-13,-0.003652526253285271
2024-11-14,-0.010488020427309452
2024-11-15,-0.02669189346670997
2024-11-18,0.013687631186642069
2024-11-19,0.009686948056105926
2024-11-20,0.0015687587434209949
2024-11-21,0.008642969382034904
2024-11-22,0.006823693557340471
2024-11-25,-0.005852819146911603
2024-11-26,0.008013200892767802
2024-11-27,-0.0072549202919443
2024-11-29,0.012446597262846693
2024-12-02,0.005609288878589913
2024-12-03,0.0029745086348915706
2024-12-04,0.013350358797151296
2024-12-05,-0.005399871308393811
2024-12-06,0.007323858413299078
2024-12-09,-0.005922508128762716
2024-12-10,-0.00017499814655652646
2024-12-11,0.02035835907975292
2024-12-12,-0.012784922673526378
2024-12-13,0.0009174707705790208
2024-12-16,0.013546995947556928
2024-12-17,-0.0072065032603149115
2024-12-18,-0.05047341371183511
2024-12-19,-0.0037925273785821556
2024-12-20,0.01690067159867792
2024-12-23,0.009031063479864487
2024-12-24,0.016929570954522744
2024-12-26,0.0016025404995718695
2024-12-27,-0.018735793970017456
2024-12-30,-0.017851415901519285
2024-12-31,-0.006380474324094609
2025-01-02,0.0012854705698941427
2025-01-03,0.016305421958893618
2025-01-06,0.011216398117479764
2025-01-07,-0.017965655938891656
2025-01-08,0.0024380960856700273
2025-01-10,-0.01761946877115128
2025-01-13,-0.004445528142793198
2025-01-14,0.001815570176727288
2025-01-15,0.029278959775511204
2025-01-16,-0.0033832614207617295
2025-01-17,0.015365142772166163
2025-01-21,0.01480957329173438
2025-01-22,0.014035640396683258
2025-01-23,0.0047024565233528826
2025-01-24,-0.004031253251640776
2025-01-27,-0.032710531969764256
2025-01-28,0.018376835846319883
2025-01-29,-0.005632010208092897
2025-01-30,0.011285449930571678
2025-01-31,-0.004226998959358075
2025-02-03,-0.00805925145045383
2025-02-04,0.015836829121189444
2025-02-05,0.0076040389051739155
2025-02-06,0.004752090999891934
2025-02-07,-0.01410030734856027
2025-02-10,0.017919723167738377
2025-02-11,-0.0024340800748610114
2025-02-12,-0.001288908873837591
2025-02-13,0.01969546484205864
2025-02-14,-0.0026061737197888846
2025-02-18,0.008697027916828581
2025-02-19,0.0019665055225568384
2025-02-20,-0.005625901735741401
2025-02-21,-0.02570542787951935
2025-02-24,-0.0092148345494657
2025-02-25,-0.016160581491330817
2025-02-26,0.002145589341534526
2025-02-27,-0.033535048642578835
2025-02-28,0.017445529245387892
2025-03-03,-0.02128716270959774
2025-03-04,-0.00744712016206639
2025-03-05,0.016213806361866645
2025-03-06,-0.031351461391012636
2025-03-07,0.007778331567911856
2025-03-10,-0.04469736195716034
2025-03-11,-0.0033017840795834807
2025-03-12,0.011964654512847783
2025-03-13,-0.01343082244599425
2025-03-14,0.027403568392030397
2025-03-17,0.010795034873738896
2025-03-18,-0.01303590590488779
2025-03-19,0.015991817270951003
2025-03-20,-0.004098812869649193
2025-03-21,-0.0008873639296084201
2025-03-24,0.022635860272504527
2025-03-25,0.006764872955974166
2025-03-26,-0.019446402359615478
2025-03-27,-0.0007736625296860256
2025-03-28,-0.026281880498110977
2025-03-31,0.009076577532400654
2025-04-01,-0.0005482990080909467
2025-04-02,0.0007943640826151288
2025-04-03,-0.0019012837843682684
2025-04-04,-0.0076531774951719145
2025-04-07,-0.006906465586275057
2025-04-08,0.0018647568836684947
2025-04-09,0.01206148496884385
2025-04-10,0.008194774012703965
2025-04-11,0.0065296248057831185
2025-04-14,-0.0018322216867885377
2025-04-15,0.0018851803828172642
2025-04-16,0.011182998457439863
2025-04-17,-0.0014160602023627344
2025-04-21,0.010826332808314021
2025-04-22,-0.004907285291872343
2025-04-23,-0.00828414540779765
2025-04-24,0.005123864929108768
2025-04-25,-0.0036608204520529597
2025-04-28,0.005025606286470419
2025-04-29,-0.0032841713348915613
2025-04-30,-0.002480740660071201
2025-05-01,-0.0068129847364103435
2025-05-02,0.0006869677195791013
2025-05-05,0.009938763524817151
2025-05-06,0.009513021056222426
2025-05-07,-0.005011989304890108
2025-05-08,-0.0065497829751934855
2025-05-09,0.0025327367258662914
2025-05-12,-0.009338909088100977
2025-05-13,0.0015151508884814202
2025-05-14,-0.006824836707016502
2025-05-15,0.0053044094349605775
2025-05-16,-0.0038580570304451722
2025-05-19,0.004311586923206434
2025-05-20,0.006233212042402458
2025-05-21,0.0025669487941455404
2025-05-22,-0.0028498263880575303
2025-05-23,0.007390749099481564
2025-05-27,-0.005600978914567345
2025-05-28,-0.0006428274917429366
2025-05-29,0.00208341409489865
2025-05-30,-0.0020838822813390445
2025-06-02,0.017614695796517532
2025-06-03,0.00616940947440181
2025-06-04,0.003545697305322504
2025-06-05,-0.010366968282841227
2025-06-06,0.008738591896312542
2025-06-09,0.002983015948579082
2025-06-10,0.008468598531681248
2025-06-11,-0.002517162122221306
2025-06-12,0.00805985560800715
2025-06-13,-0.011898394415549074
2025-06-16,0.01065243736455268
2025-06-17,-0.012299762649665702
2025-06-18,-0.00216540743830107
2025-06-20,-0.00496811813628939
2025-06-23,0.014519015999651996
2025-06-24,0.012380337228148797
2025-06-25,0.0030001667079437855
2025-06-26,0.011397765330584342
2025-06-27,-0.0005707359699264059
2025-06-30,0.011612801415553653
2025-07-01,-0.0032743070519168915
2025-07-02,0.00950774141150168
2025-07-03,0.00888194611307469
2025-07-07,-0.009550734072788392
2025-07-08,-0.003814413459486965
2025-07-09,0.0101285576685326
2025-07-10,0.0015931503503006095
2025-07-11,-0.0010459154977316976
2025-07-14,0.0022245896071462212
2025-07-15,-0.0038079623047216904
2025-07-16,0.004645070111143346
2025-07-17,0.008765232743776386
2025-07-18,-0.000669019531711057
2025-07-21,0.009721527308915956
2025-07-22,-0.0003261627527579858
2025-07-23,0.0044180871114156695
2025-07-24,-0.0002432111368294576
2025-07-25,0.0008441027552517077
2025-07-28,-0.00016553485225601072
2025-07-29,-0.0019971783002592502
2025-07-30,-0.005547438255575465
2025-07-31,-0.004483957433631058
2025-08-01,-0.017585180275751955
2025-08-04,0.02386011749888972
2025-08-05,-0.007514910956774812
2025-08-06,0.012340656414413065
2025-08-07,0.004628080993214878
2025-08-08,0.01075215927992379
2025-08-11,-0.008335919893762478
2025-08-12,0.015257520771587485
2025-08-13,0.0035483451141480327
2025-08-14,-0.0026821819936250213
2025-08-15,-0.004634042760480073
2025-08-18,-0.0010107597389810152
2025-08-19,-0.01480174667830425
2025-08-20,-0.0025032552907678918
2025-08-21,-0.006867160583088339
2025-08-22,0.023619194113581043
2025-08-25,-0.005721651267391326
2025-08-26,0.007778223687082697
2025-08-27,0.0031254028478790996
2025-08-28,0.008749665103097826
2025-08-29,-0.008830994474462117
2025-09-02,-0.0026811300458633447
2025-09-03,0.011049265381146256
2025-09-04,0.009939501361589498
2025-09-05,0.003296971582904762
2025-09-08,0.008673130931229123
2025-09-09,0.0025291515989862567
2025-09-10,0.0032943003665526494
2025-09-11,0.008588622617147212
2025-09-12,0.0031424724661921477
2025-09-15,0.012695043128052586
2025-09-16,-0.0010707600838406606
2025-09-17,-0.004865226136224088
2025-09-18,0.008005734099330919
2025-09-19,0.010888580544856419
2025-09-22,0.01280346882677108
2025-09-23,-0.00670701964575704
2025-09-24,-0.007714863275547379
2025-09-25,-0.004695611600374905
2025-09-26,0.008223630946958105
2025-09-29,0.010371193839389337
2025-09-30,0.006932485747878081
2025-10-01,0.006080601528479335
2025-10-02,0.002139863862266056
2025-10-03,-0.00047396838736524227
2025-10-06,0.013611159576277565
2025-10-07,-0.00431023994291535
2025-10-08,0.01694621102091154
2025-10-09,-0.00902326897071648
2025-10-10,-0.038109310236989935
2025-10-13,0.032210377651674005
2025-10-14,-0.0026988719169982467
2025-10-15,0.013226632580414899
2025-10-16,0.001544557847942274
2025-10-17,0.000660471264931406
2025-10-20,0.027708642931951966
2025-10-21,-0.023263005824276983
2025-10-22,-0.009867390693890199
2025-10-23,0.010596973364602968
2025-10-24,0.010835382401416904
2025-10-27,0.010317895328946891
2025-10-28,0.004553184579933367
2025-10-29,0.0021344540799168588
2025-10-30,-0.011615365772129516
2025-10-31,0.0033761337496380772
2025-11-03,0.004927543979733606
2025-11-04,-0.027403586688951154
2025-11-05,0.01017375772519613
2025-11-06,-0.019980226124745593
2025-11-07,0.00046744912558716045
2025-11-10,0.03385513915873828
2025-11-11,0.0011219932306583136
2025-11-12,0.005316351083821225
2025-11-13,-0.027018124702482105
2025-11-14,-0.0063570233325810355
2025-11-17,-0.01569519385085527
2025-11-18,-0.010735942618354088
2025-11-19,0.006505214473536025
2025-11-20,-0.025067547132996526
2025-11-21,0.010431811105315214
2025-11-24,0.03141332811302755
2025-11-25,0.009598487703835534
2025-11-26,0.012788591543691163
2025-11-28,0.012671980467209076
2025-12-01,-0.003560680838360142
2025-12-02,0.004201188310335668
2025-12-03,0.0033480803881569265
2025-12-04,-2.0770824838978186e-06
2025-12-05,0.0031522587143715253
2025-12-08,-0.004379660443610711
2025-12-09,0.0021555611063570623
2025-12-10,0.008154270527948926
2025-12-11,0.0029362454709724872
2025-12-12,-0.018490548653592676
2025-12-15,-0.003969925387233952
2025-12-16,-0.0005611226199407904
2025-12-17,-0.016684264374260294
2025-12-18,0.013609438456963385
2025-12-19,0.014722160548722663
2025-12-22,0.01485222890708715
2025-12-23,0.010513535448460898
2025-12-24,0.0026054626465732422
2025-12-26,0.003557034810035109
2025-12-29,-0.020597966072517182
2025-12-30,-0.0022600345565945146
2025-12-31,-0.012676890602217328
2026-01-02,0.0012252171719047134
2026-01-05,0.018488516342363592
2026-01-06,0.013389437728990483
2026-01-07,-0.004791317682805718
2026-01-08,-0.00229828125530096
2026-01-09,0.013174864729075475
2026-01-12,0.007866766205028464
2026-01-13,-0.0030845155718204342
2026-01-14,-0.006503989163541557
2026-01-15,0.0014902981796138803
2026-01-16,-0.003180973096275408
2026-01-20,-0.014358219744965983
2026-01-21,0.02090913709349196
2026-01-22,0.01477957845263611
2026-01-23,0.007015384572799821
2026-01-26,0.011296200958536229
2026-01-27,0.01717712041088193
2026-01-28,0.015686757580393396
2026-01-29,-0.003956397826097802
2026-01-30,-0.048408924141252974
2026-02-02,-0.005122819206912377
2026-02-03,0.003968439536284674
2026-02-04,-0.015102386515711164
2026-02-05,-0.026774774152690473
2026-02-06,0.03689671111874926
2026-02-09,0.01654577115548328
2026-02-10,-0.008158226970968463
2026-02-11,0.005324932455458953
2026-02-12,-0.035388228461509796
2026-02-13,0.009826760217627628
2026-02-17,-0.010700080126928135
2026-02-18,0.01584796513332032
2026-02-19,-0.0032024569112699686
2026-02-20,0.017098936167529555
2026-02-23,-0.004994879755134685
2026-02-24,0.006179401804125462
2026-02-25,0.013515933253685386
2026-02-26,-0.008183080659909137
2026-02-27,-0.0004842647414668999
2026-03-02,0.00510790256449134
2026-03-03,-0.027947487688270378
2026-03-04,0.017230591631480108
2026-03-05,-0.00961310556781969
2026-03-06,-0.014134234198821427
2026-03-09,0.013948664823945967
2026-03-10,0.00224004837529157
2026-03-11,-0.0018809622081548127
2026-03-12,-0.028266721612594914
2026-03-13,-0.012339558889804092
2026-03-16,0.013631222970723389
2026-03-17,0.004344804693376059
2026-03-18,-0.029179374214687526
2026-03-19,-0.017641917787312056
2026-03-20,-0.03239252577946872
2026-03-23,0.007880836645864697
2026-03-24,-0.007460095557756508
2026-03-25,0.01753229464371997
2026-03-26,-0.040208111369402166
2026-03-27,-0.014109400524384141
2026-03-30,-0.0073583912423597075
2026-03-31,0.054090207614355235
2026-04-01,0.005928776817001324
2026-04-02,-0.006381637096030457
2026-04-06,-0.0012677272867257505
2026-04-07,0.003324287478955412
2026-04-08,0.0021992322805044484
2026-04-09,0.002703525164020837
2026-04-10,-0.0005056475120308601
2026-04-13,-0.001267753975728425
2026-04-14,0.007597783065354413
2026-04-15,-0.0034483362620311153
2026-04-16,-0.00019673598979097484
2026-04-17,0.004587860651035891
2026-04-20,-0.002841117252285308
2026-04-21,-0.009504748445467115
2026-04-22,0.004499791939961861
2026-04-23,-0.0031569848304185966
2026-04-24,0.0018036649058306153
2026-04-27,-0.002497625162399597
2026-04-28,-0.006077820955634916
2026-04-29,-0.003406447049637773
2026-04-30,0.004977082584885828
2026-05-01,0.007850010884109304
2026-05-04,-0.01028197177072021
2026-05-05,0.016656142994671663
2026-05-06,0.03317055368905719
2026-05-07,-0.002377961799462036
2026-05-08,0.022815678151877572
2026-05-11,0.0041610842786818925
2026-05-12,-0.008162845141878816
2026-05-13,0.009018322701663806
2026-05-14,0.007883332184922764
2026-05-15,-0.02627317726429046
2026-05-18,-0.002989298916071248
2026-05-19,-0.013703853772692232
2026-05-20,0.02290176045833192
2026-05-21,0.002173538090609606
2026-05-22,0.0028302901788432866
2026-05-26,0.017236562375070985
2026-05-27,-0.004843644669106584
2026-05-28,0.012850153988250845
2026-05-29,0.007203103011110157
2026-06-01,0.0009102149917172841
2026-06-02,0.0045062891075271505
2026-06-03,-0.009706470263476041
2026-06-04,0.0017108696477421415
2026-06-05,-0.06159661698185648
2026-06-08,0.012272083340796547
2026-06-09,-0.015010832848155964
2026-06-10,-0.037874291147515615
2026-06-11,0.04337700644721498
2026-06-12,0.008008718893199651
2026-06-15,0.041007908173781527
2026-06-16,-0.015742383345088262
2026-06-17,-0.022490912713968747
2026-06-18,0.020715512408679748
2026-06-22,-0.00493961605025961
2026-06-23,-0.03840927295116814
2026-06-24,-0.013235171884220853
2026-06-25,0.008254231947301793
2026-06-26,-0.009439750604744335
2026-06-29,0.02273358751457577
2026-06-30,0.016356507745058257
2026-07-01,-0.010644476225884603
2026-07-02,-0.012456677274048866
2026-07-06,0.014844782378807153
2026-07-07,-0.015279606474056129
2026-07-08,-0.0006924128947730646
2026-07-09,0.016422261620693046
2026-07-10,0.004738358009845234
2026-07-13,-0.017505586753872593
2026-07-14,0.00951353500088059
2026-07-15,0.0007898993652977193
2026-07-16,-0.014089911105976904
2026-07-17,-0.0166013049906506
2026-07-20,-0.0004975337496605503
2026-07-21,0.017282212040572453
2026-07-22,-0.00416819026949411
