,ret
2000-02-01,0.03280409181452981
2000-02-02,0.008367336121636315
2000-02-03,0.049208030393542934
2000-02-04,0.002662637936997614
2000-02-07,0.011765835457179019
2000-02-08,0.05213007594412833
2000-02-09,-0.053004070623230315
2000-02-10,0.03381005351266486
2000-02-11,-0.0402323299690035
2000-02-14,0.0032595314766290517
2000-02-15,0.01622924725365027
2000-02-16,-0.016956860916066185
2000-02-17,0.017034406675067837
2000-02-18,-0.05442748822307253
2000-02-22,0.0009821613569607202
2000-02-23,0.06588104322611055
2000-02-24,0.007411168489177333
2000-02-25,-0.025211207965441962
2000-02-28,-0.000683840668080693
2000-02-29,0.028397236651243274
2000-03-01,0.013714492948000645
2000-03-02,-0.020491765115379645
2000-03-03,0.06654874538467603
2000-03-06,-0.0017181702473749727
2000-03-07,-0.03126313979745876
2000-03-08,0.007151817927456117
2000-03-09,0.05678587830252746
2000-03-10,-0.008957767884021584
2000-03-13,-0.034583180139408976
2000-03-14,-0.04718254397199506
2000-03-15,-0.017457993288003792
2000-03-16,0.09241519883704608
2000-03-17,0.02241643019528361
2000-03-20,-0.029707917675475315
2000-03-21,0.051576919937882604
2000-03-22,0.023067766423634062
2000-03-23,0.03133140413705027
2000-03-24,0.017322693931034472
2000-03-27,-0.00869806394437056
2000-03-28,-0.028633227400943206
2000-03-29,-0.035891683235176663
2000-03-30,-0.03761775351969743
2000-03-31,0.028344395434646064
2000-04-03,-0.04891431269266955
2000-04-04,-0.01541712051247568
2000-04-05,-0.02092940774733454
2000-04-06,0.027546437983412497
2000-04-07,0.03932295150600451
2000-04-10,-0.05657651486614079
2000-04-11,-0.022132294785280338
2000-04-12,-0.07357849752761525
2000-04-13,-0.04672666290115457
2000-04-14,-0.12125855153961795
2000-04-17,0.07738058498674616
2000-04-18,0.020361883510191747
2000-04-19,-0.02415816352383815
2000-04-20,-0.016495313011693047
2000-04-24,-0.021160386353121563
2000-04-25,0.04812954787591517
2000-04-26,-0.02634198874464122
2000-04-27,0.03276686227708159
2000-04-28,0.02986108695516987
2000-05-01,0.020309976896838
2000-05-02,-0.06996715751077498
2000-05-03,-0.03158163373578471
2000-05-04,0.008546818181101923
2000-05-05,0.03143092335504294
2000-05-08,-0.04108122947097004
2000-05-09,-0.02565209471653751
2000-05-10,-0.08152116777337504
2000-05-11,0.06921684200687128
2000-05-12,0.010277665215928877
2000-05-15,0.05134761722203263
2000-05-16,0.03236696648495774
2000-05-17,-0.027503267914949614
2000-05-18,-0.0416566984769603
2000-05-19,-0.053511802646827866
2000-05-22,-0.008290142725305594
2000-05-23,-0.07924223534146624
2000-05-24,0.016963419124159218
2000-05-25,-0.018181983138095825
2000-05-26,0.0002242063492063906
2000-05-30,0.00022222222222212373
2000-05-31,0.00021746031746028294
2000-06-01,0.01576099707152423
2000-06-02,0.015973043586448243
2000-06-05,-0.004540031834474045
2000-06-06,-0.004141456517205988
2000-06-07,0.0064069273194291565
2000-06-08,-0.0036475770933388496
2000-06-09,-0.001969996630356352
2000-06-12,-0.010831576813878807
2000-06-13,0.017116115085785255
2000-06-14,0.0015742361686961193
2000-06-15,0.001967936577298879
2000-06-16,-0.007669695062047399
2000-06-19,0.011828695247853682
2000-06-20,-0.0033555157051168294
2000-06-21,-0.0003961488636139432
2000-06-22,-0.014191254575781742
2000-06-23,-0.007868629838533314
2000-06-26,0.011700520082742916
2000-06-27,-0.00678503943209241
2000-06-28,0.002558820257554384
2000-06-29,-0.008644910203382983
2000-06-30,0.006875648254853539
2000-07-03,0.029633445555245386
2000-07-05,-0.05155738987528191
2000-07-06,0.030379234569952507
2000-07-07,0.03283077573057569
2000-07-10,-0.015509476734648087
2000-07-11,0.006584983648300957
2000-07-12,0.026993958234937443
2000-07-13,0.015488195935180471
2000-07-14,0.028447282481362413
2000-07-17,0.00880928810151227
2000-07-18,-0.02835931320233176
2000-07-19,-0.028437664205693824
2000-07-20,0.041657934893532644
2000-07-21,-0.04890984042530411
2000-07-24,-0.0242630464889676
2000-07-25,0.009778860782744925
2000-07-26,-0.01015078858477736
2000-07-27,-0.03916603762897275
2000-07-28,-0.06868098747844342
2000-07-31,0.030540615923889902
2000-08-01,0.005515411620441224
2000-08-02,0.004531529451055949
2000-08-03,0.006301851339834519
2000-08-04,0.004924085811212953
2000-08-07,0.011026477081398589
2000-08-08,0.0035443665821848214
2000-08-09,-0.007878951166632064
2000-08-10,-0.00452524272458632
2000-08-11,0.004328745982396187
2000-08-14,0.011800430588742916
2000-08-15,-0.0007894368270043861
2000-08-16,-0.003345022794646435
2000-08-17,0.009828787554801766
2000-08-18,-0.003149779112378237
2000-08-21,0.005107465291362079
2000-08-22,-0.0015761812403219944
2000-08-23,0.003729765031101895
2000-08-24,0.0029423538859498777
2000-08-25,-0.0003970949849665395
2000-08-28,0.00323552723351872
2000-08-29,0.0001908633470881771
2000-08-30,-0.009133938588372414
2000-08-31,0.01255053501296799
2000-09-01,0.009552527282166823
2000-09-05,-0.03503616142418098
2000-09-06,-0.041667456807285674
2000-09-07,0.02671079643011187
2000-09-08,-0.03316075362989068
2000-09-11,-0.022162074449284197
2000-09-12,-0.019954249547788794
2000-09-13,0.021237599838913823
2000-09-14,8.70944389985695e-05
2000-09-15,-0.03606168262864817
2000-09-18,-0.021899825793710193
2000-09-19,0.038469720926143314
2000-09-20,0.0059140305766147705
2000-09-21,-0.07684107400067663
2000-09-22,0.017391628050733132
2000-09-25,-0.0069296969773452455
2000-09-26,-0.01237335461059097
2000-09-27,0.0050191170796438644
2000-09-28,0.0123457446178461
2000-09-29,-0.0092233671512989
2000-10-02,0.00023928571428566414
2000-10-03,0.00024047619047617985
2000-10-04,0.00024047619047617985
2000-10-05,0.00024087301587272236
2000-10-06,0.00024047619047617985
2000-10-09,0.00024047619047617985
2000-10-10,0.0002400793650794153
2000-10-11,0.0002400793650794153
2000-10-12,0.00023849206349213503
2000-10-13,0.0002388888888888996
2000-10-16,0.00024047619047617985
2000-10-17,0.00024285714285698923
2000-10-18,0.00024285714285743332
2000-10-19,0.00024365079365074038
2000-10-20,0.00024325396825375378
2000-10-23,0.0002444444444447136
2000-10-24,0.0002448412698412561
2000-10-25,0.0002460317460317718
2000-10-26,0.00024523809523802065
2000-10-27,0.00024484126984147814
2000-10-30,0.00024563492063500725
2000-10-31,0.00024563492063500725
2000-11-01,0.00024523809523802065
2000-11-02,0.00024563492063500725
2000-11-03,0.0002460317460317718
2000-11-06,0.00024761904761883
2000-11-07,0.0002472222222222875
2000-11-08,0.0002468253968253009
2000-11-09,0.00024642857142853636
2000-11-10,0.00024563492063500725
2000-11-13,0.00024563492063500725
2000-11-14,0.00024523809523802065
2000-11-15,0.00024563492063500725
2000-11-16,0.00024484126984147814
2000-11-17,0.00024484126984103405
2000-11-20,0.00024523809523802065
2000-11-21,0.00024523809523802065
2000-11-22,0.00024523809523802065
2000-11-24,0.00024523809523802065
2000-11-27,0.00024365079365074038
2000-11-28,0.00024206349206346012
2000-11-29,0.0002404761904764019
2000-11-30,0.00023928571428566414
2000-12-01,0.0002400793650794153
2000-12-04,0.0002380952380949264
2000-12-05,0.00023452380952382335
2000-12-06,0.00023492063492036586
2000-12-07,0.00023571428571433906
2000-12-08,0.0002349206349205879
2000-12-11,0.00023452380952382335
2000-12-12,0.0002337301587300722
2000-12-13,0.0002337301587300722
2000-12-14,0.0002337301587300722
2000-12-15,0.00023214285714279193
2000-12-18,0.000229365079365218
2000-12-19,0.00022857142857146684
2000-12-20,0.00022460317460315515
2000-12-21,0.00020793650793660134
2000-12-22,0.0002035714285715251
2000-12-26,0.00022261904761911033
2000-12-27,0.00022182539682535918
2000-12-28,0.00022658730158719997
2000-12-29,0.00022738095238095113
2001-01-02,0.00022579365079344882
2001-01-03,0.0002194444444445498
2001-01-04,0.00020753968253961474
2001-01-05,0.00019801587301593315
2001-01-08,0.00020079365079372913
2001-01-09,0.00020238095238123144
2001-01-10,0.00020436507936505421
2001-01-11,0.00020515873015880537
2001-01-12,0.00020595238095233448
2001-01-16,0.0002071428571428502
2001-01-17,0.00020714285714307223
2001-01-18,0.00020396825396828966
2001-01-19,0.0002023809523810094
2001-01-22,0.00020277777777777395
2001-01-23,0.0002023809523810094
2001-01-24,0.00020396825396828966
2001-01-25,0.00020396825396828966
2001-01-26,0.00019999999999997797
2001-01-29,0.00019801587301593315
2001-01-30,0.00019404761904762147
2001-01-31,0.00019285714285710576
2001-02-01,0.0001932539682538703
2001-02-02,0.00019563492063490173
2001-02-05,0.00019682539682541744
2001-02-06,0.0001960317460316663
2001-02-07,0.00019603174603144424
2001-02-08,0.0001964285714286529
2001-02-09,0.00019563492063490173
2001-02-12,0.00019563492063490173
2001-02-13,0.00019523809523835922
2001-02-14,0.0001960317460316663
2001-02-15,0.0001964285714286529
2001-02-16,0.00019404761904762147
2001-02-20,0.00019523809523813718
2001-02-21,0.00019404761904762147
2001-02-22,0.0001936507936508569
2001-02-23,0.00018928571428578067
2001-02-26,0.00018690476190474925
2001-02-27,0.0001865079365079847
2001-02-28,0.0001876984126985004
2001-03-01,0.0001873015873015138
2001-03-02,0.0001873015873015138
2001-03-05,0.0001865079365079847
2001-03-06,0.00018531746031746898
2001-03-07,0.0001813492063491573
2001-03-08,0.00018095238095239274
2001-03-09,0.00018293650793643756
2001-03-12,0.00018015873015841954
2001-03-13,0.0001801587301586416
2001-03-14,0.00017579365079356535
2001-03-15,0.00017500000000003624
2001-03-16,0.00017579365079356535
2001-03-19,0.0001753968253968008
2001-03-20,0.00017380952380952053
2001-03-21,0.00016706349206341287
2001-03-22,0.000165079365079146
2001-03-23,0.0001662698412701058
2001-03-26,0.0001662698412696617
2001-03-27,0.00016825396825392858
2001-03-28,0.00016785714285716402
2001-03-29,0.00016746031746039947
2001-03-30,0.0001666666666666483
2001-04-02,0.00016349206349230982
2001-04-03,0.0001607142857142918
2001-04-04,0.00015873015873024698
2001-04-05,0.00015912698412701154
2001-04-06,0.00015277777777789048
2001-04-09,0.00015238095238090388
2001-04-10,0.00015277777777766843
2001-04-11,0.00015793650793649583
2001-04-12,0.0001555555555554644
2001-04-16,0.0001607142857142918
2001-04-17,0.0001595238095237761
2001-04-18,0.00015158730158737477
2001-04-19,0.0001500000000000945
2001-04-20,0.00014603174603178282
2001-04-23,0.00014523809523803166
2001-04-24,0.00014722222222229853
2001-04-25,0.0001488095238095788
2001-04-26,0.0001484126984125922
2001-04-27,0.0001492063492065654
2001-04-30,0.00015317460317465503
2001-05-01,0.00015198412698413932
2001-05-02,0.00015079365079340157
2001-05-03,0.0001488095238095788
2001-05-04,0.0001448412698412671
2001-05-07,0.00014484126984148915
2001-05-08,0.0001436507936507514
2001-05-09,0.00014444444444450255
2001-05-10,0.00014523809523803166
2001-05-11,0.00014642857142854737
2001-05-14,0.00014404761904751595
2001-05-15,0.00014087301587295542
2001-05-16,0.00013849206349214604
2001-05-17,0.00013849206349214604
2001-05-18,0.0001400793650794263
2001-05-21,0.00014166666666670658
2001-05-22,0.00014126984126994202
2001-05-23,0.00014126984126994202
2001-05-24,0.00014365079365052935
2001-05-25,0.00014206349206347113
2001-05-29,0.00014404761904751595
2001-05-30,0.00014285714285722229
2001-05-31,0.00014087301587295542
2001-06-01,0.00014246031746023569
2001-06-04,0.00014285714285700024
2001-06-05,0.00014087301587317747
2001-06-06,0.00014047619047619087
2001-06-07,0.00014087301587295542
2001-06-08,0.00014126984126994202
2001-06-11,0.0001396825396824397
2001-06-12,0.00013809523809515944
2001-06-13,0.0001376984126983949
2001-06-14,0.00013809523809515944
2001-06-15,0.00013650793650787918
2001-06-18,0.00013650793650787918
2001-06-19,0.00013611111111111462
2001-06-20,0.00013531746031736347
2001-06-21,0.00013611111111111462
2001-06-22,0.0001337301587300832
2001-06-25,0.0001341269841270698
2001-06-26,0.0001341269841270698
2001-06-27,0.00013650793650787918
2001-06-28,0.00014126984126994202
2001-06-29,0.00014166666666670658
2001-07-02,0.00014246031746001364
2001-07-03,0.00014206349206347113
2001-07-05,0.00014166666666670658
2001-07-06,0.00014087301587317747
2001-07-09,0.00014166666666670658
2001-07-10,0.00014087301587295542
2001-07-11,0.0001388888888889106
2001-07-12,0.0001396825396824397
2001-07-13,0.00014047619047596882
2001-07-16,0.00014126984126994202
2001-07-17,0.00014007936507964835
2001-07-18,0.00013730158730163033
2001-07-19,0.0001376984126983949
2001-07-20,0.00013690476190486578
2001-07-23,0.0001380952380949374
2001-07-24,0.00013809523809515944
2001-07-25,0.00013809523809515944
2001-07-26,0.00013809523809515944
2001-07-27,0.0001376984126983949
2001-07-30,0.00013849206349214604
2001-07-31,0.00013730158730163033
2001-08-01,0.00013690476190486578
2001-08-02,0.00013690476190464373
2001-08-03,0.00013650793650787918
2001-08-06,0.00013650793650810122
2001-08-07,0.00013650793650787918
2001-08-08,0.00013531746031714142
2001-08-09,0.00013412698412729185
2001-08-10,0.0001333333333335407
2001-08-13,0.0001337301587300832
2001-08-14,0.00013293650793633205
2001-08-15,0.0001329365079365541
2001-08-16,0.00013174603174603838
2001-08-17,0.00013055555555552267
2001-08-20,0.00013253968253978954
2001-08-21,0.00013134920634927383
2001-08-22,0.00013134920634927383
2001-08-23,0.00013214285714280294
2001-08-24,0.0001329365079365541
2001-08-27,0.0001337301587300832
2001-08-28,0.00013214285714280294
2001-08-29,0.00013253968253978954
2001-08-30,0.00013055555555552267
2001-08-31,0.00013095238095228723
2001-09-04,0.00013333333333331865
2001-09-05,0.00013214285714280294
2001-09-06,0.00012976190476199356
2001-09-07,0.0001269841269841976
2001-09-10,0.000126587301587211
2001-09-17,0.00010079365079374014
2001-09-18,9.64285714286639e-05
2001-09-19,8.531746031770204e-05
2001-09-20,8.650793650799571e-05
2001-09-21,8.769841269851142e-05
2001-09-24,9.246031746057426e-05
2001-09-25,9.325396825388133e-05
2001-09-26,9.246031746035221e-05
2001-09-27,9.246031746035221e-05
2001-09-28,9.325396825365928e-05
2001-10-01,9.206349206358766e-05
2001-10-02,8.809523809527597e-05
2001-10-03,8.690476190453822e-05
2001-10-04,8.611111111100911e-05
2001-10-05,8.531746031770204e-05
2001-10-08,8.531746031748e-05
2001-10-09,8.650793650799571e-05
2001-10-10,8.650793650821775e-05
2001-10-11,8.849206349181848e-05
2001-10-12,8.769841269851142e-05
2001-10-15,8.769841269851142e-05
2001-10-16,8.650793650799571e-05
2001-10-17,8.650793650799571e-05
2001-10-18,8.531746031748e-05
2001-10-19,8.531746031748e-05
2001-10-22,8.650793650799571e-05
2001-10-23,8.571428571424455e-05
2001-10-24,8.452380952372884e-05
2001-10-25,8.333333333343518e-05
2001-10-26,8.333333333343518e-05
2001-10-29,8.134920634916831e-05
2001-10-30,7.976190476188805e-05
2001-10-31,7.9761904761666e-05
2001-11-01,8.01587301586526e-05
2001-11-02,7.817460317460778e-05
2001-11-05,7.817460317460778e-05
2001-11-06,7.222222222225128e-05
2001-11-07,7.023809523798441e-05
2001-11-08,7.182539682548672e-05
2001-11-09,7.142857142850012e-05
2001-11-12,7.142857142827808e-05
2001-11-13,7.182539682570876e-05
2001-11-14,7.301587301578039e-05
2001-11-15,7.46031746032827e-05
2001-11-16,7.579365079357636e-05
2001-11-19,7.53968253968118e-05
2001-11-20,7.579365079357636e-05
2001-11-21,7.6190476190785e-05
2001-11-23,7.579365079357636e-05
2001-11-26,7.698412698409207e-05
2001-11-27,7.46031746032827e-05
2001-11-28,7.301587301578039e-05
2001-11-29,7.023809523798441e-05
2001-11-30,6.94444444444553e-05
2001-12-03,6.94444444444553e-05
2001-12-04,6.785714285695299e-05
2001-12-05,6.904761904769074e-05
2001-12-06,6.825396825393959e-05
2001-12-07,6.587301587268612e-05
2001-12-10,6.666666666665932e-05
2001-12-11,6.468253968283655e-05
2001-12-12,6.507936507937906e-05
2001-12-13,6.587301587268612e-05
2001-12-14,6.746031746041048e-05
2001-12-17,6.785714285717503e-05
2001-12-18,6.666666666665932e-05
2001-12-19,6.587301587290817e-05
2001-12-20,6.587301587290817e-05
2001-12-21,6.666666666665932e-05
2001-12-24,6.706349206364592e-05
2001-12-26,6.825396825393959e-05
2001-12-27,6.785714285717503e-05
2001-12-28,6.706349206342388e-05
2001-12-31,6.785714285717503e-05
2002-01-02,6.785714285717503e-05
2002-01-03,6.746031746041048e-05
2002-01-04,6.706349206342388e-05
2002-01-07,6.587301587290817e-05
2002-01-08,6.547619047614361e-05
2002-01-09,6.547619047614361e-05
2002-01-10,6.547619047614361e-05
2002-01-11,6.150793650783193e-05
2002-01-14,6.150793650783193e-05
2002-01-15,6.230158730158308e-05
2002-01-16,6.269841269834764e-05
2002-01-17,6.388888888886335e-05
2002-01-18,6.309523809533424e-05
2002-01-22,6.587301587290817e-05
2002-01-23,6.666666666688137e-05
2002-01-24,6.706349206342388e-05
2002-01-25,6.706349206342388e-05
2002-01-28,6.746031746063252e-05
2002-01-29,6.706349206342388e-05
2002-01-30,6.825396825371755e-05
2002-01-31,6.865079365070414e-05
2002-02-01,6.865079365070414e-05
2002-02-04,6.90476190474687e-05
2002-02-05,6.865079365092619e-05
2002-02-06,6.785714285717503e-05
2002-02-07,6.746031746041048e-05
2002-02-08,6.746031746041048e-05
2002-02-11,6.746031746041048e-05
2002-02-12,6.825396825371755e-05
2002-02-13,6.865079365070414e-05
2002-02-14,6.825396825393959e-05
2002-02-15,6.785714285717503e-05
2002-02-19,6.785714285695299e-05
2002-02-20,6.865079365070414e-05
2002-02-21,6.865079365070414e-05
2002-02-22,6.86507936504821e-05
2002-02-25,6.904761904769074e-05
2002-02-26,6.904761904769074e-05
2002-02-27,6.904761904769074e-05
2002-02-28,6.984126984121986e-05
2002-03-01,6.904761904769074e-05
2002-03-04,6.984126984121986e-05
2002-03-05,7.023809523798441e-05
2002-03-06,6.944444444423326e-05
2002-03-07,6.94444444444553e-05
2002-03-08,7.023809523798441e-05
2002-03-11,7.142857142850012e-05
2002-03-12,7.182539682548672e-05
2002-03-13,7.103174603173557e-05
2002-03-14,7.222222222225128e-05
2002-03-15,7.222222222225128e-05
2002-03-18,7.261904761901583e-05
2002-03-19,7.222222222225128e-05
2002-03-20,7.182539682548672e-05
2002-03-21,7.142857142850012e-05
2002-03-22,7.142857142850012e-05
2002-03-25,7.103174603173557e-05
2002-03-26,7.063492063497101e-05
2002-03-27,7.063492063497101e-05
2002-03-28,6.984126984121986e-05
2002-04-01,0.0003835433819028289
2002-04-02,-0.004959257756333213
2002-04-03,-0.006291182128237538
2002-04-04,-0.003695225862434315
2002-04-05,0.00014895314578078356
2002-04-08,0.0018742394174937616
2002-04-09,-0.006202857434047471
2002-04-10,6.666666666665932e-05
2002-04-11,6.706349206342388e-05
2002-04-12,6.666666666665932e-05
2002-04-15,6.666666666665932e-05
2002-04-16,6.785714285717503e-05
2002-04-17,6.746031746041048e-05
2002-04-18,6.706349206342388e-05
2002-04-19,6.746031746041048e-05
2002-04-22,6.706349206320183e-05
2002-04-23,6.746031746041048e-05
2002-04-24,6.706349206342388e-05
2002-04-25,6.785714285717503e-05
2002-04-26,6.825396825371755e-05
2002-04-29,6.904761904769074e-05
2002-04-30,6.904761904769074e-05
2002-05-01,6.904761904769074e-05
2002-05-02,6.904761904769074e-05
2002-05-03,6.865079365070414e-05
2002-05-06,6.865079365070414e-05
2002-05-07,6.865079365070414e-05
2002-05-08,6.865079365092619e-05
2002-05-09,6.904761904769074e-05
2002-05-10,6.904761904769074e-05
2002-05-13,6.904761904769074e-05
2002-05-14,6.94444444444553e-05
2002-05-15,6.865079365070414e-05
2002-05-16,6.825396825393959e-05
2002-05-17,6.865079365070414e-05
2002-05-20,6.825396825393959e-05
2002-05-21,6.825396825393959e-05
2002-05-22,6.785714285717503e-05
2002-05-23,6.785714285717503e-05
2002-05-24,6.785714285717503e-05
2002-05-28,6.865079365070414e-05
2002-05-29,6.825396825371755e-05
2002-05-30,6.825396825393959e-05
2002-05-31,6.785714285717503e-05
2002-06-03,6.825396825393959e-05
2002-06-04,6.86507936504821e-05
2002-06-05,6.825396825393959e-05
2002-06-06,6.785714285717503e-05
2002-06-07,6.785714285717503e-05
2002-06-10,6.825396825393959e-05
2002-06-11,6.825396825393959e-05
2002-06-12,6.785714285717503e-05
2002-06-13,6.706349206320183e-05
2002-06-14,6.666666666665932e-05
2002-06-17,6.746031746041048e-05
2002-06-18,6.746031746041048e-05
2002-06-19,6.666666666665932e-05
2002-06-20,6.746031746041048e-05
2002-06-21,6.706349206342388e-05
2002-06-24,6.746031746041048e-05
2002-06-25,6.746031746041048e-05
2002-06-26,6.626984126989477e-05
2002-06-27,6.626984126967272e-05
2002-06-28,6.626984127011681e-05
2002-07-01,6.666666666665932e-05
2002-07-02,6.706349206342388e-05
2002-07-03,6.706349206342388e-05
2002-07-05,6.706349206342388e-05
2002-07-08,6.746031746041048e-05
2002-07-09,6.706349206342388e-05
2002-07-10,6.706349206342388e-05
2002-07-11,6.706349206320183e-05
2002-07-12,6.666666666688137e-05
2002-07-15,6.666666666643728e-05
2002-07-16,6.706349206342388e-05
2002-07-17,6.706349206342388e-05
2002-07-18,6.706349206320183e-05
2002-07-19,6.666666666665932e-05
2002-07-22,6.666666666665932e-05
2002-07-23,6.626984126989477e-05
2002-07-24,6.587301587290817e-05
2002-07-25,6.626984126989477e-05
2002-07-26,6.587301587290817e-05
2002-07-29,6.706349206342388e-05
2002-07-30,6.706349206342388e-05
2002-07-31,6.666666666665932e-05
2002-08-01,6.547619047614361e-05
2002-08-02,6.34920634920988e-05
2002-08-05,6.388888888886335e-05
2002-08-06,6.42857142856279e-05
2002-08-07,6.190476190481853e-05
2002-08-08,6.309523809533424e-05
2002-08-09,6.309523809533424e-05
2002-08-12,6.507936507937906e-05
2002-08-13,6.349206349187675e-05
2002-08-14,6.388888888886335e-05
2002-08-15,6.309523809533424e-05
2002-08-16,6.30952380951122e-05
2002-08-19,6.46825396826145e-05
2002-08-20,6.309523809533424e-05
2002-08-21,6.34920634920988e-05
2002-08-22,6.42857142856279e-05
2002-08-23,6.42857142856279e-05
2002-08-26,6.507936507937906e-05
2002-08-27,6.547619047592157e-05
2002-08-28,6.507936507937906e-05
2002-08-29,6.547619047636566e-05
2002-08-30,6.587301587290817e-05
2002-09-03,6.388888888886335e-05
2002-09-04,6.34920634920988e-05
2002-09-05,6.269841269834764e-05
2002-09-06,6.46825396826145e-05
2002-09-09,6.587301587290817e-05
2002-09-10,6.547619047614361e-05
2002-09-11,6.587301587290817e-05
2002-09-12,6.587301587313021e-05
2002-09-13,6.587301587290817e-05
2002-09-16,6.666666666665932e-05
2002-09-17,6.626984126989477e-05
2002-09-18,6.547619047614361e-05
2002-09-19,6.428571428584995e-05
2002-09-20,6.42857142856279e-05
2002-09-23,6.42857142856279e-05
2002-09-24,6.428571428540586e-05
2002-09-25,6.46825396826145e-05
2002-09-26,6.428571428584995e-05
2002-09-27,6.34920634920988e-05
2002-09-30,6.111111111106737e-05
2002-10-01,6.190476190481853e-05
2002-10-02,6.150793650783193e-05
2002-10-03,6.111111111106737e-05
2002-10-04,6.269841269834764e-05
2002-10-07,6.34920634920988e-05
2002-10-08,6.269841269856968e-05
2002-10-09,6.111111111106737e-05
2002-10-10,6.150793650783193e-05
2002-10-11,6.150793650760988e-05
2002-10-14,6.150793650783193e-05
2002-10-15,6.547619047614361e-05
2002-10-16,6.46825396826145e-05
2002-10-17,6.507936507937906e-05
2002-10-18,6.507936507937906e-05
2002-10-21,6.666666666665932e-05
2002-10-22,6.587301587290817e-05
2002-10-23,6.547619047614361e-05
2002-10-24,6.42857142856279e-05
2002-10-25,6.388888888886335e-05
2002-10-28,6.190476190481853e-05
2002-10-29,5.8730158730258e-05
2002-10-30,5.873015873003595e-05
2002-10-31,5.634920634922658e-05
2002-11-01,5.595238095246202e-05
2002-11-04,5.595238095246202e-05
2002-11-05,5.555555555547542e-05
2002-11-06,4.801587301583865e-05
2002-11-07,4.761904761885205e-05
2002-11-08,4.7619047619074095e-05
2002-11-11,4.761904761885205e-05
2002-11-12,4.761904761929614e-05
2002-11-13,4.722222222230954e-05
2002-11-14,4.7619047619074095e-05
2002-11-15,4.7619047619074095e-05
2002-11-18,4.801587301583865e-05
2002-11-19,4.722222222230954e-05
2002-11-20,4.7619047619074095e-05
2002-11-21,4.7619047619074095e-05
2002-11-22,4.801587301583865e-05
2002-11-25,4.8412698412603206e-05
2002-11-26,4.7619047619074095e-05
2002-11-27,4.801587301583865e-05
2002-11-29,4.7619047619074095e-05
2002-12-02,4.841269841238116e-05
2002-12-03,4.801587301583865e-05
2002-12-04,4.761904761929614e-05
2002-12-05,4.761904761885205e-05
2002-12-06,4.722222222230954e-05
2002-12-09,4.801587301583865e-05
2002-12-10,4.722222222230954e-05
2002-12-11,4.722222222230954e-05
2002-12-12,4.722222222230954e-05
2002-12-13,4.722222222230954e-05
2002-12-16,4.8015873015616606e-05
2002-12-17,4.7619047619074095e-05
2002-12-18,4.722222222230954e-05
2002-12-19,4.722222222230954e-05
2002-12-20,4.722222222230954e-05
2002-12-23,4.6428571428558385e-05
2002-12-24,4.6428571428558385e-05
2002-12-26,4.603174603179383e-05
2002-12-27,4.5238095238042675e-05
2002-12-30,4.7619047619074095e-05
2002-12-31,4.7619047619074095e-05
2003-01-02,4.7619047619074095e-05
2003-01-03,4.761904761929614e-05
2003-01-06,4.722222222230954e-05
2003-01-07,4.6428571428558385e-05
2003-01-08,4.6428571428558385e-05
2003-01-09,4.682539682532294e-05
2003-01-10,4.682539682532294e-05
2003-01-13,4.722222222230954e-05
2003-01-14,4.6428571428558385e-05
2003-01-15,4.682539682532294e-05
2003-01-16,4.603174603179383e-05
2003-01-17,4.603174603179383e-05
2003-01-21,4.6428571428558385e-05
2003-01-22,4.5634920635029275e-05
2003-01-23,4.5634920635029275e-05
2003-01-24,4.523809523782063e-05
2003-01-27,4.5634920635029275e-05
2003-01-28,4.603174603179383e-05
2003-01-29,4.603174603179383e-05
2003-01-30,4.603174603179383e-05
2003-01-31,4.603174603179383e-05
2003-02-03,4.603174603179383e-05
2003-02-04,4.5238095238042675e-05
2003-02-05,4.603174603179383e-05
2003-02-06,4.5634920635029275e-05
2003-02-07,4.5634920635029275e-05
2003-02-10,4.5634920635029275e-05
2003-02-11,4.603174603179383e-05
2003-02-12,4.603174603179383e-05
2003-02-13,4.5634920635029275e-05
2003-02-14,4.603174603179383e-05
2003-02-18,4.6428571428558385e-05
2003-02-19,4.603174603179383e-05
2003-02-20,4.6428571428558385e-05
2003-02-21,4.642857142878043e-05
2003-02-24,4.722222222230954e-05
2003-02-25,4.682539682532294e-05
2003-02-26,4.722222222230954e-05
2003-02-27,4.722222222230954e-05
2003-02-28,4.6825396825544985e-05
2003-03-03,-0.01825499485667037
2003-03-04,-0.0053633917946271925
2003-03-05,4.603174603179383e-05
2003-03-06,4.603174603179383e-05
2003-03-07,4.365079365076241e-05
2003-03-10,4.20634920632601e-05
2003-03-11,4.28571428572333e-05
2003-03-12,4.28571428572333e-05
2003-03-13,4.365079365076241e-05
2003-03-14,4.4047619047526965e-05
2003-03-17,4.484126984127812e-05
2003-03-18,4.4444444444513564e-05
2003-03-19,4.523809523826472e-05
2003-03-20,4.5634920635029275e-05
2003-03-21,4.6031746032015874e-05
2003-03-24,4.563492063480723e-05
2003-03-25,4.6031746032015874e-05
2003-03-26,4.6031746031571785e-05
2003-03-27,4.523809523826472e-05
2003-03-28,4.4444444444513564e-05
2003-03-31,4.4444444444513564e-05
2003-04-01,0.007116136830785491
2003-04-02,0.024953399725321512
2003-04-03,0.011775702643341823
2003-04-04,-0.015387606419831723
2003-04-07,0.0014136748253616993
2003-04-08,-0.0010854021375389378
2003-04-09,-0.021435404072391417
2003-04-10,0.011029525782878524
2003-04-11,-0.009283507762545828
2003-04-14,0.018507881672017223
2003-04-15,0.008902419358077118
2003-04-16,-0.0021558843015268003
2003-04-17,0.02139117934827972
2003-04-21,0.0035546471037615213
2003-04-22,0.018196056812827655
2003-04-23,0.007126542254577872
2003-04-24,-0.005376204807437834
2003-04-25,-0.018947481405225952
2003-04-28,0.01889789288162791
2003-04-29,0.008906608096071578
2003-04-30,-0.010013634476212174
2003-05-01,0.007704158929350058
2003-05-02,0.032021097065355164
2003-05-05,-0.0027614816295710165
2003-05-06,0.02004292945135555
2003-05-07,-0.015309755528126745
2003-05-08,-0.025887383431345445
2003-05-09,0.03323244377563794
2003-05-12,0.02475942684568677
2003-05-13,-0.0074217442291940605
2003-05-14,-0.0038768134045932268
2003-05-15,0.01587387341051194
2003-05-16,-0.009336994920501218
2003-05-19,-0.05330546851472373
2003-05-20,0.0006884682713750312
2003-05-21,-0.0008305651542486192
2003-05-22,0.021897240075063662
2003-05-23,0.00208206096483754
2003-05-27,0.047924925720977285
2003-05-28,0.00531233342423354
2003-05-29,0.0014138192122650217
2003-05-30,0.0293839732429928
2003-06-02,-0.002700312178116837
2003-06-03,0.012093366911211323
2003-06-04,0.029802801963113135
2003-06-05,0.010933138032288792
2003-06-06,-0.018674160730184464
2003-06-09,-0.021206866929707968
2003-06-10,0.02267228368126606
2003-06-11,0.019659665684645056
2003-06-12,0.006578932403025206
2003-06-13,-0.029799259909939146
2003-06-16,0.04651165082564179
2003-06-17,-0.0035426328255551143
2003-06-18,0.0037628183029247975
2003-06-19,-0.028558678126229697
2003-06-20,-0.0032537071575272636
2003-06-23,-0.02326771429667218
2003-06-24,-0.0059543078014402395
2003-06-25,-0.014074896825387206
2003-06-26,0.03279736710970749
2003-06-27,-0.02211698606324064
2003-06-30,0.0032434658381899073
2003-07-01,0.020256045610025142
2003-07-02,0.02974657799043534
2003-07-03,-0.02081967618668812
2003-07-07,0.05672593160716488
2003-07-08,0.015317178394661735
2003-07-09,-0.007329090597580357
2003-07-10,-0.028782425111686494
2003-07-11,0.015335455409138277
2003-07-14,0.01542000914122732
2003-07-15,-0.0007928913670067761
2003-07-16,-0.008102069032572268
2003-07-17,-0.041326762159331176
2003-07-18,0.011916411775984903
2003-07-21,-0.022834506186318104
2003-07-22,0.021683710804770273
2003-07-23,0.008278654222235948
2003-07-24,-0.019132096583916236
2003-07-25,0.03394201594231294
2003-07-28,-0.00065555750439239
2003-07-29,-0.011171402779838413
2003-07-30,-0.008991427300499732
2003-07-31,0.01325446253995044
2003-08-01,-0.017653568802369013
2003-08-04,-0.00034779234193005326
2003-08-05,-0.05449437515637223
2003-08-06,0.004654522361863922
2003-08-07,0.013040996594438914
2003-08-08,-0.004255834248504953
2003-08-11,0.012818857697826314
2003-08-12,0.021441835230813222
2003-08-13,-0.004525877406706624
2003-08-14,0.003296054426444428
2003-08-15,0.010432996110210757
2003-08-18,0.030390613268675093
2003-08-19,0.014567740742781554
2003-08-20,-0.0059597180033515995
2003-08-21,0.012612039543796083
2003-08-22,-0.014522223071927298
2003-08-25,0.0033339559657559192
2003-08-26,0.002380848617237641
2003-08-27,0.007518077292898662
2003-08-28,0.013564254261464015
2003-08-29,0.01429022481257669
2003-09-02,0.024940758993317047
2003-09-03,0.0043152899733467365
2003-09-04,0.0086021696122629
2003-09-05,-0.010954185441460429
2003-09-08,0.02231014530851061
2003-09-09,-0.016800646402130415
2003-09-10,-0.0309715711014803
2003-09-11,0.012527264476143607
2003-09-12,0.006430656673763302
2003-09-15,-0.012044671954691943
2003-09-16,0.03751083417913814
2003-09-17,-0.00550504781822958
2003-09-18,0.024336397643374363
2003-09-19,-0.00988691264037267
2003-09-22,-0.027179066478589697
2003-09-23,0.019332069082814707
2003-09-24,-0.05043515168998414
2003-09-25,-0.01905079761612516
2003-09-26,-0.008725146735013345
2003-09-29,0.02402904757446178
2003-09-30,-0.028225398068761676
2003-10-01,0.039382342964774164
2003-10-02,0.006212180570693615
2003-10-03,0.03353751423801543
2003-10-06,0.010745732045524425
2003-10-07,0.009019750947140581
2003-10-08,-0.008186482994682276
2003-10-09,0.009333061823361799
2003-10-10,0.011000673691533347
2003-10-13,0.008887121545970489
2003-10-14,0.005447291984049141
2003-10-15,-0.0064066635486580426
2003-10-16,0.010948411938032532
2003-10-17,-0.032301755319637304
2003-10-20,0.018132274397673953
2003-10-21,0.004025375769910466
2003-10-22,-0.029319837837944895
2003-10-23,-0.012488325655660937
2003-10-24,0.002730563692419974
2003-10-27,0.0006363563043219056
2003-10-28,0.04309055975535414
2003-10-29,3.8925005800605206e-05
2003-10-30,0.0036448250356031497
2003-10-31,-0.0064884198958409245
2003-11-03,0.02067279257435084
2003-11-04,-0.008113060060119137
2003-11-05,0.008775605116581264
2003-11-06,0.007196402054796325
2003-11-07,-0.014564155279911839
2003-11-10,-0.01493601802147948
2003-11-11,-0.003646770282167089
2003-11-12,0.02925214229678308
2003-11-13,-0.0008254550094842772
2003-11-14,-0.026176780262075705
2003-11-17,-0.01379775480851464
2003-11-18,-0.02998123790261964
2003-11-19,0.016213568476005635
2003-11-20,-0.01674743410204349
2003-11-21,0.0127589622209765
2003-11-24,0.03644814598809898
2003-11-25,0.0033604702633251993
2003-11-26,0.007253415385950479
2003-11-28,0.0016327497998391838
2003-12-01,0.022888354940207245
2003-12-02,-0.007363469629235286
2003-12-03,-0.012860082162463149
2003-12-04,0.013275630055313625
2003-12-05,-0.02123970406930098
2003-12-08,0.011144419926615967
2003-12-09,-0.027505092427203337
2003-12-10,0.0031388278046429186
2003-12-11,0.02901913580490567
2003-12-12,0.00021559458418130006
2003-12-15,-0.016170380236368742
2003-12-16,0.006511346418003328
2003-12-17,0.004358474013132607
2003-12-18,0.02660536475011832
2003-12-19,-0.0051128344365311
2003-12-22,0.009127339924608346
2003-12-23,0.0071840097363491395
2003-12-24,0.0008356659310368997
2003-12-26,-0.0006211629922938666
2003-12-29,0.026783815085053897
2003-12-30,0.0030313177142435865
2003-12-31,-0.0016750515286939605
2004-01-02,-0.0029346252839569376
2004-01-05,0.02777050725511976
2004-01-06,0.006937437533168778
2004-01-07,0.011274627245983826
2004-01-08,0.010806536214382323
2004-01-09,-0.013879831115137575
2004-01-12,0.02117249391336551
2004-01-13,-0.014441792864602898
2004-01-14,0.010464024675341799
2004-01-15,0.004553904365851347
2004-01-16,0.012908553924890986
2004-01-20,-0.0010188399780939328
2004-01-21,0.0030025644103848226
2004-01-22,-0.007915469469522818
2004-01-23,-0.006315835000737846
2004-01-26,0.025193245015258103
2004-01-27,-0.02956305752430166
2004-01-28,-0.025779152591259735
2004-01-29,0.004217469573290167
2004-01-30,-0.004189728228548351
2004-02-02,0.0013958082352167889
2004-02-03,-0.002540673717742359
2004-02-04,-0.02199026215615163
2004-02-05,0.006009403659549717
2004-02-06,0.02618803867929742
2004-02-09,-6.536314491334405e-05
2004-02-10,0.004315994011126589
2004-02-11,0.019206239028811023
2004-02-12,-0.011217793612374294
2004-02-13,-0.011573904485829511
2004-02-17,0.020194028579830325
2004-02-18,-0.0014645821786020141
2004-02-19,-0.01705297105520187
2004-02-20,-0.005718769721110295
2004-02-23,-0.012209563212077668
2004-02-24,-0.0038347400069349558
2004-02-25,0.009101310679190178
2004-02-26,0.002655188528139618
2004-02-27,-0.00181584579492311
2004-03-01,0.02066959254472378
2004-03-02,-0.01582848569771156
2004-03-03,-0.0033257959442558604
2004-03-04,0.010613414407991018
2004-03-05,-0.00019808019609690586
2004-03-08,-0.032110948899555236
2004-03-09,-0.0064341045702056565
2004-03-10,-0.026998771604555882
2004-03-11,-0.01985388028252888
2004-03-12,0.027973407459641386
2004-03-15,-0.026624217482712265
2004-03-16,0.006250130470197179
2004-03-17,0.02390506893865396
2004-03-18,-0.0038060662207334284
2004-03-19,-0.027793805049963427
2004-03-22,-0.02268118047222134
2004-03-23,-0.008746882522958854
2004-03-24,0.01060110797562186
2004-03-25,0.03530252178439186
2004-03-26,-0.0028438201821816556
2004-03-29,0.026928076447473304
2004-03-30,0.005964553151352803
2004-03-31,-0.0007648511597997398
2004-04-01,0.013385499146750357
2004-04-02,0.03022724971546542
2004-04-05,0.01351102823700212
2004-04-06,-0.014540845035313055
2004-04-07,-0.0031483443748600015
2004-04-08,-0.0020784768214128224
2004-04-12,0.00915608045162375
2004-04-13,-0.025894208869386204
2004-04-14,0.0058645955321239285
2004-04-15,-0.01996838328164241
2004-04-16,0.005300878811253851
2004-04-19,0.01092115562421947
2004-04-20,-0.036260409711800556
2004-04-21,0.013771249689206178
2004-04-22,0.035881196626355916
2004-04-23,0.008015655764190388
2004-04-26,-0.008022222152548553
2004-04-27,-0.0010332930764225257
2004-04-28,-0.02824808183106331
2004-04-29,-0.021957791563694373
2004-04-30,-0.029038001126063584
2004-05-03,0.00963989903023843
2004-05-04,-0.0007429492764694512
2004-05-05,0.005831609034651963
2004-05-06,-0.007890092893352296
2004-05-07,-0.015022780925966206
2004-05-10,-0.009162392604335379
2004-05-11,0.007430261666641513
2004-05-12,0.0056549896206696815
2004-05-13,-0.0037375686566665234
2004-05-14,0.0003936179642936022
2004-05-17,-0.007621436681630622
2004-05-18,0.004436966509866913
2004-05-19,-0.0030856328987028947
2004-05-20,0.0028196859524305395
2004-05-21,0.001525557028117852
2004-05-24,0.00371083989571086
2004-05-25,0.012776669563052678
2004-05-26,0.0031482394143704795
2004-05-27,0.0050941604191341305
2004-05-28,-9.38878778111718e-05
2004-06-01,-0.002495759167818412
2004-06-02,0.0013111423280287582
2004-06-03,-0.019197540007186764
2004-06-04,0.012316963908833856
2004-06-07,0.03489859596618339
2004-06-08,0.0024042494193978747
2004-06-09,-0.02112356643840063
2004-06-10,0.010745180059988924
2004-06-14,-0.02169484073383343
2004-06-15,0.017869706521460138
2004-06-16,-0.0016959373196360206
2004-06-17,-0.009719569551989271
2004-06-18,0.002867955127551003
2004-06-21,-0.010595242232741553
2004-06-22,0.017482855681792087
2004-06-23,0.018471880313484013
2004-06-24,-0.004614927038236294
2004-06-25,0.0023614633931994256
2004-06-28,-0.010700546448260573
2004-06-29,0.012198476084445131
2004-06-30,0.013732722757382465
2004-07-01,-0.029259096515828253
2004-07-02,-0.005853668112773436
2004-07-06,-0.027051102991441534
2004-07-07,0.004319087492877793
2004-07-08,-0.016099323802564736
2004-07-09,0.003529944210358904
2004-07-12,-0.003295977346146617
2004-07-13,-0.000622871922957402
2004-07-14,-0.01158852210970418
2004-07-15,-0.0060155881053362
2004-07-16,-0.0007622924690036115
2004-07-19,-0.003927671011067169
2004-07-20,0.011646973646895376
2004-07-21,-0.017182084412263876
2004-07-22,0.002484637163848502
2004-07-23,-0.0076669998556923025
2004-07-26,-0.0017563812319214556
2004-07-27,0.008467221805838587
2004-07-28,0.0027337424456383985
2004-07-29,0.003898544241490276
2004-07-30,0.00223537831771492
2004-08-02,0.0018575558725144603
2004-08-03,-0.006994399847471078
2004-08-04,-9.088255192557515e-05
2004-08-05,-0.01461204246235348
2004-08-06,5.595238095246202e-05
2004-08-09,5.912698412702255e-05
2004-08-10,5.8730158730258e-05
2004-08-11,5.634920634922658e-05
2004-08-12,5.595238095246202e-05
2004-08-13,5.595238095246202e-05
2004-08-16,5.83333333332714e-05
2004-08-17,5.793650793650684e-05
2004-08-18,5.793650793650684e-05
2004-08-19,5.753968253974229e-05
2004-08-20,5.793650793650684e-05
2004-08-23,6.031746031753826e-05
2004-08-24,6.031746031753826e-05
2004-08-25,6.031746031753826e-05
2004-08-26,6.031746031753826e-05
2004-08-27,6.071428571430282e-05
2004-08-30,6.309523809533424e-05
2004-08-31,6.230158730180513e-05
2004-09-01,6.150793650783193e-05
2004-09-02,6.230158730158308e-05
2004-09-03,6.42857142856279e-05
2004-09-07,6.507936507937906e-05
2004-09-08,6.42857142856279e-05
2004-09-09,6.388888888886335e-05
2004-09-10,6.46825396826145e-05
2004-09-13,6.507936507937906e-05
2004-09-14,6.46825396826145e-05
2004-09-15,6.507936507937906e-05
2004-09-16,6.507936507937906e-05
2004-09-17,6.666666666665932e-05
2004-09-20,6.746031746018843e-05
2004-09-21,6.706349206342388e-05
2004-09-22,6.666666666665932e-05
2004-09-23,6.706349206342388e-05
2004-09-24,6.746031746018843e-05
2004-09-27,6.825396825393959e-05
2004-09-28,6.706349206342388e-05
2004-09-29,6.706349206342388e-05
2004-09-30,6.666666666665932e-05
2004-10-01,0.015210464263157863
2004-10-04,0.0015217712275554796
2004-10-05,0.00047262255544766596
2004-10-06,0.006278911614362892
2004-10-07,-0.009933176465429572
2004-10-08,-0.007585568937880982
2004-10-11,0.0036933729805455062
2004-10-12,-0.003553129415601375
2004-10-13,-0.00797901747346419
2004-10-14,-0.007246755136804506
2004-10-15,0.004972982980121499
2004-10-18,0.0033673454964089355
2004-10-19,-0.0075665579420011175
2004-10-20,-0.0017742193529293182
2004-10-21,0.005772926717751314
2004-10-22,-0.010050060751028433
2004-10-25,7.42063492062961e-05
2004-10-26,7.46031746032827e-05
2004-10-27,7.46031746032827e-05
2004-10-28,7.420634920607405e-05
2004-10-29,7.42063492062961e-05
2004-11-01,0.005784350747614075
2004-11-02,0.0031436662989590136
2004-11-03,0.017291221072817775
2004-11-04,0.017308017762697414
2004-11-05,0.013714337090729112
2004-11-08,-0.0004727919305139716
2004-11-09,-0.0037830808836376573
2004-11-10,-0.0024870530112474087
2004-11-11,0.01871344796454477
2004-11-12,0.015809204458058
2004-11-15,0.006119866354580505
2004-11-16,-0.012221503202538786
2004-11-17,0.017524918404271173
2004-11-18,0.00533544801896535
2004-11-19,-0.024380993487502223
2004-11-22,0.012935222455389361
2004-11-23,-0.0001470019424899549
2004-11-24,0.010023237203603097
2004-11-26,-0.0036001636039243445
2004-11-29,-0.0044324217361472185
2004-11-30,-0.0013845691099932944
2004-12-01,0.028532282239236206
2004-12-02,0.004070226546403211
2004-12-03,0.0006681320440942162
2004-12-06,0.00279092674804593
2004-12-07,-0.02412050763080409
2004-12-08,0.010396726167075432
2004-12-09,0.008546480230610776
2004-12-10,-0.0019441682436711627
2004-12-13,0.015676541577736458
2004-12-14,0.007552770737735859
2004-12-15,-0.0028211009043179747
2004-12-16,-0.009190797151371055
2004-12-17,-0.008450235098847902
2004-12-20,-0.006055161907455142
2004-12-21,0.01786711677042563
2004-12-22,0.003217302932174926
2004-12-23,0.0012552589461360952
2004-12-27,-0.005837156400345989
2004-12-28,0.013499679256997021
2004-12-29,0.0023736630515285295
2004-12-30,-0.002499856108578613
2004-12-31,-0.0036300815107637163
2005-01-03,-0.013818632938310094
2005-01-04,-0.027433734259655895
2005-01-05,-0.011836550674208968
2005-01-06,0.00013623283539621056
2005-01-07,0.003151505637321028
2005-01-10,0.0037301072435707017
2005-01-11,-0.012544500532333802
2005-01-12,0.010230702048695584
2005-01-13,-0.019034881913534973
2005-01-14,0.012968009389899393
2005-01-18,0.01598527945798245
2005-01-19,-0.024183384900534732
2005-01-20,-0.02237328331681354
2005-01-21,-0.012651501147497912
2005-01-24,-0.01390281367638968
2005-01-25,0.006685102858326131
2005-01-26,0.012799016469062785
2005-01-27,0.0003277834631552068
2005-01-28,-0.004230416792078251
2005-01-31,0.01668463648219265
2005-02-01,0.00848890805792557
2005-02-02,0.004060576229782509
2005-02-03,-0.012729064919850708
2005-02-04,0.02396570982702606
2005-02-07,-0.003219434600220117
2005-02-08,0.0026106784331556554
2005-02-09,-0.021858022834803204
2005-02-10,0.004141893163084109
2005-02-11,0.020850654509606992
2005-02-14,0.0032153169386610614
2005-02-15,0.009187493108425926
2005-02-16,-0.0028112670974159704
2005-02-17,-0.01949702004222109
2005-02-18,-0.0017371989929124698
2005-02-22,-0.024662145561927806
2005-02-23,0.007636607497799597
2005-02-24,0.01714648306901867
2005-02-25,0.013926518991306036
2005-02-28,-0.015582477464380906
2005-03-01,0.01427189702209919
2005-03-02,-0.001043948265795902
2005-03-03,-0.007221249022802634
2005-03-04,0.01642774309130779
2005-03-07,0.013189141672389937
2005-03-08,-0.01254926998546324
2005-03-09,-0.012796416412066858
2005-03-10,0.0006731272823314871
2005-03-11,-0.014845889664459211
2005-03-14,0.009596243953149619
2005-03-15,-0.01478762026268532
2005-03-16,-0.01794098316182735
2005-03-17,0.0038913493886514328
2005-03-18,-0.007665084475457107
2005-03-21,-0.0017597347791517004
2005-03-22,-0.020257045260622775
2005-03-23,0.0007620465384707842
2005-03-24,0.001069313485396295
2005-03-28,0.0012987407461209077
2005-03-29,-0.005985633373989607
2005-03-30,0.012637085086684152
2005-03-31,-0.0016930802853419857
2005-04-01,-0.00404919010590199
2005-04-04,0.0015206845357988996
2005-04-05,0.004265556888933153
2005-04-06,0.0031218848854333014
2005-04-07,0.004876817514743781
2005-04-08,-0.009469692701448262
2005-04-11,0.000681564049905603
2005-04-12,0.004643925169146357
2005-04-13,-0.010680403400068816
2005-04-14,-0.011654356938178512
2005-04-15,-0.01231610125355731
2005-04-18,0.002654828546147847
2005-04-19,0.00690402083567121
2005-04-20,-0.012227658624656135
2005-04-21,0.01674692727985838
2005-04-22,-0.003343152073306155
2005-04-25,0.005766288379968065
2005-04-26,-0.00858333020742108
2005-04-27,0.0034117176681482952
2005-04-28,-0.011001305031241637
2005-04-29,0.011735487868745231
2005-05-02,0.005049805679339547
2005-05-03,0.0015502855566837948
2005-05-04,0.006994956746153802
2005-05-05,-0.0003180569365941466
2005-05-06,-0.0028853191232766084
2005-05-09,0.005671656113378942
2005-05-10,-0.009499453972274363
2005-05-11,0.004968587223608045
2005-05-12,-0.01003562403641911
2005-05-13,-0.001790690697860975
2005-05-16,0.008378612864129442
2005-05-17,0.006053349181430967
2005-05-18,0.009397055020415435
2005-05-19,0.003880013346435174
2005-05-20,-0.0013304122422472808
2005-05-23,0.005124160534841771
2005-05-24,-0.0021861890093464176
2005-05-25,-0.0007082797869941704
2005-05-26,0.004966418161850061
2005-05-27,0.0015465547648347844
2005-05-31,-0.00599530001300852
2005-06-01,0.014885414487321835
2005-06-02,0.008157128366900857
2005-06-03,-0.017790973103355534
2005-06-06,-0.000720344086244662
2005-06-07,-0.00697907851945867
2005-06-08,-0.0036754198204654864
2005-06-09,0.009852920679116473
2005-06-10,-0.011619939172737404
2005-06-13,0.006996898959294784
2005-06-14,-0.001509364358198484
2005-06-15,0.004429286661859599
2005-06-16,0.006895744323664799
2005-06-17,0.0033975683436995308
2005-06-20,0.0001770048229392529
2005-06-21,-5.8493683511406935e-05
2005-06-22,-0.0002943286232136577
2005-06-23,-0.02288393759395113
2005-06-24,-0.01673276918231703
2005-06-27,-0.0028181940832020524
2005-06-28,0.01588750828824681
2005-06-29,-0.0044707790532831915
2005-06-30,-0.01195056495992497
2005-07-01,0.002639797467666627
2005-07-05,0.007246021227477417
2005-07-06,-0.0076369069536740275
2005-07-07,0.0035441662831330323
2005-07-08,0.01034071783806545
2005-07-11,0.0046793338746087265
2005-07-12,0.0024127447686599357
2005-07-13,0.0012776753117795803
2005-07-14,0.0036214295105509997
2005-07-15,-0.0005370355336242749
2005-07-18,-0.0037107558693872944
2005-07-19,0.005055359884730715
2005-07-20,0.003166360326554596
2005-07-21,-0.005448872128736348
2005-07-22,0.006186396285412066
2005-07-25,-0.0026515346807558515
2005-07-26,0.0011255473929259185
2005-07-27,0.003390668621119808
2005-07-28,0.0058828122251761705
2005-07-29,-0.006278643230134273
2005-08-01,0.0007967442013681048
2005-08-02,0.015017009291615313
2005-08-03,0.0017799322766516301
2005-08-04,-0.016154993817709018
2005-08-05,-0.010559493453583091
2005-08-08,-0.00845106953219088
2005-08-09,0.01123503300469575
2005-08-10,-0.008324331715045874
2005-08-11,0.01074537310765833
2005-08-12,-0.010683711075542335
2005-08-15,0.010904328892726634
2005-08-16,-0.026417116608584146
2005-08-17,0.005060045619605491
2005-08-18,-0.004803375495437079
2005-08-19,0.001467651452845331
2005-08-22,0.00031624570319177536
2005-08-23,-0.004358087414192191
2005-08-24,-0.013483157942031476
2005-08-25,0.005208364866413628
2005-08-26,-0.009295125003114246
2005-08-29,0.01372313867523478
2005-08-30,-0.008094546428730753
2005-08-31,0.01952278791730766
2005-09-01,-0.0003106367963557899
2005-09-02,-0.005156745508609228
2005-09-06,0.02357355974264408
2005-09-07,0.003110255970482978
2005-09-08,-0.0027507220314842984
2005-09-09,0.013407159572444982
2005-09-12,0.0006480798330312787
2005-09-13,-0.008135450804763855
2005-09-14,-0.01279780067982661
2005-09-15,-3.254405811503602e-08
2005-09-16,0.012627369901953456
2005-09-19,-0.009220490849430774
2005-09-20,-0.011450673174295933
2005-09-21,-0.01646223457217444
2005-09-22,0.0046140382872872365
2005-09-23,0.0029307825698166035
2005-09-26,0.0017769385751953415
2005-09-27,-0.003182677501559761
2005-09-28,0.0022396662112562638
2005-09-29,0.019758552536337737
2005-09-30,0.00762687099587378
2005-10-03,-0.001696277951414915
2005-10-04,-0.016122332851622678
2005-10-05,-0.024497942124969918
2005-10-06,-0.013362875080277892
2005-10-07,0.005354047922851324
2005-10-10,-0.012572348279467294
2005-10-11,-0.005846278955193518
2005-10-12,-0.018966227512462908
2005-10-13,0.000527046577005974
2005-10-14,-0.0003841030624527342
2005-10-17,0.0012096148165021692
2005-10-18,-0.0004743724689930673
2005-10-19,-0.00140957976199374
2005-10-20,-0.0007096663543671999
2005-10-21,0.0013984195408860423
2005-10-24,-0.00016829779752169927
2005-10-25,0.0017033663159893297
2005-10-26,-0.00016905819369672503
2005-10-27,0.0007179083916701856
2005-10-28,0.00022862061106287968
2005-10-31,-0.0017763515525546225
2005-11-01,0.0003868937032791564
2005-11-02,0.021945660831468095
2005-11-03,0.016851733269860558
2005-11-04,0.0009232103886007703
2005-11-07,0.0023893393494767157
2005-11-08,0.00034614294693757763
2005-11-09,0.0027944351021176317
2005-11-10,0.01662614497176862
2005-11-11,0.006003764487436447
2005-11-14,-0.00104080620495417
2005-11-15,-0.007633569371665483
2005-11-16,0.009582721381532266
2005-11-17,0.021694316158937577
2005-11-18,0.006396711782208353
2005-11-21,0.007549785483842886
2005-11-22,0.007609147333316635
2005-11-23,0.006839783766774854
2005-11-25,0.003029307888315458
2005-11-28,-0.013561849430933637
2005-11-29,-0.005464919167365467
2005-11-30,-0.008554407774921446
2005-12-01,0.02799805289466617
2005-12-02,0.003414632362019665
2005-12-05,-0.007856909733097273
2005-12-06,0.0047652513088101145
2005-12-07,-0.006264310222434455
2005-12-08,-0.006072894261173967
2005-12-09,0.006631892467188427
2005-12-12,0.004230327228302855
2005-12-13,0.007739091257588537
2005-12-14,-0.0022174682430848858
2005-12-15,-0.0015027895557329085
2005-12-16,-0.009588005213207018
2005-12-19,-0.018805925728996087
2005-12-20,-0.0010521510736529738
2005-12-21,0.005852843026716403
2005-12-22,0.011995875837559788
2005-12-23,0.0002900760514719103
2005-12-27,-0.016127708727020296
2005-12-28,0.002450938298203864
2005-12-29,-0.010037991776803423
2005-12-30,-0.011591181400545825
2006-01-03,0.03868158954522993
2006-01-04,0.013823296735890889
2006-01-05,0.0025424117173080685
2006-01-06,0.026384714027950062
2006-01-09,0.007344807041271384
2006-01-10,0.0003946729970847329
2006-01-11,0.010582736668162784
2006-01-12,-0.008343852339629976
2006-01-13,0.0003536967562494109
2006-01-17,-0.008929836139831004
2006-01-18,-0.016401508103911833
2006-01-19,0.01270993049471425
2006-01-20,-0.04440626662958369
2006-01-23,0.004280052511870913
2006-01-24,0.004583072051925985
2006-01-25,-0.0025758573927191497
2006-01-26,0.01057192441245336
2006-01-27,0.019765194282786558
2006-01-30,0.0027415326702406873
2006-01-31,-0.01073699012985152
2006-02-01,0.009307945808637141
2006-02-02,-0.02552753700461463
2006-02-03,-0.01649958708293986
2006-02-06,0.00022396836885585358
2006-02-07,-0.016026592654022176
2006-02-08,0.018761069617174053
2006-02-09,-0.007666500121233821
2006-02-10,0.004315458102059688
2006-02-13,-0.013945147712747241
2006-02-14,0.019910521046574203
2006-02-15,0.007313930599520901
2006-02-16,0.01623743835342517
2006-02-17,-0.008922136018529203
2006-02-21,-0.011980573466053746
2006-02-22,0.01671504639785626
2006-02-23,-0.005132737939734233
2006-02-24,0.006310583135689329
2006-02-27,0.009132135286840981
2006-02-28,-0.020579901824064994
2006-03-01,0.020124547003401272
2006-03-02,0.001507974576768767
2006-03-03,-0.010367726055584559
2006-03-06,-0.01401179090869964
2006-03-07,-0.007364218617936569
2006-03-08,0.00038885476586036916
2006-03-09,-0.013482274986613363
2006-03-10,0.008564353208053932
2006-03-13,0.00501339833725023
2006-03-14,0.025483204318081043
2006-03-15,0.011883843572397579
2006-03-16,-0.005486537564895699
2006-03-17,0.00253230192595999
2006-03-20,0.0005682596946587903
2006-03-21,-0.016008098653750857
2006-03-22,0.007409373507235806
2006-03-23,-0.0047744784158820774
2006-03-24,0.0068260468794763
2006-03-27,-0.00012348666655837004
2006-03-28,-0.010048328482511026
2006-03-29,0.024201081379229494
2006-03-30,0.0036600205434695887
2006-03-31,-0.00343141905831168
2006-04-03,0.0008209522415134618
2006-04-04,0.010244061160775919
2006-04-05,0.012012349440565062
2006-04-06,0.0024467021315341952
2006-04-07,-0.01914060779883231
2006-04-10,0.0016137566897800326
2006-04-11,-0.01604227042653572
2006-04-12,0.0024091592022632558
2006-04-13,0.0024144273353712276
2006-04-17,-0.007290108351558411
2006-04-18,0.03246517713062236
2006-04-19,0.008740627181848426
2006-04-20,-0.0068077552728534885
2006-04-21,-0.006886927033147527
2006-04-24,-0.00531379123013509
2006-04-25,-0.0038993896824826013
2006-04-26,0.0012835079060338206
2006-04-27,0.011422063768061763
2006-04-28,-0.0022524527006801964
2006-05-01,-0.016235465945009686
2006-05-02,0.011112892145397346
2006-05-03,-0.004994225797967711
2006-05-04,0.011936953816936047
2006-05-05,0.015570881192656039
2006-05-08,-0.0010843028831322155
2006-05-09,0.0013547319935620639
2006-05-10,-0.0074607743867437515
2006-05-11,-0.029802742666797388
2006-05-12,-0.023648715074753746
2006-05-15,-0.004979045060879317
2006-05-16,-0.0060864332424315215
2006-05-17,-0.018220886084339805
2006-05-18,-0.005693080394458372
2006-05-19,0.003162387938163702
2006-05-22,-0.007381964790229123
2006-05-23,-0.005036971730490447
2006-05-24,0.0031774380780853484
2006-05-25,0.012162386081236765
2006-05-26,0.005270180351453213
2006-05-30,-0.01622910721361659
2006-05-31,0.008524770702049933
2006-06-01,0.005995056773427487
2006-06-02,0.0033489875452159534
2006-06-05,-0.013634766361301898
2006-06-06,-0.0033611132780597686
2006-06-07,-0.007150754387897695
2006-06-08,-0.0029551347855857335
2006-06-09,-0.00357252234674732
2006-06-12,-0.010302782384348674
2006-06-13,-0.006434914715743423
2006-06-14,-0.0003131441429450321
2006-06-15,0.002921385196841264
2006-06-16,0.0007519155168607128
2006-06-19,-0.0019550789643687505
2006-06-20,0.001691638541555296
2006-06-21,0.001833604299837921
2006-06-22,-0.0007936238685855024
2006-06-23,0.00059307225489591
2006-06-26,0.0006435667746258478
2006-06-27,-0.0007884924539225402
2006-06-28,-4.977852954479722e-05
2006-06-29,0.003364279854694008
2006-06-30,0.002919326064311667
2006-07-03,0.007766934814165571
2006-07-05,-0.005413603182193194
2006-07-06,0.0023398813780066696
2006-07-07,-0.0057304126413165735
2006-07-10,-0.0001115949742707123
2006-07-11,0.0068176746003485444
2006-07-12,-0.006943688326277342
2006-07-13,-0.012255816345717596
2006-07-14,0.0006711175483209431
2006-07-17,-0.0029677133519486754
2006-07-18,-0.0015651800990905684
2006-07-19,0.0020551946884221906
2006-07-20,-0.0022959700401411487
2006-07-21,-0.001203574869434454
2006-07-24,-0.0007718421166706957
2006-07-25,0.0008612056890409114
2006-07-26,0.0009263661327416628
2006-07-27,0.0016734869120262896
2006-07-28,0.0005241826713178188
2006-07-31,0.00025953075305107376
2006-08-01,-0.0020987954274884757
2006-08-02,0.004192969234716015
2006-08-03,0.0013449659260396096
2006-08-04,0.00021924631185443744
2006-08-07,-0.0020550053748362718
2006-08-08,-0.00440174642200708
2006-08-09,-0.0022877883858037906
2006-08-10,0.0018145880550906046
2006-08-11,-0.004011566226324592
2006-08-14,0.0008919273929073324
2006-08-15,0.010691841681399694
2006-08-16,0.008434977481820205
2006-08-17,-0.0003284359180022456
2006-08-18,0.00197076252332673
2006-08-21,0.00010898737574094319
2006-08-22,0.0002605143183018743
2006-08-23,-0.004402100916027107
2006-08-24,0.0016528301957665636
2006-08-25,0.000963085876149794
2006-08-28,0.002797147612089601
2006-08-29,0.002154728600622491
2006-08-30,0.0007733060956134352
2006-08-31,0.0010798331715442533
2006-09-01,0.004408601657269529
2006-09-05,0.002851705376253122
2006-09-06,-0.008607926358835671
2006-09-07,-0.007011477944952937
2006-09-08,0.0022839152307039257
2006-09-11,-0.0034879583645173184
2006-09-12,0.008593683492722937
2006-09-13,0.005017368768926778
2006-09-14,-0.004414295350923303
2006-09-15,0.004344278058987516
2006-09-18,0.001355006658312563
2006-09-19,-0.004973917456978283
2006-09-20,0.006187260909289449
2006-09-21,-0.003812185397946255
2006-09-22,-0.0015422547347158089
2006-09-25,0.008557345730405341
2006-09-26,0.006491134634447615
2006-09-27,0.002925670908041189
2006-09-28,0.0015442578043320943
2006-09-29,-0.0023106354357688152
2006-10-02,-0.014700065915859373
2006-10-03,0.0048297840443833895
2006-10-04,0.031106875461825778
2006-10-05,0.008094876579181953
2006-10-06,-0.003810620919502239
2006-10-09,0.002708426085760607
2006-10-10,0.003906526452359671
2006-10-11,-0.003447003248288172
2006-10-12,0.023170248477189626
2006-10-13,0.005602411122745732
2006-10-16,0.0022649486181394174
2006-10-17,-0.012550734593111845
2006-10-18,-0.005044263691303064
2006-10-19,0.004703748932312957
2006-10-20,0.0017629119888959988
2006-10-23,0.012326610184375086
2006-10-24,-0.0023346865769876546
2006-10-25,0.008113529204374359
2006-10-26,0.011193719154252824
2006-10-27,-0.018880689100600256
2006-10-30,0.004782422714842305
2006-10-31,0.0012626300278382185
2006-11-01,-0.01751848250883825
2006-11-02,7.444750662655153e-05
2006-11-03,-0.005371283664444504
2006-11-06,0.021050657811460427
2006-11-07,0.011437722874310552
2006-11-08,0.00904908131756077
2006-11-09,-0.011424814710208175
2006-11-10,0.005809643027515854
2006-11-13,0.009177469392295912
2006-11-14,0.018010269421422587
2006-11-15,0.006078075592812926
2006-11-16,0.006650591298168029
2006-11-17,-0.0010881525327456343
2006-11-20,0.0015299835754709612
2006-11-21,0.0026319844414541826
2006-11-22,0.0077399913941398335
2006-11-24,-0.006397778783990282
2006-11-27,-0.03267569740864762
2006-11-28,0.004106651381456494
2006-11-29,0.015480619873597501
2006-11-30,-0.0010479255058124526
2006-12-01,-0.00846733594643223
2006-12-04,0.018475250393643394
2006-12-05,0.0053533373066441126
2006-12-06,-0.0063237925253697425
2006-12-07,-0.014137823546513384
2006-12-08,0.00438918079545636
2006-12-11,0.006669604547269614
2006-12-12,-0.006757622135871277
2006-12-13,0.0033452847841315414
2006-12-14,0.015053309754968325
2006-12-15,0.003152215033058514
2006-12-18,-0.013138221529389704
2006-12-19,0.001927258916884389
2006-12-20,-0.005095000776928038
2006-12-21,-0.009237041588154193
2006-12-22,-0.014483250887551091
2006-12-26,0.008856809837101798
2006-12-27,0.011169651085461085
2006-12-28,-0.004487348155365334
2006-12-29,-0.004669906232957488
2007-01-03,-0.002947525332447687
2007-01-04,0.017563614314541898
2007-01-05,-0.015975120895993733
2007-01-08,0.006619326135154147
2007-01-09,0.004513592610143835
2007-01-10,0.014188904523571466
2007-01-11,0.013128092360157106
2007-01-12,0.009963890862651592
2007-01-16,-0.0006290651107929701
2007-01-17,-0.008773508826396603
2007-01-18,-0.022805726514013136
2007-01-19,0.004061653067149562
2007-01-22,-0.013793548863984206
2007-01-23,0.0010296357725667615
2007-01-24,0.020828734591726406
2007-01-25,-0.021472725631589085
2007-01-26,-0.004276043246112637
2007-01-29,0.0013288163007916243
2007-01-30,0.005979059442895451
2007-01-31,0.011233635767826433
2007-02-01,0.0064008124150156664
2007-02-02,0.003939108756262355
2007-02-05,-0.0021085239766663877
2007-02-06,-0.0012981883820641915
2007-02-07,0.01198432778753844
2007-02-08,0.0006040936735396407
2007-02-09,-0.018521832796961513
2007-02-12,-0.008025777709312232
2007-02-13,0.0120971585939047
2007-02-14,0.021038960405233675
2007-02-15,0.004743990789185304
2007-02-16,-0.0016908655126840477
2007-02-20,0.005800555254463768
2007-02-21,0.005171628960826569
2007-02-22,0.003738774618126328
2007-02-23,-0.005685561983280629
2007-02-26,-0.0047217526114566866
2007-02-27,-0.08342874065094819
2007-02-28,0.019936463400397342
2007-03-01,-0.006866092269321888
2007-03-02,-0.03172481820356032
2007-03-05,-0.016341357707435056
2007-03-06,0.03392434351212259
2007-03-07,-0.0056356998068088915
2007-03-08,0.01395144286261596
2007-03-09,-3.907676977654706e-05
2007-03-12,0.006764404926652423
2007-03-13,-0.036482206604959044
2007-03-14,0.019621521223318616
2007-03-15,0.0008853817332348246
2007-03-16,-0.004511856208847087
2007-03-19,0.020289408083336458
2007-03-20,0.0120732117219986
2007-03-21,0.032418771007984404
2007-03-22,-0.0029924578237957578
2007-03-23,-0.004736425075336226
2007-03-26,0.005427646734687652
2007-03-27,-0.009525010748698048
2007-03-28,-0.01548401391229215
2007-03-29,0.0009781147281837654
2007-03-30,0.0014202640296439029
2007-04-02,-0.0004462574387686935
2007-04-03,0.021826477062083294
2007-04-04,0.004692747383918672
2007-04-05,0.007821668330540987
2007-04-09,-0.0014152418802977351
2007-04-10,0.004884364797514529
2007-04-11,-0.014404592028695262
2007-04-12,0.01355883632741639
2007-04-13,0.006106502812161851
2007-04-16,0.01718410378923063
2007-04-17,0.0033942702020091087
2007-04-18,-0.000882829996992518
2007-04-19,-0.0005528401788279513
2007-04-20,0.016148638476855215
2007-04-23,-0.0026564577777618004
2007-04-24,0.0030579931564271856
2007-04-25,0.02108433434995316
2007-04-26,0.004810146992535458
2007-04-27,-7.230171700922661e-05
2007-04-30,-0.018897705570313783
2007-05-01,0.003286574276054388
2007-05-02,0.011185209795473217
2007-05-03,0.008754417020752747
2007-05-04,0.005277061053601928
2007-05-07,-0.0006570030158946638
2007-05-08,-0.0013002611912394935
2007-05-09,0.005683697849401037
2007-05-10,-0.02363639397548889
2007-05-11,0.018316107169174423
2007-05-14,-0.00841736333541776
2007-05-15,-0.007331862188099336
2007-05-16,0.014223285854089829
2007-05-17,-0.006731221109479768
2007-05-18,0.01489569564984694
2007-05-21,0.00579185070660837
2007-05-22,0.0006514129685162295
2007-05-23,-0.0039925487127008275
2007-05-24,-0.023462087453203218
2007-05-25,0.008651908643868556
2007-05-29,0.009428790012347754
2007-05-30,0.014992922884773607
2007-05-31,0.006384452397668161
2007-06-01,0.004511532316524125
2007-06-04,0.0014745347638662754
2007-06-05,-0.0032319491829856384
2007-06-06,-0.02019999231130598
2007-06-07,-0.03193840509869639
2007-06-08,0.020314981941562227
2007-06-11,0.0015326416062546588
2007-06-12,-0.018051022320390353
2007-06-13,0.023482418616632916
2007-06-14,0.012949939479036443
2007-06-15,0.013918209689946837
2007-06-18,-0.001414583414942605
2007-06-19,0.002199234422443963
2007-06-20,-0.021595336357594475
2007-06-21,0.013629007167000662
2007-06-22,-0.016800140603174696
2007-06-25,-0.007258761073188347
2007-06-26,-0.01440602712338901
2007-06-27,0.02279102268413835
2007-06-28,0.0011006468644543244
2007-06-29,0.002359440342291075
2007-07-02,0.015795811311990482
2007-07-03,0.007037107421481226
2007-07-05,0.0035754116685198234
2007-07-06,0.011032978734130783
2007-07-09,0.0011775596818057732
2007-07-10,-0.020685717226697986
2007-07-11,0.01499025449784952
2007-07-12,0.027625957089241426
2007-07-13,0.009435839898230824
2007-07-16,-0.0015462273598993992
2007-07-17,0.003651180042418156
2007-07-18,0.0005036313607944543
2007-07-19,0.005294398292449154
2007-07-20,-0.01251363515001458
2007-07-23,0.00234526554745651
2007-07-24,-0.027224396111043325
2007-07-25,0.001020722970435095
2007-07-26,-0.03290987908143006
2007-07-27,-0.03463801870472405
2007-07-30,0.025235767596947012
2007-07-31,-0.03104762747179224
2007-08-01,0.011714655041545452
2007-08-02,0.015114057037432849
2007-08-03,-0.04204986499758967
2007-08-06,0.026084385696115264
2007-08-07,0.013860571749240824
2007-08-08,0.026383590125305778
2007-08-09,-0.050301003390509136
2007-08-10,-0.013169002755673453
2007-08-13,0.009830745453475842
2007-08-14,-0.02919351637511136
2007-08-15,-0.027960414854586224
2007-08-16,-0.012489210083645341
2007-08-17,0.016264175368151834
2007-08-20,0.003130249636768445
2007-08-21,0.012653286927404306
2007-08-22,0.011248730480051039
2007-08-23,-0.00195714377310241
2007-08-24,0.014969591713915653
2007-08-27,-0.009311127285978604
2007-08-28,-0.02036467723526858
2007-08-29,0.025707190306949013
2007-08-30,0.0068095988870038315
2007-08-31,0.009371531514053899
2007-09-04,0.028751470297373904
2007-09-05,-0.019108225154852
2007-09-06,0.005220938807255049
2007-09-07,-0.027513575588212658
2007-09-10,-0.003326825268718414
2007-09-11,0.025002597438492646
2007-09-12,0.0038823112311756613
2007-09-13,0.006196087040390541
2007-09-14,0.0005184384843952561
2007-09-17,-0.011813223136051265
2007-09-18,0.050768180342711355
2007-09-19,0.00830312964456903
2007-09-20,-0.007059953495436977
2007-09-21,0.006277803613949251
2007-09-24,0.0037945739235238918
2007-09-25,0.006436960805832115
2007-09-26,0.006898278518219669
2007-09-27,0.012339076889054112
2007-09-28,-0.004482629940829486
2007-10-01,0.019354347409300754
2007-10-02,-0.0022499269525344534
2007-10-03,-0.010757047705218459
2007-10-04,0.004832222556308219
2007-10-05,0.032374456799240336
2007-10-08,-0.0023547592343446944
2007-10-09,0.013170813374929535
2007-10-10,0.001036627803076895
2007-10-11,-0.01599614968794172
2007-10-12,0.018292700907734716
2007-10-15,-0.013867739164155846
2007-10-16,-0.0074247884013586285
2007-10-17,0.009811606593288058
2007-10-18,0.002481501721887547
2007-10-19,-0.047288972624550785
2007-10-22,0.014470184494694172
2007-10-23,0.021531047057326447
2007-10-24,-0.001871908862338123
2007-10-25,-0.002998929667950345
2007-10-26,0.018156763358146533
2007-10-29,0.006964002867977159
2007-10-30,-0.006936830120353288
2007-10-31,0.026117632084492914
2007-11-01,-0.03587263280469499
2007-11-02,0.008361883886295773
2007-11-05,-0.0133143216207402
2007-11-06,0.02268934478397644
2007-11-07,-0.04355339949771775
2007-11-08,-0.03787070484008903
2007-11-09,-0.036127842511554986
2007-11-12,-0.02791024236340789
2007-11-13,0.034832132375801406
2007-11-14,-0.00413154769968771
2007-11-15,-0.01143498272621224
2007-11-16,0.00812280413460753
2007-11-19,-0.01164130372115646
2007-11-20,0.006528347461376427
2007-11-21,-0.013117122951275206
2007-11-23,0.013043915185652066
2007-11-26,-0.01118264937411706
2007-11-27,0.011086332180404668
2007-11-28,0.024667990382984506
2007-11-29,0.0015190944108474103
2007-11-30,-0.004596986795584845
2007-12-03,-0.014813632946227173
2007-12-04,-0.009218184054871292
2007-12-05,0.02875076753759953
2007-12-06,0.023533751393740143
2007-12-07,0.0031416020857524263
2007-12-10,0.009884925967902136
2007-12-11,-0.044703858376494154
2007-12-12,0.01605556535283803
2007-12-13,-0.009325219782812422
2007-12-14,-0.019936182748643727
2007-12-17,-0.03536673089448761
2007-12-18,0.002394550497035741
2007-12-19,0.0041294354384517895
2007-12-20,0.01776741048264996
2007-12-21,0.017816615161439175
2007-12-24,0.005574990383135692
2007-12-26,0.006610547238339537
2007-12-27,-0.012948474581012892
2007-12-28,0.0006650341152267814
2007-12-31,-0.009081690330042025
2008-01-02,-0.011409983771434318
2008-01-03,0.0034512169358849043
2008-01-04,-0.038703072825357454
2008-01-07,-0.005819835816123109
2008-01-08,-0.0165524577148497
2008-01-09,-0.00018861191736752048
2008-01-10,0.0023228463124911336
2008-01-11,0.0005344273136675959
2008-01-14,0.0013545586914844865
2008-01-15,-0.0018995744696043149
2008-01-16,-0.001566766965604205
2008-01-17,-0.00015435877672975717
2008-01-18,0.0012944123599416546
2008-01-22,0.0010547726986436246
2008-01-23,-0.0002872795082297097
2008-01-24,0.0029230686993952926
2008-01-25,0.00036349779037370133
2008-01-28,0.0019554508956396432
2008-01-29,-0.0006964134115262643
2008-01-30,0.001250985580830033
2008-01-31,-0.0007842519103230527
2008-02-01,-0.002169320275514086
2008-02-04,-0.00019465304057286748
2008-02-05,-0.0014806665522850704
2008-02-06,0.0014683655391583006
2008-02-07,0.0010629517945703881
2008-02-08,0.001337859925921725
2008-02-11,0.0004414420180498535
2008-02-12,-0.002106809631180373
2008-02-13,0.00020002043516043067
2008-02-14,0.00037672340522765246
2008-02-15,-0.000536053932662206
2008-02-19,0.002742770827988794
2008-02-20,0.0018927006048943262
2008-02-21,8.755045906227998e-05
2008-02-22,0.0002293368022152631
2008-02-25,-0.000632162428801597
2008-02-26,0.0011329468494543082
2008-02-27,0.001235314887038319
2008-02-28,0.0013833461984873452
2008-02-29,0.0002708732846268269
2008-03-03,0.0011617405440116357
2008-03-04,-0.002081178946964246
2008-03-05,0.002696947265338867
2008-03-06,-0.001217360454582761
2008-03-07,-0.00037535355015205774
2008-03-10,-0.0001811846462307365
2008-03-11,0.0001765656857573017
2008-03-12,0.0011121307498835886
2008-03-13,0.0014285042144581706
2008-03-14,0.0004249943245342447
2008-03-17,0.0005155997879278118
2008-03-18,-0.0027335214419195175
2008-03-19,-0.003572707702437228
2008-03-20,-0.003240776638924525
2008-03-24,0.00024293154728893818
2008-03-25,0.002795651141809685
2008-03-26,0.001161224626461177
2008-03-27,-0.00030828327611209794
2008-03-28,-0.0015991597389916068
2008-03-31,-0.0014851321217053126
2008-04-01,-0.0038772742989461317
2008-04-02,0.0027258442579727316
2008-04-03,0.0002154540208658684
2008-04-04,0.0009664648951077659
2008-04-07,0.0010686469770737617
2008-04-08,-0.0008563912127979023
2008-04-09,0.0021913653211094175
2008-04-10,-0.0005292207126447179
2008-04-11,-0.0004771407012233997
2008-04-14,-0.00017168127562572355
2008-04-15,0.0006464893022672946
2008-04-16,0.0018170018443426361
2008-04-17,-0.0007393274871040356
2008-04-18,-0.0020923923413180834
2008-04-21,-0.00036140230713588295
2008-04-22,6.711790561109154e-05
2008-04-23,-0.0011164084583046296
2008-04-24,-0.0021689987205234518
2008-04-25,0.00010240436834307864
2008-04-28,0.00051666762411684
2008-04-29,-0.002032194713111335
2008-04-30,0.0009835699980360602
2008-05-01,-0.003019111005996722
2008-05-02,0.000735628642501096
2008-05-05,0.002008895545958511
2008-05-06,0.00047275107644195735
2008-05-07,-0.0008760394285260986
2008-05-08,0.0016981697093032544
2008-05-09,0.00026677015481824107
2008-05-12,-0.000433525302680704
2008-05-13,-0.0017806844677979994
2008-05-14,-0.0001554561569813151
2008-05-15,0.0021439956138831207
2008-05-16,0.002485622638524587
2008-05-19,0.00039725456022798866
2008-05-20,0.0018009699339844865
2008-05-21,0.0012813671512095226
2008-05-22,-0.0010581173987668224
2008-05-23,0.00035148965612519234
2008-05-27,-0.0020784678256717815
2008-05-28,-0.00018659733295300907
2008-05-29,-0.0029563742452570763
2008-05-30,0.0011497458217761825
2008-06-02,-0.009478184709208581
2008-06-03,-0.006635749974265082
2008-06-04,0.007295211999017059
2008-06-05,0.016658710799660525
2008-06-06,-0.027156863357468475
2008-06-09,-0.0020765002728944104
2008-06-10,-0.008509150924095321
2008-06-11,-0.018173991594281236
2008-06-12,-0.000884936424614069
2008-06-13,0.016200520461272516
2008-06-16,0.007656009091323135
2008-06-17,-0.0018260264395871806
2008-06-18,-0.008366666840631587
2008-06-19,0.012317724042094413
2008-06-20,-0.02073824353677911
2008-06-23,-0.011604484892792089
2008-06-24,-0.0021223766259981236
2008-06-25,0.008941685441823388
2008-06-26,-0.02593880994413278
2008-06-27,0.0011190837870487247
2008-06-30,-2.0446944840157855e-05
2008-07-01,0.0014442723986194395
2008-07-02,0.0006210171728229241
2008-07-03,-0.0011474197084083704
2008-07-07,-0.0008415902184265578
2008-07-08,-0.0003394158482771248
2008-07-09,0.0007643726937924811
2008-07-10,0.0022784655443011115
2008-07-11,0.0018347342109146236
2008-07-14,0.0008701518343221526
2008-07-15,0.00033159554333539454
2008-07-16,-0.0018338439064149448
2008-07-17,-0.00018990907266003276
2008-07-18,-2.870756997008783e-06
2008-07-21,0.0010874600359385145
2008-07-22,-0.0021888205449503984
2008-07-23,-0.002661386756974249
2008-07-24,0.0008894183916294818
2008-07-25,0.00045460203156522105
2008-07-28,0.00010440746886319907
2008-07-29,-0.001185111000637562
2008-07-30,-0.0011106546053062383
2008-07-31,0.0006722685948110652
2008-08-01,-0.0005079514845605093
2008-08-04,-0.0015268211102927864
2008-08-05,-0.0022299523498249263
2008-08-06,0.0006820837501795296
2008-08-07,-0.0005543266602480168
2008-08-08,-0.0017905389655830106
2008-08-11,-0.0036190827686282123
2008-08-12,7.261904761901583e-05
2008-08-13,7.222222222225128e-05
2008-08-14,7.341269841276699e-05
2008-08-15,7.182539682548672e-05
2008-08-18,7.103174603173557e-05
2008-08-19,7.023809523798441e-05
2008-08-20,6.666666666665932e-05
2008-08-21,6.706349206342388e-05
2008-08-22,6.626984126989477e-05
2008-08-25,6.785714285717503e-05
2008-08-26,6.666666666665932e-05
2008-08-27,6.507936507937906e-05
2008-08-28,6.785714285695299e-05
2008-08-29,6.706349206364592e-05
2008-09-02,6.706349206342388e-05
2008-09-03,6.626984126989477e-05
2008-09-04,6.587301587290817e-05
2008-09-05,6.547619047614361e-05
2008-09-08,6.706349206342388e-05
2008-09-09,6.46825396826145e-05
2008-09-10,6.42857142856279e-05
2008-09-11,6.269841269834764e-05
2008-09-12,5.793650793650684e-05
2008-09-15,4.0873015872966434e-05
2008-09-16,3.333333333332966e-05
2008-09-17,1.1904761905157102e-06
2008-09-18,9.126984126917037e-06
2008-09-19,3.849206349215706e-05
2008-09-22,5.119047619039918e-05
2008-09-23,3.214285714281395e-05
2008-09-24,1.9841269841336384e-05
2008-09-25,2.9761904762004576e-05
2008-09-26,3.412698412708082e-05
2008-09-29,3.809523809517046e-05
2008-09-30,3.571428571436108e-05
2008-10-01,3.333333333332966e-05
2008-10-02,2.460317460317718e-05
2008-10-03,1.9841269841336384e-05
2008-10-06,2.142857142861665e-05
2008-10-07,3.214285714281395e-05
2008-10-08,2.6587301587222e-05
2008-10-09,2.3015873015896915e-05
2008-10-10,9.523809523903637e-06
2008-10-13,9.523809523903637e-06
2008-10-14,1.3492063491993278e-05
2008-10-15,8.730158730152482e-06
2008-10-16,1.785714285706952e-05
2008-10-17,3.17460317460494e-05
2008-10-20,4.920634920635436e-05
2008-10-21,4.32539682542199e-05
2008-10-22,4.0873015872966434e-05
2008-10-23,3.809523809517046e-05
2008-10-24,3.412698412685877e-05
2008-10-27,3.333333333332966e-05
2008-10-28,3.0158730158991176e-05
2008-10-29,2.4206349206412625e-05
2008-10-30,1.58730158730247e-05
2008-10-31,1.7460317460304964e-05
2008-11-03,1.9444444444349784e-05
2008-11-04,1.904761904758523e-05
2008-11-05,1.5476190476260143e-05
2008-11-06,1.2301587301477568e-05
2008-11-07,1.1904761904713013e-05
2008-11-10,1.1507936507948457e-05
2008-11-11,1.1507936507948457e-05
2008-11-12,7.1428571428722165e-06
2008-11-13,8.333333333387927e-06
2008-11-14,5.555555555591951e-06
2008-11-17,4.7619047616187515e-06
2008-11-18,4.761904762062841e-06
2008-11-19,2.777777777573931e-06
2008-11-20,1.1904761905157102e-06
2008-11-21,7.93650793751155e-07
2008-11-24,5.1587301590494405e-06
2008-11-25,3.968253968311686e-06
2008-11-26,1.9841269840448206e-06
2008-11-28,3.968253965425106e-07
2008-12-01,2.7777777777959756e-06
2008-12-02,2.3809523810314204e-06
2008-12-03,7.93650793751155e-07
2008-12-04,7.936507935291104e-07
2008-12-05,7.93650793751155e-07
2008-12-08,1.1904761905157102e-06
2008-12-09,1.1904761902936656e-06
2008-12-10,0.0
2008-12-11,3.968253967645552e-07
2008-12-12,7.93650793751155e-07
2008-12-15,1.5873015872802654e-06
2008-12-16,1.5873015872802654e-06
2008-12-17,1.9841269840448206e-06
2008-12-18,0.0
2008-12-19,7.936507935291104e-07
2008-12-22,3.968253967645552e-07
2008-12-23,7.93650793751155e-07
2008-12-24,0.0
2008-12-26,1.1904761905157102e-06
2008-12-29,2.3809523810314204e-06
2008-12-30,3.968253968311686e-06
2008-12-31,4.3650793652982856e-06
2009-01-02,-0.00033231772698161244
2009-01-05,-0.0020183245093010616
2009-01-06,0.0007580457866855905
2009-01-07,-0.002751262072089311
2009-01-08,0.0019882652340055262
2009-01-09,-0.0006231052953541427
2009-01-12,-0.003658957602303281
2009-01-13,4.365079365076241e-06
2009-01-14,4.7619047616187515e-06
2009-01-15,4.365079365076241e-06
2009-01-16,4.761904761840796e-06
2009-01-20,5.158730158827396e-06
2009-01-21,4.365079365076241e-06
2009-01-22,3.968253968311686e-06
2009-01-23,4.365079365076241e-06
2009-01-26,5.952380952356506e-06
2009-01-27,5.158730158827396e-06
2009-01-28,7.539682539636772e-06
2009-01-29,9.126984126917037e-06
2009-01-30,9.523809523903637e-06
2009-02-02,-0.002695429190546328
2009-02-03,-0.0003948432520960443
2009-02-04,0.0007907271878644373
2009-02-05,0.0010422183558924658
2009-02-06,-0.0005711671251369399
2009-02-09,-0.0013819645443940987
2009-02-10,0.0020876468625330435
2009-02-11,0.0022912606790896906
2009-02-12,0.0009729776836990833
2009-02-13,-0.0006672190094360042
2009-02-17,0.0031827573292280142
2009-02-18,0.00160257451247392
2009-02-19,-0.0012300838253135327
2009-02-20,0.002221685930283712
2009-02-23,-6.547043708027278e-05
2009-02-24,-0.003250705679917587
2009-02-25,-0.0017129459194209495
2009-02-26,-8.872993672648377e-05
2009-02-27,-0.00046066480632245277
2009-03-02,-0.0018252553153933482
2009-03-03,-0.0009529075368566176
2009-03-04,-0.0011273895711977344
2009-03-05,0.003258545303687077
2009-03-06,0.00033123251149369537
2009-03-09,-0.001849235368217239
2009-03-10,-0.0026204615313545343
2009-03-11,0.0011797937627051613
2009-03-12,0.002044464551782532
2009-03-13,0.00022305554339285827
2009-03-16,-0.0005319295955964476
2009-03-17,-0.0008134314932342068
2009-03-18,0.003309088435234031
2009-03-19,0.0013665714492732128
2009-03-20,-0.0008113705808328042
2009-03-23,-0.001620400629386065
2009-03-24,-0.001212974330302874
2009-03-25,0.0011206232134253202
2009-03-26,-4.865062522241281e-05
2009-03-27,-0.0013348227163376691
2009-03-30,-0.0007615373939584558
2009-03-31,0.00033226282582643485
2009-04-01,0.0008386059356584319
2009-04-02,-0.0024601680218496735
2009-04-03,-0.0013349494824330677
2009-04-06,-0.002570238223829957
2009-04-07,0.0016444880907910964
2009-04-08,-0.00013810090931798413
2009-04-09,-0.0003271897072465446
2009-04-13,0.0017530835152015367
2009-04-14,-0.000560288936465092
2009-04-15,0.00014982444358291325
2009-04-16,-0.0018729530736032451
2009-04-17,-0.000651697164779308
2009-04-20,0.0019319338972942912
2009-04-21,-6.132066492581245e-05
2009-04-22,0.0005497698791046002
2009-04-23,0.0015813949914240677
2009-04-24,0.001024201517967338
2009-04-27,-0.0007822044910319459
2009-04-28,-0.001392830021143876
2009-04-29,0.0006481220368297347
2009-04-30,-0.0011715274491338468
2009-05-01,0.0020104660973145894
2009-05-04,0.0210210676246394
2009-05-05,-0.0018517281424176302
2009-05-06,0.001321759470488404
2009-05-07,-0.022036047779886214
2009-05-08,0.0022048147279558616
2009-05-11,0.0024358341962589236
2009-05-12,-0.010003997566284006
2009-05-13,-0.02407926772205171
2009-05-14,0.009171762631181801
2009-05-15,-0.0003313129230723133
2009-05-18,0.021642532691682703
2009-05-19,0.005832171403952646
2009-05-20,-0.0021977722344470596
2009-05-21,-0.014458825803591147
2009-05-22,-0.0029813105593902156
2009-05-26,0.03270365601511549
2009-05-27,-0.007854184511511653
2009-05-28,0.01303199238587971
2009-05-29,0.01211350603120609
2009-06-01,0.026687896267502786
2009-06-02,0.0006402947145596194
2009-06-03,-0.003183628509294434
2009-06-04,0.011222393289843868
2009-06-05,-0.0013229861873441662
2009-06-08,-0.0037629692052683072
2009-06-09,0.008139652851263168
2009-06-10,-0.0036873145332980695
2009-06-11,-0.0006394065280923567
2009-06-12,-0.004909465166430982
2009-06-15,-0.021305455042605836
2009-06-16,-0.0071854116051792705
2009-06-17,0.008044324375873213
2009-06-18,-0.0031096938089074655
2009-06-19,0.01059941130985087
2009-06-22,-0.027534568544196225
2009-06-23,-0.0021210093757449977
2009-06-24,0.015109522730807123
2009-06-25,0.019463455890462944
2009-06-26,0.0016945747419481183
2009-06-29,0.0010915482057600734
2009-06-30,-0.0028211136664262337
2009-07-01,0.004273245240888901
2009-07-02,-0.04470240088266253
2009-07-06,-0.004566123633031438
2009-07-07,-0.04028913696339531
2009-07-08,0.001708448339809543
2009-07-09,0.004000129905499028
2009-07-10,0.0010197543227306038
2009-07-13,0.03956728937200693
2009-07-14,0.0091152563347221
2009-07-15,0.056647823219514004
2009-07-16,0.018655071458265393
2009-07-17,0.005483207382897204
2009-07-20,0.019194285560093505
2009-07-21,0.011440453040343579
2009-07-22,0.006717464644377946
2009-07-23,0.03999627997777333
2009-07-24,0.004599828075655843
2009-07-27,0.003290732303461663
2009-07-28,-0.0011018070355141019
2009-07-29,-0.008997931754586519
2009-07-30,0.01505635237994607
2009-07-31,-0.0009385806942825425
2009-08-03,0.02952459324084411
2009-08-04,0.0031788382569439833
2009-08-05,-0.008529401284041782
2009-08-06,-0.012529218160761246
2009-08-07,0.020586475882984345
2009-08-10,-0.007830618127415478
2009-08-11,-0.01973642618822591
2009-08-12,0.02388827072258115
2009-08-13,0.012639127014962837
2009-08-14,-0.01743006560041216
2009-08-17,-0.05114922171491565
2009-08-18,0.021404189753731595
2009-08-19,0.014613452019899276
2009-08-20,0.020038533788969026
2009-08-21,0.029035640732488543
2009-08-24,-0.0008592237105136125
2009-08-25,0.004678005732873247
2009-08-26,-0.0009710370346662778
2009-08-27,0.004774396324408237
2009-08-28,3.1938240316442545e-05
2009-08-31,-0.01708293814394246
2009-09-01,-0.03620637085355105
2009-09-02,-0.0017163803805099187
2009-09-03,0.01467724392538261
2009-09-04,0.0316346194937045
2009-09-08,0.016620777479822157
2009-09-09,0.014196114933086923
2009-09-10,0.01765729701763097
2009-09-11,0.001971201723369731
2009-09-14,0.007950880420170892
2009-09-15,0.006607615472772332
2009-09-16,0.02792658258785763
2009-09-17,-0.0017966307336276799
2009-09-18,0.002087095630846747
2009-09-21,-0.00011764599742136728
2009-09-22,0.007793358672301576
2009-09-23,-0.012498316420421207
2009-09-24,-0.019337774911896477
2009-09-25,-0.012741118109933947
2009-09-28,0.030481416475245604
2009-09-29,-0.0060445867433094325
2009-09-30,-0.0010405486216858995
2009-10-01,-0.04961347924609927
2009-10-02,-0.006693488065639075
2009-10-05,0.021581576729942986
2009-10-06,0.03101230323430304
2009-10-07,0.0054253471014431565
2009-10-08,0.012440194566606388
2009-10-09,0.008529419107899727
2009-10-12,0.007115382739262044
2009-10-13,-0.0010557327500275715
2009-10-14,0.027195313542730082
2009-10-15,-0.00012174703861100866
2009-10-16,-0.011849349561847244
2009-10-19,0.016825406512273267
2009-10-20,-0.004727163290016878
2009-10-21,-0.010018966328940393
2009-10-22,0.012677307072413324
2009-10-23,-0.013301348287485859
2009-10-26,-0.015100187649176866
2009-10-27,-0.01762314241180951
2009-10-28,-0.0381242259257093
2009-10-29,0.03531444423406094
2009-10-30,-0.04947818430709183
2009-11-02,0.011270991382696716
2009-11-03,0.007801796805230854
2009-11-04,0.0041097050883003305
2009-11-05,0.038549968036366344
2009-11-06,0.008583395821800233
2009-11-09,0.04071629559882983
2009-11-10,0.0016123862824430901
2009-11-11,0.011840477194495325
2009-11-12,-0.01504220695701064
2009-11-13,0.013969024260844787
2009-11-16,0.023850077801767622
2009-11-17,0.0036829120154233674
2009-11-18,-0.004716407424749325
2009-11-19,-0.026523583334913003
2009-11-20,-0.00619082960837436
2009-11-23,0.02650465005695568
2009-11-24,-0.0020270939835455026
2009-11-25,0.008514037367060467
2009-11-27,-0.029162453515698128
2009-11-30,0.003943074339428643
2009-12-01,0.021298428631523203
2009-12-02,0.0037985688846284837
2009-12-03,-0.01121909303216595
2009-12-04,0.005052017055405367
2009-12-07,-0.006659267593337126
2009-12-08,-0.0167907050699313
2009-12-09,0.011815110338859736
2009-12-10,0.0097301445050344
2009-12-11,-0.00037353942745155244
2009-12-14,0.014989490030736574
2009-12-15,-0.009073650882988504
2009-12-16,0.0039482880480206095
2009-12-17,-0.025336686685091148
2009-12-18,0.02050928175339828
2009-12-21,0.01745857468113532
2009-12-22,0.008476349969206654
2009-12-23,0.008841688543645976
2009-12-24,0.014893667179506354
2009-12-28,0.006092397627585511
2009-12-29,-0.005420241631507783
2009-12-30,0.001160532868935471
2009-12-31,-0.015512794799594443
2010-01-04,0.028823996242461458
2010-01-05,0.003177494762742983
2010-01-06,-0.0029352271103102456
2010-01-07,0.003222494620134242
2010-01-08,0.010869969219414521
2010-01-11,-0.00047481447401465093
2010-01-12,-0.021706526483412647
2010-01-13,0.018866489388477126
2010-01-14,0.003624531095862471
2010-01-15,-0.02094200795665435
2010-01-19,0.02573851932264848
2010-01-20,-0.024257258953572447
2010-01-21,-0.027580906471143973
2010-01-22,-0.04559432542253672
2010-01-25,0.006699534223672865
2010-01-26,-0.0026670209098834663
2010-01-27,0.00990616103590436
2010-01-28,-0.032616149324760535
2010-01-29,-0.026239362270335298
2010-02-01,0.02538895305792055
2010-02-02,0.02011220982836104
2010-02-03,0.00038824064245801537
2010-02-04,-0.05706546372434462
2010-02-05,0.009052038245603411
2010-02-08,-0.013527643025458613
2010-02-09,0.02158362007465997
2010-02-10,-0.004081687596519723
2010-02-11,0.02438220986926698
2010-02-12,0.0015047590039676262
2010-02-16,0.02793659903871082
2010-02-17,0.008763044519144225
2010-02-18,0.011924454753558633
2010-02-19,0.0013524722771423026
2010-02-22,-0.00276086157733324
2010-02-23,-0.023155783134876762
2010-02-24,0.016113361754875433
2010-02-25,0.0011039998115012217
2010-02-26,0.0042746729174463205
2010-03-01,0.021661469430347857
2010-03-02,0.006381378803625104
2010-03-03,0.0026763591844551904
2010-03-04,0.004592764608886357
2010-03-05,0.026566646785598502
2010-03-08,0.0014118441908239632
2010-03-09,0.007425337138289523
2010-03-10,0.009087295384879512
2010-03-11,0.007299848787503338
2010-03-12,0.0001128574419670958
2010-03-15,-0.0012263587333835035
2010-03-16,0.014501786948377227
2010-03-17,0.006306866491357255
2010-03-18,0.0034097532706249822
2010-03-19,-0.011487280888555329
2010-03-22,0.012364373228366698
2010-03-23,0.013655157402945761
2010-03-24,-0.010374608006024744
2010-03-25,-0.0035350132952342017
2010-03-26,0.0035558954086356565
2010-03-29,0.008986392452792646
2010-03-30,0.0031825357379196006
2010-03-31,-0.006119416868210714
2010-04-01,0.006788780328607524
2010-04-05,0.015838318054666622
2010-04-06,0.00481279692995451
2010-04-07,-0.005267355379099392
2010-04-08,0.004145549312488672
2010-04-09,0.012393913998385075
2010-04-12,0.0017545257094064848
2010-04-13,0.005062010446732934
2010-04-14,0.021072955813854266
2010-04-15,0.005361423379860897
2010-04-16,-0.026813140062768803
2010-04-19,0.0023083942049921813
2010-04-20,0.012665418023598773
2010-04-21,0.004074311167892031
2010-04-22,0.0070870380649610265
2010-04-23,0.010656090256137674
2010-04-26,-0.005753801903516487
2010-04-27,-0.03811859357323499
2010-04-28,0.006312569398220003
2010-04-29,0.02618047493305853
2010-04-30,-0.03109024294840179
2010-05-03,0.024585873129389535
2010-05-04,-0.049526822878581234
2010-05-05,-0.010024653270373829
2010-05-06,-0.05659345463970933
2010-05-07,-0.03429624497861905
2010-05-10,0.08211414635910308
2010-05-11,-0.00040849694699285344
2010-05-12,0.029856294399125405
2010-05-13,-0.02571109413347772
2010-05-14,-0.03285157445053244
2010-05-17,0.002108902936263979
2010-05-18,-0.024157461537158476
2010-05-19,-0.015476461806012254
2010-05-20,-0.06667096562898167
2010-05-21,0.021304797826466215
2010-05-24,-0.013769341418298664
2010-05-25,0.002567030222205169
2010-05-26,-0.015351096029415756
2010-05-27,0.06433147789604932
2010-05-28,-0.01686520093650501
2010-06-01,-0.022926323343072208
2010-06-02,0.04491918139649442
2010-06-03,0.010643730749302138
2010-06-04,-0.06020145306550839
2010-06-07,-0.02711249559061657
2010-06-08,-0.002333365324848957
2010-06-09,-0.00833359426347191
2010-06-10,0.023847089305220504
2010-06-11,0.009472431335415088
2010-06-14,-0.00027573399263491893
2010-06-15,0.025839847364591995
2010-06-16,0.0040057016013850255
2010-06-17,0.004074990334884676
2010-06-18,0.0021133276780485044
2010-06-21,-0.008985357731310817
2010-06-22,-0.008453261218608898
2010-06-23,-0.003756429372968051
2010-06-24,-0.014340572003522345
2010-06-25,-0.0005809236350179381
2010-06-28,-0.00428249775355749
2010-06-29,-0.035215786134195404
2010-06-30,0.00037884557282397147
2010-07-01,-0.0038072087966185553
2010-07-02,0.0012022965827593879
2010-07-06,-0.0016253853352565795
2010-07-07,0.0010126293143557508
2010-07-08,-0.0004233608428915181
2010-07-09,0.0009542953541039623
2010-07-12,-0.0008348018123613965
2010-07-13,0.0008466103596957986
2010-07-14,-4.406845006477145e-05
2010-07-15,-5.231286516138578e-05
2010-07-16,-0.001280255271191466
2010-07-19,-0.0007695627082603407
2010-07-20,0.000765485645826347
2010-07-21,-0.000654406747718328
2010-07-22,0.0008397189966489194
2010-07-23,-0.0006295360318440135
2010-07-26,-0.00046481975625500827
2010-07-27,-0.0016547283668392199
2010-07-28,0.00022876109279801327
2010-07-29,0.00042721945540979966
2010-07-30,0.0009974941044654795
2010-08-02,0.03622816360717507
2010-08-03,-0.007283913074336734
2010-08-04,0.015703705256085776
2010-08-05,-0.0027610869850177577
2010-08-06,-0.004654892991870163
2010-08-09,0.010240634772615165
2010-08-10,-0.011445518464504256
2010-08-11,-0.05013076047117493
2010-08-12,-0.006317277048636161
2010-08-13,-0.00622046631121731
2010-08-16,0.0025639162098218815
2010-08-17,0.011184324720239447
2010-08-18,0.0037278929221242763
2010-08-19,-0.013282466293023654
2010-08-20,0.000744375753423121
2010-08-23,-0.008838011505923893
2010-08-24,0.0005247297421286934
2010-08-25,0.0009001264877164239
2010-08-26,-0.00035180332139672643
2010-08-27,5.0009995975930366e-05
2010-08-30,-8.443666842883335e-05
2010-08-31,0.001050935385846774
2010-09-01,-0.00031481928554943917
2010-09-02,0.0004966361152163312
2010-09-03,-0.0003471651721161928
2010-09-07,0.0006931852348890377
2010-09-08,1.3186253016383986e-05
2010-09-09,-0.000936499979615868
2010-09-10,0.00014431505466605543
2010-09-13,-8.476936515600109e-05
2010-09-14,0.0019719404868074886
2010-09-15,-6.0070452324811896e-05
2010-09-16,0.000570016114619154
2010-09-17,-6.785893216032512e-05
2010-09-20,0.0002758149641748364
2010-09-21,0.0009376783438086456
2010-09-22,0.00016081650670352055
2010-09-23,8.733157517015755e-05
2010-09-24,0.000323673193608931
2010-09-27,3.017123262538668e-05
2010-09-28,0.0009277193221746138
2010-09-29,8.720607433265748e-05
2010-09-30,-2.6912609963347656e-05
2010-10-01,0.003489443460925834
2010-10-04,-0.017107496202354855
2010-10-05,0.04183520115287065
2010-10-06,-0.006399458321148521
2010-10-07,0.00023831722293343738
2010-10-08,0.011250439087600261
2010-10-11,0.0027876642336830404
2010-10-12,0.00906506210205582
2010-10-13,0.015310910371246544
2010-10-14,-0.004027694977973395
2010-10-15,0.01945677665988632
2010-10-18,0.0037807036336836575
2010-10-19,-0.026347633687240468
2010-10-20,0.016614277793737475
2010-10-21,0.0023035868305070206
2010-10-22,0.008541372068261
2010-10-25,0.006686317895896243
2010-10-26,0.0029733394473887564
2010-10-27,-8.644304359717303e-05
2010-10-28,0.0036609338059656604
2010-10-29,-0.0003552009422589375
2010-11-01,-8.927521860691012e-05
2010-11-02,0.016881214183663174
2010-11-03,0.007721632739682738
2010-11-04,0.030965496946807614
2010-11-05,0.003984563239541217
2010-11-08,0.0006258422989096069
2010-11-09,-0.014127929459528898
2010-11-10,0.0034090453417929822
2010-11-11,-0.0021528911609844936
2010-11-12,-0.028699515029069866
2010-11-15,-0.005075271044678309
2010-11-16,-0.030316816734809016
2010-11-17,0.002104205582025287
2010-11-18,0.02965072794899326
2010-11-19,0.0029377341232352805
2010-11-22,0.008132392086757312
2010-11-23,-0.026474015999112366
2010-11-24,0.03070531763787332
2010-11-26,-0.016587766351797484
2010-11-29,0.002222742776003539
2010-11-30,-0.016084456374896194
2010-12-01,0.03858730198754379
2010-12-02,0.02119813244751434
2010-12-03,0.006268884420598475
2010-12-06,-0.0006778850032235217
2010-12-07,-0.00019771492487830056
2010-12-08,0.005942015360962838
2010-12-09,0.003977583916840999
2010-12-10,0.011696708023355873
2010-12-13,-0.0023747256341287715
2010-12-14,0.0019198130906417088
2010-12-15,-0.008428726292384114
2010-12-16,0.010532796140954925
2010-12-17,0.0029238229665577986
2010-12-20,0.0034076137520515637
2010-12-21,0.0106199785454264
2010-12-22,0.003237130340400185
2010-12-23,-0.003708110860327518
2010-12-27,0.000871676479914818
2010-12-28,0.0010179384917199386
2010-12-29,0.0027974848009042486
2010-12-30,-0.0038840376989366376
2010-12-31,-0.0012472536969061476
2011-01-03,0.021912422326772818
2011-01-04,-0.003745053759778183
2011-01-05,0.01234697762017345
2011-01-06,0.0007748693227425107
2011-01-07,-0.002489351255489769
2011-01-10,0.0022570771296244185
2011-01-11,0.004781303144094862
2011-01-12,0.015114987378211042
2011-01-13,-0.0008950279246592308
2011-01-14,0.011396470752304655
2011-01-18,0.00476018265779965
2011-01-19,-0.01906341381941956
2011-01-20,-0.010034185497302395
2011-01-21,-0.0051861881613953775
2011-01-24,0.01796237255986144
2011-01-25,0.0006431092863976584
2011-01-26,0.00956703860115038
2011-01-27,0.005886603925676193
2011-01-28,-0.03777148974000455
2011-01-31,0.010671260551821105
2011-02-01,0.03208152323046165
2011-02-02,-0.003682783931340139
2011-02-03,0.0047301355337483475
2011-02-04,0.00776737271359651
2011-02-07,0.00999629697691451
2011-02-08,0.011592798426002027
2011-02-09,-0.004432366755150574
2011-02-10,0.002065628311938017
2011-02-11,0.011030247432340046
2011-02-14,0.004740837771775475
2011-02-15,-0.0028037902568798234
2011-02-16,0.011145742476558418
2011-02-17,0.0032533541145531863
2011-02-18,0.00019858658209281899
2011-02-22,-0.04424979813146557
2011-02-23,-0.012276681837232739
2011-02-24,0.0032930220115461317
2011-02-25,0.02278300334400507
2011-02-28,0.008092037891594295
2011-03-01,-0.027825228012963832
2011-03-02,0.006180974370913805
2011-03-03,0.03156433710488016
2011-03-04,-0.0104841931594849
2011-03-07,-0.01866881823484612
2011-03-08,0.010730289355574962
2011-03-09,-0.007340628983934394
2011-03-10,-0.03139387969451657
2011-03-11,0.01167854204708152
2011-03-14,-0.008145724585315595
2011-03-15,-0.02411511020242696
2011-03-16,-0.038461538216962854
2011-03-17,0.019472987668228026
2011-03-18,0.003005280695450585
2011-03-21,0.030506489708402862
2011-03-22,-0.0037900574082234684
2011-03-23,0.008303803116966879
2011-03-24,0.024250713922697287
2011-03-25,0.004002952259492432
2011-03-28,-0.00799872754920783
2011-03-29,0.01472337900899845
2011-03-30,0.010362140559765809
2011-03-31,0.0011103967444170415
2011-04-01,0.0035107666529787807
2011-04-04,-0.001140882853975067
2011-04-05,-0.0014207595827193664
2011-04-06,0.005000625651082835
2011-04-07,-0.001869874898125401
2011-04-08,-0.007132807383755324
2011-04-11,-0.0061491958444162
2011-04-12,-0.013641219826370121
2011-04-13,0.007271840441650745
2011-04-14,0.0002286497198369375
2011-04-15,0.0030816374479047948
2011-04-18,-0.016349888078442953
2011-04-19,0.010655116458319958
2011-04-20,0.03253511256122876
2011-04-21,0.011739301597006424
2011-04-25,0.00226364990576422
2011-04-26,0.011905191269762083
2011-04-27,0.01396974712326382
2011-04-28,0.002565777620522347
2011-04-29,0.0031034075356315416
2011-05-02,-0.0044236210107090335
2011-05-03,-0.00869549276734316
2011-05-04,-0.008377995886183709
2011-05-05,-0.016153236969403628
2011-05-06,0.008434243164326283
2011-05-09,0.008289387898895217
2011-05-10,0.015538748901497756
2011-05-11,-0.0167968245881448
2011-05-12,0.009084105023133171
2011-05-13,-0.01815053290135049
2011-05-16,-0.02172131982116199
2011-05-17,0.001944013455786875
2011-05-18,0.016256870980016602
2011-05-19,0.004720695427651078
2011-05-20,-0.012507381636092885
2011-05-23,-0.0231622158242194
2011-05-24,-0.0058652285174727314
2011-05-25,0.005964127533703012
2011-05-26,0.009427027022373302
2011-05-27,0.008857850059596606
2011-05-31,0.02357984263411006
2011-06-01,-0.03981419499480732
2011-06-02,0.00099157222487678
2011-06-03,-0.02163894179883441
2011-06-06,-0.016978139829748495
2011-06-07,-0.0021925042623919255
2011-06-08,-0.010923126525191118
2011-06-09,0.008557548635896195
2011-06-10,-0.026335875220049876
2011-06-13,-0.001383075353472707
2011-06-14,0.02324300591243378
2011-06-15,-0.030967953992962927
2011-06-16,-0.0021838100889921552
2011-06-17,0.0007215849734329982
2011-06-20,0.008825894657797928
2011-06-21,0.031100674909617432
2011-06-22,-0.010924020124058131
2011-06-23,0.003928747670224775
2011-06-24,-0.02747582268634441
2011-06-27,0.021152603847386153
2011-06-28,0.025221696229868806
2011-06-29,0.012770569503029794
2011-06-30,0.018866294325549315
2011-07-01,0.026330781926527935
2011-07-05,0.005319576246572755
2011-07-06,0.0041232866633058585
2011-07-07,0.0233738740400109
2011-07-08,-0.008781582426730772
2011-07-11,-0.031070027277671275
2011-07-12,-0.010979734193583335
2011-07-13,0.007745496271140961
2011-07-14,-0.01594369203080781
2011-07-15,0.017180301990833202
2011-07-18,-0.01123884071286363
2011-07-19,0.03366453053997165
2011-07-20,-0.0038254251198448497
2011-07-21,0.018077316108987773
2011-07-22,0.010489931137999564
2011-07-25,-0.005430314110283496
2011-07-26,-0.0013830120732516438
2011-07-27,-0.04153757646876266
2011-07-28,-0.001227043492266655
2011-07-29,-0.008499858299705343
2011-08-01,-0.007883789122317797
2011-08-02,-0.04366003179831768
2011-08-03,0.012948468552697046
2011-08-04,-0.08363198782795211
2011-08-05,-0.0052044345601226505
2011-08-08,0.0038739231397304508
2011-08-09,0.001071307509404873
2011-08-10,0.004284316337778371
2011-08-11,-0.0027353523780018207
2011-08-12,-0.0005581121950610779
2011-08-15,0.0013124837612252804
2011-08-16,0.0015187127161790936
2011-08-17,0.00035774625194751053
2011-08-18,0.002358337796945831
2011-08-19,0.001590369478511544
2011-08-22,0.0033027672688741294
2011-08-23,-0.004908604117584758
2011-08-24,-0.004290878517463126
2011-08-25,0.0005086825016236141
2011-08-26,0.0036570296989961726
2011-08-29,-0.0025517972958085666
2011-08-30,0.00372451169569743
2011-08-31,-0.000982088302773132
2011-09-01,8.511328158089526e-05
2011-09-02,0.0030220699079062108
2011-09-06,-0.00019001395650153352
2011-09-07,-0.0032645733151454026
2011-09-08,0.0026631532868393037
2011-09-09,-0.0006227856976152024
2011-09-12,-0.0022634498989789753
2011-09-13,0.001053189090533646
2011-09-14,-0.0007476550783328539
2011-09-15,-0.0015812347796699822
2011-09-16,0.0009192452953397101
2011-09-19,-0.0015315886328113315
2011-09-20,0.0013936342656533096
2011-09-21,-0.0012332580133029847
2011-09-22,-0.002560509392537269
2011-09-23,-0.005229937935164797
2011-09-26,-0.0012611498765904283
2011-09-27,0.0017362033768846263
2011-09-28,-0.0025047852782547064
2011-09-29,0.0008436815919194984
2011-09-30,0.00020559449091850368
2011-10-03,0.001835466405205377
2011-10-04,-0.0020962680701481773
2011-10-05,0.001151770937301233
2011-10-06,0.0006514299536681811
2011-10-07,-0.0008271772880866779
2011-10-10,0.002586152336783387
2011-10-11,-0.0007370786429858889
2011-10-12,0.0007327305315401045
2011-10-13,-0.0006046532059210685
2011-10-14,0.0006947800136176685
2011-10-17,-0.0004903949108763239
2011-10-18,-0.0004906355137755947
2011-10-19,-0.0012423107521392085
2011-10-20,-0.0013260018896985581
2011-10-21,0.0011080810206376412
2011-10-24,0.0009488344067987153
2011-10-25,0.002886221227280217
2011-10-26,0.0011404012004705422
2011-10-27,0.0013529513552801298
2011-10-28,4.431636963198038e-05
2011-10-31,-0.0014316422965440223
2011-11-01,-0.02368159099953604
2011-11-02,0.008077489138485605
2011-11-03,0.02010754423586647
2011-11-04,-0.004986087665440064
2011-11-07,0.008645401181253343
2011-11-08,0.009461523490416512
2011-11-09,-0.03233306694281701
2011-11-10,-0.0017557796451203034
2011-11-11,0.01805949960389519
2011-11-14,-0.005550412343025446
2011-11-15,0.009731249221490712
2011-11-16,-0.016327232869339903
2011-11-17,-0.0221712356063819
2011-11-18,-0.0070127078099678775
2011-11-21,-0.0025657023767720055
2011-11-22,0.001131090266174306
2011-11-23,-0.00029871590851460184
2011-11-25,-0.0008916124911781953
2011-11-28,0.0020183935201345538
2011-11-29,0.00015653584544272903
2011-11-30,0.002025758611714279
2011-12-01,-0.0002935357541333783
2011-12-02,0.00011242802352273706
2011-12-05,-0.0014693735050622658
2011-12-06,0.0005066804645645906
2011-12-07,0.0007186360831341609
2011-12-08,-0.002010726951477415
2011-12-09,0.0002478299287245189
2011-12-12,-0.0025974578318246344
2011-12-13,-0.0020904038192133267
2011-12-14,-0.0032903065913251206
2011-12-15,-0.0003325268218652422
2011-12-16,0.0
2011-12-19,3.968253967645552e-07
2011-12-20,3.968253967645552e-07
2011-12-21,3.968253967645552e-07
2011-12-22,3.968253967645552e-07
2011-12-23,3.968253967645552e-07
2011-12-27,7.93650793751155e-07
2011-12-28,3.968253967645552e-07
2011-12-29,7.936507935291104e-07
2011-12-30,7.93650793751155e-07
2012-01-03,7.936507935291104e-07
2012-01-04,7.93650793751155e-07
2012-01-05,7.93650793751155e-07
2012-01-06,7.936507939731996e-07
2012-01-09,3.968253967645552e-07
2012-01-10,7.93650793751155e-07
2012-01-11,7.93650793751155e-07
2012-01-12,1.1904761905157102e-06
2012-01-13,1.1904761905157102e-06
2012-01-17,1.1904761905157102e-06
2012-01-18,1.1904761905157102e-06
2012-01-19,1.9841269840448206e-06
2012-01-20,1.9841269840448206e-06
2012-01-23,1.5873015872802654e-06
2012-01-24,1.5873015872802654e-06
2012-01-25,1.5873015870582208e-06
2012-01-26,1.9841269840448206e-06
2012-01-27,2.3809523810314204e-06
2012-01-30,1.9841269840448206e-06
2012-01-31,2.3809523810314204e-06
2012-02-01,0.015225726634372272
2012-02-02,0.005817068205277609
2012-02-03,0.023287844235524657
2012-02-06,-0.0013472527947105961
2012-02-07,0.005149118179171852
2012-02-08,0.006301631621978165
2012-02-09,0.007789922022399587
2012-02-10,-0.01301904226417816
2012-02-13,0.014005309726352166
2012-02-14,0.001971472597245727
2012-02-15,-0.010499476386628737
2012-02-16,0.02203014933165104
2012-02-17,-0.0005535174984382385
2012-02-21,0.005108264772269333
2012-02-22,-0.005987536919509373
2012-02-23,0.010050762469223207
2012-02-24,0.004565646747428431
2012-02-27,0.002789142306322212
2012-02-28,0.01252256817978048
2012-02-29,-0.014129804755797948
2012-03-01,0.015011523552925343
2012-03-02,-0.003403828959031907
2012-03-05,-0.013043330605320591
2012-03-06,-0.024580893550968708
2012-03-07,0.013363702969242608
2012-03-08,0.019835730437652854
2012-03-09,0.007816557518879996
2012-03-12,-9.277075521196831e-05
2012-03-13,0.031358307852135114
2012-03-14,0.0008563316358953799
2012-03-15,0.007731063146785733
2012-03-16,0.0011662019925193778
2012-03-19,0.01072388941858593
2012-03-20,-0.0021203380431438212
2012-03-21,-0.001442144663189704
2012-03-22,-0.008862190119246938
2012-03-23,0.0027690192156648585
2012-03-26,0.028171527987932432
2012-03-27,-0.0014993865295884756
2012-03-28,-0.008080168258509102
2012-03-29,-0.004698699443404619
2012-03-30,0.001084939684536268
2012-04-02,0.015747466021278633
2012-04-03,-0.003037695085296499
2012-04-04,-0.02203672030534265
2012-04-05,0.005273279073279236
2012-04-09,-0.016177389892386373
2012-04-10,-0.030533367096772013
2012-04-11,0.011277541574741923
2012-04-12,0.022654939553659492
2012-04-13,-0.02467286297085003
2012-04-16,-0.010402603544690248
2012-04-17,0.03131201070545164
2012-04-18,-0.005670423343930309
2012-04-19,-0.014499230439627753
2012-04-20,-0.0019941249895344404
2012-04-23,-0.015502554983242156
2012-04-24,-0.001618790848494478
2012-04-25,0.036114109016490925
2012-04-26,0.011264112124290682
2012-04-27,0.007104687687258027
2012-04-30,-0.010417052556523254
2012-05-01,0.0069633434240572445
2012-05-02,-0.0004080966687869392
2012-05-03,-0.016147405241484836
2012-05-04,-0.03679340135679787
2012-05-07,0.0009399297671650597
2012-05-08,-0.006700322274478254
2012-05-09,-0.007175572656651474
2012-05-10,-0.0016340673160137875
2012-05-11,-0.0021694665968501337
2012-05-14,-0.018056151161906175
2012-05-15,-0.008053514166622033
2012-05-16,-0.009637592380010052
2012-05-17,-0.03222284285387256
2012-05-18,-0.01896202810642944
2012-05-21,0.03892392523256172
2012-05-22,0.0007977152428297885
2012-05-23,0.0033121965252129737
2012-05-24,-0.003969930237158303
2012-05-25,-0.005075987319550723
2012-05-29,0.02205032533186979
2012-05-30,-0.02039820873246867
2012-05-31,-0.0034024508480365867
2012-06-01,-0.0491189085510878
2012-06-04,0.006643187181523791
2012-06-05,0.009779621157536944
2012-06-06,0.04168115341592871
2012-06-07,-0.0040324795091694066
2012-06-08,0.016762205912691064
2012-06-11,-0.025613159830864762
2012-06-12,0.019773120281451506
2012-06-13,-0.0120783351442727
2012-06-14,0.012791008098270495
2012-06-15,0.02010863139389385
2012-06-18,0.010346055512668428
2012-06-19,0.018382433100004203
2012-06-20,-0.00024153044014552094
2012-06-21,-0.04354663545655579
2012-06-22,0.015490627989807493
2012-06-25,-0.03152197174579663
2012-06-26,0.010644534713950327
2012-06-27,0.013318013611920865
2012-06-28,-0.012104744801748835
2012-06-29,0.050193398453498794
2012-07-02,0.005515181272980563
2012-07-03,0.013552760579282452
2012-07-05,-0.0036318603099575464
2012-07-06,-0.020180013910977013
2012-07-09,-0.0026012206243496427
2012-07-10,-0.016096560306236962
2012-07-11,-0.005278089994198432
2012-07-12,-0.012082138214231208
2012-07-13,0.026708624557259197
2012-07-16,-0.003570597789843588
2012-07-17,0.010272442216701538
2012-07-18,0.018847481516495623
2012-07-19,0.011991417191395293
2012-07-20,-0.019479875847448924
2012-07-23,-0.019429305565289545
2012-07-24,-0.014786708077983879
2012-07-25,-0.007132435501437384
2012-07-26,0.025757310973390846
2012-07-27,0.04001449652341549
2012-07-30,-0.0018024306248480837
2012-07-31,-0.005174731553456047
2012-08-01,-0.0047425365501369
2012-08-02,-0.009156832999498876
2012-08-03,0.03391693896429837
2012-08-06,0.008838373586889547
2012-08-07,0.011985190528109424
2012-08-08,0.000513224191520445
2012-08-09,0.0038001918100296628
2012-08-10,0.0022636568020328873
2012-08-13,0.001984540565272974
2012-08-14,0.00017170004863786836
2012-08-15,0.0027570356869563994
2012-08-16,0.01769785361664078
2012-08-17,0.005463009192027801
2012-08-20,0.0015441954633144128
2012-08-21,-0.006453478795819367
2012-08-22,0.003716211954894133
2012-08-23,-0.01429728293787813
2012-08-24,0.010643210745844067
2012-08-27,0.0016296443729080234
2012-08-28,-0.0005243409857410564
2012-08-29,0.0002228368437662276
2012-08-30,-0.015444736805878434
2012-08-31,0.011177090013427149
2012-09-04,-0.00396990428183619
2012-09-05,-0.0006948810400781991
2012-09-06,0.03838343057856042
2012-09-07,0.004800700482903597
2012-09-10,-0.017154356777776103
2012-09-11,0.0013031641814311712
2012-09-12,0.005817869432129585
2012-09-13,0.02778594079772878
2012-09-14,0.012028553508310003
2012-09-17,-0.0031783520233311657
2012-09-18,0.0010950491361889636
2012-09-19,0.001420288402447012
2012-09-20,-0.0006412091942021858
2012-09-21,-8.936923792224327e-05
2012-09-24,-0.007945218868188553
2012-09-25,-0.02089237786800391
2012-09-26,-0.013394342371052526
2012-09-27,0.022143846090609598
2012-09-28,-0.011584500359773209
2012-10-01,0.000660465287946499
2012-10-02,0.0037290392060054245
2012-10-03,0.008920697967293556
2012-10-04,0.01115565042985156
2012-10-05,-0.006117379904124531
2012-10-08,-0.011056151639035172
2012-10-09,-0.02332717199788814
2012-10-10,-0.010430045490584128
2012-10-11,-0.0029820160064311096
2012-10-12,-0.003937944535470361
2012-10-15,0.012317708337127753
2012-10-16,0.022801580653679432
2012-10-17,0.004327506302600703
2012-10-18,-0.01271033445488201
2012-10-19,-0.03808564504340173
2012-10-22,0.005252209192227131
2012-10-23,-0.02288182121281357
2012-10-24,-0.006492356044169423
2012-10-25,0.003410467173907028
2012-10-26,0.0019260589929941396
2012-10-31,-0.0063821557598890966
2012-11-01,0.010665730911030513
2012-11-02,-0.010403069770779316
2012-11-05,0.002296483083454426
2012-11-06,0.008569378217433421
2012-11-07,-0.019985807719142934
2012-11-08,-0.010390632976046033
2012-11-09,0.0007580159045110779
2012-11-12,0.000479000193718937
2012-11-13,-0.0029456153223863524
2012-11-14,-0.011881866444368727
2012-11-15,-0.002314303108220006
2012-11-16,0.0036852124469706204
2012-11-19,0.01881063439307984
2012-11-20,0.0007979000222959609
2012-11-21,0.001658031318301001
2012-11-23,0.013027911643386236
2012-11-26,-0.0014068587667361854
2012-11-27,-0.004721078407536772
2012-11-28,0.004630755771333428
2012-11-29,0.005207662579186811
2012-11-30,-0.0019682837359962235
2012-12-03,-0.004982026291125541
2012-12-04,-0.004201463222712087
2012-12-05,-0.0077271065166961694
2012-12-06,0.008377736877338782
2012-12-07,-0.0016076443552324182
2012-12-10,0.0034724689899305883
2012-12-11,0.017587307651358852
2012-12-12,-0.0018762580013229613
2012-12-13,-0.012615560389928615
2012-12-14,-0.012234423660622218
2012-12-17,0.022765539224951725
2012-12-18,0.022248282920647178
2012-12-19,-0.011320270061580762
2012-12-20,0.003974654938416755
2012-12-21,-0.017267618987253486
2012-12-24,-0.005292998426158713
2012-12-26,-0.011292948782026246
2012-12-27,-0.0020256116200932928
2012-12-28,-0.01883062845328931
2012-12-31,0.016148265913074722
2013-01-02,0.022633468626890307
2013-01-03,-0.0034480544152352133
2013-01-04,0.003565159182621569
2013-01-07,-0.002185741343927128
2013-01-08,-0.002775096714762837
2013-01-09,0.0025658318512411515
2013-01-10,0.006797894421896489
2013-01-11,0.0003645619230989716
2013-01-14,-0.0010868724963905008
2013-01-15,0.0008009914926123685
2013-01-16,-0.0001433454893595698
2013-01-17,0.005881503726330228
2013-01-18,0.002311063871813346
2013-01-22,0.0048978744327834445
2013-01-23,0.0013631785503336324
2013-01-24,0.000359312654869548
2013-01-25,0.005580904264040676
2013-01-28,-0.0009232757122281665
2013-01-29,0.0034189904853372255
2013-01-30,-0.0036171490788128313
2013-01-31,-0.0017078009158316698
2013-02-01,0.018639684397940837
2013-02-04,-0.025534305096985732
2013-02-05,0.023029999321821926
2013-02-06,-0.00284505059981055
2013-02-07,-1.0706273886329498e-05
2013-02-08,0.013703361716851159
2013-02-11,1.0612862597625394e-05
2013-02-12,-0.002272402756393954
2013-02-13,0.004056209116485299
2013-02-14,0.00045622840008752163
2013-02-15,-0.0032491365728115618
2013-02-19,0.01264142334452334
2013-02-20,-0.025285268847903275
2013-02-21,-0.014838907677200752
2013-02-22,0.017448120953593493
2013-02-25,-0.027871979615817444
2013-02-26,0.008932363825736589
2013-02-27,0.02035925736023758
2013-02-28,-0.0033233313103591122
2013-03-01,0.006559080590953226
2013-03-04,0.008831423839182007
2013-03-05,0.02181338998088389
2013-03-06,-0.0010747685110447103
2013-03-07,0.004461243558854466
2013-03-08,0.004272411354962813
2013-03-11,0.006282210271170596
2013-03-12,-0.005246240419633952
2013-03-13,-0.0005448819141029571
2013-03-14,0.008062076587860734
2013-03-15,-0.0036939302947045505
2013-03-18,-0.007151003870335293
2013-03-19,-0.003548678811217232
2013-03-20,0.0114923958133335
2013-03-21,-0.01684650702306878
2013-03-22,0.015205085584191425
2013-03-25,-0.006574567106937823
2013-03-26,0.01214576652044519
2013-03-27,0.0006662498324621069
2013-03-28,0.0045630946848262965
2013-04-01,-0.009224997210771413
2013-04-02,0.011708431202285485
2013-04-03,-0.017417420676325457
2013-04-04,0.004065838081949824
2013-04-05,-0.011749281075058238
2013-04-08,0.011046692112071321
2013-04-09,0.008508805307487322
2013-04-10,0.029101909660570024
2013-04-11,0.0019682748762737123
2013-04-12,-0.002696920562698435
2013-04-15,-0.038426963176217854
2013-04-16,0.02481688876962318
2013-04-17,-0.030827858463111313
2013-04-18,-0.018315823208266746
2013-04-19,0.019728395729476045
2013-04-22,0.013450274754503333
2013-04-23,0.017902656641958004
2013-04-24,0.0007968670529732158
2013-04-25,0.0079531601054037
2013-04-26,-0.004209635883205443
2013-04-29,0.013868016226782354
2013-04-30,0.008782977352707277
2013-05-01,-0.011914966153219186
2013-05-02,0.019250790789703265
2013-05-03,0.019503878983989864
2013-05-06,0.006407140637139763
2013-05-07,0.003766947200412929
2013-05-08,0.008645162527719075
2013-05-09,-0.0030832188420828466
2013-05-10,0.007624333165716424
2013-05-13,0.0020980214620154314
2013-05-14,0.014003350244072177
2013-05-15,0.0064964066241723906
2013-05-16,-0.005034854790654908
2013-05-17,0.01714466918244617
2013-05-20,-0.001560562024479517
2013-05-21,0.002423675664315228
2013-05-22,-0.015012730974906519
2013-05-23,-0.004479505068935019
2013-05-24,-0.0012889992112367077
2013-05-28,0.010792696246576972
2013-05-29,-0.009707792439792584
2013-05-30,0.007840705550361982
2013-05-31,-0.021436550717294556
2013-06-03,0.006666081523313494
2013-06-04,-0.008568265152876453
2013-06-05,-0.024428573816740573
2013-06-06,0.01122253653666272
2013-06-07,0.023863878810941985
2013-06-10,0.0006489105166260778
2013-06-11,-0.017903723519696935
2013-06-12,-0.017707740768947877
2013-06-13,0.024305928691159995
2013-06-14,-0.011197971155600395
2013-06-17,0.01513097674032493
2013-06-18,0.014195151009662066
2013-06-19,-0.0221859671403406
2013-06-20,-0.04418878667135462
2013-06-21,-0.0014059363375376055
2013-06-24,-0.02011822206212255
2013-06-25,0.014818739438462014
2013-06-26,0.016085316201120747
2013-06-27,0.009658372257361103
2013-06-28,-0.0035341447125656344
2013-07-01,0.011525336362794958
2013-07-02,-0.0009650271861819659
2013-07-03,0.004865852487069056
2013-07-05,0.01640515306058221
2013-07-08,0.005745457159596734
2013-07-09,0.012180212752159303
2013-07-10,0.005670719369253341
2013-07-11,0.03110606492203516
2013-07-12,0.0032470835156628297
2013-07-15,0.0063835051168865675
2013-07-16,-0.004976327865367058
2013-07-17,0.004490228736413027
2013-07-18,0.0024803195578813053
2013-07-19,-0.007343509596250186
2013-07-22,0.0038143697259134246
2013-07-23,-0.008138274328732709
2013-07-24,-0.000723482462663072
2013-07-25,0.00716235924536357
2013-07-26,0.005868492819804505
2013-07-29,-0.0042313616196918424
2013-07-30,0.004753613460352746
2013-07-31,0.002053356309049459
2013-08-01,0.019740811251012236
2013-08-02,0.006878195782217711
2013-08-05,-0.0005877539925093211
2013-08-06,-0.010222924798475197
2013-08-07,-0.004766759727514613
2013-08-08,0.006573064145281693
2013-08-09,-0.005645949699165542
2013-08-12,0.00074344084099498
2013-08-13,0.007893185199103758
2013-08-14,-0.007539965091973411
2013-08-15,-0.028392378926129114
2013-08-16,-0.003242734805906422
2013-08-19,-0.00717031660069678
2013-08-20,0.008045220960569033
2013-08-21,-0.008579986664136507
2013-08-22,0.01650818608046034
2013-08-23,0.009434949940426263
2013-08-26,-0.0028564625171294544
2013-08-27,-0.03345983035287137
2013-08-28,0.007099763730485709
2013-08-29,0.007709293319104749
2013-08-30,-0.008993510968707819
2013-09-03,0.008699575936556903
2013-09-04,0.017824283946180852
2013-09-05,0.0021120551943520915
2013-09-06,0.0016779653770369052
2013-09-09,0.019515903530997525
2013-09-10,0.011093591154573312
2013-09-11,0.0009790925766695047
2013-09-12,-0.0027839436596233114
2013-09-13,0.0023072007535491768
2013-09-16,0.002977183383235271
2013-09-17,0.010107904091140263
2013-09-18,0.021207450520048354
2013-09-19,0.0006852250071760491
2013-09-20,-0.01013536151908323
2013-09-23,-0.005558412333569018
2013-09-24,-0.0022306291929831135
2013-09-25,-0.0049059518383800516
2013-09-26,0.009604997876047072
2013-09-27,-0.004775493476127046
2013-09-30,-0.007813285309676288
2013-10-01,0.01676898619956768
2013-10-02,-0.0019618779073125037
2013-10-03,-0.017861901843117867
2013-10-04,0.013695378675537384
2013-10-07,-0.014881624776310831
2013-10-08,-0.027314401728904758
2013-10-09,-0.0031991798405508476
2013-10-10,0.03792657327883964
2013-10-11,0.013462890113633774
2013-10-14,0.009975600898865622
2013-10-15,-0.009880989386684136
2013-10-16,0.022503572275087702
2013-10-17,0.01124532824439739
2013-10-18,0.0205537023527238
2013-10-21,0.0019404032760856893
2013-10-22,0.005839591466214156
2013-10-23,-0.008731674953433854
2013-10-24,0.0069650784607122596
2013-10-25,0.00987025250999074
2013-10-28,0.0022243229577112444
2013-10-29,0.006213632743653719
2013-10-30,-0.005468682605474617
2013-10-31,-0.004789716200931604
2013-11-01,0.0019084408779013184
2013-11-04,0.00457422458374479
2013-11-05,-0.0012969231812275384
2013-11-06,0.0040131140325196935
2013-11-07,-0.028306894592693976
2013-11-08,0.02406664259430924
2013-11-11,-0.0010828738273186422
2013-11-12,-0.0007226298761672245
2013-11-13,0.018302897960475573
2013-11-14,0.007180861136093952
2013-11-15,0.0055335716973277105
2013-11-18,-0.01127180356443036
2013-11-19,-0.005339107510245689
2013-11-20,-0.004249919365662214
2013-11-21,0.015603414495213297
2013-11-22,0.009290370801224634
2013-11-25,0.0018295220768431708
2013-11-26,0.004389504607920758
2013-11-27,0.007988777372640588
2013-11-29,0.0043072601695886
2013-12-02,-0.0039995378881256816
2013-12-03,-0.00432885210044387
2013-12-04,-6.1442124039357e-05
2013-12-05,-0.004490554841714345
2013-12-06,0.016381286353458258
2013-12-09,0.005455672326229566
2013-12-10,-0.0037186182119344213
2013-12-11,-0.021648284303956378
2013-12-12,-0.0048589377994529
2013-12-13,-0.0018422342357439225
2013-12-16,0.010558810312560674
2013-12-17,-0.004959684206428228
2013-12-18,0.0256236227307165
2013-12-19,-0.0030798666731544078
2013-12-20,0.013589502883293303
2013-12-23,0.014608040734728212
2013-12-24,0.002674570098078588
2013-12-26,0.007360189770289738
2013-12-27,-0.0023814231974577105
2013-12-30,-0.0018213293078945814
2013-12-31,0.010151712331423424
2014-01-02,-0.015556032427296862
2014-01-03,-0.0069586558197403114
2014-01-06,-0.0057153411868658965
2014-01-07,0.013325482491629792
2014-01-08,0.002472109148456303
2014-01-09,-0.0024919253275849096
2014-01-10,0.004850176032214382
2014-01-13,-0.025173233555153773
2014-01-14,0.026924294845329877
2014-01-15,0.012340731980392317
2014-01-16,-0.0009915789861125734
2014-01-17,-0.009086302533497181
2014-01-21,0.009300360328578838
2014-01-22,0.0035358627482118266
2014-01-23,-0.010478219820842405
2014-01-24,-0.03766170642679545
2014-01-27,-0.012834958788706552
2014-01-28,0.004668617049522705
2014-01-29,-0.01806147047074058
2014-01-30,0.02529620654814413
2014-01-31,-0.007443411917368636
2014-02-03,-0.0408280089256885
2014-02-04,0.012598594183552914
2014-02-05,-0.0033501858345974522
2014-02-06,0.022430703660909268
2014-02-07,0.027699050232133038
2014-02-10,0.006674117042113403
2014-02-11,0.02014369106480962
2014-02-12,0.002483039924887631
2014-02-13,0.011128982644199592
2014-02-14,0.006915884178306797
2014-02-18,0.005748878549287184
2014-02-19,-0.012148567912871555
2014-02-20,0.008468933581500027
2014-02-21,-0.002031306838919278
2014-02-24,0.00996042979809153
2014-02-25,-0.0013120101134823647
2014-02-26,-0.0008764790737090244
2014-02-27,0.010937708029429727
2014-02-28,0.0008329257098060872
2014-03-03,-0.010688195676129109
2014-03-04,0.02318736819535272
2014-03-05,0.002566626316809817
2014-03-06,0.0025429062772144295
2014-03-07,-0.005070455170964605
2014-03-10,0.0006205092852609173
2014-03-11,-0.00772961445982745
2014-03-12,0.004799885540743842
2014-03-13,-0.022179750576881596
2014-03-14,-0.008331224891840239
2014-03-17,0.01478509129223271
2014-03-18,0.016491050536588503
2014-03-19,-0.010993827374462195
2014-03-20,0.006558570176276701
2014-03-21,-0.01376397574673549
2014-03-24,-0.012891568367491169
2014-03-25,0.007144587722435425
2014-03-26,-0.01892327376517533
2014-03-27,-0.007047069260975647
2014-03-28,0.005683740096605883
2014-03-31,0.013059638998270895
2014-04-01,0.021470224577192942
2014-04-02,0.005490195781561624
2014-04-03,-0.008135335227342
2014-04-04,-0.035041710505686274
2014-04-07,-0.01804528700051089
2014-04-08,0.011278831425636238
2014-04-09,0.0252411397026433
2014-04-10,-0.046890537150865996
2014-04-11,-0.018312275310728543
2014-04-14,0.01374433935749586
2014-04-15,0.009294373216303553
2014-04-16,0.02044085418138275
2014-04-17,0.0016327956448887182
2014-04-21,0.010190570677542476
2014-04-22,0.010896034213035755
2014-04-23,-0.009677638407948441
2014-04-24,0.010102317599192556
2014-04-25,-0.021604889346304668
2014-04-28,0.005940359648921367
2014-04-29,0.010613448860670616
2014-04-30,0.005671646568485844
2014-05-01,0.0024175786928590792
2014-05-02,-0.0029130604547051853
2014-05-05,0.0063507126259838564
2014-05-06,-0.019504259944281288
2014-05-07,0.0023139745449163307
2014-05-08,-0.0017614176672122728
2014-05-09,0.0050560006095747845
2014-05-12,0.022900027197418682
2014-05-13,0.0012519470828709078
2014-05-14,-0.008801086433489091
2014-05-15,-0.01482316532876371
2014-05-16,0.009130724031508608
2014-05-19,0.009698540731829075
2014-05-20,-0.009576018863130531
2014-05-21,0.01626702868559171
2014-05-22,0.006056099428699779
2014-05-23,0.0105134358393848
2014-05-27,0.01705889369442959
2014-05-28,-0.0038905057853881875
2014-05-29,0.010480569175702392
2014-05-30,0.0014988666828634756
2014-06-02,-4.1764692816692595e-05
2014-06-03,-0.0005329601450447807
2014-06-04,0.004884685846312964
2014-06-05,0.01336752620376691
2014-06-06,0.00948375847699201
2014-06-09,0.0002895137347047605
2014-06-10,0.0015460768723842833
2014-06-11,-0.0033867858247564886
2014-06-12,-0.014117983871803852
2014-06-13,0.005087393045628774
2014-06-16,0.001298547991985588
2014-06-17,0.002837172581502845
2014-06-18,0.012165173585523714
2014-06-19,0.0002772943032296471
2014-06-20,0.0024962162045454317
2014-06-23,0.0001259846963859168
2014-06-24,-0.006429059890374567
2014-06-25,0.009774864479721312
2014-06-26,-0.00033666491979988944
2014-06-27,0.005594455430792733
2014-06-30,0.0014636310345477188
2014-07-01,0.015615345977098016
2014-07-02,0.0022057000491844114
2014-07-03,0.009685817225845827
2014-07-07,-0.006090983173982267
2014-07-08,-0.016630425187336928
2014-07-09,0.011358461853557822
2014-07-10,-0.005824980679285496
2014-07-11,0.006670353454722333
2014-07-14,0.008116257564509288
2014-07-15,-0.005627965579336647
2014-07-16,0.007111259668742598
2014-07-17,-0.02071689924158049
2014-07-18,0.02220126805814293
2014-07-21,-0.0027337751548812683
2014-07-22,0.009668193394212654
2014-07-23,0.007636747579941705
2014-07-24,-0.0019744979580350597
2014-07-25,-0.007098743537938268
2014-07-28,0.0006034543405672999
2014-07-29,-0.005463327557174602
2014-07-30,0.0035633278032645155
2014-07-31,-0.03763489216279847
2014-08-01,-0.005096512620405225
2014-08-04,0.011840809607923886
2014-08-05,-0.015407441156169766
2014-08-06,-0.0007782963788908193
2014-08-07,-0.007550592115857513
2014-08-08,0.016693569920247286
2014-08-11,0.007913975424606479
2014-08-12,-0.0018462398772446376
2014-08-13,0.01616153096156392
2014-08-14,0.008701939128594294
2014-08-15,0.00409681805202422
2014-08-18,0.014656427238258107
2014-08-19,0.009557389784485837
2014-08-20,0.002747861114360539
2014-08-21,0.004015868952708779
2014-08-22,-0.00011596226793142428
2014-08-25,0.007993287405815286
2014-08-26,0.0017883259344515512
2014-08-27,-0.0003351312471187029
2014-08-28,-0.00203748700009454
2014-08-29,0.006210304040358494
2014-09-02,0.000302789384346136
2014-09-03,-0.005609540178327932
2014-09-04,-0.0028065785763916606
2014-09-05,0.009264989126928302
2014-09-08,-0.000930062798324971
2014-09-09,-0.012953612827826144
2014-09-10,0.010257028618484876
2014-09-11,0.00039109901249889667
2014-09-12,-0.009891404255299219
2014-09-15,-0.0097330160034107
2014-09-16,0.014857187206720912
2014-09-17,0.0026396089981064463
2014-09-18,0.011313832383280431
2014-09-19,-0.0016516199820283406
2014-09-22,-0.014883651723051505
2014-09-23,-0.007584551205457868
2014-09-24,0.016633596086611968
2014-09-25,-0.03378166571231833
2014-09-26,0.017194991736043885
2014-09-29,-0.0031032344378233434
2014-09-30,-0.001212130446723081
2014-10-01,-0.026421182073941396
2014-10-02,-0.0003332881413592448
2014-10-03,0.01883468978860825
2014-10-06,-0.0031059910655802936
2014-10-07,-0.026330141409840913
2014-10-08,0.03323268241506683
2014-10-09,-0.03311363619036023
2014-10-10,-0.03246551166420908
2014-10-13,-0.0286242682752178
2014-10-14,0.001790656312649519
2014-10-15,-0.012351232692048186
2014-10-16,-0.00653146239216662
2014-10-17,0.011645814977639724
2014-10-20,0.013065218124806988
2014-10-21,0.023512565902037208
2014-10-22,-0.004916754567469539
2014-10-23,0.01409104705668085
2014-10-24,0.0071187876280491835
2014-10-27,0.0012478841459702128
2014-10-28,0.01393075456195958
2014-10-29,-0.003685406442416328
2014-10-30,0.0023172273863696358
2014-10-31,0.012937997192774331
2014-11-03,0.0030737404607041885
2014-11-04,-0.0056789389900340215
2014-11-05,0.0053822096066191705
2014-11-06,0.006652885918664531
2014-11-07,-0.0003261931326274947
2014-11-10,0.006143895971351787
2014-11-11,0.003424706044063308
2014-11-12,0.000886244370584155
2014-11-13,0.004436946263560948
2014-11-14,0.003096628291746617
2014-11-17,-0.0022239782022310806
2014-11-18,0.012181762794315487
2014-11-19,-0.005772631562938724
2014-11-20,0.005815603205984843
2014-11-21,0.006199106661407772
2014-11-24,0.010114902290652594
2014-11-25,0.0009096946415954044
2014-11-26,0.007938896947376373
2014-11-28,0.0022207129290707783
2014-12-01,-0.01658455748434895
2014-12-02,0.009036093811988888
2014-12-03,0.005541262928697499
2014-12-04,-0.0019426903552316466
2014-12-05,0.00199767677590601
2014-12-08,-0.012776024549303155
2014-12-09,0.0024627721592693774
2014-12-10,-0.028605082659310388
2014-12-11,0.008363768117924275
2014-12-12,-0.02388247606568894
2014-12-15,-0.015770706777990084
2014-12-16,-0.021711486979149375
2014-12-17,0.03384404264115415
2014-12-18,0.044016610320013694
2014-12-19,0.00668110384444609
2014-12-22,0.007071398201073498
2014-12-23,-0.001393305824668567
2014-12-24,0.00046970043839533737
2014-12-26,0.009353821867087664
2014-12-29,0.0006446411092824178
2014-12-30,-0.010948206692309448
2014-12-31,-0.018486390670308994
2015-01-02,-0.0024719950127893853
2015-01-05,-0.03011002096188209
2015-01-06,-0.01988430353632409
2015-01-07,0.02230995704043126
2015-01-08,0.032919524995002725
2015-01-09,-0.013559861868269407
2015-01-12,-0.01618582506138555
2015-01-13,-0.002987002433365582
2015-01-14,-0.010024361909494517
2015-01-15,-0.019954524127247186
2015-01-16,0.021957290913741767
2015-01-20,0.008966564006906763
2015-01-21,0.008964294923899274
2015-01-22,0.029964850608100724
2015-01-23,-0.0030884754542666037
2015-01-26,0.0012478169680207873
2015-01-27,-0.035026364790905595
2015-01-28,-0.01659680457451529
2015-01-29,0.01677220965105697
2015-01-30,-0.017860902239015264
2015-02-02,0.017491130194674742
2015-02-03,0.020717217084546213
2015-02-04,-0.004067688620047805
2015-02-05,0.017657816712616237
2015-02-06,-0.010758332896827483
2015-02-09,-0.006658259312504855
2015-02-10,0.023026772591572042
2015-02-11,0.0030517534922256395
2015-02-12,0.01903385852798345
2015-02-13,0.011524913779172863
2015-02-17,0.0026542798599609174
2015-02-18,0.001246572407887836
2015-02-19,0.003969329610529204
2015-02-20,0.011331696764627752
2015-02-23,0.000945950192349887
2015-02-24,0.003230193752301158
2015-02-25,-0.0034642350591814752
2015-02-26,0.003715432676262287
2015-02-27,-0.0068570568004069354
2015-03-02,0.013531163116964784
2015-03-03,-0.00824415653380095
2015-03-04,-0.006856087821119128
2015-03-05,0.002188511478176336
2015-03-06,-0.022970751737451334
2015-03-09,0.006187606324921546
2015-03-10,-0.030821560578424334
2015-03-11,-0.007377731172722779
2015-03-12,0.017256183770376854
2015-03-13,-0.009409626094275203
2015-03-16,0.023623301014046305
2015-03-17,-0.001815074021591978
2015-03-18,0.019665986315406503
2015-03-19,-0.0029795394697091915
2015-03-20,0.014132634116269749
2015-03-23,-0.003675399424148962
2015-03-24,-0.008670067657502
2015-03-25,-0.03350916205615495
2015-03-26,-0.00504065755195493
2015-03-27,0.0054138027472068195
2015-03-30,0.021927342426080854
2015-03-31,-0.01827767013881032
2015-04-01,-0.00759880502047372
2015-04-02,0.003110882668820869
2015-04-06,0.013649696467143757
2015-04-07,-0.0037023435660066273
2015-04-08,0.009862871199695977
2015-04-09,0.009738539510618649
2015-04-10,0.00828459647606583
2015-04-13,-0.006193057083037634
2015-04-14,-0.0009274952686044724
2015-04-15,0.009292190011931822
2015-04-16,-0.0013993685756256147
2015-04-17,-0.024279549394868538
2015-04-20,0.021631887151034812
2015-04-21,0.0026213063127118463
2015-04-22,0.009259369027250663
2015-04-23,0.005895927883244889
2015-04-24,0.01411453322486822
2015-04-27,-0.005833598484281999
2015-04-28,0.0006838053990052551
2015-04-29,-0.00929550623629305
2015-04-30,-0.023435028878218245
2015-05-01,0.021717375193187394
2015-05-04,0.004099446669724838
2015-05-05,-0.024840662957272386
2015-05-06,-0.009861017134322525
2015-05-07,0.008414368673257622
2015-05-08,0.02305657426409513
2015-05-11,-0.008186102866967637
2015-05-12,-0.006455773047364555
2015-05-13,0.0019966506529738304
2015-05-14,0.022300968576953517
2015-05-15,0.0012009342965402237
2015-05-18,0.006545802885303154
2015-05-19,-0.0015634320920737688
2015-05-20,-0.00012676690722379647
2015-05-21,0.007641130729191703
2015-05-22,-0.002674219867243033
2015-05-26,-0.02043871287096366
2015-05-27,0.022519225235904772
2015-05-28,-0.0027688513530764736
2015-05-29,-0.01092278223203258
2015-06-01,0.004380417480259524
2015-06-02,-0.003396385945710012
2015-06-03,0.0051600576225561134
2015-06-04,-0.013734432552932052
2015-06-05,-0.0043721989924530025
2015-06-08,-0.014853660621974574
2015-06-09,-0.0014390754414087548
2015-06-10,0.0220469582457532
2015-06-11,0.004411238003778628
2015-06-12,-0.01387433883384015
2015-06-15,-0.008489755451819736
2015-06-16,0.00948677370485651
2015-06-17,0.003981706999325985
2015-06-18,0.021746364151442155
2015-06-19,-0.009433757288663358
2015-06-22,0.012991850051887077
2015-06-23,0.0012013072313608042
2015-06-24,-0.011031195497118285
2015-06-25,-0.005017174459604923
2015-06-26,-0.005426404432956278
2015-06-29,-0.039361702347384675
2015-06-30,0.004609422411322228
2015-07-01,0.013523208636104345
2015-07-02,-0.0003237675784776295
2015-07-06,-0.004809435312083998
2015-07-07,0.006956291101565926
2015-07-08,-0.03014759459748728
2015-07-09,0.0007207146870267245
2015-07-10,0.025518536239262035
2015-07-13,0.02521578327099072
2015-07-14,0.01016234622538903
2015-07-15,0.000658339022442167
2015-07-16,0.019479508758135644
2015-07-17,0.0142821317483528
2015-07-20,0.004093741517962268
2015-07-21,-0.004560465734483321
2015-07-22,-0.012041415175166326
2015-07-23,-0.008411328044803601
2015-07-24,-0.018222372100566542
2015-07-27,-0.013067925447007078
2015-07-28,0.01855131202682836
2015-07-29,0.0100183463816641
2015-07-30,0.004396396990622886
2015-07-31,-0.00241420601878628
2015-08-03,-0.005697226838366487
2015-08-04,-0.00398581199672976
2015-08-05,0.010222916328903153
2015-08-06,-0.02093602365386238
2015-08-07,-0.0037534210133339796
2015-08-10,0.0212381472681471
2015-08-11,-0.019614918304683537
2015-08-12,0.0036871596639913573
2015-08-13,-0.0024996286910844434
2015-08-14,0.004590661050265066
2015-08-17,0.012590731187316573
2015-08-18,-0.007071215830861122
2015-08-19,-0.01318167705419293
2015-08-20,-0.04318409785747379
2015-08-21,-0.06597120228594655
2015-08-24,2.3809523810314204e-06
2015-08-25,2.7777777777959756e-06
2015-08-26,2.3809523810314204e-06
2015-08-27,2.3809523810314204e-06
2015-08-28,2.3809523810314204e-06
2015-08-31,3.1746031745605308e-06
2015-09-01,1.1904761905157102e-06
2015-09-02,1.1904761905157102e-06
2015-09-03,7.936507939731996e-07
2015-09-04,7.93650793751155e-07
2015-09-08,2.3809523810314204e-06
2015-09-09,1.1904761905157102e-06
2015-09-10,7.93650793751155e-07
2015-09-11,1.5873015872802654e-06
2015-09-14,2.7777777777959756e-06
2015-09-15,2.7777777777959756e-06
2015-09-16,2.3809523810314204e-06
2015-09-17,3.968253967645552e-07
2015-09-18,-3.968253969865998e-07
2015-09-21,3.968253965425106e-07
2015-09-22,-3.968253967645552e-07
2015-09-23,3.968253965425106e-07
2015-09-24,3.968253967645552e-07
2015-09-25,-3.968253968755775e-07
2015-09-28,3.968253967645552e-07
2015-09-29,3.968253967645552e-07
2015-09-30,-3.968253968755775e-07
2015-10-01,-7.936507935291104e-07
2015-10-02,0.0
2015-10-05,3.968253965425106e-07
2015-10-06,0.0
2015-10-07,0.0
2015-10-08,-3.968253969865998e-07
2015-10-09,3.968253967645552e-07
2015-10-12,3.968253967645552e-07
2015-10-13,3.968253967645552e-07
2015-10-14,0.0
2015-10-15,3.968253967645552e-07
2015-10-16,3.968253967645552e-07
2015-10-19,7.93650793751155e-07
2015-10-20,7.93650793751155e-07
2015-10-21,3.968253967645552e-07
2015-10-22,0.0
2015-10-23,3.968253965425106e-07
2015-10-26,7.93650793751155e-07
2015-10-27,1.1904761905157102e-06
2015-10-28,1.5873015872802654e-06
2015-10-29,2.777777777573931e-06
2015-10-30,3.1746031745605308e-06
2015-11-02,0.020755561683289514
2015-11-03,0.005711367541492374
2015-11-04,-0.0024419310519209203
2015-11-05,-0.004064478691910844
2015-11-06,0.0007582803406434024
2015-11-09,-0.017951080099955052
2015-11-10,-0.0012182236920387224
2015-11-11,-0.004058854355403652
2015-11-12,-0.021362933486422042
2015-11-13,-0.027690505049982272
2015-11-16,0.012664633762264454
2015-11-17,0.0005846475893884762
2015-11-18,0.01708972432475009
2015-11-19,0.0008024275289568727
2015-11-20,0.006111844531099031
2015-11-23,-0.0024941366894073447
2015-11-24,-0.0005655388006342577
2015-11-25,0.00045945811785164103
2015-11-27,0.0014829848886934727
2015-11-30,-0.0024951916689190945
2015-12-01,0.017516271975314135
2015-12-02,-0.014620337338182576
2015-12-03,-0.028341159132764582
2015-12-04,0.03824433493276147
2015-12-07,-0.009369464094505453
2015-12-08,-0.005712815700039564
2015-12-09,-0.020955330828293373
2015-12-10,0.006233557505495035
2015-12-11,-0.03836523278113824
2015-12-14,0.006983546290719067
2015-12-15,0.005246237960885969
2015-12-16,0.01280765536106232
2015-12-17,-0.01280671412828005
2015-12-18,-0.01691338694054234
2015-12-21,0.009199008329667135
2015-12-22,0.0058825964239306305
2015-12-23,0.006858851948394751
2015-12-24,-0.0003418465019302541
2015-12-28,-0.0008607571048758755
2015-12-29,0.01438785218734595
2015-12-30,-0.008024520567238014
2015-12-31,-0.011362523046297035
2016-01-04,-0.031706494532495966
2016-01-05,-0.002367722890935453
2016-01-06,-0.008021193908473001
2016-01-07,-0.027382987498980937
2016-01-08,7.936507936401327e-06
2016-01-11,8.333333333387927e-06
2016-01-12,8.333333333387927e-06
2016-01-13,8.730158730152482e-06
2016-01-14,9.920634920668192e-06
2016-01-15,9.126984126917037e-06
2016-01-19,1.0317460317654792e-05
2016-01-20,1.0317460317432747e-05
2016-01-21,1.1111111111183902e-05
2016-01-22,1.1904761904713013e-05
2016-01-25,1.2301587301477568e-05
2016-01-26,1.2301587301477568e-05
2016-01-27,1.2698412698464168e-05
2016-01-28,1.3492063492215323e-05
2016-01-29,1.2698412698464168e-05
2016-02-01,1.3888888888979878e-05
2016-02-02,1.3492063491993278e-05
2016-02-03,1.3095238095228723e-05
2016-02-04,1.1507936507948457e-05
2016-02-05,1.1507936507948457e-05
2016-02-08,1.2698412698464168e-05
2016-02-09,1.1904761904713013e-05
2016-02-10,1.2301587301477568e-05
2016-02-11,1.1111111110961858e-05
2016-02-12,1.1507936507948457e-05
2016-02-16,1.1904761904713013e-05
2016-02-17,1.1904761904713013e-05
2016-02-18,1.1904761904713013e-05
2016-02-19,1.1904761904713013e-05
2016-02-22,1.3095238095006678e-05
2016-02-23,1.2698412698464168e-05
2016-02-24,1.3095238095228723e-05
2016-02-25,1.2698412698464168e-05
2016-02-26,1.2698412698464168e-05
2016-02-29,1.3095238095006678e-05
2016-03-01,-0.0007215274609146949
2016-03-02,0.0007800924105183515
2016-03-03,0.0017374613078366963
2016-03-04,-0.00014988090881506988
2016-03-07,0.0005163099271479066
2016-03-08,-0.00046066013663603744
2016-03-09,-0.0008307579275872445
2016-03-10,0.0016279977170452486
2016-03-11,-0.0017458376881576143
2016-03-14,-0.0012849400080131579
2016-03-15,8.804837812670385e-05
2016-03-16,0.002228863787498536
2016-03-17,-0.00037669838159826163
2016-03-18,-0.00026741417291431535
2016-03-21,-0.0006961656963159202
2016-03-22,0.0003055919132266549
2016-03-23,-0.0022633949772575823
2016-03-24,-0.00022599207099405216
2016-03-28,0.00023835274649997018
2016-03-29,0.0018316211724094256
2016-03-30,-0.0013916073711323085
2016-03-31,0.00046315873963242993
2016-04-01,0.01444657962965179
2016-04-04,-0.007110002420902539
2016-04-05,-0.015788539064869878
2016-04-06,0.02328750343665198
2016-04-07,-0.023009753105776798
2016-04-08,0.0026203083099451963
2016-04-11,-0.004541742005831018
2016-04-12,0.01634805759064717
2016-04-13,0.01901733402839345
2016-04-14,-0.001368211157367516
2016-04-15,-0.0029515793821771608
2016-04-18,0.011061040417066348
2016-04-19,-0.0013745609743548437
2016-04-20,0.0010562702818626146
2016-04-21,-0.004385211799954547
2016-04-22,-0.014220796955290549
2016-04-25,-0.0018651596446498386
2016-04-26,-0.0019736068379642147
2016-04-27,-0.005316293795255889
2016-04-28,-0.01641606601554202
2016-04-29,-0.0031099041068080036
2016-05-02,0.006401298999023641
2016-05-03,-0.008091496231305784
2016-05-04,-0.005870383191757145
2016-05-05,0.0002427893944987325
2016-05-06,0.0038028512004786297
2016-05-09,-0.0009940437945281655
2016-05-10,0.010975769860588569
2016-05-11,-0.007367816756534196
2016-05-12,-0.0004918028571867517
2016-05-13,-0.007482335561554532
2016-05-16,0.008707708390929492
2016-05-17,-0.007719065558040583
2016-05-18,-0.0015818272464954708
2016-05-19,-0.0032966806180249053
2016-05-20,0.004987612496978322
2016-05-23,-0.0014015218396985496
2016-05-24,0.009850219702864926
2016-05-25,0.005703028100084273
2016-05-26,0.00017153414504500475
2016-05-27,0.002995566266336569
2016-05-31,-0.0009610280859768672
2016-06-01,0.0014908144338308116
2016-06-02,0.004571626348707447
2016-06-03,-0.004503611484888537
2016-06-06,0.0079081929512681
2016-06-07,-0.0007259439322458983
2016-06-08,0.005589895291659097
2016-06-09,-0.002175563525124269
2016-06-10,-0.017880343726340064
2016-06-13,-0.013999020412129082
2016-06-14,-0.0011896927158099313
2016-06-15,-0.0033550841857035163
2016-06-16,0.004353001852133831
2016-06-17,-0.012396412067827822
2016-06-20,0.010122838309367
2016-06-21,0.0033773737366689094
2016-06-22,-0.003637659960579964
2016-06-23,0.023292095405387014
2016-06-24,-0.0638120175489506
2016-06-27,-0.015353673911032262
2016-06-28,-0.0012619913207531086
2016-06-29,0.0004957221641532783
2016-06-30,0.000598371728693925
2016-07-01,0.008129188155049594
2016-07-05,-0.011146785773160861
2016-07-06,0.0132119057942639
2016-07-07,0.0017567558025708419
2016-07-08,0.027965883860648466
2016-07-11,0.007745125647860007
2016-07-12,0.00907927200961045
2016-07-13,-0.001355323082272264
2016-07-14,0.009957097999695907
2016-07-15,-0.002622102734985199
2016-07-18,0.008572469641692892
2016-07-19,-0.004368662808602819
2016-07-20,0.013302705274502502
2016-07-21,-0.0042876010863875935
2016-07-22,0.007287284367791358
2016-07-25,-0.0027844425863106093
2016-07-26,0.001617585459710913
2016-07-27,0.0064879432667648285
2016-07-28,0.004256842974136976
2016-07-29,0.0042890155974151245
2016-08-01,0.003991077696639422
2016-08-02,-0.011602003123104221
2016-08-03,0.005361626105247597
2016-08-04,0.0032302756399724686
2016-08-05,0.013943078860135127
2016-08-08,-0.0011409667289892234
2016-08-09,0.0027159655760740087
2016-08-10,-0.003805369048398788
2016-08-11,0.0070053206410405355
2016-08-12,-0.00035425308116820986
2016-08-15,0.006775975150469682
2016-08-16,-0.008961598027067641
2016-08-17,0.0027471419252724782
2016-08-18,0.0030050833140142785
2016-08-19,-0.002416565099725654
2016-08-22,0.0002106634058087753
2016-08-23,0.003039918091642946
2016-08-24,-0.011135889527551734
2016-08-25,-0.0024223957437149446
2016-08-26,-0.0005336356303445866
2016-08-29,0.00576460315094085
2016-08-30,-0.005516848437608468
2016-08-31,-0.003712167943209388
2016-09-01,0.0026104857911146695
2016-09-02,0.007855203003044098
2016-09-06,0.010190337279692097
2016-09-07,0.0004591919426213398
2016-09-08,-0.008097881905376636
2016-09-09,-0.045316500279911964
2016-09-12,0.028712231624204332
2016-09-13,-0.02129641131399518
2016-09-14,0.0042002596865471364
2016-09-15,0.022641805534935777
2016-09-16,-0.0044456855585273125
2016-09-19,-0.0037975113497137336
2016-09-20,0.0019168493274424048
2016-09-21,0.019848061031565
2016-09-22,0.01352136173285956
2016-09-23,-0.010873274108328279
2016-09-26,-0.014681679010711268
2016-09-27,0.013497104932471027
2016-09-28,0.00580862044046615
2016-09-29,-0.01494045546929601
2016-09-30,0.01288942800165449
2016-10-03,-0.003946395231109401
2016-10-04,-0.008623403934820972
2016-10-05,0.0064441906240941815
2016-10-06,-0.00044535799717715374
2016-10-07,-0.005296430783343076
2016-10-10,0.01025045213898057
2016-10-11,-0.02448619743117819
2016-10-12,0.0008116903179122836
2016-10-13,-0.0061406068644968
2016-10-14,0.0006055981093178175
2016-10-17,-0.004988220767283225
2016-10-18,0.013653746444229231
2016-10-19,0.0025009776993853983
2016-10-20,-0.0024433831250538773
2016-10-21,0.0036073713527184914
2016-10-24,0.014329692749019296
2016-10-25,-0.005135493230090549
2016-10-26,-0.008402865783029956
2016-10-27,-0.006043076539246961
2016-10-28,-0.008617145549027039
2016-10-31,-0.000695043092893588
2016-11-01,-0.011976959252541164
2016-11-02,-0.012345851245888051
2016-11-03,-0.012135790944618252
2016-11-04,-0.004547006198780679
2016-11-07,0.03911504881209815
2016-11-08,0.009429602597117448
2016-11-09,0.013855560991559823
2016-11-10,-0.013909898500822249
2016-11-11,-0.0037731552980434513
2016-11-14,-0.007985493168618851
2016-11-15,0.019233179229786623
2016-11-16,0.0034055719756975744
2016-11-17,0.011120092912128898
2016-11-18,-0.005228399190740585
2016-11-21,0.015479164658830813
2016-11-22,0.004921171641727007
2016-11-23,-0.003090543055828343
2016-11-25,0.006149135231084513
2016-11-28,-0.005917044701753915
2016-11-29,0.004456954518565537
2016-11-30,-0.013787295357001184
2016-12-01,-0.018468996941953808
2016-12-02,0.002111306531128676
2016-12-05,0.012202004857971183
2016-12-06,0.005264934527398513
2016-12-07,0.022733198421953427
2016-12-08,0.004152071460145734
2016-12-09,0.01215175997967699
2016-12-12,-0.005102665699343589
2016-12-13,0.01745610397453312
2016-12-14,-0.009427366706380558
2016-12-15,0.004729027523188156
2016-12-16,-0.004347726179105393
2016-12-19,0.005050616630711602
2016-12-20,0.006964312753917401
2016-12-21,-0.0029769653979407895
2016-12-22,-0.004217548303930507
2016-12-23,0.0016246778318165234
2016-12-27,0.00714751566207239
2016-12-28,-0.014368700540791868
2016-12-29,-0.0020057122540270145
2016-12-30,-0.012283212149130973
2017-01-03,0.014407310901004333
2017-01-04,0.010042809141380893
2017-01-05,0.004243196131560323
2017-01-06,0.011248974958730562
2017-01-09,0.00011157582267018462
2017-01-10,0.0019538093931277256
2017-01-11,0.004594146609241179
2017-01-12,-0.003426022060916467
2017-01-13,0.00517404062312421
2017-01-17,-0.006040551056842647
2017-01-18,0.003976267996673721
2017-01-19,-0.0037946693723626135
2017-01-20,0.004662289505129813
2017-01-23,-0.0012178437792378372
2017-01-24,0.011536802996168882
2017-01-25,0.016760168271575004
2017-01-26,0.00023563401851567356
2017-01-27,0.0006450122553578463
2017-01-30,-0.012296062516826023
2017-01-31,-0.0021841480963628035
2017-02-01,0.006228801045757626
2017-02-02,-0.0005715345134935657
2017-02-03,0.008662751791648216
2017-02-06,-0.00036011051223305834
2017-02-07,0.0034420362697618057
2017-02-08,0.002903942763647027
2017-02-09,0.007917790133165292
2017-02-10,0.006403119981575056
2017-02-13,0.010196337615379747
2017-02-14,0.006726167573968267
2017-02-15,0.009672731506942922
2017-02-16,-0.0006692770178674534
2017-02-17,0.004886434661186767
2017-02-21,0.00975759451399516
2017-02-22,-0.00018524574099798574
2017-02-23,-0.002500993134866847
2017-02-24,0.0022096082567757414
2017-02-27,0.002921254957910513
2017-02-28,-0.005271753972435844
2017-03-01,0.021680040926924216
2017-03-02,-0.009461366665100224
2017-03-03,0.0018142732751180723
2017-03-06,-0.004700232761919887
2017-03-07,-0.004277511986578664
2017-03-08,-0.00035293509441969295
2017-03-09,0.001770365879436353
2017-03-10,0.006689996989653002
2017-03-13,0.0020592478325283103
2017-03-14,-0.0055934915057627155
2017-03-15,0.013004949889384276
2017-03-16,-0.001840652406363441
2017-03-17,-0.0025636727549743776
2017-03-20,-0.00010559221766759386
2017-03-21,-0.02497221247962078
2017-03-22,0.00805809165676763
2017-03-23,-0.0031912883396255642
2017-03-24,0.0007821628427666649
2017-03-27,0.0006678192472859834
2017-03-28,0.011775875277856285
2017-03-29,0.005374361416074169
2017-03-30,0.0036911720117038804
2017-03-31,-0.002235521780419192
2017-04-03,-0.002312403667691809
2017-04-04,0.0020089546918391488
2017-04-05,-0.006303384396939671
2017-04-06,0.0025079301894721517
2017-04-07,-0.0012591805187108784
2017-04-10,0.0009582845085471803
2017-04-11,-0.004843812241333789
2017-04-12,-0.007470493801690847
2017-04-13,-0.009565523711269397
2017-04-17,0.01495079089705409
2017-04-18,-0.004093902219708179
2017-04-19,-0.00022688504909951224
2017-04-20,0.01411615207370076
2017-04-21,-0.002494473177488077
2017-04-24,0.020399344484592685
2017-04-25,0.011726869215923363
2017-04-26,-0.001560965905124334
2017-04-27,0.005885941315953991
2017-04-28,3.5957325603908075e-05
2017-05-01,0.008572303485585575
2017-05-02,0.002149552559679746
2017-05-03,-0.005405797787698341
2017-05-04,0.00021738960534456453
2017-05-05,0.007314170849377799
2017-05-08,0.0014454431334440798
2017-05-09,0.001724637289239217
2017-05-10,0.0017676777076542916
2017-05-11,-0.002057737809297966
2017-05-12,0.0011169984430168256
2017-05-15,0.007271940120546105
2017-05-16,0.003870585404686988
2017-05-17,-0.037506504525111284
2017-05-18,0.01006517024540865
2017-05-19,0.01047975821101832
2017-05-22,0.012481636749605896
2017-05-23,0.0020596794875280544
2017-05-24,0.006714667464316149
2017-05-25,0.011489173798950425
2017-05-26,0.002643772296299751
2017-05-30,-0.000287064520634539
2017-05-31,-0.00039025212991961045
2017-06-01,0.010760628961732577
2017-06-02,0.013434826087221907
2017-06-05,-0.00032220676007621574
2017-06-06,-0.0048446605379276475
2017-06-07,0.003949623984724537
2017-06-08,0.0009469567040225613
2017-06-09,-0.02514357996464156
2017-06-12,-0.0053484816497682
2017-06-13,0.011566937293973956
2017-06-14,-0.005296742310780256
2017-06-15,-0.006509036303619764
2017-06-16,-0.0031016861114112615
2017-06-19,0.020756926273232112
2017-06-20,-0.012916906740996992
2017-06-21,0.008435989622550544
2017-06-22,-0.00045650918680806285
2017-06-23,0.0049631579563949035
2017-06-26,-0.0046717172665080575
2017-06-27,-0.02278522986966769
2017-06-28,0.019994130347547268
2017-06-29,-0.023221571241224814
2017-06-30,0.0006705681083614135
2017-07-03,-0.007009794119126944
2017-07-05,0.010321301864454346
2017-07-06,-0.016125857559839196
2017-07-07,0.01499139211905498
2017-07-10,0.007189946297355698
2017-07-11,0.0015318592270103792
2017-07-12,0.01782832272277335
2017-07-13,0.0032211566909623457
2017-07-14,0.010959261396052522
2017-07-17,0.0006350398472443342
2017-07-18,0.006765798552709201
2017-07-19,0.009945909222317972
2017-07-20,0.0014177092415192938
2017-07-21,-0.001177229973421956
2017-07-24,0.0036943794859405354
2017-07-25,-8.463565259131389e-05
2017-07-26,0.0032857042737544084
2017-07-27,-0.006365547740617372
2017-07-28,-0.0024765191488501648
2017-07-31,-0.004547977636201961
2017-08-01,0.003558511812430609
2017-08-02,0.002671232585532035
2017-08-03,-0.004248914475204368
2017-08-04,0.0017755460118771271
2017-08-07,0.006840393113416665
2017-08-08,-0.0029132508501689136
2017-08-09,-0.0006251867752842255
2017-08-10,-0.031139747442784915
2017-08-11,0.00811235155938328
2017-08-14,0.01993151114087044
2017-08-15,-0.0002972893829779055
2017-08-16,0.003860563597273714
2017-08-17,-0.031818488851832805
2017-08-18,-0.0028844467566550014
2017-08-21,0.0006193625151242887
2017-08-22,0.021789116505619655
2017-08-23,-0.005901529980739673
2017-08-24,-0.004663884316661204
2017-08-25,0.00024495850967998223
2017-08-28,0.004112225074998976
2017-08-29,0.004135540050567155
2017-08-30,0.01501006050569198
2017-08-31,0.015091076276957383
2017-09-01,0.0015201313083073043
2017-09-05,-0.013811465603211226
2017-09-06,0.005016736848693748
2017-09-07,0.003134473849412789
2017-09-08,-0.009010413039034604
2017-09-11,0.017502665335810352
2017-09-12,0.006057122202890897
2017-09-13,0.0010188884630688566
2017-09-14,-0.005273399713122351
2017-09-15,0.0036838412505135754
2017-09-18,-0.0001186677176907569
2017-09-19,0.0023917479889508098
2017-09-20,-0.0030194284134950067
2017-09-21,-0.009074162821826826
2017-09-22,-5.812161247509273e-05
2017-09-25,-0.01010130201575743
2017-09-26,0.0014824520600049684
2017-09-27,0.010476501967768614
2017-09-28,0.0008263436973581229
2017-09-29,0.008865296267526857
2017-10-02,0.003592575813699206
2017-10-03,0.004461921995676077
2017-10-04,0.002010667982483172
2017-10-05,0.013415649112651806
2017-10-06,0.0005531074763622801
2017-10-09,-0.0015247293615847646
2017-10-10,0.003102902525058626
2017-10-11,0.004314623507020832
2017-10-12,-0.0030654203635721577
2017-10-13,0.005196946839974403
2017-10-16,0.003706500641278865
2017-10-17,0.0009761258690734742
2017-10-18,-0.0007951356191067127
2017-10-19,-0.0025847766996036636
2017-10-20,0.006363851550357236
2017-10-23,-0.009197258482639303
2017-10-24,0.002723404916568084
2017-10-25,-0.008055375993683
2017-10-26,-0.0023717848527208263
2017-10-27,0.03308259572937211
2017-10-30,-0.0004707379594385275
2017-10-31,0.004280588018566123
2017-11-01,0.0013734335062822733
2017-11-02,-0.0017189500224488174
2017-11-03,0.010855300498485043
2017-11-06,0.005211027250953348
2017-11-07,1.53442116617164e-05
2017-11-08,0.0055179728953775875
2017-11-09,-0.0080220964932195
2017-11-10,-0.0010864074370092736
2017-11-13,0.0018465812959582717
2017-11-14,-0.004961672663413075
2017-11-15,-0.009375894848847821
2017-11-16,0.019050855170962055
2017-11-17,-0.004726310849712534
2017-11-20,-0.0007102595761085961
2017-11-21,0.015597763136880438
2017-11-22,0.0015018975817662206
2017-11-24,0.005059539847870331
2017-11-27,-0.00043180374052609327
2017-11-28,0.010920880959903956
2017-11-29,-0.0164942928275994
2017-11-30,0.013942469582164385
2017-12-01,-0.005199582280329684
2017-12-04,-0.011770589028240463
2017-12-05,-0.003717467553077669
2017-12-06,0.003877944096017716
2017-12-07,0.004600238835287929
2017-12-08,0.008762662482709738
2017-12-11,0.009832933249000808
2017-12-12,0.00034221183392224575
2017-12-13,0.0012701277881232986
2017-12-14,-0.0043408958062125524
2017-12-15,0.017375148719294575
2017-12-18,0.013304762893975974
2017-12-19,-0.008230229115807841
2017-12-20,-0.0018380539373369364
2017-12-21,0.001625298259204655
2017-12-22,-0.0012863947976708978
2017-12-26,-0.006036609201484078
2017-12-27,0.0006038808212311952
2017-12-28,0.0026104439383818345
2017-12-29,-0.008741520602620234
2018-01-02,0.022886192553112528
2018-01-03,0.01396485838913697
2018-01-04,0.006120792701162614
2018-01-05,0.014551288025260734
2018-01-08,0.005074693856875978
2018-01-09,0.001972596485602107
2018-01-10,-0.0037322203053160585
2018-01-11,0.012900358345462992
2018-01-12,0.013569126334564308
2018-01-16,-0.005525166919520874
2018-01-17,0.017742340286943437
2018-01-18,-0.0016032453983488848
2018-01-19,0.007243384045424239
2018-01-22,0.017104343316505455
2018-01-23,0.009901382513780588
2018-01-24,-0.004858625810945427
2018-01-25,-0.0010266008489902
2018-01-26,0.02380280290058101
2018-01-29,-0.010633527786878871
2018-01-30,-0.017255828386812166
2018-01-31,0.004910830084599915
2018-02-01,-0.00830179685342014
2018-02-02,-0.03904928960891296
2018-02-05,-0.07082357922438387
2018-02-06,0.03747384362990425
2018-02-07,-0.017108274194366002
2018-02-08,-0.06992315899906243
2018-02-09,0.0277132353518581
2018-02-12,0.028723804514315
2018-02-13,0.007156481458018948
2018-02-14,0.03096789345836015
2018-02-15,0.027164000852452297
2018-02-16,-0.0034285518808769844
2018-02-20,-0.005655031518624343
2018-02-21,-0.008036088121141427
2018-02-22,0.002035632270753096
2018-02-23,0.03198585056116965
2018-02-26,0.022562241254726834
2018-02-27,-0.023603113759196548
2018-02-28,-0.015472549523462109
2018-03-01,-0.026652578424209095
2018-03-02,0.012951132194033432
2018-03-05,0.019768173839817438
2018-03-06,0.0070697332666131985
2018-03-07,0.0008669510231680277
2018-03-08,0.009027001362903908
2018-03-09,0.032724255447275974
2018-03-12,0.0033487854267248984
2018-03-13,-0.016813420407319146
2018-03-14,-0.005174936969081778
2018-03-15,-0.0027981197669255664
2018-03-16,-0.001606006665190951
2018-03-19,-0.031139259781382878
2018-03-20,0.0034958876009465456
2018-03-21,-0.004470651602173414
2018-03-22,-0.0450682364188264
2018-03-23,-0.0416487509805461
2018-03-26,0.058494590073014496
2018-03-27,-0.046038119464705485
2018-03-28,-0.013378771768781661
2018-03-29,0.028611567159664064
2018-04-02,-0.04500456555509347
2018-04-03,0.01989195208951533
2018-04-04,0.021804462961449556
2018-04-05,0.013235689594466082
2018-04-06,-0.04115554410965838
2018-04-09,0.009251219707552494
2018-04-10,0.03441002802694704
2018-04-11,-0.00838060428572207
2018-04-12,0.016029538986876535
2018-04-13,-0.005981225400825463
2018-04-16,0.013725308804428904
2018-04-17,0.028774115111429577
2018-04-18,0.0029322946825027785
2018-04-19,-0.013155868349962963
2018-04-20,-0.022926253534832575
2018-04-23,-0.0035130894784806133
2018-04-24,-0.030656200626432484
2018-04-25,0.002709927123851763
2018-04-26,0.026573081276977772
2018-04-27,0.0021828821147087396
2018-04-30,-0.014587285163125463
2018-05-01,0.01114774464433399
2018-05-02,-0.011172872574146786
2018-05-03,-0.001832739186155452
2018-05-04,0.02885915892586488
2018-05-07,0.009863452305648224
2018-05-08,-0.0008837747661115669
2018-05-09,0.019199148223301155
2018-05-10,0.018081744687286738
2018-05-11,0.000810937473636475
2018-05-14,0.0020170189080215284
2018-05-15,-0.017795546705415943
2018-05-16,0.010081731734624677
2018-05-17,-0.004699219611909111
2018-05-18,-0.006911409836686699
2018-05-21,0.011759560337367692
2018-05-22,-0.0038623086053016786
2018-05-23,0.010288451385710884
2018-05-24,-0.0022506810974957103
2018-05-25,-0.0013053758982545238
2018-05-29,-0.01401093983085877
2018-05-30,0.017635062814589597
2018-05-31,-0.006766929579274716
2018-06-01,0.023601818775766725
2018-06-04,0.012107040722458384
2018-06-05,0.004072955863145378
2018-06-06,0.012665848278875291
2018-06-07,-0.00767066431812069
2018-06-08,0.002282164778510287
2018-06-11,0.0035225161961640605
2018-06-12,0.0062250882607430835
2018-06-13,-0.003939463004050681
2018-06-14,0.01209427165318977
2018-06-15,-0.004442614554041602
2018-06-18,-0.0024231789571794726
2018-06-19,-0.0062565777242563625
2018-06-20,0.008054562958433209
2018-06-21,-0.013910932247640728
2018-06-22,-0.0015216028908957568
2018-06-25,-0.03202673041432336
2018-06-26,0.005646391193502742
2018-06-27,-0.020400930098744885
2018-06-28,0.013521130920494562
2018-06-29,0.0027174036711148375
2018-07-02,0.008876461003232805
2018-07-03,-0.01437562290911698
2018-07-05,0.01863859275757629
2018-07-06,0.020769749554712558
2018-07-09,0.016755268571559512
2018-07-10,0.0036236771569611026
2018-07-11,-0.0107397119286331
2018-07-12,0.02275386849590033
2018-07-13,0.0016155088162796982
2018-07-16,-0.002820484667717116
2018-07-17,0.009711643084067134
2018-07-18,-0.00037071071054795013
2018-07-19,-0.007834572092886738
2018-07-20,-0.0016760075423077891
2018-07-23,0.004481507695460074
2018-07-24,0.008147364886106123
2018-07-25,0.020757898003251007
2018-07-26,-0.016123568553257805
2018-07-27,-0.018576589868102622
2018-07-30,-0.018048812018833127
2018-07-31,0.009589686569561051
2018-08-01,0.0036696305637089477
2018-08-02,0.016563058080085513
2018-08-03,0.006922980036573323
2018-08-06,0.008896353482305885
2018-08-07,0.005318934129100894
2018-08-08,0.000417368355276615
2018-08-09,-0.0015677555473141425
2018-08-10,-0.01301478536875833
2018-08-13,-0.004267094116047088
2018-08-14,0.011373890307570633
2018-08-15,-0.017735125822316622
2018-08-16,0.009789045066532331
2018-08-17,0.002972162172773629
2018-08-20,0.0014985328881369497
2018-08-21,0.004927606361043502
2018-08-22,0.0030281274960848314
2018-08-23,-0.0027085240646212982
2018-08-24,0.013733666576625003
2018-08-27,0.016120173537489624
2018-08-28,0.0019775173160883064
2018-08-29,0.01553719942434495
2018-08-30,-0.005848344604380218
2018-08-31,0.001144074873502987
2018-09-04,-0.00494258097085809
2018-09-05,-0.014478045800721873
2018-09-06,-0.010567403749281334
2018-09-07,-0.004748643866062663
2018-09-10,0.003575321534474929
2018-09-11,0.009989661715249731
2018-09-12,-0.002200932008336709
2018-09-13,0.013621505429993075
2018-09-14,-0.002068299356531522
2018-09-17,-0.017433547666221516
2018-09-18,0.011942261160361234
2018-09-19,0.00040868261919002613
2018-09-20,0.016287184173109592
2018-09-21,-0.005044155389030691
2018-09-24,-0.0008928244756258863
2018-09-25,0.0002820155676321878
2018-09-26,-0.0025471394475435893
2018-09-27,0.010078779474417487
2018-09-28,-4.5180492430074715e-05
2018-10-01,0.0046243214543428834
2018-10-02,-0.002574114288891316
2018-10-03,0.0019713835554193704
2018-10-04,-0.02453278160701977
2018-10-05,-0.015623258396567974
2018-10-08,-0.006269366220720718
2018-10-09,0.0013670207331970552
2018-10-10,-0.06752869823402163
2018-10-11,-0.03089034888827591
2018-10-12,0.03671409186480945
2018-10-15,-0.016076828797641496
2018-10-16,0.04463574419682281
2018-10-17,0.0005419924023599698
2018-10-18,-0.032499901173257184
2018-10-19,-0.002507575149793606
2018-10-22,0.0004951217455337886
2018-10-23,-0.007589532689492806
2018-10-24,-0.06774062131487901
2018-10-25,9.087301587307195e-05
2018-10-26,9.047619047608535e-05
2018-10-29,9.12698412698365e-05
2018-10-30,9.087301587307195e-05
2018-10-31,9.0873015873294e-05
2018-11-01,9.00793650793208e-05
2018-11-02,9.047619047608535e-05
2018-11-05,9.206349206358766e-05
2018-11-06,9.166666666637902e-05
2018-11-07,9.206349206358766e-05
2018-11-08,9.12698412698365e-05
2018-11-09,9.166666666660106e-05
2018-11-12,9.166666666637902e-05
2018-11-13,9.285714285711677e-05
2018-11-14,9.246031746035221e-05
2018-11-15,9.206349206358766e-05
2018-11-16,9.166666666660106e-05
2018-11-19,9.285714285711677e-05
2018-11-20,9.285714285711677e-05
2018-11-21,9.365079365086793e-05
2018-11-23,9.365079365086793e-05
2018-11-26,9.404761904763248e-05
2018-11-27,9.365079365086793e-05
2018-11-28,9.325396825388133e-05
2018-11-29,9.206349206358766e-05
2018-11-30,9.206349206336562e-05
2018-12-03,0.011510147127599124
2018-12-04,-0.028938735582283548
2018-12-06,9.365079365086793e-05
2018-12-07,9.325396825388133e-05
2018-12-10,9.404761904785452e-05
2018-12-11,9.404761904763248e-05
2018-12-12,9.484126984116159e-05
2018-12-13,9.444444444439704e-05
2018-12-14,9.404761904763248e-05
2018-12-17,9.365079365086793e-05
2018-12-18,9.285714285711677e-05
2018-12-19,9.325396825388133e-05
2018-12-20,9.285714285711677e-05
2018-12-21,9.285714285711677e-05
2018-12-24,9.563492063491275e-05
2018-12-26,9.484126984116159e-05
2018-12-27,9.365079365086793e-05
2018-12-28,9.325396825388133e-05
2018-12-31,9.523809523814819e-05
2019-01-02,0.00015062374873431317
2019-01-03,0.0009913595552524246
2019-01-04,-0.0007309994399928854
2019-01-07,0.0004323085481046096
2019-01-08,-0.00018590586518762997
2019-01-09,0.0007285743293616864
2019-01-10,-0.0005080630659054508
2019-01-11,0.0002580314633768843
2019-01-14,0.0003245804408500419
2019-01-15,-8.728029867510756e-05
2019-01-16,0.00040617196770109665
2019-01-17,-4.7140500523901174e-05
2019-01-18,-0.000813182137321955
2019-01-22,0.000439340823922274
2019-01-23,-5.5731627095934044e-05
2019-01-24,-7.363249995984145e-05
2019-01-25,0.0015416020643426176
2019-01-28,0.0004382036021459701
2019-01-29,0.0006517680506061829
2019-01-30,0.0006677800541405876
2019-01-31,0.00013332262444643028
2019-02-01,-0.00011647223017474673
2019-02-04,-0.0003482562771127684
2019-02-05,0.0003413301050341211
2019-02-06,-0.0005887498045381578
2019-02-07,0.00032538366489465176
2019-02-08,0.0004619731986541531
2019-02-11,-0.000403185675513007
2019-02-12,0.00029357101492299975
2019-02-13,-0.0003073731264673363
2019-02-14,0.0006383927502702225
2019-02-15,0.0006780703638817887
2019-02-19,0.0016076359632064552
2019-02-20,-9.030284418243273e-05
2019-02-21,-0.001057836280140445
2019-02-22,0.000446265223338127
2019-02-25,-1.762180148845438e-05
2019-02-26,0.00025370789489387313
2019-02-27,-0.0006262489814962136
2019-02-28,-0.0004745591082839784
2019-03-01,0.01125326899945911
2019-03-04,-0.004173397693292724
2019-03-05,-0.0005231609511406887
2019-03-06,-0.011156089701413463
2019-03-07,-0.018482543399782614
2019-03-08,-0.0023566250206804584
2019-03-11,0.03152650679095692
2019-03-12,0.00855745861326751
2019-03-13,0.013426250695351527
2019-03-14,-0.003465094444649708
2019-03-15,0.012586348762329669
2019-03-18,0.0057893485671696165
2019-03-19,0.0036791041028285676
2019-03-20,0.0010654302357082646
2019-03-21,0.023958996653513864
2019-03-22,-0.037678162814100746
2019-03-25,-0.0009552039211425667
2019-03-26,0.009897997666264757
2019-03-27,-0.01042131476063346
2019-03-28,0.0036968518462412447
2019-03-29,0.01308768680882344
2019-04-01,0.021750691791972088
2019-04-02,0.0034890344266491624
2019-04-03,0.0067173944574228095
2019-04-04,0.001930850833155917
2019-04-05,0.008189868928761834
2019-04-08,0.0037939591757354396
2019-04-09,-0.007483456516270803
2019-04-10,0.008118439968722635
2019-04-11,-0.0037013247201512778
2019-04-12,0.009651247438291044
2019-04-15,-0.0007115989688966096
2019-04-16,0.002676544865712005
2019-04-17,0.0007676320013623172
2019-04-18,0.002583550960636005
2019-04-22,0.003389645190762014
2019-04-23,0.019563212432142096
2019-04-24,-0.004700902685632391
2019-04-25,0.0024520746916132374
2019-04-26,0.006200720854753428
2019-04-29,0.0020971573426102896
2019-04-30,-0.00650313189595908
2019-05-01,-0.010342403185561455
2019-05-02,-0.005954639621864377
2019-05-03,0.02316490135605176
2019-05-06,-0.008860707833140968
2019-05-07,-0.03275480847590928
2019-05-08,-0.004219615836589585
2019-05-09,-0.00683786456450064
2019-05-10,0.005110967791595922
2019-05-13,-0.0523781286185494
2019-05-14,0.017520902725135956
2019-05-15,0.016853192450883014
2019-05-16,0.016623945097663295
2019-05-17,-0.015493149036013287
2019-05-20,-0.020551858277357726
2019-05-21,0.016323096481350552
2019-05-22,-0.006619836503292342
2019-05-23,-0.024006153012845255
2019-05-24,0.0011222805643611444
2019-05-28,-0.012164229958044559
2019-05-29,-0.012790212783167831
2019-05-30,0.006437835261644542
2019-05-31,-0.025127603732608916
2019-06-03,0.001525424096800565
2019-06-04,0.00011440988158439858
2019-06-05,0.0003410647238792919
2019-06-06,0.00041307051099703784
2019-06-07,0.0006537961749877308
2019-06-10,-0.0009387445350947932
2019-06-11,-4.2208444563818226e-05
2019-06-12,0.0006040574826606804
2019-06-13,0.0006989540259527693
2019-06-14,4.426392888534636e-05
2019-06-17,1.301981126777818e-05
2019-06-18,0.0005944685404890571
2019-06-19,0.0006976809096974623
2019-06-20,0.0026729739203903424
2019-06-21,0.0007737042153379559
2019-06-24,0.0016501019065711109
2019-06-25,0.0002820634848392789
2019-06-26,-0.000912951827974462
2019-06-27,-3.037303407493752e-05
2019-06-28,0.00036297283598529795
2019-07-01,0.017197376068980752
2019-07-02,0.008167851827487027
2019-07-03,0.013535163383760596
2019-07-05,-0.0036636925887698624
2019-07-08,-0.012314943581084647
2019-07-09,0.006386398295629148
2019-07-10,0.014212237730356403
2019-07-11,0.00045310461298586624
2019-07-12,0.010018403176833335
2019-07-15,0.0027693655772065284
2019-07-16,-0.008403771649757141
2019-07-17,-0.008980788623525027
2019-07-18,0.006078570061174959
2019-07-19,-0.014283616335766025
2019-07-22,0.00995299636700353
2019-07-23,0.011490769215250829
2019-07-24,0.01091830909322522
2019-07-25,-0.013822964389706982
2019-07-26,0.015305838347415612
2019-07-29,-0.0036610980281356342
2019-07-30,-0.00613771042634903
2019-07-31,-0.02353020918948978
2019-08-01,-0.010687298300394832
2019-08-02,-0.019249640828740144
2019-08-05,-0.05780637361974228
2019-08-06,0.02545741607686547
2019-08-07,0.005736408424460215
2019-08-08,0.037555654044192366
2019-08-09,-0.014581010592985
2019-08-12,-0.019770157695388924
2019-08-13,0.03248850060106312
2019-08-14,-0.05305456196875602
2019-08-15,0.0025637551462114327
2019-08-16,0.026152724864827226
2019-08-19,0.022940407318932987
2019-08-20,-0.012217018832354487
2019-08-21,0.014368618771464892
2019-08-22,-0.0035765433586673057
2019-08-23,-0.04887682786081393
2019-08-26,0.022550577098781277
2019-08-27,-0.003931042708155363
2019-08-28,0.008439516080346321
2019-08-29,0.02410510893875628
2019-08-30,-0.002705877280915203
2019-09-03,-0.012784780008688323
2019-09-04,0.02350315001210257
2019-09-05,0.02588173599835364
2019-09-06,-0.0012697775474631579
2019-09-09,-0.002181368442297993
2019-09-10,-0.0028899511977221737
2019-09-11,0.014880240817236157
2019-09-12,0.006736505230111822
2019-09-13,-0.00452421407820669
2019-09-16,-0.0066106205138769525
2019-09-17,0.006654391060922471
2019-09-18,2.2428262168361357e-05
2019-09-19,0.0014066614015808554
2019-09-20,-0.013137935766820763
2019-09-23,0.0009160136990105094
2019-09-24,-0.01893633103873793
2019-09-25,0.013372934430977201
2019-09-26,-0.004978522635804228
2019-09-27,-0.016241754343300552
2019-09-30,0.010473577057869887
2019-10-01,-0.017534519192385134
2019-10-02,-0.030014619393837094
2019-10-03,0.017291983184565707
2019-10-04,0.02525362087617533
2019-10-07,-0.007549368277737445
2019-10-08,-0.027042505052301435
2019-10-09,0.017773948102887127
2019-10-10,0.011397669256889342
2019-10-11,0.02028271409239224
2019-10-14,1.6073687161055616e-05
2019-10-15,0.019110647475863995
2019-10-16,-0.003249443022013354
2019-10-17,0.0049773264786145965
2019-10-18,-0.012744847889805122
2019-10-21,0.013849356795402779
2019-10-22,-0.010329759378725378
2019-10-23,0.0045681202895975215
2019-10-24,0.010829157960608349
2019-10-25,0.010907389466568995
2019-10-28,0.013440998419810724
2019-10-29,-0.007691804337169095
2019-10-30,0.006993009343667422
2019-10-31,-0.0010505386637258418
2019-11-01,0.017157235860255193
2019-11-04,0.008084102741992671
2019-11-05,-0.0023601308455918346
2019-11-06,-0.0009274754192483137
2019-11-07,0.004590086549245864
2019-11-08,0.005190151651757624
2019-11-11,-0.0032757889699617238
2019-11-12,0.0042345200080149414
2019-11-13,0.00010937278643963211
2019-11-14,0.0018497559468277913
2019-11-15,0.012006415787711555
2019-11-18,0.0025593441691962315
2019-11-19,0.0006512110381360348
2019-11-20,-0.00860628309703726
2019-11-21,-0.0040588273152979415
2019-11-22,0.002336248424902765
2019-11-25,0.017129325884052582
2019-11-26,0.00424310591764443
2019-11-27,0.009718418680755958
2019-11-29,-0.0073121970106816425
2019-12-02,-0.017466397061287386
2019-12-03,-0.011808679356532736
2019-12-04,0.01013339255955703
2019-12-05,0.0032995945289537865
2019-12-06,0.016330132526936714
2019-12-09,-0.006475277741318619
2019-12-10,-0.0017094888213320392
2019-12-11,0.008068084515887364
2019-12-12,0.014002189000410059
2019-12-13,0.0037046041638892913
2019-12-16,0.014768837726129691
2019-12-17,0.0006311338373794495
2019-12-18,0.0007516159250051668
2019-12-19,0.009802682792707795
2019-12-20,0.00841130402054202
2019-12-23,0.0030872151585656926
2019-12-24,0.00118892547712246
2019-12-26,0.013474151713898763
2019-12-27,-0.0013222132878061288
2019-12-30,-0.010727954278824225
2019-12-31,0.004167512065252232
2020-01-02,0.023587023895040415
2020-01-03,-0.01338242697382841
2020-01-06,0.009801670843545773
2020-01-07,-0.0024228898293700007
2020-01-08,0.010611363366239468
2020-01-09,0.013608159996662428
2020-01-10,-0.004423100603559882
2020-01-13,0.015551749493061262
2020-01-14,-0.004759534532961296
2020-01-15,0.002458525461303429
2020-01-16,0.01580857152966164
2020-01-17,0.007917725981748447
2020-01-21,-0.002358769237915559
2020-01-22,0.002648632556852659
2020-01-23,0.003733630625094575
2020-01-24,-0.01545846390716632
2020-01-27,-0.032379601534832325
2020-01-28,0.022125731189091224
2020-01-29,0.001290051996833741
2020-01-30,0.005862349499617281
2020-01-31,-0.0301270722117718
2020-02-03,0.019450057305577806
2020-02-04,0.03316793088210934
2020-02-05,0.013902131032874188
2020-02-06,0.01114735418343571
2020-02-07,-0.008813112763951025
2020-02-10,0.018382707934130993
2020-02-11,0.0010611800301640884
2020-02-12,0.014704306557209446
2020-02-13,-0.0020132691204554076
2020-02-14,0.004144861072910233
2020-02-18,-0.000382075541705551
2020-02-19,0.013367780648921412
2020-02-20,-0.01225776085680852
2020-02-21,-0.025297387696233353
2020-02-24,-0.06498186428172681
2020-02-25,-0.05242332368535563
2020-02-26,0.001024871603385602
2020-02-27,-0.08497748513554115
2020-02-28,0.00023381126033727995
2020-03-02,0.042925712138882854
2020-03-03,-0.027078706766287652
2020-03-04,0.037481068218769176
2020-03-05,-0.026385604733027535
2020-03-06,-0.015376248273315518
2020-03-09,-0.06161484066804712
2020-03-10,-0.0023546949264700023
2020-03-11,-0.0003778642067164828
2020-03-12,-0.004369928120332323
2020-03-13,-0.0032229383426589653
2020-03-16,-0.0011707200655595162
2020-03-17,0.0013889884576225864
2020-03-18,-0.002055363063789173
2020-03-19,-0.0019148077164184985
2020-03-20,0.0014958552764736677
2020-03-23,0.004461797384146982
2020-03-24,0.0050945310252197284
2020-03-25,-0.0015004997858026892
2020-03-26,0.0013851896077898829
2020-03-27,-0.0007057418530808102
2020-03-30,0.00048291859997151576
2020-03-31,-0.0034737600073289077
2020-04-01,0.0009488366211594101
2020-04-02,0.001656486802137369
2020-04-03,0.0005088305886100652
2020-04-06,0.0028536125619595953
2020-04-07,-0.0005590408046288742
2020-04-08,-0.0009259979565889864
2020-04-09,0.0027255152994014598
2020-04-13,0.001833260740627951
2020-04-14,0.0008571791272984353
2020-04-15,-0.000550146131638507
2020-04-16,-8.872964621553514e-05
2020-04-17,-0.002097135839672637
2020-04-20,0.0007620679227553495
2020-04-21,-0.0007265368772334524
2020-04-22,0.0020965651701274624
2020-04-23,0.0010813213307372394
2020-04-24,-0.0004636970950950836
2020-04-27,-0.0007180584605938067
2020-04-28,-0.00047798786081931777
2020-04-29,0.0005994827121038604
2020-04-30,-0.0019575569763589096
2020-05-01,-0.026577674331351275
2020-05-04,0.011232188784293662
2020-05-05,0.010246265453084602
2020-05-06,0.0041070756572614275
2020-05-07,0.013444970460276373
2020-05-08,0.011334787669746715
2020-05-11,0.007054634715739638
2020-05-12,-0.018206423205137767
2020-05-13,-0.010406294453418896
2020-05-14,0.010697610609286201
2020-05-15,0.006428076701347374
2020-05-18,0.016721747713951407
2020-05-19,-0.002051874356195915
2020-05-20,0.019148651038991105
2020-05-21,-0.011878488768887308
2020-05-22,0.0035028750895957916
2020-05-26,-0.0032748857801657705
2020-05-27,0.004649429310612518
2020-05-28,-0.001511500831654078
2020-05-29,0.013539901723907954
2020-06-01,0.00940082981466861
2020-06-02,0.012399521763524435
2020-06-03,0.014256538555785125
2020-06-04,-0.008234901390482219
2020-06-05,0.03920502112395585
2020-06-08,0.019901011284159553
2020-06-09,-0.0001743843190876726
2020-06-10,0.007149517880441714
2020-06-11,-0.09805741894045972
2020-06-12,0.017472023404551562
2020-06-15,0.01912178818746013
2020-06-16,0.03357817274263031
2020-06-17,-0.0013306347381540906
2020-06-18,0.002935700945817965
2020-06-19,-0.004741160932533406
2020-06-22,0.018340379276270413
2020-06-23,0.011876510579820199
2020-06-24,-0.04117820078190404
2020-06-25,0.01778036723162435
2020-06-26,-0.04279988041746441
2020-06-29,0.022428969867224202
2020-06-30,0.029945345007895474
2020-07-01,0.016728670745465468
2020-07-02,0.011061119858755797
2020-07-06,0.036937221753458926
2020-07-07,-0.015238412828291525
2020-07-08,0.01941129728349611
2020-07-09,0.002483758573132322
2020-07-10,0.015691537780155418
2020-07-13,-0.026856394477377088
2020-07-14,0.018293583764210197
2020-07-15,0.00959590609911265
2020-07-16,-0.010353061846013367
2020-07-17,0.004506309084459481
2020-07-20,0.03423230038063041
2020-07-21,-0.007207193034274306
2020-07-22,0.009719846909431062
2020-07-23,-0.03377952806639262
2020-07-24,-0.01374105587470742
2020-07-27,0.024462917037093135
2020-07-28,-0.015873041433741797
2020-07-29,0.021956341651003797
2020-07-30,0.0006291520483945323
2020-07-31,0.024107885311904997
2020-08-03,0.01823782917956418
2020-08-04,0.008929897609053716
2020-08-05,0.008942757709739846
2020-08-06,0.018807569976649008
2020-08-07,-0.01127558857523725
2020-08-10,-0.00167036754414418
2020-08-11,-0.02933844514735795
2020-08-12,0.03450897938927677
2020-08-13,0.002445186879104222
2020-08-14,-0.0012709358386656655
2020-08-17,0.014898613678163475
2020-08-18,0.01143591018821466
2020-08-19,-0.012357827050687331
2020-08-20,0.015938862542236976
2020-08-21,0.00839274090603448
2020-08-24,0.014717697266751317
2020-08-25,0.010461211220428757
2020-08-26,0.029649084522226143
2020-08-27,-0.002171428285042798
2020-08-28,0.011947854035243122
2020-08-31,0.005333605005775732
2020-09-01,0.023323410978389747
2020-09-02,0.020146242710507245
2020-09-03,-0.07827748345737306
2020-09-04,-0.019111762647863184
2020-09-08,-0.06695680405436533
2020-09-09,0.04416255014882631
2020-09-10,-0.034258212666140264
2020-09-11,-0.004961911138151476
2020-09-14,0.027704378421869347
2020-09-15,0.016820852463287128
2020-09-16,-0.017689267107926843
2020-09-17,-0.02116493581523682
2020-09-18,-0.021980788270185903
2020-09-21,-0.009047747369182346
2020-09-22,0.024068907143974583
2020-09-23,-0.05024556113996226
2020-09-24,0.00712978388856178
2020-09-25,0.03475657980571989
2020-09-28,0.03386088136869736
2020-09-29,-0.007973281914835706
2020-09-30,0.012764767655867981
2020-10-01,0.0205442775696405
2020-10-02,-0.03438630886935279
2020-10-05,0.03582859928883608
2020-10-06,-0.030722639410062147
2020-10-07,0.03207949595823756
2020-10-08,0.012364714024610812
2020-10-09,0.023607068018457245
2020-10-12,0.04182477984209032
2020-10-13,-0.007766606709228796
2020-10-14,-0.012408160735447704
2020-10-15,-0.007531690305386252
2020-10-16,-0.005546222597000217
2020-10-19,-0.029097176141169245
2020-10-20,0.006758426414722907
2020-10-21,-0.0020450028672789333
2020-10-22,0.004245562771783673
2020-10-23,0.004792103137542192
2020-10-26,-0.03085766288346159
2020-10-27,0.003912355433436154
2020-10-28,-0.06712621211355296
2020-10-29,0.02340253959943772
2020-10-30,-0.03049373354173124
2020-11-02,0.01239615402462313
2020-11-03,0.03140686176996965
2020-11-04,0.06031095189009017
2020-11-05,0.04385323178302336
2020-11-06,0.0008458816909229228
2020-11-09,-0.012398157165809276
2020-11-10,-0.016630218281995512
2020-11-11,0.02606791977111822
2020-11-12,-0.012597532340467565
2020-11-13,0.021615803855687066
2020-11-16,0.017327056449170097
2020-11-17,-0.007964858597164781
2020-11-18,-0.0183414049737326
2020-11-19,0.010410192743757873
2020-11-20,-0.011758525000972297
2020-11-23,0.003930866783856457
2020-11-24,0.02635410232641422
2020-11-25,0.004236042440020293
2020-11-27,0.0097841248104511
2020-11-30,-0.0036013914002700487
2020-12-01,0.022718187045683402
2020-12-02,0.002144199770252264
2020-12-03,0.0008415479265535541
2020-12-04,0.011944270444538274
2020-12-07,0.0030773491395219565
2020-12-08,0.005189325292960456
2020-12-09,-0.027953645885154588
2020-12-10,0.0026524996598462636
2020-12-11,-0.0029879528763799845
2020-12-14,0.0019202478769253517
2020-12-15,0.022142345335424807
2020-12-16,0.006500716663896622
2020-12-17,0.01107995971601583
2020-12-18,-0.0062997432574097845
2020-12-21,-0.004843967635508539
2020-12-22,0.0005992067689128966
2020-12-23,-0.003959420185188245
2020-12-24,0.007429864139808728
2020-12-28,0.01709161185220709
2020-12-29,-0.0007383854186255867
2020-12-30,0.0006373046699330587
2020-12-31,0.006623137592462358
2021-01-04,-0.02270624161888979
2021-01-05,0.013638649724086127
2021-01-06,-0.00829683138373849
2021-01-07,0.03468703878137225
2021-01-08,0.013174322675585604
2021-01-11,-0.019840813339613628
2021-01-12,-0.00041351018924584704
2021-01-13,0.007943473773739385
2021-01-14,-0.008360239749428233
2021-01-15,-0.014776530637670038
2021-01-19,0.021275986373491484
2021-01-20,0.034590093201482874
2021-01-21,0.008503395706375816
2021-01-22,-0.006867395859126213
2021-01-25,0.011688424259805208
2021-01-26,-0.0009079949111792107
2021-01-27,-0.047394147742281345
2021-01-28,0.012029905147082465
2021-01-29,-0.03631699100348029
2021-02-01,0.03668752855405688
2021-02-02,0.027679851137715872
2021-02-03,-0.003101984189117224
2021-02-04,0.021030014824115373
2021-02-05,0.00664203365735494
2021-02-08,0.012229766221475202
2021-02-09,-0.0008711612637467558
2021-02-10,-0.0023625259973730772
2021-02-11,0.0064834559095336974
2021-02-12,0.009569715536128953
2021-02-16,-0.0031806757440137057
2021-02-17,-0.004168997203922498
2021-02-18,-0.008136866693942979
2021-02-19,-0.005836191395188206
2021-02-22,-0.030081513376062907
2021-02-23,-0.0017565571468031171
2021-02-24,0.017333361337148467
2021-02-25,-0.05361431509311809
2021-02-26,-0.0006005772147936739
2021-03-01,0.048482464550979376
2021-03-02,-0.021713818959814724
2021-03-03,-0.037844362246030716
2021-03-04,-0.02617201854620388
2021-03-05,0.03020041808264673
2021-03-08,-0.029426164720094627
2021-03-09,0.0469120818777955
2021-03-10,0.0031432699717419688
2021-03-11,0.029711777339189283
2021-03-12,-0.006035691396974685
2021-03-15,0.015042809803073043
2021-03-16,0.0036546340173204683
2021-03-17,0.006149162325473689
2021-03-18,-0.040744371278057856
2021-03-19,0.0020681011995682397
2021-03-22,0.023248929072577695
2021-03-23,-0.011789519835763707
2021-03-24,-0.019269791615138532
2021-03-25,0.0037873584548953065
2021-03-26,0.02790845707963463
2021-03-29,-0.0008373270716460768
2021-03-30,-0.006715870208557129
2021-03-31,0.016629567814908208
2021-04-01,0.025194717667885946
2021-04-05,0.031074427566744722
2021-04-06,-0.0014800981963073445
2021-04-07,0.0033390151021921444
2021-04-08,0.013798444504343088
2021-04-09,0.012124087085909174
2021-04-12,-0.0009378998916871328
2021-04-13,0.013224142151681217
2021-04-14,-0.014004854937691325
2021-04-15,0.023251923848900624
2021-04-16,0.004376655475377245
2021-04-19,-0.012883994379346064
2021-04-20,-0.013730288524861911
2021-04-21,0.016487976962655138
2021-04-22,-0.01916418539400555
2021-04-23,0.02113405856454742
2021-04-26,0.007854398169606203
2021-04-27,-0.004518123405061525
2021-04-28,-0.004192951995372507
2021-04-29,0.009684435021716231
2021-04-30,-0.012082287806953085
2021-05-03,-0.002771112220346872
2021-05-04,-0.021729640885242207
2021-05-05,-0.0029634357067691575
2021-05-06,0.014329690399284223
2021-05-07,0.013298856754148325
2021-05-10,-0.031147428161378832
2021-05-11,-0.009067538685620824
2021-05-12,-0.042268366847979855
2021-05-13,0.01759318505112817
2021-05-14,0.032875631520379756
2021-05-17,-0.007405165415998893
2021-05-18,-0.014070241359934843
2021-05-19,-0.0012964787337761408
2021-05-20,0.0264894537056386
2021-05-21,-0.005533192005035992
2021-05-24,0.02393977595540897
2021-05-25,-0.0007456186286864952
2021-05-26,0.0046175557667689215
2021-05-27,-0.0029068683531906503
2021-05-28,0.004324369944389561
2021-06-01,-0.003929198597823924
2021-06-02,0.0037717074152918695
2021-06-03,-0.015027564233682456
2021-06-04,0.02489724789077652
2021-06-07,0.0020027195292586786
2021-06-08,8.32734680435987e-05
2021-06-09,-0.0012473566820202509
2021-06-10,0.014062269596211596
2021-06-11,0.0026487852695331604
2021-06-14,0.010357485289084423
2021-06-15,-0.008228162446129228
2021-06-16,-0.009980397409112163
2021-06-17,0.00833101290585092
2021-06-18,-0.019082853822864898
2021-06-21,0.01805309094102303
2021-06-22,0.013402525197401038
2021-06-23,-0.0006819841304122054
2021-06-24,0.010999356407743743
2021-06-25,0.00206327616835722
2021-06-28,0.013108699015812464
2021-06-29,0.003858917230415093
2021-06-30,-0.0005037510675275358
2021-07-01,0.00510245150787858
2021-07-02,0.01707844843264472
2021-07-06,0.0020302195972934367
2021-07-07,0.004756742612193721
2021-07-08,-0.012161640628531867
2021-07-09,0.014720853610653784
2021-07-12,0.007007814722985284
2021-07-13,-0.0033021467565641505
2021-07-14,0.002702507462422954
2021-07-15,-0.009411849403592298
2021-07-16,-0.014362998695374163
2021-07-19,-0.02084595018890234
2021-07-20,0.02338366208485354
2021-07-21,0.013975663048604314
2021-07-22,0.008341041557193174
2021-07-23,0.019200754822620292
2021-07-26,0.0032864954289020254
2021-07-27,-0.01414970619634659
2021-07-28,0.0028361386466249083
2021-07-29,0.005489856688903227
2021-07-30,-0.009188920498550024
2021-08-02,-0.0020564912968076277
2021-08-03,0.012658305614167586
2021-08-04,-0.002964066550840583
2021-08-05,0.01100868308846592
2021-08-06,-0.005162595925570779
2021-08-09,0.0009650287965154991
2021-08-10,-0.0036767885816396673
2021-08-11,0.0008487610464849027
2021-08-12,0.0057337565255812795
2021-08-13,0.004688634203973807
2021-08-16,0.002534092099620411
2021-08-17,-0.013750683851655343
2021-08-18,-0.01885364806939105
2021-08-19,0.005557219337702923
2021-08-20,0.016755484551886468
2021-08-23,0.02134811821312077
2021-08-24,0.0041318496645332825
2021-08-25,0.002524012494529382
2021-08-26,-0.01065427602174851
2021-08-27,0.01685402321674445
2021-08-30,0.014233349678288487
2021-08-31,-0.001998953793842184
2021-09-01,0.0018323528572261605
2021-09-02,0.001870533834018806
2021-09-03,0.003730821481069846
2021-09-07,-0.004113095398932343
2021-09-08,-0.003998595504667968
2021-09-09,-0.007578697541490653
2021-09-10,-0.013630724484512524
2021-09-13,0.0012965013732681996
2021-09-14,-0.007315855729119969
2021-09-15,0.013923241325026758
2021-09-16,-0.0006845364267036302
2021-09-17,-0.019222517876316902
2021-09-20,-0.03375772636603669
2021-09-21,0.0002244610644648315
2021-09-22,0.01693559794419386
2021-09-23,0.019188591278368028
2021-09-24,0.002176975315659746
2021-09-27,-0.00943565558449222
2021-09-28,-0.04383662217760709
2021-09-29,0.000408195372311404
2021-09-30,-0.015254007116808133
2021-10-01,0.01668884988600139
2021-10-04,-0.030100145253633803
2021-10-05,0.021145586628787516
2021-10-06,0.009392963909069074
2021-10-07,0.015973444664565628
2021-10-08,-0.00629677629281733
2021-10-11,-0.013287844654436554
2021-10-12,-0.005292295801413327
2021-10-13,0.01020689458458901
2021-10-14,0.031582280605484625
2021-10-15,0.012670038335936162
2021-10-18,0.011974080575497537
2021-10-19,0.013351151282328111
2021-10-20,0.0024365858857782197
2021-10-21,0.008090788929575377
2021-10-22,-0.008770677628628265
2021-10-25,0.01385449166431374
2021-10-26,0.0035658443041839405
2021-10-27,-0.001921452030562154
2021-10-28,0.01912596119057941
2021-10-29,0.00631578093681906
2021-11-01,0.004644619184063226
2021-11-02,0.007380689076245561
2021-11-03,0.015137439367589156
2021-11-04,0.015468682279985657
2021-11-05,0.004037027139232707
2021-11-08,-0.00037218810138273106
2021-11-09,-0.00937482247496324
2021-11-10,-0.020589628809187688
2021-11-11,0.0028385262479775353
2021-11-12,0.016166309895920827
2021-11-15,-2.7075498955198007e-05
2021-11-16,0.00983612117613375
2021-11-17,-0.001698695081040813
2021-11-18,0.01237620617014823
2021-11-19,0.0035021363598306543
2021-11-22,-0.013103458301598092
2021-11-23,-0.0028789010015201066
2021-11-24,0.005072679975204553
2021-11-26,-0.03764045256300086
2021-11-29,0.0308050250214853
2021-11-30,-0.03042474308638965
2021-12-01,-0.025854401736932986
2021-12-02,0.020046429972757407
2021-12-03,-0.022993070430535
2021-12-06,0.017872687116788022
2021-12-07,0.04536998896746458
2021-12-08,0.0060924123511647554
2021-12-09,-0.019355313666862606
2021-12-10,0.018153836061060247
2021-12-13,-0.020779015295083747
2021-12-14,-0.01540948981693957
2021-12-15,0.03408121760203042
2021-12-16,-0.030749257244858663
2021-12-17,-0.014408570875920623
2021-12-20,-0.01877943137678484
2021-12-21,0.036005553253334543
2021-12-22,0.019922540974895098
2021-12-23,0.012477920057119452
2021-12-27,0.02723736607426419
2021-12-28,-0.004336657479174333
2021-12-29,0.0007482213729941289
2021-12-30,-0.005630942688259699
2021-12-31,-0.008416513942690496
2022-01-03,0.013132187452547406
2022-01-04,-0.01140190994138024
2022-01-05,-0.04533826864878032
2022-01-06,-0.002676640040446876
2022-01-07,-0.013150062679911034
2022-01-10,-0.00025285712791445203
2022-01-11,0.020945785344027357
2022-01-12,0.006098431336967192
2022-01-13,-0.03502855448362463
2022-01-14,0.0057393198445157
2022-01-18,-0.03744711428006753
2022-01-19,-0.019774072301411594
2022-01-20,-0.021442141222364874
2022-01-21,-0.042427983800984226
2022-01-24,0.003934363587946743
2022-01-25,-0.011370471169788288
2022-01-26,-0.00186371995365342
2022-01-27,-0.004860934261337824
2022-01-28,0.022418625000328873
2022-01-31,0.016778437379084243
2022-02-01,0.00619414164062837
2022-02-02,0.008753482056480077
2022-02-03,-0.021542941979501795
2022-02-04,0.004367880977346417
2022-02-07,-0.0030965866474111925
2022-02-08,0.007268196488704248
2022-02-09,0.012914836466086488
2022-02-10,-0.01612500196547695
2022-02-11,-0.017975086655564576
2022-02-14,-0.0026560445821042222
2022-02-15,0.013938104644105609
2022-02-16,0.0011187046736245154
2022-02-17,-0.01898114832108566
2022-02-18,-0.005855703518931721
2022-02-22,-0.009087032282433793
2022-02-23,1.4285714285744433e-05
2022-02-24,1.3095238095228723e-05
2022-02-25,1.3095238095228723e-05
2022-02-28,1.4682539682508988e-05
2022-03-01,0.001827770171207943
2022-03-02,-0.0010458380357240005
2022-03-03,0.0006125839197688165
2022-03-04,0.0016240486738354765
2022-03-07,0.0015393709385256305
2022-03-08,0.0028588715228119455
2022-03-09,-0.0031527975689701337
2022-03-10,0.00033727728713550675
2022-03-11,-0.000717158373844895
2022-03-14,-0.0015420204379948954
2022-03-15,-0.0018908159411142877
2022-03-16,0.000642950874072401
2022-03-17,0.0005070735830337014
2022-03-18,-0.000875320340583241
2022-03-21,0.0007871101343759346
2022-03-22,-0.0007150975528261716
2022-03-23,0.0013902482522902826
2022-03-24,0.0007562176001232324
2022-03-25,-0.0004003439508797335
2022-03-28,-0.0018351257160731382
2022-03-29,6.481134339297867e-05
2022-03-30,0.0008262948991342167
2022-03-31,5.7368298460369616e-05
2022-04-01,0.0014988102023447691
2022-04-04,0.00823170134129425
2022-04-05,-0.011883743900431565
2022-04-06,-0.008966322596236642
2022-04-07,0.00483224868905574
2022-04-08,-0.0016360300315395593
2022-04-11,-0.014764522926066004
2022-04-12,-0.0025621562477130544
2022-04-13,0.0005263729129549866
2022-04-14,-0.0003185083115816445
2022-04-18,0.0003527606645343795
2022-04-19,-0.001554326574169207
2022-04-20,0.0005350809174082816
2022-04-21,-0.0003401265420108768
2022-04-22,-0.0009767586007178863
2022-04-25,-0.0018100366596588424
2022-04-26,0.00018384770368573555
2022-04-27,-0.0007342919295830752
2022-04-28,0.0005706271643963756
2022-04-29,1.8223767770608745e-05
2022-05-02,-0.0018219064964265508
2022-05-03,0.0002926916452461459
2022-05-04,0.0009995568445988479
2022-05-05,-0.0003489049311879988
2022-05-06,0.00019409644213497224
2022-05-09,-0.0014038554089880195
2022-05-10,-0.0007951511869321859
2022-05-11,3.571428571458313e-05
2022-05-12,3.769841269818386e-05
2022-05-13,4.007936507965937e-05
2022-05-16,4.24603174602467e-05
2022-05-17,4.2063492063482144e-05
2022-05-18,4.0476190475979834e-05
2022-05-19,4.126984126973099e-05
2022-05-20,4.0079365079437324e-05
2022-05-23,4.24603174602467e-05
2022-05-24,4.166666666671759e-05
2022-05-25,4.166666666671759e-05
2022-05-26,4.2063492063482144e-05
2022-05-27,4.2063492063482144e-05
2022-05-31,4.484126984127812e-05
2022-06-01,4.444444444473561e-05
2022-06-02,4.484126984127812e-05
2022-06-03,4.6428571428558385e-05
2022-06-06,4.880952380981185e-05
2022-06-07,4.920634920635436e-05
2022-06-08,4.960317460289687e-05
2022-06-09,5.0000000000105516e-05
2022-06-10,5.3174603174666046e-05
2022-06-13,6.706349206342388e-05
2022-06-14,7.063492063497101e-05
2022-06-15,6.706349206320183e-05
2022-06-16,6.111111111106737e-05
2022-06-17,6.269841269856968e-05
2022-06-21,6.587301587268612e-05
2022-06-22,6.230158730158308e-05
2022-06-23,6.309523809533424e-05
2022-06-24,6.587301587313021e-05
2022-06-27,6.94444444444553e-05
2022-06-28,6.944444444423326e-05
2022-06-29,6.865079365092619e-05
2022-06-30,6.587301587290817e-05
2022-07-01,6.587301587290817e-05
2022-07-05,7.380952380953154e-05
2022-07-06,7.341269841276699e-05
2022-07-07,7.50000000002693e-05
2022-07-08,7.579365079335432e-05
2022-07-11,8.452380952372884e-05
2022-07-12,8.571428571424455e-05
2022-07-13,9.246031746057426e-05
2022-07-14,9.246031746035221e-05
2022-07-15,9.087301587307195e-05
2022-07-18,9.682539682520641e-05
2022-07-19,9.761904761895757e-05
2022-07-20,9.682539682542846e-05
2022-07-21,9.523809523814819e-05
2022-07-22,9.563492063491275e-05
2022-07-25,0.0001011904761905047
2022-07-26,9.841269841270872e-05
2022-07-27,9.404761904741044e-05
2022-07-28,9.325396825388133e-05
2022-07-29,9.285714285711677e-05
2022-08-01,9.841269841248668e-05
2022-08-02,9.841269841270872e-05
2022-08-03,9.682539682542846e-05
2022-08-04,9.563492063491275e-05
2022-08-05,9.841269841293077e-05
2022-08-08,0.00010198412698381176
2022-08-09,0.00010238095238102041
2022-08-10,0.0001015873015874913
2022-08-11,9.999999999976694e-05
2022-08-12,0.00010039682539675354
2022-08-15,0.00010436507936506523
2022-08-16,0.00010357142857153612
2022-08-17,0.00010277777777778496
2022-08-18,0.00010357142857153612
2022-08-19,0.00010476190476182978
2022-08-22,0.00010873015872991942
2022-08-23,0.00010753968253962576
2022-08-24,0.00010833333333337691
2022-08-25,0.00011031746031742173
2022-08-26,0.00011031746031742173
2022-08-29,0.00011468253968227593
2022-08-30,0.00011428571428595546
2022-08-31,0.00011388888888896886
2022-09-01,0.00011428571428551138
2022-09-02,0.00011309523809521771
2022-09-06,0.00011746031746029395
2022-09-07,0.0001182539682540451
2022-09-08,0.0001178571428570585
2022-09-09,0.00011825396825382306
2022-09-12,0.00012261904761912135
2022-09-13,0.000126587301587211
2022-09-14,0.00012460317460316617
2022-09-15,0.000123809523809415
2022-09-16,0.00012301587301610795
2022-09-19,0.00013055555555552267
2022-09-20,0.00012936507936500696
2022-09-21,0.00012738095238096214
2022-09-22,0.000126587301587211
2022-09-23,0.00012380952380919297
2022-09-26,0.00013095238095228723
2022-09-27,0.00012936507936500696
2022-09-28,0.00013055555555552267
2022-09-29,0.00012936507936500696
2022-09-30,0.00012777777777750465
2022-10-03,0.00013253968254001158
2022-10-04,0.00013174603174603838
2022-10-05,0.00013214285714302498
2022-10-06,0.00013174603174581634
2022-10-07,0.00013134920634927383
2022-10-10,0.00013134920634905178
2022-10-11,0.0001400793650794263
2022-10-12,0.00014126984126994202
2022-10-13,0.0001444444444447246
2022-10-14,0.0001448412698412671
2022-10-17,0.00015158730158737477
2022-10-18,0.0001543650793649487
2022-10-19,0.00015515873015869985
2022-10-20,0.00015515873015869985
2022-10-21,0.0001547619047619353
2022-10-24,0.00015873015873024698
2022-10-25,0.00015753968253950923
2022-10-26,0.0001563492063494376
2022-10-27,0.00015674603174598012
2022-10-28,0.00015833333333326038
2022-10-31,0.00016111111111105636
2022-11-01,0.00016111111111105636
2022-11-02,0.0001603174603177493
2022-11-03,0.00016111111111105636
2022-11-04,0.0001595238095237761
2022-11-07,0.00016349206349186574
2022-11-08,0.00016269841269833663
2022-11-09,0.00016309523809532323
2022-11-10,0.00016230158730157207
2022-11-11,0.00016230158730157207
2022-11-14,0.00016507936507936805
2022-11-15,0.0001642857142856169
2022-11-16,0.0001642857142856169
2022-11-17,0.0001638888888886303
2022-11-18,0.0001646825396826035
2022-11-21,0.00016785714285738607
2022-11-22,0.00016706349206341287
2022-11-23,0.00016706349206319082
2022-11-25,0.00016746031746039947
2022-11-28,0.00017063492063496
2022-11-29,0.0001694444444444443
2022-11-30,0.0001694444444444443
2022-12-01,-8.575887204176347e-05
2022-12-02,-0.0012414307063552954
2022-12-05,-0.016107465759051753
2022-12-06,-0.012571376448128557
2022-12-07,-0.0016463383004114984
2022-12-08,0.006610063981359993
2022-12-09,-0.006288217800550333
2022-12-12,0.012299554374131105
2022-12-13,0.006983285554021945
2022-12-14,-0.005576908187979401
2022-12-15,-0.021719325911541354
2022-12-16,0.0001666666666666483
2022-12-19,0.00016984126984120884
2022-12-20,0.00016865079365069313
2022-12-21,0.0001674603174606215
2022-12-22,0.00016825396825392858
2022-12-23,0.00016785714285716402
2022-12-27,0.00017261904761900482
2022-12-28,0.00017261904761900482
2022-12-29,0.00017222222222224026
2022-12-30,0.00017063492063496
2023-01-03,0.000994208510322947
2023-01-04,0.0011054973841919669
2023-01-05,-0.0011039392675049609
2023-01-06,0.0020395822911227768
2023-01-09,0.00039132513090289756
2023-01-10,0.0005387811374870655
2023-01-11,9.227848103132708e-05
2023-01-12,0.0013462066181120225
2023-01-13,0.0014034066783188415
2023-01-17,-0.0005230061709937672
2023-01-18,-0.00013733525060233287
2023-01-19,0.0018081300343208984
2023-01-20,-0.00018862317816514818
2023-01-23,0.00036156819637844784
2023-01-24,0.0005423635974548535
2023-01-25,0.0006469405001328088
2023-01-26,-0.0007963369643574358
2023-01-27,1.6204345115733432e-05
2023-01-30,-0.00010580014242544955
2023-01-31,0.0005427108434352679
2023-02-01,0.030318870423049482
2023-02-02,0.042742662551782384
2023-02-03,-0.028489009136510757
2023-02-06,-0.013141304691925204
2023-02-07,0.031059457086446418
2023-02-08,-0.026603965753670522
2023-02-09,-0.017279852616081115
2023-02-10,-0.003794748607053755
2023-02-13,0.024796123933429115
2023-02-14,0.005866841258735711
2023-02-15,0.00945065916026211
2023-02-16,-0.030893596963514014
2023-02-17,-0.00875292478923162
2023-02-21,-0.04016822226297678
2023-02-22,-0.0009183990417659382
2023-02-23,0.012199380306731511
2023-02-24,-0.02629354280939311
2023-02-27,0.009975358629118247
2023-02-28,-0.004361598710467596
2023-03-01,-0.009898237144809086
2023-03-02,0.014227070308506118
2023-03-03,0.03370468000356408
2023-03-06,0.0005901069848528451
2023-03-07,-0.02661709270549384
2023-03-08,0.005970442650051533
2023-03-09,-0.0324175774814246
2023-03-10,-0.023423358650153325
2023-03-13,0.009372904049138375
2023-03-14,0.02035626393194878
2023-03-15,0.005475546286463739
2023-03-16,0.024670889347500946
2023-03-17,-0.0016830082284418069
2023-03-20,0.003613243545939504
2023-03-21,0.01137479885615389
2023-03-22,-0.011427765436540338
2023-03-23,0.013013805428771397
2023-03-24,0.0021155560660879313
2023-03-27,-0.0078552638712297
2023-03-28,-0.0038920763884292553
2023-03-29,0.017125553875082744
2023-03-30,0.009596548522815329
2023-03-31,0.015830122716196326
2023-04-03,0.0017676976038285552
2023-04-04,-0.005948431693222567
2023-04-05,-0.012171231852357467
2023-04-06,0.008904699083899237
2023-04-10,-0.0007714388743480516
2023-04-11,-0.004851075795519022
2023-04-12,-0.011132974633950798
2023-04-13,0.0301972134025299
2023-04-14,-0.00586028433283603
2023-04-17,0.0032297456871970276
2023-04-18,0.0011105131020081593
2023-04-19,-0.0012051883469167413
2023-04-20,-0.011668739585371068
2023-04-21,-0.00010189578811747868
2023-04-24,-0.0006204486584275859
2023-04-25,-0.030649158525344333
2023-04-26,0.0005147793693331959
2023-04-27,0.041750814087754495
2023-04-28,0.013544231266690465
2023-05-01,-0.002411745328802395
2023-05-02,-0.016395788499645958
2023-05-03,-0.010889904264904993
2023-05-04,-0.009190863018546436
2023-05-05,0.033407242017024164
2023-05-08,0.0024830017017529737
2023-05-09,-0.0088588159281483
2023-05-10,0.01363894553975209
2023-05-11,8.94056351807837e-05
2023-05-12,-0.004914131771874941
2023-05-15,0.008017738671937558
2023-05-16,-0.0061952202927760824
2023-05-17,0.021409628199208663
2023-05-18,0.02373787123688076
2023-05-19,-0.0025716078365248807
2023-05-22,0.0026422855876808704
2023-05-23,-0.021226301459751795
2023-05-24,-0.012334230541170776
2023-05-25,0.028938528424994114
2023-05-26,0.035817123644258375
2023-05-30,0.004768698325236853
2023-05-31,-0.010756153570345428
2023-06-01,0.020129127790300183
2023-06-02,0.018401724746276438
2023-06-05,-0.0010764135895020566
2023-06-06,0.002053562400849751
2023-06-07,-0.01973173076410606
2023-06-08,0.01728543826479334
2023-06-09,0.004340586009987879
2023-06-12,0.023584100788299533
2023-06-13,0.01166001250683868
2023-06-14,0.007806115677969627
2023-06-15,0.02200947157961597
2023-06-16,-0.009369499490408661
2023-06-20,-0.006441641652522367
2023-06-21,-0.017645369790946885
2023-06-22,0.01278857573990999
2023-06-23,-0.016120353322243042
2023-06-26,-0.015754908315119054
2023-06-27,0.024935184208257022
2023-06-28,0.0018029563566073215
2023-06-29,0.0010134377034582975
2023-06-30,0.025143543235506938
2023-07-03,0.0034397822406548872
2023-07-05,-0.002397116663010568
2023-07-06,-0.014468981212988785
2023-07-07,-0.004777700054653833
2023-07-10,0.0027775755848724604
2023-07-11,0.010237082481558302
2023-07-12,0.0199126812901953
2023-07-13,0.021446183434956856
2023-07-14,-0.0010390745662338663
2023-07-17,0.011366455656263819
2023-07-18,0.015223751638156147
2023-07-19,0.000652224049466632
2023-07-20,-0.02722550160087489
2023-07-21,-0.0029988281616257773
2023-07-24,0.004825241341747555
2023-07-25,0.009289701761633351
2023-07-26,-0.002663226975651356
2023-07-27,-0.010258215204862142
2023-07-28,0.025639726904292726
2023-07-31,0.002951304772690122
2023-08-01,-0.006496722348346418
2023-08-02,-0.03268328002605947
2023-08-03,-0.004774261227582621
2023-08-04,-0.007887128715684977
2023-08-07,0.01493048606492553
2023-08-08,-0.012371943398663543
2023-08-09,-0.01657138136230396
2023-08-10,0.001508127400713155
2023-08-11,-0.006476586140812479
2023-08-14,0.01464342119698725
2023-08-15,-0.02045008227991263
2023-08-16,-0.017364725129121683
2023-08-17,-0.01713009344039973
2023-08-18,-0.0008224518991974961
2023-08-21,0.020590555004211142
2023-08-22,-0.003827129285005171
2023-08-23,0.024758445247366367
2023-08-24,-0.03205003350824287
2023-08-25,0.01310601052206839
2023-08-28,0.012712542343608524
2023-08-29,0.03297946828913578
2023-08-30,0.008695080089542895
2023-08-31,0.00032905089027246426
2023-09-01,0.0011870006622844986
2023-09-05,-0.004025186594217023
2023-09-06,-0.014667177011300714
2023-09-07,-0.009526557922054368
2023-09-08,0.002408355763109604
2023-09-11,0.016532059259806386
2023-09-12,-0.015569679627671307
2023-09-13,0.00412538057278522
2023-09-14,0.01462836269628709
2023-09-15,-0.02611949732363872
2023-09-18,0.0022729954445999123
2023-09-19,-0.003934420223054014
2023-09-20,-0.02044404903619057
2023-09-21,-0.03219313417280956
2023-09-22,-0.0016875529681927848
2023-09-25,0.007038438114032486
2023-09-26,-0.027577823332858298
2023-09-27,0.001342972062843728
2023-09-28,0.011999289588858542
2023-09-29,-0.0018134234604632038
2023-10-02,0.006971352303013267
2023-10-03,-0.027904911924388487
2023-10-04,0.018469357835479316
2023-10-05,-0.003621255484308694
2023-10-06,0.02533570572662014
2023-10-09,0.01041356268083038
2023-10-10,0.009159445768387231
2023-10-11,0.010479265962623607
2023-10-12,-0.009126974741309524
2023-10-13,-0.01589439426964845
2023-10-16,0.01969447511862854
2023-10-17,-0.003265734662840414
2023-10-18,-0.024724922990718268
2023-10-19,-0.016603848065081084
2023-10-20,-0.024334802617052564
2023-10-23,0.0007910797290957561
2023-10-24,0.015629703956247853
2023-10-25,-0.03521055175226606
2023-10-26,-0.02817012430767507
2023-10-27,0.004368419467066564
2023-10-30,0.009721634459137318
2023-10-31,0.004710993036380895
2023-11-01,0.015412501453683891
2023-11-02,0.016678730580519385
2023-11-03,0.011260116027079325
2023-11-06,0.0030084449791465406
2023-11-07,0.008531613393382376
2023-11-08,-9.159115394752337e-05
2023-11-09,-0.007169184488906022
2023-11-10,0.019909249419111097
2023-11-13,-0.0023126842285899896
2023-11-14,0.021618162554647657
2023-11-15,0.0005058118038852033
2023-11-16,0.001985240545564926
2023-11-17,2.9096717042431663e-06
2023-11-20,0.012055523958810488
2023-11-21,-0.00536181740247299
2023-11-22,0.003974412744128131
2023-11-24,-0.0011756526689503666
2023-11-27,-0.00016638382967437693
2023-11-28,0.003771527128049401
2023-11-29,-0.0009305146218714366
2023-11-30,-0.0029715267374389454
2023-12-01,0.009524503082533942
2023-12-04,-0.01563780058833142
2023-12-05,0.0016453960985201022
2023-12-06,-0.008599935163478123
2023-12-07,0.019325385663805816
2023-12-08,0.005923742733751514
2023-12-11,0.010253442736248175
2023-12-12,0.011298845368235
2023-12-13,0.025574698367502036
2023-12-14,0.0025339879231238704
2023-12-15,0.0007000206019023292
2023-12-18,0.012223327908097659
2023-12-19,0.01042845820806848
2023-12-20,-0.027664868094687822
2023-12-21,0.02007702236113773
2023-12-22,0.00349983072855653
2023-12-26,0.00950887050366478
2023-12-27,0.003811685173267687
2023-12-28,-0.0013087782362433131
2023-12-29,-0.006494790338070877
2024-01-02,-0.020718267004265267
2024-01-03,-0.01789827530167143
2024-01-04,-0.007924239894562701
2024-01-05,0.002293083471033075
2024-01-08,0.03021407383201158
2024-01-09,0.0001601831912463325
2024-01-10,0.010723810003879564
2024-01-11,0.00099626371751671
2024-01-12,0.0019062121249389108
2024-01-16,-0.004513019301428112
2024-01-17,-0.011396568933104367
2024-01-18,0.021443256122092302
2024-01-19,0.028944095097086286
2024-01-22,0.002661160511530758
2024-01-23,0.006763857373851989
2024-01-24,0.004701983103202245
2024-01-25,0.0060917422000419386
2024-01-26,-0.006862226421097017
2024-01-29,0.0170307384115429
2024-01-30,-0.007176541722982099
2024-01-31,-0.03246900483807835
2024-02-01,0.023214488853793736
2024-02-02,0.023436797453626035
2024-02-05,-0.005461792544832256
2024-02-06,0.0012390146586280792
2024-02-07,0.016456757211073425
2024-02-08,0.001762731080458213
2024-02-09,0.01356236863131488
2024-02-12,-0.004674138058368138
2024-02-13,-0.027968491608428403
2024-02-14,0.017983200972528257
2024-02-15,0.008821565187361546
2024-02-16,-0.012503047297543701
2024-02-20,-0.011337848838902542
2024-02-21,-0.003161452548525845
2024-02-22,0.044935571462086266
2024-02-23,-0.0018348650074780926
2024-02-26,-0.004154727294147342
2024-02-27,0.003520553417354355
2024-02-28,-0.006348210540765176
2024-02-29,0.011402755944084575
2024-03-01,0.02374421563353657
2024-03-04,-0.0032679846469909624
2024-03-05,-0.024337767553191725
2024-03-06,0.010825416252510545
2024-03-07,0.022848610127322644
2024-03-08,-0.017873186960343235
2024-03-11,-0.004202040775154736
2024-03-12,0.02130956346425661
2024-03-13,-0.007877737727560175
2024-03-14,-0.005029607250033319
2024-03-15,-0.017292114543071557
2024-03-18,0.013995511016890783
2024-03-19,0.0069876389617813395
2024-03-20,0.01971783835370533
2024-03-21,0.00639026876879778
2024-03-22,-0.0014221799506060062
2024-03-25,-0.0054978175372787375
2024-03-26,-0.004618754550188786
2024-03-27,0.011310029420858791
2024-03-28,-0.0011327032754878674
2024-04-01,0.0015625742580802626
2024-04-02,-0.01249193497193335
2024-04-03,0.0036753851368567236
2024-04-04,-0.02593329128709443
2024-04-05,0.021884989770492913
2024-04-08,0.0012132378645146602
2024-04-09,0.004643377264972104
2024-04-10,-0.018062714846730832
2024-04-11,0.02306504799761311
2024-04-12,-0.028490215314514233
2024-04-15,-0.02404444282782814
2024-04-16,-0.0014556219835092365
2024-04-17,-0.017241063521234667
2024-04-18,-0.007095976295565132
2024-04-19,-0.025438311854476203
2024-04-22,0.013451778920149815
2024-04-23,0.02371224005139605
2024-04-24,0.0020993225660002057
2024-04-25,-0.007925495711614716
2024-04-26,0.02277286776648202
2024-04-29,0.006130047581005771
2024-04-30,-0.03323968144653222
2024-05-01,-0.008779269989068639
2024-05-02,0.019096460206021737
2024-05-03,0.029206884968781432
2024-05-06,0.02026686268437561
2024-05-07,0.0002434819970547064
2024-05-08,-0.000701636169990083
2024-05-09,0.007950072923324836
2024-05-10,0.0042610801926361574
2024-05-13,0.000931254579701779
2024-05-14,0.010297115253749878
2024-05-15,0.026285057397634093
2024-05-16,-0.00435825940162804
2024-05-17,0.0025159176459477184
2024-05-20,0.007464466651297519
2024-05-21,0.003471920996106048
2024-05-22,-0.004649670920382043
2024-05-23,-0.012955787517071826
2024-05-24,0.014742733485416881
2024-05-28,0.004644053426566819
2024-05-29,-0.013720458407484148
2024-05-30,-0.015999281308363478
2024-05-31,0.00723940090799724
2024-06-03,0.004465200084861953
2024-06-04,0.0022256170393177843
2024-06-05,0.030253581007592123
2024-06-06,0.0001079711759295332
2024-06-07,-0.0059733890607760465
2024-06-10,0.007195060430736255
2024-06-11,0.008359110633373135
2024-06-12,0.0197696439154178
2024-06-13,0.005533684746007239
2024-06-14,0.006125907870501601
2024-06-17,0.017793886689682292
2024-06-18,0.00266129775359647
2024-06-20,-0.008906931184820444
2024-06-21,-0.006118242723884171
2024-06-24,-0.012658562515871052
2024-06-25,0.013711974414084338
2024-06-26,0.00206238083650101
2024-06-27,0.0043353947635627055
2024-06-28,-0.00903507439430784
2024-07-01,0.007722231047909478
2024-07-02,0.01518478084629793
2024-07-03,0.012245655919003617
2024-07-05,0.015802120795653574
2024-07-08,0.001837054434250307
2024-07-09,0.0014093691763354954
2024-07-10,0.018774633171683375
2024-07-11,-0.02672792465486795
2024-07-12,0.010531648870266919
2024-07-15,0.00525371582916212
2024-07-16,0.007587219467777073
2024-07-17,-0.039806772651946876
2024-07-18,-0.012094442326390786
2024-07-19,-0.01610635346717637
2024-07-22,0.02230608880530549
2024-07-23,-0.004288574773365639
2024-07-24,-0.05322848782750311
2024-07-25,-0.0160956101041545
2024-07-26,0.019833956825530796
2024-07-29,0.0020021376022179016
2024-07-30,-0.015809311328434772
2024-07-31,0.041613507058934074
2024-08-01,-0.03428982566439831
2024-08-02,-0.0386694193490591
2024-08-05,-0.05348388271070459
2024-08-06,0.01509132567382121
2024-08-07,-0.01616874625764464
2024-08-08,0.04938558402007098
2024-08-09,0.008559652700260267
2024-08-12,0.0037419892836541013
2024-08-13,0.036528341145763754
2024-08-14,0.002267670356478124
2024-08-15,0.038003840848058745
2024-08-16,0.0045747225734589225
2024-08-19,0.020189961932415734
2024-08-20,-0.0031579820736769015
2024-08-21,0.007411307471549167
2024-08-22,-0.023153870046205616
2024-08-23,0.020042998772864973
2024-08-26,-0.010786708200749673
2024-08-27,0.004168504675134521
2024-08-28,-0.01630361171232908
2024-08-29,-0.0010435216865496422
2024-08-30,0.01808872870797318
2024-09-03,-0.04655629880401069
2024-09-04,-0.00444923316932111
2024-09-05,-0.00041751689926483593
2024-09-06,-0.03993921403219869
2024-09-09,0.02121660351705157
2024-09-10,0.012381541188670075
2024-09-11,0.027628363673864342
2024-09-12,0.01865623791691129
2024-09-13,0.008971119274673756
2024-09-16,-0.00268372997423183
2024-09-17,0.00020689721359468116
2024-09-18,-0.007944492805508685
2024-09-19,0.03975812745223117
2024-09-20,-0.0027830944080516895
2024-09-23,0.004901020425611025
2024-09-24,0.008268438812223167
2024-09-25,-0.0010816430528232113
2024-09-26,0.010389400772425672
2024-09-27,-0.0076654446387917075
2024-09-30,0.005279344240163297
2024-10-01,-0.020070902163238924
2024-10-02,0.0017296116177802912
2024-10-03,-0.0024773519855189052
2024-10-04,0.018276288515559402
2024-10-07,-0.01842939011741107
2024-10-08,0.020881990184334676
2024-10-09,0.012522089800013347
2024-10-10,-0.0017319243675664175
2024-10-11,0.006900988244716855
2024-10-14,0.01480749675282933
2024-10-15,-0.018847076361114268
2024-10-16,0.004427581845000583
2024-10-17,0.0012527948797229627
2024-10-18,0.00984136810152969
2024-10-21,0.0002673217765687408
2024-10-22,0.0012737189650380287
2024-10-23,-0.023491333593246178
2024-10-24,0.009829530726071622
2024-10-25,0.005014966672282961
2024-10-28,0.002721848151456374
2024-10-29,0.010989561299234563
2024-10-30,-0.00910417457207946
2024-10-31,-0.04192598012747606
2024-11-01,0.009496659844911104
2024-11-04,-0.004598110786353304
2024-11-05,0.022499473292446392
2024-11-06,0.04396004444069468
2024-11-07,0.022757092335891738
2024-11-08,0.003750874155805217
2024-11-11,-0.0020162796107781045
2024-11-12,-0.005262835948114386
2024-11-13,-0.0017035021199505174
2024-11-14,-0.01285665762145638
2024-11-15,-0.034261342467763245
2024-11-18,0.012013345225565075
2024-11-19,0.009916982223195037
2024-11-20,0.00028539002756566845
2024-11-21,0.008739330860226602
2024-11-22,0.004897501783852842
2024-11-25,0.0016995205217855691
2024-11-26,0.009896301154473486
2024-11-27,-0.010169655392190835
2024-11-29,0.013636740003483139
2024-12-02,0.0106365811725877
2024-12-03,0.0033046565663916727
2024-12-04,0.01688735545925102
2024-12-05,-0.004724258767418776
2024-12-06,0.009668948737041161
2024-12-09,-0.01121631746424967
2024-12-10,-0.0047277095802371605
2024-12-11,0.024119195359699974
2024-12-12,-0.012141456654728211
2024-12-13,0.005361535119529526
2024-12-16,0.01728374608073624
2024-12-17,-0.008320518592461745
2024-12-18,-0.060869636655184856
2024-12-19,-0.005601758369143894
2024-12-20,0.01916056369157748
2024-12-23,0.013791626591954653
2024-12-24,0.022010663366787586
2024-12-26,-0.00011449323521806054
2024-12-27,-0.022719952306903712
2024-12-30,-0.02285441512337727
2024-12-31,-0.010771388751343758
2025-01-02,-0.0030203146725140684
2025-01-03,0.024905651743977852
2025-01-06,0.01550432323959039
2025-01-07,-0.025960471593186596
2025-01-08,0.0014316175415507448
2025-01-10,-0.027162171974608684
2025-01-13,-0.002439379419876153
2025-01-14,0.000573782347418117
2025-01-15,0.03719571038662606
2025-01-16,-0.007016247734004222
2025-01-17,0.02276307075966333
2025-01-21,0.014574419559983953
2025-01-22,0.017135999122445345
2025-01-23,0.006808318251462664
2025-01-24,-0.007530935491397939
2025-01-27,-0.040431971545745404
2025-01-28,0.02184698908001592
2025-01-29,-0.006263348693922199
2025-01-30,0.009921891457546295
2025-01-31,-0.0064296661042320125
2025-02-03,-0.012748034451712131
2025-02-04,0.017971168593522657
2025-02-05,0.008097087765179367
2025-02-06,0.007364421135148458
2025-02-07,-0.019650296428940228
2025-02-10,0.01827014876786981
2025-02-11,-0.0019999488256675635
2025-02-12,-0.0021204994302299607
2025-02-13,0.0232067907495197
2025-02-14,0.0017168641125320239
2025-02-18,0.005971285746909194
2025-02-19,0.0024612219933752844
2025-02-20,-0.007773388914207868
2025-02-21,-0.03444186237815905
2025-02-24,-0.014556476379278815
2025-02-25,-0.01726671603829777
2025-02-26,0.002377004513740788
2025-02-27,-0.04036609840269201
2025-02-28,0.02653071909373872
2025-03-03,-0.03335080627788134
2025-03-04,-0.013369788526694237
2025-03-05,0.021514239600517016
2025-03-06,-0.04101676118459208
2025-03-07,0.010548125366151906
2025-03-10,-0.05828026458549462
2025-03-11,-0.00603487581158757
2025-03-12,0.000650599498082105
2025-03-13,0.002209038403225838
2025-03-14,0.00019415148821111394
2025-03-17,0.0007854755282279413
2025-03-18,0.0015298610903398124
2025-03-19,0.000638346230797282
2025-03-20,-7.495965448689468e-06
2025-03-21,-0.0008192274846976488
2025-03-24,-0.0003837300858249293
2025-03-25,0.0006684054343137902
2025-03-26,4.850617976970284e-05
2025-03-27,0.001741209498052676
2025-03-28,0.0010384141176613682
2025-03-31,0.0018859699411595265
2025-04-01,-4.782303576067459e-05
2025-04-02,0.00035515948006259457
2025-04-03,-0.0004536802088837
2025-04-04,-0.0021765784350264994
2025-04-07,-0.0019412762668726824
2025-04-08,0.0006697369807384668
2025-04-09,0.003697866884455836
2025-04-10,0.0025696171437372683
2025-04-11,0.002082284224912412
2025-04-14,-0.00043696847040741726
2025-04-15,0.0006859378626815626
2025-04-16,0.003496104021386115
2025-04-17,-0.00031447288725894307
2025-04-21,0.0034096933539413676
2025-04-22,-0.0013875937415933626
2025-04-23,-0.002413236776825478
2025-04-24,0.0016717149303311363
2025-04-25,-0.0009989063541071541
2025-04-28,0.0016427514532235676
2025-04-29,-0.0008851950484118909
2025-04-30,-0.000638360995187881
2025-05-01,-0.0019272287542564381
2025-05-02,0.00032254961184330355
2025-05-05,0.0030855642434364228
2025-05-06,0.0029774885980193844
2025-05-07,-0.001400047368693258
2025-05-08,-0.0018578147686978408
2025-05-09,0.00087734526994665
2025-05-12,-0.0026878855310109584
2025-05-13,0.000571854931337823
2025-05-14,-0.0019205951162539758
2025-05-15,0.0016967476745939347
2025-05-16,-0.001033334697893018
2025-05-19,0.0014026700444011997
2025-05-20,0.0019793454609631222
2025-05-21,0.0008873616735878276
2025-05-22,-0.0007377807677948489
2025-05-23,0.002332544109747925
2025-05-27,-0.0015692764670860448
2025-05-28,-7.503452919477294e-05
2025-05-29,0.0007426688042151408
2025-05-30,-0.0005075303528309094
2025-06-02,0.014476471384938572
2025-06-03,0.011490892160903599
2025-06-04,0.0025405392763875323
2025-06-05,-0.012219454746077552
2025-06-06,0.016513354254870993
2025-06-09,0.002391900611354414
2025-06-10,0.011259484862516489
2025-06-11,-0.0051948367569215614
2025-06-12,0.006571723262265072
2025-06-13,-0.02047980605006705
2025-06-16,0.019497001758092436
2025-06-17,-0.016698238021674028
2025-06-18,-0.0010406098755232351
2025-06-20,-0.006550171365204527
2025-06-23,0.018527635383587704
2025-06-24,0.02206367647721552
2025-06-25,0.0029878414593160763
2025-06-26,0.015547905847252741
2025-06-27,0.005159273369179651
2025-06-30,0.011494259430184117
2025-07-01,-0.007543368252271643
2025-07-02,0.01092390501388163
2025-07-03,0.01444001675012152
2025-07-07,-0.013119410232358297
2025-07-08,-0.0014852564889966668
2025-07-09,0.012098458151979408
2025-07-10,0.0013745213123181887
2025-07-11,-0.004728630099338216
2025-07-14,0.004287592146210217
2025-07-15,-0.0036869194944992856
2025-07-16,0.00452572531757367
2025-07-17,0.012572773957679306
2025-07-18,-0.0017906385054472507
2025-07-21,0.007775488725138002
2025-07-22,-0.0037317135579406635
2025-07-23,0.010333740321644802
2025-07-24,0.0017766618137289303
2025-07-25,0.004287146295571143
2025-07-28,0.001957116767335565
2025-07-29,-0.003581278671847543
2025-07-30,-0.0016099923920313008
2025-07-31,-0.0081624096090821
2025-08-01,-0.03084488485787451
2025-08-04,0.03050617540796119
2025-08-05,-0.010506795338438457
2025-08-06,0.017601205507236983
2025-08-07,0.003269065627628187
2025-08-08,0.014687438943044251
2025-08-11,-0.006202571800594914
2025-08-12,0.020921240723570378
2025-08-13,0.0037194626300895983
2025-08-14,-0.00142927648008917
2025-08-15,-0.006413830833230216
2025-08-18,-0.0008217337007756509
2025-08-19,-0.018002460794274144
2025-08-20,-0.006890469600753346
2025-08-21,-0.008067900344103651
2025-08-22,0.0282042771592097
2025-08-25,-0.006875857268227925
2025-08-26,0.007959198497164532
2025-08-27,0.0035131415564457757
2025-08-28,0.009215174649188418
2025-08-29,-0.015284885860239461
2025-09-02,-0.011894421321270499
2025-09-03,0.01221580895681651
2025-09-04,0.015123126827013778
2025-09-05,-0.00026104104796298433
2025-09-08,0.007698776989049083
2025-09-09,0.0042577738704123735
2025-09-10,0.003187692255254726
2025-09-11,0.012197297687582154
2025-09-12,0.003555989635403156
2025-09-15,0.013502579963882821
2025-09-16,-0.002152467350763354
2025-09-17,-0.0038592191168959067
2025-09-18,0.012229472200702807
2025-09-19,0.010985924658281299
2025-09-22,0.011246093554188485
2025-09-23,-0.010462348501846352
2025-09-24,-0.007238894323451817
2025-09-25,-0.007818114800181242
2025-09-26,0.009097911840953321
2025-09-29,0.008193790069318752
2025-09-30,0.006356345833922861
2025-10-01,0.007657431792721603
2025-10-02,0.004095926837994979
2025-10-03,-0.00341107695513454
2025-10-06,0.011783106584114078
2025-10-07,-0.007640394195487232
2025-10-08,0.017108372546843054
2025-10-09,-0.005666491785223937
2025-10-10,-0.05504954779118654
2025-10-13,0.035181383749114614
2025-10-14,-0.006356273111318589
2025-10-15,0.011679850293961236
2025-10-16,-0.006730307706328542
2025-10-17,0.008263049357881025
2025-10-20,0.024406548777260895
2025-10-21,-0.007504853014516533
2025-10-22,-0.013480882243150694
2025-10-23,0.013019183243023535
2025-10-24,0.016000344676791567
2025-10-27,0.023943821754622396
2025-10-28,0.008526447637216883
2025-10-29,0.004110905692154443
2025-10-30,-0.021965818346353583
2025-10-31,0.0064164209413812845
2025-11-03,0.006024668114892329
2025-11-04,-0.030849268274238617
2025-11-05,0.009682423635651194
2025-11-06,-0.026627881923314334
2025-11-07,-0.001585359292506916
2025-11-10,0.036239470857516
2025-11-11,0.00010016673816193311
2025-11-12,0.001384162383023968
2025-11-13,-0.03401721575712502
2025-11-14,-0.0019196176901746798
2025-11-17,-0.01727524615663112
2025-11-18,-0.01749771650959575
2025-11-19,0.008382886384842747
2025-11-20,-0.03454428357406669
2025-11-21,0.015176685722027017
2025-11-24,0.03747856918259118
2025-11-25,0.013380209579484825
2025-11-26,0.014591118334850384
2025-11-28,0.012764562957170433
2025-12-01,-0.006494292244028199
2025-12-02,0.007968040749905203
2025-12-03,0.004840682000231578
2025-12-04,-0.00022697738924148947
2025-12-05,0.004865682314688202
2025-12-08,-0.004979908503093489
2025-12-09,0.0011246893639151878
2025-12-10,0.009506366751974582
2025-12-11,0.00023114268947255212
2025-12-12,-0.02689528430005439
2025-12-15,-0.005729801121728495
2025-12-16,-0.0008473913346289663
2025-12-17,-0.025868525693831468
2025-12-18,0.01940865819053128
2025-12-19,0.019730353791983735
2025-12-22,0.011875550269121016
2025-12-23,0.009511900375162696
2025-12-24,0.005079378662954603
2025-12-26,0.0006038210244343478
2025-12-29,-0.012165688575823452
2025-12-30,-0.0033237985591965113
2025-12-31,-0.014896614165772037
2026-01-02,-8.575755849471456e-05
2026-01-05,0.01573603670242396
2026-01-06,0.014305135859095985
2026-01-07,-0.0031022219900673775
2026-01-08,-0.005050536109746151
2026-01-09,0.01528491480823746
2026-01-12,0.004036379107789312
2026-01-13,-0.0036800365187508177
2026-01-14,-0.012505521109287043
2026-01-15,0.004286608050689811
2026-01-16,-0.002585982878358428
2026-01-20,-0.03327599756788491
2026-01-21,0.023376156715012586
2026-01-22,0.01335881677423334
2026-01-23,0.004406165164686282
2026-01-26,0.009992105362992998
2026-01-27,0.014285897702886352
2026-01-28,0.006519608198317872
2026-01-29,-0.00668807812845118
2026-01-30,-0.025932333319193535
2026-02-02,0.007101504762581756
2026-02-03,-0.01592118771236095
2026-02-04,-0.02029383180511113
2026-02-05,-0.026827390788769723
2026-02-06,0.03916429983990466
2026-02-09,0.013314099380543176
2026-02-10,-0.007510064789055471
2026-02-11,0.0031202688000282475
2026-02-12,-0.03563328518856135
2026-02-13,0.004232254506705724
2026-02-17,-0.002935282967405306
2026-02-18,0.013399864768610215
2026-02-19,-0.005432107299819133
2026-02-20,0.016118196342387314
2026-02-23,-0.01704005075244419
2026-02-24,0.014057553142459822
2026-02-25,0.019642101379954813
2026-02-26,-0.0144513704846978
2026-02-27,-0.005695871717821932
2026-03-02,0.002373704637774088
2026-03-03,-0.022053466499420304
2026-03-04,0.02048282647510291
2026-03-05,-0.00879254871530144
2026-03-06,-0.02432668339050137
2026-03-09,0.019621161132023612
2026-03-10,-0.000893012399898474
2026-03-11,-0.0013515334602259843
2026-03-12,-0.031282046744623426
2026-03-13,-0.012127898784379587
2026-03-16,0.018771778741534684
2026-03-17,0.006727905868327166
2026-03-18,-0.0283339213659195
2026-03-19,-0.00956057160720114
2026-03-20,-0.0330015232113523
2026-03-23,0.01801995508035925
2026-03-24,-0.009914216581677349
2026-03-25,0.01348014373332651
2026-03-26,-0.04106551845485995
2026-03-27,-0.030305895785659454
2026-03-30,0.00010017267169248889
2026-03-31,0.003931677871543915
2026-04-01,0.0018789108228780549
2026-04-02,-0.0018221259642676735
2026-04-06,-0.0002789765967035063
2026-04-07,0.0010963794859299991
2026-04-08,0.0007604727664083377
2026-04-09,0.0009126924322839791
2026-04-10,-5.24571297471077e-05
2026-04-13,-0.0002812383068249158
2026-04-14,0.0023854274073971116
2026-04-15,-0.0009422307741218106
2026-04-16,4.100773044468653e-05
2026-04-17,0.00148319902694527
2026-04-20,-0.0007589765822542116
2026-04-21,-0.002768607777567489
2026-04-22,0.0014488161302592673
2026-04-23,-0.0008492594516572582
2026-04-24,0.0006410353130961166
2026-04-27,-0.000650105806612622
2026-04-28,-0.0017218203561686352
2026-04-29,-0.0009164210393400873
2026-04-30,0.001581741361659672
2026-05-01,0.010994068165111281
2026-05-04,-0.006916230410162094
2026-05-05,0.019410580715685466
2026-05-06,0.03412644473781401
2026-05-07,-0.003739848111136701
2026-05-08,0.028894655438965522
2026-05-11,0.004865399758954725
2026-05-12,-0.009548046895451301
2026-05-13,0.013864581684970512
2026-05-14,0.012927049325593964
2026-05-15,-0.02724477848777307
2026-05-18,-0.00481769285421052
2026-05-19,-0.012783542055475272
2026-05-20,0.02564887918702996
2026-05-21,0.0031746838085755513
2026-05-22,0.006126114974693175
2026-05-26,0.0224721598718729
2026-05-27,-0.0022625238616047483
2026-05-28,0.013565525823654223
2026-05-29,0.006200453196071987
2026-06-01,0.006145828254391361
2026-06-02,0.00547639843908887
2026-06-03,-0.009638925206695959
2026-06-04,-0.0005521857123956808
2026-06-05,-0.07022993115090126
2026-06-08,0.01572629408154569
2026-06-09,-0.014543550351721168
2026-06-10,-0.036614197729251674
2026-06-11,0.04446981131324068
2026-06-12,0.010561838984548544
2026-06-15,0.04378433313560426
2026-06-16,-0.022286223638541602
2026-06-17,-0.020290663023160516
2026-06-18,0.029615994928006373
2026-06-22,-0.003787764954727546
2026-06-23,-0.04317075272025983
2026-06-24,-0.004508904515958645
2026-06-25,0.0068610790119689735
2026-06-26,-0.017378678089388422
2026-06-29,0.03647009625365838
2026-06-30,0.021899575298925278
2026-07-01,-0.014421570682721874
2026-07-02,-0.016932827943939244
2026-07-06,0.02015522936796832
2026-07-07,-0.020744959240339034
2026-07-08,-0.0009964933954640376
2026-07-09,0.022317863563745766
2026-07-10,0.006365339842517637
2026-07-13,-0.023723339679249
2026-07-14,0.012892870981877413
2026-07-15,0.0010189988246545045
2026-07-16,-0.019157425864056665
2026-07-17,-0.022680214109941477
2026-07-20,-0.000737309854586754
2026-07-21,0.02365184710850543
2026-07-22,-0.005736078699744351
