horizon,start_month,start_trade_date,end_trade_date,n_days,n_months,years,blend_5050_CAGR,blend_5050_Calmar,blend_5050_DCA,blend_5050_MaxDD,blend_5050_Sharpe,blend_5050_Sortino,blend_5050_Terminal_$1,blend_5050_Vol,cagr_vs_qqq,ivv_bh_CAGR,ivv_bh_Calmar,ivv_bh_DCA,ivv_bh_MaxDD,ivv_bh_Sharpe,ivv_bh_Sortino,ivv_bh_Terminal_$1,ivv_bh_Vol,maxdd_vs_qqq,qqq_bh_CAGR,qqq_bh_Calmar,qqq_bh_DCA,qqq_bh_MaxDD,qqq_bh_Sharpe,qqq_bh_Sortino,qqq_bh_Terminal_$1,qqq_bh_Vol,sharpe_vs_qqq,sixty_forty_CAGR,sixty_forty_Calmar,sixty_forty_DCA,sixty_forty_MaxDD,sixty_forty_Sharpe,sixty_forty_Sortino,sixty_forty_Terminal_$1,sixty_forty_Vol,term_vs_qqq,v19d_CAGR,v19d_Calmar,v19d_DCA,v19d_MaxDD,v19d_Sharpe,v19d_Sortino,v19d_Terminal_$1,v19d_Vol
to_end,2000-01,2000-01-03,,6676,319,26.54,0.08549056847379721,0.1550091147644764,2004611.624513312,-0.688650555769097,0.4800461516055671,0.6288924363173265,8.786333702325784,0.22236843827370548,0.05670511516940935,0.08021517831085045,0.17391726222150072,1441359.294494282,-0.5518943319267764,0.4948600287895351,0.6303375161103741,7.722471994826704,0.19396181881784452,0.4223135670299095,0.08511792939807616,0.14164024414173298,2713138.0117649958,-0.8296390304284453,0.4386998313445096,0.5749866080269059,8.706775183043723,0.26786031455552395,0.30107671836217753,0.06927355102696975,0.2454932135892213,890213.476401672,-0.2992276996205309,0.6455101884766806,0.8667642166154232,5.8968894370111995,0.11379893127342648,24.86011961141387,0.1418230445674855,0.3795511782171915,4704694.074000971,-0.4073254633985358,0.7397765497066872,0.8402399271046389,33.566894794457596,0.20898318500643906
to_end,2000-02,2000-02-01,,6656,318,26.46,0.08709976064732317,0.15667176506338942,1983509.349641255,-0.6886505557690973,0.4885839739408532,0.6396838001680321,9.077635223464755,0.22082610940752986,0.058443425748216926,0.08255677489660251,0.17763759315718824,1438309.1276719049,-0.5518943319267756,0.5069845314957165,0.6448992483518226,8.12709770942579,0.19337312030277412,0.4223135670299097,0.086150602728289,0.14192559781943112,2677153.837554504,-0.8296390304284456,0.4441050665635801,0.5821386141295721,8.870600110990184,0.2651332403816049,0.3114927840371791,0.07061847628077222,0.24955598498844253,886868.4333990277,-0.29922769962053036,0.6583269140673536,0.8830393077904033,6.063638352711048,0.11343006296562767,26.540852450747217,0.14459402847650593,0.38469828109575543,4649404.055153656,-0.40732546339853587,0.7555978506007592,0.8566497729674643,35.4114525617374,0.20738201609674
to_end,2000-03,2000-03-01,,6636,317,26.38,0.08405358769491689,0.15253093435074908,1967338.920020188,-0.688650555769097,0.47610761640188604,0.6230305557362815,8.375352832244232,0.2206234664054555,0.06398058883754953,0.08344670967836376,0.17911293903631795,1417220.005469954,-0.5518943319267762,0.5112985025190941,0.6500910232004183,8.252754927245858,0.19333406090935798,0.42231356702990946,0.07925968702078023,0.13406988523540686,2668006.387627473,-0.8296390304284454,0.42044034896557325,0.5502236055798531,7.4527546760948455,0.2645550311001756,0.32995005298586166,0.07112496163135695,0.2511247982446018,875331.1136613815,-0.29922769962053075,0.6626510812364054,0.8885445150324319,6.10647186910412,0.11339828429193213,26.5062215973517,0.14324027585832977,0.3816940835963476,4597285.937249621,-0.407325463398536,0.7503904019514349,0.850210871891163,33.958976273446545,0.20719044256568736
to_end,2000-04,2000-04-03,,6613,316,26.29,0.08186527107093178,0.15334783922125728,1976879.8275632514,-0.671139859411577,0.46748201354629504,0.6099513539658395,7.88451080183969,0.2201535979433607,0.06350595984166363,0.07993533036940526,0.1731375423321308,1417704.405264654,-0.5518943319267758,0.49493107474800047,0.6277108459985273,7.523602843775536,0.19306451571158137,0.4341401137039939,0.0785002139449309,0.13583812105952298,2686672.643276305,-0.8118638964896147,0.41832748004235565,0.5465610493692952,7.2655869782967395,0.2636261577748759,0.3268471383501056,0.06900326478024255,0.24443145934837412,873583.0372779605,-0.2992276996205311,0.6459866185508362,0.8639768860338508,5.76062475342433,0.11322318635606152,25.343540032643894,0.14200617378659453,0.4087492796949606,4710004.277230145,-0.37772378278562074,0.7451746183924612,0.8426417444363901,32.60912701094063,0.20719214037422215
to_end,2000-05,2000-05-01,,6594,315,26.21,0.08571668925002185,0.15864190220839752,1984067.6897114138,-0.668911911120714,0.48559077722504634,0.6337981340988119,8.601656759189652,0.2185326883604806,0.06563927605482878,0.08165154209604242,0.17581465065782745,1414861.860550482,-0.5518943319267754,0.5040711853023849,0.6394835249168003,7.797456262125058,0.1924948538955535,0.5203647684083015,0.08471623430825681,0.14319373882278588,2705454.6047741002,-0.80453103438358,0.4423234136632484,0.5788945598052739,8.396642527517399,0.26045152314739456,0.34519186957377107,0.06997349298641908,0.2473283247535701,870320.226459607,-0.29922769962053075,0.6557108976204788,0.8777582024293161,5.8694038459946505,0.11286602973288605,30.666995382860307,0.1503555103630856,0.567092814757712,4835420.967984755,-0.28416626597527844,0.7875152832370195,0.8938111514831041,39.06363791037771,0.2046292320432443
to_end,2000-06,2000-06-01,,6572,314,26.12,0.0889585658638794,0.16267087428074947,1964604.843035509,-0.6689119111207139,0.5009593942743688,0.6534649496864471,9.23065780107523,0.2172081942019005,0.06798483639244224,0.08259343890382764,0.17731675377304876,1406105.3518135902,-0.5518943319267752,0.5089534463790717,0.6446400342887043,7.922012198759138,0.1922771366599892,0.553145920678763,0.09047108098776713,0.14886294538828806,2676572.187918666,-0.8045310343835802,0.4648832001936368,0.6100087059947431,9.570909730710694,0.2576235479895604,0.3648000771638015,0.0704964328269726,0.2489081045080487,864466.1583974734,-0.2992276996205304,0.6607332273996369,0.8830825470293777,5.90967869712996,0.11272355686117401,36.767072812613634,0.15845591738020937,0.6668453367515449,4786749.577816087,-0.25138511370481725,0.8296832773574383,0.9483305925501374,46.33798254332433,0.20204696825605048
to_end,2000-07,2000-07-03,,6550,313,26.04,0.08636467843112516,0.1589891008073217,1963907.2911989493,-0.6689119111207125,0.49043753234612053,0.6383847331865015,8.611544171782413,0.21684658341632407,0.07238686314427789,0.08207033149684473,0.17647925778971046,1403269.638849357,-0.5518943319267762,0.5062604489301541,0.6405728129618984,7.769102665532552,0.19238694684249966,0.5531459206787632,0.08589153134164085,0.14331517310371394,2678608.8768431786,-0.80453103438358,0.44931108975089207,0.5880000589553865,8.5145868714757,0.2566184256077865,0.3790910934334175,0.07016753284035282,0.24790293591346602,861285.007400269,-0.29922769962053064,0.6577242939680209,0.8781995172805419,5.827902841218376,0.11278194514458505,37.05030984383258,0.15827839448591874,0.6663729337704621,4783835.759620477,-0.2513851137048168,0.8284021831843096,0.9458740063877245,45.56489671530828,0.20221607224860444
to_end,2000-08,2000-08-01,,6530,312,25.96,0.08785922353061659,0.16096121051880874,1940650.9197460115,-0.6689119111207137,0.49710373606870767,0.6469931353652668,8.865378890052993,0.21659235916416109,0.07213378351942823,0.08299302155255295,0.17804193294024495,1387578.3045301633,-0.5518943319267762,0.510605721752443,0.645794578759992,7.893038803705881,0.1924387633138352,0.5531459206787632,0.08800111702923785,0.14552255071623724,2649979.5515703186,-0.8045310343835801,0.45736121531956064,0.598989321807992,8.895391620739826,0.25598455735270154,0.37988113882685215,0.07069198898680784,0.24954955389179098,852303.2525983938,-0.29922769962053103,0.6619535479158282,0.8835507022943613,5.870682888439762,0.11280570847830158,38.049581737668774,0.16013490054866608,0.6725099653049773,4727515.6765572475,-0.2513851137048168,0.8372423541464128,0.9552789739819588,46.9449733584086,0.2019236046272092
to_end,2000-09,2000-09-01,,6507,311,25.87,0.08414264703465646,0.15588515461669913,1951799.1276572566,-0.6689119111207141,0.4811411237734151,0.6259949574392537,8.05344526005789,0.21672110642346581,0.07670763682907289,0.08064608705636278,0.1741931421873434,1391423.4622241466,-0.5518943319267755,0.49894761543504484,0.631244408729703,7.4089337010105805,0.192677958286034,0.5531459206787632,0.08295442506047213,0.13972197558845717,2668349.213671713,-0.80453103438358,0.4392419471432934,0.5747053399582727,7.828603471294872,0.2559196959156252,0.39489340761651165,0.06927942965028988,0.24518802342912457,852168.3824534401,-0.2992276996205291,0.6495952132499773,0.8673955295385698,5.638669708441388,0.11294271683151738,37.99929361509729,0.15966206188954501,0.6711680579407111,4818910.102314125,-0.2513851137048168,0.834135354759805,0.952819163595683,45.827897086392156,0.20227131915425317
to_end,2000-10,2000-10-02,,6487,310,25.79,0.08840642149810374,0.17156970445827957,1953528.2859266165,-0.6301883953720475,0.49972722348415477,0.6496842511920102,8.852760478785681,0.2163605096260038,0.07670908852762826,0.0832763919053654,0.17862551198505983,1386709.842039646,-0.551894331926776,0.5114455369380787,0.6463543109447348,7.839000905043521,0.19275250340880065,0.517375577178986,0.08893595365156881,0.1530516157852698,2678310.791695629,-0.7687606908838027,0.46156929544047726,0.6043322578547942,8.96430273469032,0.25491311283971546,0.4002343026488005,0.07081758335587418,0.2500074830046804,848098.5660116158,-0.29922769962053,0.6621416137459122,0.8832134545876386,5.820202977534447,0.11298061090616827,42.7433064334801,0.16564504217919707,0.6910994778452374,4777203.6584777385,-0.25138511370481675,0.8618035980892778,0.9840955554343184,51.70760916817042,0.2015913152424166
to_end,2000-11,2000-11-01,,6465,309,25.71,0.09049346155923677,0.17669366017681787,1982322.17672029,-0.6213936971731138,0.5101464107880015,0.661647390256832,9.230193364714717,0.21522512839936464,0.07325189166762147,0.08376935951668107,0.17934545517014042,1394539.9159521584,-0.5518943319267756,0.5143146405698751,0.6491011099268617,7.875842831187833,0.1924497814325406,0.5071099545381599,0.09277000360175802,0.15901608120249483,2732267.3157226425,-0.7584950682429772,0.4773874883459383,0.623726059448323,9.73747368412816,0.25265202023060795,0.3849006003424034,0.07106841632005345,0.25071712467842455,849525.2803898788,-0.29922769962052975,0.6651706211518881,0.8861364729753702,5.8204089605082805,0.1127853607591424,41.70770132124883,0.1660218952693795,0.6926621773403255,4735650.470047334,-0.2513851137048173,0.8622880886883417,0.9863207714515436,51.44517500537699,0.20193362577301976
to_end,2000-12,2000-12-01,,6444,308,25.62,0.09795306424000216,0.1956938701849975,1983646.7007220713,-0.5950055473070623,0.5430589311018685,0.705958022706044,10.909004133713555,0.2144130805432232,0.062105510268254616,0.08734764493290781,0.18528985055719324,1389521.0661383388,-0.5518943319267757,0.5315992386434081,0.670384519219315,8.511231588061388,0.192363741052439,0.47890057438999833,0.10426559495516474,0.17885802845569462,2744370.6419074046,-0.7302856880948154,0.5206920866362512,0.6848390030163015,12.631414427266725,0.2508535499854767,0.34200698690511677,0.07315398376839499,0.2571968103361539,845334.7464127798,-0.2992276996205307,0.6827315035945245,0.9089737736642223,6.082361372442504,0.11272426935249817,38.549876486365356,0.16637110522341936,0.6941193578790169,4694914.295395093,-0.2513851137048171,0.862699073541368,0.9883957330707623,51.18129091363208,0.20226203905476214
to_end,2001-01,2001-01-02,,6424,307,25.54,0.09992685254491462,0.20539463622449133,1958866.3600947075,-0.5740670358073574,0.5539009292957673,0.7191614904081396,11.335710176350617,0.21287252602741796,0.05881585610114204,0.08785475372081719,0.1860055803350762,1375883.7676986235,-0.551894331926776,0.5346938078969941,0.6731892650626824,8.555946459386256,0.19198917955948194,0.4525946776956724,0.10790468233591799,0.18916047890757218,2708457.763933951,-0.7039797914004892,0.5373231287387534,0.7070753944054686,13.628810440783138,0.2478306764779415,0.3258327868714317,0.07341201688745191,0.25791112273108774,837501.2932748052,-0.29922769962053086,0.6860792340289475,0.9120354359990087,6.0855575145191985,0.11248577151675693,37.31870566272072,0.16672053843706003,0.6955659046682657,4654673.499678514,-0.25138511370481675,0.8631559156101851,0.99045555269393,50.94751610350386,0.20257627952490678
to_end,2001-02,2001-02-01,,6403,306,25.45,0.09709697585284816,0.20214902463930615,2000684.6370988854,-0.5688799094951226,0.5443988942468724,0.7051865625707653,10.533550961878465,0.211239442358578,0.0630452985977783,0.0862939375722489,0.18334954612195764,1388288.947182172,-0.551894331926775,0.5274940666863775,0.663620239658172,8.191749510903188,0.19183073641322615,0.44071003538038156,0.10406846055144303,0.18611236126545927,2792065.8765486823,-0.6920951490851984,0.5277920229538566,0.6925511892785989,12.37296707578778,0.24404965746872914,0.33594832247453266,0.07246369071766967,0.25491703117242687,840813.6942982395,-0.299227699620531,0.6787574673722215,0.9017505493433315,5.915387853670992,0.11237922306347241,38.35657119704334,0.16711375914922133,0.6971758219114115,4615249.437595955,-0.25138511370481686,0.8637403454283893,0.9927480047278063,50.72953827283112,0.20290776526888507
to_end,2001-03,2001-03-01,,6384,305,25.38,0.10613252999361267,0.22937419552434574,2026831.8431835899,-0.5366133707124513,0.584203850147926,0.7578874160870169,12.876015851282757,0.21068888913280814,0.049759829538448264,0.0908697963545253,0.19094526674985976,1393239.0313597792,-0.5518943319267757,0.5495367331587888,0.6906541375211982,9.05553066048323,0.1917644518897771,0.3556668181532809,0.11772122101462967,0.23192234900088995,2854976.69311952,-0.6070519318580979,0.5798629543886267,0.7648399873241415,16.76673800758679,0.2427968693921787,0.2844485931951347,0.07515705650520133,0.2632833353509231,840716.5834249482,-0.2992276996205306,0.7013372350812359,0.9309354133141944,6.2703008308617365,0.11233064900133549,33.77644858469283,0.16748105055307794,0.6986728116430306,4575777.579468746,-0.25138511370481703,0.8643115475837614,0.9948796529038559,50.54318659227962,0.2032090681749527
to_end,2001-04,2001-04-02,,6362,304,25.29,0.11188942276622238,0.2385305898109019,1980424.0256840216,-0.5366133707124517,0.6113097941168958,0.7965770753438169,14.550321431311515,0.20938434988002352,0.04122773777198341,0.09369336380014959,0.19545387720185628,1370666.5605916518,-0.5518943319267763,0.5639905502962844,0.7094806593620923,9.593099976671109,0.19126186941279197,0.35566681815328066,0.1266999389827539,0.24401128285466625,2776022.569589581,-0.6070519318580977,0.6169490931196155,0.8209122091265573,20.321382444546366,0.24009682857800804,0.24810618968355924,0.0767937472959439,0.26824793853032,829390.8359233303,-0.2992276996205314,0.7165927354100855,0.9525838152551113,6.474686531257521,0.11201231830579854,30.026964742371298,0.1679276767547373,0.700480207950661,4537289.407904163,-0.25138511370481703,0.8650552828031748,0.9974533065243059,50.348347186917664,0.20355958772142016
to_end,2001-05,2001-05-01,,6342,303,25.21,0.10669858985001013,0.2290611049646103,1976022.5679324842,-0.5366133707124523,0.5925579213850851,0.7698100519512894,12.825436074280475,0.20743499866960388,0.04857619199022367,0.09044421135949876,0.18991511479129985,1365526.1752419001,-0.5518943319267765,0.5492309644090343,0.6897918635559034,8.837990415506372,0.19083606386489713,0.35566681815328105,0.11978068381085083,0.23230537696531034,2775447.810988896,-0.6070519318580977,0.5974085934918437,0.7929848168253223,17.23904169127242,0.23605523824749033,0.2684128884072121,0.07485372173389893,0.2621191188513403,825324.2478756473,-0.29922769962053125,0.7019155041036078,0.9316263655778715,6.151188106031895,0.11174179869500342,32.95481366070506,0.1683568758010745,0.7022034299490596,4498827.590294674,-0.25138511370481664,0.8658214818990558,0.9999070995946422,50.193855351977476,0.2038797751870022
to_end,2001-06,2001-06-01,,6320,302,25.13,0.10783322833274345,0.2307876761364044,1967063.037444285,-0.5366133707124522,0.5983982293780518,0.7766603854343714,13.043357383826264,0.20695875544145137,0.047223995757786685,0.0910174316770993,0.19090460402184173,1363860.9249955616,-0.551894331926776,0.5517861011706229,0.6924585008534507,8.88780984127326,0.19094204923766459,0.33670509597078624,0.1216185740539224,0.2420178645739218,2755069.526134283,-0.5880902096756034,0.6065813704343141,0.8056669689939913,17.786306957139153,0.23464013842134968,0.2601312903850813,0.07520316648610481,0.2632264983982807,822722.2485091337,-0.29922769962053103,0.7045313325697485,0.9344116738811361,6.1625806596766575,0.11179724158980146,32.24916178230954,0.1688425698117091,0.7041464726843917,4460755.653443332,-0.2513851137048172,0.8667126608193955,1.002673907820026,50.035468739448696,0.20423370870487062
to_end,2001-07,2001-07-02,,6299,301,25.04,0.10823915654491545,0.231431509974405,1971811.1751407157,-0.5366133707124516,0.6003562533740207,0.7790326962793845,13.051491654325178,0.2068592472527611,0.04822960548861088,0.09238783615119517,0.19323886397592804,1359457.100192232,-0.5518943319267765,0.558034245861276,0.7000570588407877,9.10477253853765,0.19111270415256193,0.3090882105604241,0.12108520690442437,0.2528774259906049,2777375.7628044966,-0.5604733242652408,0.6053648121584092,0.8039636525673336,17.40878933882402,0.2341250246628213,0.26222597313740137,0.07602864354810457,0.2658275959604943,818958.6047021246,-0.299227699620531,0.7108857355833738,0.9425995329108553,6.244095283260483,0.11189277833749099,32.481578984732565,0.16931481239303525,0.7060317888916614,4422769.668679278,-0.25138511370481664,0.8675907852958106,1.0053585159837388,49.89036832355658,0.2045732671875145
to_end,2001-08,2001-08-01,,6278,300,24.96,0.11082140442604294,0.2356312695597529,1990992.3735313937,-0.5366133707124521,0.6123176509709709,0.7943253896120341,13.71264317120422,0.20649884843791294,0.04420927669906449,0.09316036887318324,0.19452250190574327,1365202.2232414854,-0.5518943319267761,0.5617205218849826,0.7043155957906204,9.198559013473176,0.19111971532344568,0.29177139352865067,0.12558003110264937,0.26793366448775296,2820070.1656352524,-0.5431565072334675,0.6239167828598956,0.8289048268271623,19.051284062985694,0.2332521217114163,0.24455289057498986,0.07649204501415019,0.26726489935653935,819279.886809302,-0.2992276996205313,0.714762048659361,0.9473103553147256,6.2730106590353945,0.111887671112045,30.693240120686724,0.16978930780171386,0.7079259794721354,4384748.421576877,-0.25138511370481686,0.8684696734348855,1.0080557608683718,49.74452418367242,0.20491452757393205
to_end,2001-09,2001-09-04,,6255,299,24.87,0.11552365369762851,0.24335648230796875,2035073.302028879,-0.5366133707124515,0.6335808129963985,0.8215927195009877,15.083121676467169,0.20611157973425956,0.0382876328893933,0.096216453298821,0.1996049015492953,1376610.2130670124,-0.5518943319267755,0.5762035256585376,0.7219103843436462,9.778754935315373,0.19118385932115978,0.2826550911438836,0.13203176201657874,0.28277996553636753,2925268.012611227,-0.5340402048487005,0.6501949852178696,0.8645648611910681,21.719393666549465,0.23226243535475327,0.2192706871569593,0.07830965401903311,0.27291523397832484,821664.291332374,-0.2992276996205296,0.7296842788834271,0.9663992417092664,6.497410162297373,0.11191661930786805,27.872745746941106,0.17031939490597203,0.7100373365674288,4348400.819612667,-0.2513851137048169,0.8694656723748289,1.0110622414113632,49.59213941349057,0.20529024003919474
to_end,2001-10,2001-10-01,,6240,298,24.79,0.12301106410777196,0.2554948682245204,1991885.3770792738,-0.536613370712452,0.6679337975195062,0.8690102791734636,17.68498423222952,0.2052628014136232,0.02755473424509458,0.10023572913642154,0.20604291163981547,1366282.3730112263,-0.5518943319267761,0.5965227951565175,0.7485000570950875,10.647951043898516,0.19062794580694456,0.28265509114388365,0.14313300758776393,0.3005204633481708,2822380.576749357,-0.5340402048487004,0.6946053215733211,0.9287560232099663,27.45279474000492,0.23105208788807485,0.17559849862811872,0.08066584226647167,0.2800801108333218,815612.0821386734,-0.29922769962053125,0.7511837249157813,0.9971420916368989,6.827533573567854,0.11156754931493541,22.061577798496515,0.1706877418328585,0.7114920283548531,4311784.392050538,-0.25138511370481675,0.8702038202014398,1.0131336591571758,49.51437253850143,0.20553633562152399
to_end,2001-11,2001-11-01,,6217,297,24.71,0.11955636350997079,0.24946960337230079,1943088.8085511294,-0.5366133707124523,0.6545367415292257,0.8511496704984738,16.21791585189413,0.2045243853586354,0.03482860547116662,0.10004759223587079,0.20573175734899748,1342957.4452154539,-0.5518943319267758,0.5956330209587992,0.7465944822775381,10.51108083794342,0.1906244059395431,0.28265509114388376,0.13645244935582368,0.28873342743409425,2734481.710029892,-0.5340402048487009,0.6728533142362326,0.8994988598580118,23.4684861902966,0.22916623203171838,0.19859150116308644,0.0805853629762765,0.2798263449900354,804490.4457465701,-0.29922769962053025,0.750588939240319,0.9955166557584582,6.766917588224857,0.11155479267964598,25.952726025101388,0.1712810548269903,0.7138205431848631,4275649.626228612,-0.2513851137048171,0.8714448153993191,1.0164493628560431,49.421212215397986,0.2059153433957091
to_end,2001-12,2001-12-03,,6196,296,24.62,0.11469214863101374,0.24124822823447037,1934780.3908673206,-0.536613370712452,0.6338185006615017,0.8231145817986925,14.434866926569553,0.20424936286365067,0.0421146785434916,0.09704777918040541,0.2007949680533506,1334983.7439841914,-0.5518943319267758,0.5812296746614807,0.7278923897328415,9.75073935179053,0.19066061073465412,0.28265509114388376,0.1297233914590601,0.27731328796959637,2728449.8543204865,-0.5340402048487006,0.6481963971376752,0.865494198779586,20.065108743332114,0.22847465022718208,0.22443453749996634,0.07885024339168889,0.27445914683070977,799402.020674248,-0.2992276996205317,0.7361064658045112,0.975436839525142,6.462879774875004,0.11156780025863443,29.282774078201147,0.1718380700025517,0.715999639160669,4239717.121189474,-0.25138511370481686,0.8726309346376415,1.0195523006144984,49.34788282153326,0.20626320195461997
to_end,2002-01,2002-01-02,,6176,295,24.54,0.11535296598550238,0.242253944304375,1927572.0438397313,-0.5366133707124514,0.6372739448817818,0.8272232035612916,14.520390220130858,0.20398873461815908,0.041336991120185296,0.09712512877451651,0.20095037214383568,1330211.506792069,-0.5518943319267763,0.5814347072632038,0.7278330221865446,9.696063938218547,0.19074088629276742,0.2826550911438833,0.1310388287969373,0.2791738122050079,2718597.060871381,-0.5340402048487003,0.654687648497326,0.8743904485495755,20.44671447718595,0.22772697820182558,0.21909346283559894,0.07893195708556555,0.2747271733788474,795580.2372446858,-0.2992276996205315,0.7365606904696982,0.975721029820838,6.436003144879336,0.11160788401697273,28.835026103201507,0.17237581991712259,0.7181005851135416,4203795.046341552,-0.251385113704817,0.8737811113329249,1.0225439561441427,49.281740580387456,0.20659613134104735
to_end,2002-02,2002-02-01,,6155,294,24.45,0.1162092755483437,0.2436347092314527,1941019.7525186238,-0.5366133707124523,0.6413128233530918,0.8321910022645956,14.661148607107114,0.20385939245636597,0.04095304005656941,0.09791471974142807,0.20227013669888172,1327112.6100019752,-0.5518943319267757,0.5851070706760465,0.7324439037853481,9.792016679391589,0.19078857111260847,0.282655091143883,0.13199291400956725,0.2805847607798773,2764883.5873484924,-0.5340402048487001,0.6591355328393785,0.8800812249604354,20.6590909859917,0.22733343244116053,0.21586583226164957,0.07943454179001153,0.2762908715637592,792413.7409105101,-0.29922769962053064,0.7406244976622881,0.9813134541278367,6.468546895919953,0.11162725805739279,28.554799287650635,0.17294595406613666,0.7203262495285605,4168002.293218189,-0.2513851137048171,0.8750013651010281,1.0257132053317382,49.213890273642335,0.2069474441578661
to_end,2002-03,2002-03-01,,6136,293,24.38,0.11999665405282811,0.24984944448822732,1913929.708518012,-0.5366133707124519,0.6585188516143605,0.8538624140939955,15.790220640624637,0.20359713658733095,0.034924008796951345,0.09904894465887626,0.2041300439532949,1313390.8192256198,-0.5518943319267752,0.5905899631211444,0.7386034121756323,9.970850721557152,0.19075538236107475,0.28265509114388343,0.13853879046715378,0.29115203220549063,2717125.65438226,-0.5340402048487005,0.6856082283348017,0.9155002445034305,23.551847660625306,0.22678679236213461,0.19049228773654303,0.08013236611741337,0.2784401366802417,785066.9678396742,-0.2992276996205307,0.7465834167997101,0.9884181026916499,6.533379586061307,0.11159771260122535,25.598088806740023,0.17346279926410513,0.7223442777478838,4132134.169178778,-0.2513851137048171,0.8761005160713448,1.0285867896203111,49.14993646736533,0.20726685473255482
to_end,2002-04,2002-04-01,,6116,292,24.29,0.11812566385976897,0.24667943858838054,1934268.2915275511,-0.5366133707124524,0.6506195190662563,0.8428651773758581,15.026559233378247,0.20345452472182307,0.0380474090726135,0.09790684121684201,0.20228646313160087,1319148.6949029479,-0.5518943319267754,0.5848933790273741,0.7313050587989336,9.649793803877875,0.19087368130836738,0.2826550911438839,0.13596074602539243,0.28668668807110304,2764907.6888954574,-0.5340402048487006,0.6766595298805399,0.9019625252368281,22.062721965206553,0.22626182129130237,0.20059404867170794,0.07949597221650784,0.2764936409100123,785381.2822388159,-0.2992276996205306,0.7409424582977221,0.9808225094852827,6.4013125688902734,0.11166124332959199,27.017539811099294,0.17400815509800593,0.7244738991918055,4116524.9682051144,-0.25138511370481675,0.8772535785522478,1.031619277800239,49.080261776305846,0.2076046857797538
to_end,2002-05,2002-05-01,,6094,291,24.21,0.12290022269202971,0.25455540792948167,1932946.1918174834,-0.5366133707124525,0.6719819010548382,0.8699669378327897,16.495948493992625,0.2032760633399488,0.03305282621850414,0.10100162644564614,0.20741265193796707,1313261.0567440193,-0.5518943319267761,0.5994977623455691,0.7489015155955283,10.245638153403792,0.1909429428503543,0.2826550911438838,0.1425113755595946,0.297216955855877,2776978.838545796,-0.5340402048487005,0.7032667089475984,0.9382854474110158,25.07348100753234,0.225697878159631,0.17925007631023582,0.08136029998188299,0.2822737964984159,781086.7370698048,-0.2992276996205309,0.7562179252528545,1.0002730183627777,6.629657006859948,0.11169285462405937,24.899494210190024,0.17556420177809873,0.7300336196948981,4079962.6546941707,-0.2513851137048167,0.8825167852578342,1.0379479475234794,49.972975217722365,0.20795024815502425
to_end,2002-06,2002-06-03,,6072,290,24.12,0.12472895657823835,0.25727507922063236,1961830.5592829303,-0.5366133707124521,0.6820334819681803,0.8794466872492104,16.982856314741642,0.2024200440460746,0.030517261364496395,0.10165759890553572,0.20845934142871514,1323294.3556888273,-0.5518943319267765,0.6028354534360905,0.7514571493457067,10.306795703330145,0.19084399949594755,0.28265509114388315,0.14566246706217112,0.3016008242220806,2842397.3976613143,-0.5340402048487001,0.7197475397411702,0.9551340027839487,26.48408035779958,0.2237825863330055,0.16406995604084718,0.08177830777622352,0.283539542324117,782850.6102371332,-0.2992276996205303,0.7600958817860727,1.0032528767926014,6.646143422850073,0.1116212928318198,23.413598152373392,0.17617972842666751,0.7324297189575469,4043621.928333518,-0.2513851137048169,0.8838174957820174,1.0413546759872576,49.89767851017297,0.20832573360410306
to_end,2002-07,2002-07-01,,6052,289,24.04,0.13024887808667684,0.2662331020283084,1983874.0472110466,-0.5366133707124523,0.7073312096415644,0.9126964917104795,18.92439759501618,0.2019764437469659,0.023837464330159985,0.10553401594301204,0.2147710950192227,1335500.1464767072,-0.5518943319267758,0.6216035422035294,0.7744542228583624,11.128131700336755,0.19068576987614053,0.2826550911438831,0.15290707959633054,0.3130804254594251,2881449.1254430735,-0.5340402048487,0.7497319736586522,0.997406691348526,30.482052518084277,0.22300974270919036,0.1352790355658039,0.08408633900047247,0.29062394308407197,784232.409201536,-0.2992276996205305,0.7798400307191874,1.029028258216012,6.951675497294031,0.11151355472672476,19.34837116334891,0.17674454392649053,0.7346267588908468,4007204.128427101,-0.25138511370481686,0.8850110092244561,1.0444783856738726,49.83042368143319,0.2086688520137263
to_end,2002-08,2002-08-01,,6030,288,23.96,0.13478138010838947,0.2730349962063304,1971083.5400994895,-0.5366133707124523,0.731823852989691,0.942865527193471,20.604900749522212,0.2002042281598117,0.019511398636023358,0.1097397815876382,0.22118455006091137,1325330.3012423655,-0.5518943319267761,0.6448202701149999,0.8017081385796336,12.080297556437559,0.18930933958794546,0.28265509114388343,0.15785978730092576,0.32012189013657577,2868834.533098488,-0.5340402048487002,0.7748827299275408,1.031853247276689,33.35772702019909,0.22062429988738588,0.11145138511206532,0.08630659518104111,0.297144026831779,775087.8190504975,-0.29922769962053053,0.8035735377628278,1.058834469181657,7.249197964556317,0.11064789894947616,16.399529836024406,0.17737118593694912,0.7370627041644688,3970901.076346763,-0.25138511370481675,0.8863341150396061,1.0479417664399417,49.7572568562235,0.2090482455204662
to_end,2002-09,2002-09-03,,6008,287,23.87,0.13548628189241807,0.2738147531442944,2010823.7424382751,-0.5366133707124512,0.7376724068585674,0.9493378515307499,20.68265900728945,0.1991841585362819,0.018784972978240777,0.10984742501148714,0.22114163177488402,1346445.5805759195,-0.5518943319267763,0.6468870490032443,0.8027917530989045,11.998695797159643,0.18866788772112933,0.282655091143883,0.15922068328566463,0.3217332713558459,2940211.2247280525,-0.5340402048487001,0.7838861872404164,1.0439448037666919,33.868956380654396,0.21918807211846167,0.10379064644173985,0.08540147266484288,0.2942417651589028,777499.8246158415,-0.29922769962053136,0.7979956561206618,1.049238395682944,7.055381222849166,0.11033303984234986,15.818158938378879,0.1780056562639054,0.7395262884867485,3934772.0056637693,-0.2513851137048171,0.8876768336821562,1.0514444438809216,49.687115319033275,0.20942970804790495
to_end,2002-10,2002-10-01,,5988,286,23.79,0.14160574688703909,0.283687777059218,1937271.5756078314,-0.5366133707124524,0.7657967816658456,0.9849352098962628,23.26447156176008,0.19878727349378614,0.012652875344084658,0.11542125616540111,0.2300817779120112,1315661.8767785146,-0.5518943319267765,0.6744873524626105,0.8375342497675661,13.404141815805536,0.18826272819743264,0.28265509114388376,0.16593340223781383,0.3323354268736136,2787539.021289032,-0.5340402048487006,0.8116670139545218,1.0798740398070827,38.39681167094124,0.21866168809960945,0.07723526531457792,0.08791326157654389,0.30192548720455903,766973.97375386,-0.29922769962053053,0.8197040091377258,1.0776604996041985,7.40541800481774,0.11021596574605572,11.226108888107767,0.1785862775818985,0.7417798800543868,3898599.173718851,-0.25138511370481686,0.8889022792690997,1.0546485576081268,49.62292055904901,0.2097783117900704
to_end,2002-11,2002-11-01,,5965,285,23.71,0.13618861256970827,0.2743554615339819,1885386.4802052565,-0.5366133707124526,0.7454125157557545,0.9533584875514978,20.537469812369093,0.19750514765351804,0.0209702919507313,0.1121696664602152,0.2244229024184227,1291881.9525985168,-0.5518943319267761,0.661753562280679,0.8179321982863685,12.385055885979906,0.1871659404029772,0.2826550911438834,0.15829420288393536,0.31942892805849205,2687029.1728940923,-0.5340402048487004,0.7854591827710095,1.0392016756074056,32.40660046763835,0.21718237422999304,0.10488210364086281,0.08666090008136873,0.29792770138689684,757000.0691906589,-0.29922769962053,0.8118184683278749,1.064090579510735,7.151034278217283,0.10981299910909195,17.14790163647787,0.17926449483466667,0.7444081785368947,3862942.706337128,-0.25138511370481703,0.8903412864118723,1.0583854225165386,49.55450210411622,0.21018135119674225
to_end,2002-12,2002-12-02,,5945,284,23.62,0.13230129011227332,0.2677916310466328,1910734.0068080039,-0.5366133707124524,0.7293359532213276,0.931082173879901,18.75133331075408,0.19702932393476974,0.0269555915265125,0.10974838231954442,0.22041499560703645,1298405.4270341217,-0.5518943319267763,0.6505265557202337,0.8030112887373725,11.665513740274573,0.1869958815324733,0.282655091143884,0.1529166884484039,0.31037991394076714,2749790.3107683985,-0.5340402048487007,0.766101312563813,1.011507983754261,28.70063722632445,0.21636218356960807,0.12555280628071996,0.08541577705193393,0.2941183852944784,754592.692943061,-0.29922769962053086,0.8009729565017737,1.0493042518662141,6.914454251148264,0.10987682809185689,20.807754596419255,0.1798722799749164,0.7467555181645712,3827255.5308840447,-0.25138511370481675,0.8916541188445329,1.061722825456563,49.508391822743704,0.21053367766277445
to_end,2003-01,2003-01-02,,5924,283,23.54,0.1373011475008905,0.2759294062383165,1900959.3895983966,-0.5366133707124516,0.7522880588996196,0.9601635085277941,20.58340283076709,0.19682275560349624,0.020678631158753014,0.11291158534895795,0.2255564889266729,1296297.3178703168,-0.5518943319267757,0.6658887500549225,0.8213557040157464,12.365005838074431,0.18694316093742075,0.28265509114388343,0.15983582938969354,0.3214205001684327,2724974.4428661563,-0.5340402048487002,0.7948658824894483,1.050120391468763,32.645950746930644,0.21595022950906453,0.09817119182143796,0.08649884865005131,0.29745276336813375,752068.6667069735,-0.29922769962053053,0.8100458611245442,1.0607283414092654,7.030299095348534,0.10987786050144638,16.81333149594765,0.18051446054844655,0.7492347514550408,3791622.6950003314,-0.25138511370481675,0.8930370743108863,1.0652477523035626,49.459282242878295,0.2109055364039208
to_end,2003-02,2003-02-03,,5903,282,23.45,0.13833987339181952,0.2775111270478024,1882989.0052373533,-0.5366133707124525,0.7578668238865326,0.9661876849283966,20.804058296097182,0.1964938648873071,0.02085677098231309,0.11451940795326854,0.22811061432460394,1291060.8955651142,-0.551894331926776,0.6741003468890867,0.8304482409644031,12.676786548686081,0.18675699497718487,0.2826550911438835,0.16030571293163143,0.3219596688254856,2682625.2271967432,-0.5340402048487006,0.798208005898289,1.0536140640441771,32.55244110981677,0.21540676893998903,0.09622347241795082,0.08756710786555977,0.30073910507114837,746387.5707552878,-0.29922769962053014,0.8189723768217116,1.0717162616816736,7.144450672998847,0.10988095953322628,16.858682165742508,0.18116248391394452,0.7517347244398234,3756123.694895528,-0.25138511370481714,0.8944314783162398,1.068802166454386,49.41112327555928,0.2112793699243548
to_end,2003-03,2003-03-03,,5884,281,23.37,0.1384344105654507,0.2776629193551144,1867212.820477496,-0.5366133707124522,0.7583173469173811,0.9656638891174413,20.641794317346026,0.19648453999198975,0.02233291894621936,0.11555786272903767,0.22980556449029704,1281489.7468134859,-0.5518943319267762,0.6790392159933826,0.8354101604808266,12.849992657204195,0.18677623545186253,0.28265509114388326,0.1594203115934254,0.3205131001608406,2658123.8805896426,-0.5340402048487003,0.7947773305423917,1.047915280677543,31.620893162553106,0.21536457456552685,0.1009230777299367,0.08765032587070021,0.3010083216146438,741829.8086271101,-0.2992276996205303,0.8194330376594697,1.0711893696439985,7.112070650113776,0.10991749600510597,17.746838979105515,0.18175323053964476,0.7540124673623233,3719329.7244204963,-0.25138511370481703,0.8957004082723284,1.0720406181196431,49.36773214165862,0.21161931834812486
to_end,2003-04,2003-04-01,,5863,280,23.29,0.13881313894034664,0.27812696433985584,1818558.0903197937,-0.536613370712452,0.7612509096156753,0.968414620468764,20.578607234597673,0.19605447551554395,0.02249381098492509,0.11589237638540006,0.23023804512131504,1251507.6054168495,-0.551894331926776,0.6815185241967929,0.8376457140941428,12.82255675760488,0.18644698212144797,0.2826550911438835,0.15985674502217861,0.3209987225457602,2583037.6425714917,-0.5340402048487004,0.798026340350923,1.0509470169804735,31.508192143823837,0.21481273847317642,0.09912613777446422,0.08810923376208213,0.30240455000771815,729039.99856373,-0.29922769962053003,0.8235182209861579,1.075602221095536,7.132103379966315,0.10987955766811383,17.753037237079436,0.1823505560071037,0.7562700346755963,3657695.503431328,-0.2513851137048169,0.8971524781253872,1.0737279425120128,49.26122938090327,0.21190938362642506
to_end,2003-05,2003-05-01,,5842,279,23.21,0.13529450148161226,0.2723530719490896,1779241.8566955582,-0.5366133707124517,0.7454964458228527,0.9473021230935873,18.94766889681261,0.19604157844264236,0.02540532419899999,0.11242798564440015,0.22459639802474884,1230325.6919120648,-0.5518943319267766,0.664878064535255,0.8162499964263584,11.822254297304221,0.18643039325965996,0.2826550911438833,0.15630084131951194,0.31522555671936364,2514941.138742668,-0.5340402048487002,0.7838607234824757,1.0313089988299704,28.982930071563068,0.21476152056203648,0.1096245340634342,0.08593224553193579,0.29571753431019804,716437.1140829792,-0.29922769962053036,0.8051462659103301,1.050670476531509,6.760801584851857,0.1099016182221861,18.985377384457458,0.18170616551851193,0.7543883831878605,3513150.1104066335,-0.25138511370481686,0.8934852575459099,1.0699610207423897,47.968307456020526,0.21224973538584535
to_end,2003-06,2003-06-02,,5821,278,23.12,0.13248945471029527,0.2677368935437536,1763850.1729958127,-0.5366133707124523,0.73289919585176,0.9310520129837777,17.70705625888565,0.1960313201621445,0.023641970741680396,0.11028665555928385,0.22113825910252805,1219999.8265383919,-0.5518943319267764,0.6542811309613991,0.8029983649111337,11.207666892700816,0.1865328923539451,0.2826550911438832,0.15281685581585114,0.3095224676823346,2493250.6145988903,-0.5340402048487002,0.7701210892720242,1.0127892613725686,26.706337082099715,0.21463824890524766,0.10457365399917196,0.08357671455093518,0.2884762843621378,712032.748537393,-0.29922769962053153,0.7850746531301752,1.0252802874823623,6.386024281453917,0.10995144808279506,15.977800002231007,0.17645882655753153,0.7360852726413271,3474224.1554731973,-0.251385113704817,0.8746947432711961,1.0462514485524508,42.68413708433072,0.21154909342128048
to_end,2003-07,2003-07-01,,5800,277,23.04,0.1326014740874255,0.2679372328059411,1737420.4235896796,-0.5366133707124521,0.7332889851549309,0.9303796897074946,17.564354148479833,0.1960737233834014,0.02349035262796062,0.11019611911520233,0.2210297316172451,1208113.1964334773,-0.5518943319267756,0.6535548658576524,0.8014650891954712,11.089547914187444,0.18664853165277015,0.28265509114388365,0.15314218098491517,0.31003723259146865,2442203.2832095292,-0.5340402048487005,0.7715323529305588,1.0131202836876216,26.563666216085213,0.21460194971081703,0.10566070110823522,0.08391479193184392,0.2895322021922192,711772.2108624865,-0.2992276996205308,0.787692336917919,1.0278119138257782,6.38916006485546,0.10998717490008032,15.689658536131308,0.1766325336128758,0.7362004288310683,3386840.1967068105,-0.25138511370481686,0.877193054038794,1.046603495787208,42.25332475221652,0.21097958728597993
to_end,2003-08,2003-08-01,,5778,276,22.96,0.13120914579997467,0.2656421507126029,1713480.3668947401,-0.5366133707124521,0.7270299953941161,0.9212961864229231,16.891273124565437,0.19606774245940373,0.023151461495738435,0.10977296863731256,0.2203778988715629,1195865.1154046035,-0.5518943319267762,0.6512254355253698,0.797714184331156,10.893169506330963,0.18676376356680202,0.2826550911438833,0.15075588182239352,0.3060985765510949,2399671.999462081,-0.5340402048487001,0.7622507349643443,0.9996725433208733,25.018296452365817,0.2144556102433785,0.10641278016565736,0.08571000442391896,0.29504391326943225,704740.4242310639,-0.29922769962053,0.8030893729899526,1.0470713808150405,6.589725511069358,0.10993211269370874,14.4823315646208,0.17390734331813196,0.7263191840645142,3309666.6600452946,-0.25138511370481675,0.8686635151300016,1.0335833651298088,39.50062801698662,0.2101916651175598
to_end,2003-09,2003-09-02,,5757,275,22.87,0.12999762048358443,0.2636959635502346,1708989.223137583,-0.5366133707124524,0.7211761607034506,0.914517334228836,16.31431286229207,0.19621111672068384,0.022544215691716385,0.1092030041495553,0.21951768638161448,1190865.3035214741,-0.5518943319267758,0.6479533733284168,0.7941671238598552,10.673033202786112,0.1869742050255322,0.2826550911438833,0.14888916072847413,0.30307641886640657,2397964.08960316,-0.5340402048487001,0.7545424129936786,0.9904999860526784,23.82694044137599,0.2145074816590624,0.10498598826282213,0.08519772034447981,0.293467311184618,697904.3250838508,-0.2992276996205308,0.7987687249592187,1.0417680176696575,6.474536045656314,0.10993613757734325,13.315444858961762,0.17143337642019052,0.7176663586706061,3316097.749035778,-0.25138511370481675,0.8595284012565008,1.0239192577479275,37.14238530033775,0.2098949132021688
to_end,2003-10,2003-10-01,,5736,274,22.79,0.13149822895649788,0.2661682506600043,1674659.9212385637,-0.536613370712452,0.7279551030815467,0.9222227878537673,16.644259302598993,0.1962063890460862,0.023248925138929177,0.1101586599884512,0.22113148719618905,1171798.6500445786,-0.5518943319267764,0.652175267077829,0.7986327298037554,10.790714696063278,0.1871294735553827,0.28265509114388315,0.15096286674233905,0.30637706383706276,2340356.070883483,-0.5340402048487,0.7634418435104945,1.001477072667244,24.53984274852082,0.21431582683513087,0.1096636935692169,0.08470788144776287,0.292003242283323,690881.4381700389,-0.2992276996205302,0.793892600311473,1.0355350003568653,6.364825383025265,0.11005954512725587,14.14686439470804,0.17421179188126823,0.7264881472188572,3199490.700811397,-0.2513851137048168,0.8731055370797114,1.0392841021176344,38.68670714322886,0.20917093952313442
to_end,2003-11,2003-11-03,,5713,273,22.7,0.1287162952236669,0.2616298888010399,1661035.0488828092,-0.5366133707124522,0.7150347088081253,0.905811074384,15.564339284160848,0.19634584836122113,0.021463879740215797,0.10807427898402056,0.21780689899906203,1162305.24691916,-0.5518943319267757,0.6415419749579235,0.7859013668958879,10.242469306079986,0.18737104929106776,0.28265509114388365,0.14747172186338386,0.3006923421630112,2321841.480461673,-0.5340402048487004,0.7492245605334926,0.9823169846041274,22.614598520153365,0.2143306672846205,0.1034683280711709,0.0841350847711706,0.2902881746697701,685441.9990968637,-0.29922769962053025,0.7882427774401692,1.0277582245290489,6.242563042754066,0.11019734683210741,11.80894894573651,0.16893560160359966,0.7082653083667265,3166800.3762491276,-0.25138511370481675,0.8526928886046635,1.0135002405819975,34.423547465889875,0.20880595752158929
to_end,2003-12,2003-12-01,,5694,272,22.63,0.12875336781078328,0.2617369335265739,1637557.6427935646,-0.5366133707124517,0.7148731848724278,0.9050009051720708,15.434347148120958,0.19647056444661568,0.021215159834831354,0.10792106573610694,0.2176285610227167,1145020.81648092,-0.5518943319267761,0.6402897363613131,0.7842277071841689,10.13181813411976,0.18758378039350823,0.28265509114388343,0.1477105934609313,0.3010917633645368,2291933.99549703,-0.5340402048487003,0.7501406858197918,0.9826352046707272,22.486771307881945,0.21435326736041332,0.10337558217910336,0.08403422879084044,0.2900257415396971,676632.385049227,-0.29922769962052964,0.7865887557607627,1.0253871028446302,6.191627569266062,0.1103292347317214,11.527545618191347,0.16892575329576265,0.7080032656627058,3094928.752864479,-0.25138511370481686,0.8535162679988951,1.0128473088760688,34.01431692607329,0.20852734518966587
to_end,2004-01,2004-01-02,,5672,271,22.54,0.1272843426173227,0.25938515844630927,1621567.7713975394,-0.5366133707124512,0.7077000854204905,0.8958980460674115,14.830853667856099,0.1966787161032427,0.019248459381414396,0.10594695060466819,0.21448690493282732,1134340.9037305315,-0.5518943319267765,0.6301467960167636,0.7720447639378923,9.646477289150505,0.18785163687763268,0.2826550911438836,0.14677110963048956,0.2996122385836115,2269127.9622115674,-0.5340402048487009,0.7459802658353585,0.976955765842734,21.81216440078052,0.21448956305726674,0.09599427673543881,0.0826873719899579,0.28591898730731496,670034.7685981975,-0.29922769962053014,0.774510339046565,1.0099259786456773,5.978509724068463,0.11046318756069659,9.913504833083149,0.16601956901190396,0.6979887208426379,3052696.817089512,-0.25138511370481725,0.8419745425707973,0.9980165324947279,31.72566923386367,0.20839581849822095
to_end,2004-02,2004-02-02,,5652,270,22.45,0.126849047527392,0.2587358959287918,1611368.9229885077,-0.5366133707124514,0.7052360223412749,0.8925980746878198,14.563793009354768,0.19687187954143895,0.018588708518036068,0.10537582691622127,0.21362885151000996,1125059.62547265,-0.5518943319267765,0.6268589944750876,0.7680487699081581,9.459459258294169,0.18808145583541921,0.2826550911438835,0.1464785152012531,0.2991941968829417,2260270.053913231,-0.5340402048487003,0.7444208068904973,0.974478726683067,21.453234962451393,0.21463899008993187,0.09400482898121376,0.08205524675736164,0.2840088059000826,663831.0553402111,-0.29922769962053075,0.7685385428852821,1.0023934896547082,5.863621169583599,0.11057780048663192,9.318912018495006,0.16506722371928917,0.6946352893039112,3032013.744943757,-0.2513851137048168,0.838425635871711,0.9928331235551979,30.7721469809464,0.20827246175922165
to_end,2004-03,2004-03-01,,5633,269,22.38,0.1273023639045261,0.25957062652442614,1606307.9949426425,-0.536613370712451,0.7066829949362706,0.8941743116627165,14.563593328284231,0.1971026186214885,0.01803266972172901,0.10508284550238689,0.2132353438560603,1121157.4748301634,-0.5518943319267758,0.6248573409415701,0.7655840873170737,9.332808935576312,0.18833639285294274,0.2826550911438836,0.14770423948926448,0.3012783655106953,2254349.3657164015,-0.5340402048487004,0.7488949445977229,0.9799218401307433,21.746537637469476,0.21484289778486854,0.0921838883373799,0.08151086741660407,0.2823701644870036,660036.4431196757,-0.29922769962053175,0.7632896584669936,0.9954765477453449,5.763660291522732,0.11069582015641957,9.066439378758247,0.1657369092109935,0.6969549321031313,3033101.9293547706,-0.2513851137048168,0.8410788329351028,0.9947424097054889,30.812977016227723,0.20830876725606198
to_end,2004-04,2004-04-01,,5610,268,22.29,0.12869997094889096,0.2619153751217778,1603659.765110396,-0.5366133707124514,0.7127266036590101,0.9007543550039248,14.808049865614466,0.19719664112994917,0.018881514270912447,0.10619801133121531,0.2151132975969016,1118367.5017188564,-0.5518943319267763,0.6298736078144952,0.7713644079476798,9.458085869500886,0.18848195605104973,0.2826550911438835,0.14939325711544726,0.3040497202850514,2253156.390992312,-0.5340402048487003,0.7556462993329758,0.9871764384457541,22.189484692202594,0.21488198254732455,0.09751559831883383,0.08195461715264196,0.28377048867197324,660564.1402186133,-0.2992276996205312,0.7665311306899423,0.999024565327138,5.77508648121468,0.11077435363790203,9.702409863186045,0.1682747713863597,0.7051751903421531,3030136.701864526,-0.2513851137048168,0.8531618976518096,1.0072292212520162,31.89189455538864,0.20778066378009444
to_end,2004-05,2004-05-03,,5589,267,22.2,0.13046235323992095,0.26485789880539895,1582539.8044371023,-0.5366133707124515,0.7203996849627194,0.9097401362500058,15.175545345313557,0.19728810659479612,0.01889319460773664,0.10757115781337157,0.21743038160934755,1108210.8855464235,-0.5518943319267754,0.6359830808749626,0.7785889057002487,9.64049953604105,0.18868205587133696,0.28265509114388293,0.15156738093886024,0.3075685743982991,2213754.183349231,-0.5340402048487002,0.764584058688784,0.9978821738913619,22.87232586174816,0.21482789578215392,0.09730965769903499,0.08408152669401114,0.29034939039651714,655205.4194708825,-0.29922769962052886,0.784037119403362,1.0215352519087026,5.992717797204542,0.11081182003307094,9.941430536427482,0.17046057554659688,0.7126878424138059,3002850.3364730137,-0.25138511370481725,0.861893716387819,1.0166705644065648,32.81375639817564,0.2078668296273096
to_end,2004-06,2004-06-01,,5569,266,22.12,0.1292475372409838,0.26293377908589394,1564578.9480497346,-0.5366133707124521,0.7143735186103494,0.9020236161815486,14.675684443810132,0.19750701529909806,0.021238212245832555,0.10712671443062516,0.21677279331687024,1097960.471343625,-0.5518943319267761,0.6333726001850586,0.7753644050623305,9.478201131412275,0.18888672467448087,0.28265509114388354,0.14955119554207918,0.3043813658887859,2184115.678753244,-0.5340402048487002,0.7558229638201248,0.9863219611527103,21.75844112175509,0.2150660866002206,0.10629478177489038,0.08394008446063395,0.28993587857163533,649150.5783383042,-0.29922769962053036,0.7824842854651806,1.01938866976468,5.937297878648091,0.11087359528360576,10.849756423430364,0.17078940778791174,0.7141047911188464,2951529.441454115,-0.25138511370481664,0.8621177455950152,1.0177710521714725,32.608197545185455,0.20822598192624828
to_end,2004-07,2004-07-01,,5548,265,22.04,0.12847162554504998,0.2617325926894297,1571712.5751420022,-0.5366133707124523,0.7103265952977785,0.8966453638094636,14.309595049681477,0.19772483491133544,0.020743719528808713,0.10663140640584134,0.21604897540944065,1097952.2282119603,-0.5518943319267763,0.6304072170156848,0.7715940198890299,9.30602620708801,0.18914156077006192,0.282655091143884,0.14848520541985644,0.30271543445967947,2205512.06714257,-0.5340402048487011,0.7510623823084529,0.9794978504666889,21.07236513076632,0.2152447205954164,0.10491487894052487,0.08351533778694975,0.2886569572275941,646701.1167085284,-0.2992276996205309,0.77843943542133,1.013610218747094,5.846882039718251,0.11095809559535612,10.178920188835026,0.16922892494866515,0.7087284239280747,2987741.2713668286,-0.2513851137048171,0.8559772612489778,1.0090338204772662,31.251285319601344,0.20814078072007622
to_end,2004-08,2004-08-02,,5527,264,21.95,0.13185064650306222,0.2673540608215017,1564742.141026701,-0.536613370712452,0.7251145328019105,0.914526705145782,15.126278079540802,0.1978525560599686,0.021245752652576444,0.10871176853205045,0.21952939245616565,1090730.4624347913,-0.5518943319267764,0.6398138509795361,0.7828327894166937,9.615834550578404,0.18936293298808524,0.2826550911438836,0.15321066568427888,0.31041576759422995,2201797.6749515994,-0.5340402048487005,0.770100516533583,1.003333579550638,22.793652939378582,0.21526345789310997,0.1070377937357605,0.08450281902707069,0.2917474314763202,640320.0698351515,-0.29922769962053264,0.7859095004328734,1.023131102314328,5.925137077719558,0.11108010876923442,11.223714743862395,0.17445641833685532,0.7265579031306875,2962684.463146575,-0.2513851137048169,0.8771383102693435,1.0336307722172153,34.01736768324098,0.20822923700089674
to_end,2004-09,2004-09-01,,5505,263,21.87,0.13299824634610347,0.26930115163246804,1547265.5003294363,-0.5366133707124521,0.7298169241150068,0.920289721611531,15.298561914796881,0.19800938281813732,0.019915203884013355,0.10904559758304666,0.22015115907575142,1082013.960310404,-0.5518943319267758,0.640875622275168,0.7840697007486854,9.592468760494373,0.1895846442554333,0.2826550911438837,0.15520239694200644,0.31368615891931045,2169787.7356652115,-0.5340402048487002,0.7778754013520703,1.013318392692384,23.376565552073746,0.2153571385292458,0.10068670799645174,0.0839553369630004,0.29011543335229084,635030.122821279,-0.2992276996205292,0.7804506254725201,1.0162445167618006,5.818782272054175,0.11123134624161508,10.581533043454161,0.1751176008260198,0.7291305901338624,2935830.5896456717,-0.2513851137048165,0.8785621093485221,1.036224610077171,33.95809859552791,0.2086279095764526
to_end,2004-10,2004-10-01,,5484,262,21.79,0.13243169233803642,0.26846194583933725,1527196.4469059927,-0.5366133707124524,0.7266142469129986,0.9163732682454705,14.976292993039289,0.19826237962840232,0.02148819345844477,0.10897619115497093,0.2201345358180641,1072828.9085267,-0.551894331926775,0.6398766423523373,0.782881410092363,9.497146189444745,0.18986628755925775,0.2826550911438827,0.1541216794662672,0.3120168392520714,2131277.4897599383,-0.5340402048486996,0.772985041983296,1.0070280105866025,22.63150158064839,0.2155663146118432,0.1063346312868515,0.08379148771252032,0.2896735441376666,629194.3519752217,-0.2992276996205297,0.7780667590003737,1.0133099581813538,5.760839442366865,0.1114021994264355,11.179777753734754,0.17560987292471197,0.7311234609349389,2915514.2147954726,-0.2513851137048169,0.8793196732701475,1.0380823500434828,33.811279334383144,0.2090179032113196
to_end,2004-11,2004-11-01,,5463,261,21.71,0.13135668758902952,0.26674730943661196,1501861.7190308226,-0.5366133707124515,0.7214230666718222,0.9092742822660121,14.51983354883381,0.1984136347422512,0.02443931239696151,0.10876224436207105,0.21985351511620807,1057873.449808582,-0.5518943319267763,0.6383900283466905,0.7805835120198035,9.376334310821258,0.19006548263457396,0.2826550911438835,0.1521574757850872,0.30886145901774,2090507.028248604,-0.5340402048487002,0.7648556741757829,0.9958789620939519,21.552063733085497,0.21565432853910413,0.11748670950427664,0.08337602827382784,0.2884457101741293,623265.5820228428,-0.29922769962053,0.7737617625042212,1.007925736956802,5.674973573966801,0.11154718480979982,12.418811824338867,0.17659678818204871,0.7347232404286435,2830813.92315097,-0.2513851137048167,0.8823423836800596,1.0417669965842709,33.970875557424364,0.20932745468532116
to_end,2004-12,2004-12-01,,5442,260,21.62,0.12922385813198223,0.2633348458097427,1483703.024835079,-0.5366133707124522,0.7111684921128517,0.896781821615904,13.797412387358275,0.19869974668898335,0.022805998829948937,0.10696919470819433,0.21701444723011226,1046077.7105605463,-0.5518943319267756,0.6292358586374022,0.7698114399993571,8.97671408698593,0.19034046093920776,0.28265509114388376,0.1496729042299274,0.30493763132615725,2063752.4042005804,-0.5340402048487003,0.7540920765815843,0.9823772411716194,20.32901530936291,0.21595367483201508,0.11118284875639317,0.08288058594222214,0.2869587443034833,616067.9923553684,-0.29922769962053103,0.7689918512217326,1.0014905776848377,5.58181698108101,0.11166048743885673,10.740875545475618,0.17247890305987634,0.7208512876474901,2776390.1878697476,-0.25138511370481653,0.8652749253379775,1.0212417671870162,31.069890854838526,0.20942625008894872
to_end,2005-01,2005-01-03,,5420,259,21.53,0.12821798953780217,0.26178811827941884,1486930.797726527,-0.5366133707124524,0.7058910969213423,0.8904674169372196,13.392626409996668,0.19900945793915112,0.021704708893829805,0.10589898403626341,0.2153738897798247,1044174.7738444366,-0.5518943319267763,0.6234086835698189,0.7631966809107547,8.714236020931352,0.19066726554699218,0.2826550911438835,0.14873253484784743,0.30352467592995913,2077860.7331635295,-0.5340402048487004,0.7495682591601004,0.9767068451628413,19.732619436435574,0.21625032560997093,0.10697393612080364,0.08179763144580687,0.2836691306275805,612203.2326526844,-0.2992276996205312,0.7591680702327342,0.9889531761022374,5.42513518199921,0.11180878745996936,9.781328004934718,0.17043724374167724,0.7140264425480511,2808226.5840459825,-0.2513851137048169,0.856542195280904,1.0103326002452,29.51394744137029,0.20955840755670183
to_end,2005-02,2005-02-01,,5400,258,21.45,0.13103352468758356,0.26651324595677744,1474797.2337609776,-0.536613370712452,0.717874085398533,0.9049006655083607,13.992750761351259,0.19921957647069474,0.0227461794807291,0.10748266632972636,0.2180561339871449,1034101.9250986222,-0.5518943319267763,0.6303294184500293,0.7713122104447518,8.914094520862005,0.19092230327008206,0.28265509114388315,0.15282531910273045,0.3102485479765252,2065256.1537481197,-0.5340402048487001,0.7656453261591974,0.9965109525189678,21.062198606361996,0.21639941165257634,0.11208442935340002,0.08208291797750622,0.28460143821928935,607657.0647387332,-0.29922769962052925,0.7607361021841363,0.9910753262098209,5.421936845080859,0.11194504036623067,10.951565948588879,0.17557149858345955,0.731373564156164,2776731.3183144466,-0.2513851137048169,0.8777297555125975,1.0341752807347455,32.013764554950875,0.20946814828981347
to_end,2005-03,2005-03-01,,5381,257,21.38,0.13110202684830963,0.2667075606529496,1470366.0009091187,-0.5366133707124523,0.7176081844759162,0.904433718540923,13.881387026465305,0.1994386995753089,0.02182885116125166,0.10680908879026751,0.2170342192441823,1031406.5122476082,-0.5518943319267762,0.6266076200304211,0.7668754352131022,8.73157154080431,0.19115623814022925,0.28265509114388354,0.1536649772974501,0.31169512948017103,2058341.0533657114,-0.5340402048487004,0.7684939380631683,0.9998766936243015,21.164053825840366,0.21660252938032976,0.10903435097653513,0.08204906336165263,0.2845260547929151,605344.9876437535,-0.2992276996205306,0.7600034651518178,0.9897587215823157,5.386183886871603,0.11202327457912563,10.417061655630668,0.17549382845870176,0.731081872514781,2778103.779605311,-0.25138511370481686,0.8775282890397035,1.0331402020226386,31.581115481471034,0.20943267806303556
to_end,2005-04,2005-04-01,,5359,256,21.29,0.13263089037338194,0.2693303325113346,1470005.6313793054,-0.5366133707124512,0.723649505992604,0.9114564462342695,14.13308883916386,0.1997185880280137,0.02290136958647837,0.10823198195831041,0.21945847891681608,1028746.6978027564,-0.5518943319267757,0.6326977408540665,0.773960519351638,8.894270932592311,0.1914308883796043,0.28265509114388315,0.15529890967046,0.31446063984665773,2063824.2730763566,-0.5340402048487001,0.7743135293473905,1.0067317277615273,21.540231792301224,0.21688194530463858,0.11364710605844552,0.08305160924985566,0.2876457881223877,601042.587796933,-0.29922769962053025,0.7678993896272285,0.9993707971191833,5.4556244404825325,0.11208706328986585,11.158942838117465,0.17820027925693838,0.7403817807699116,2777777.9472553185,-0.2513851137048169,0.887960635405836,1.0441220865577132,32.69917463041869,0.20960496526825628
to_end,2005-05,2005-05-02,,5338,255,21.21,0.1348784676473458,0.2730752919756322,1442425.7613707278,-0.5366133707124516,0.7332325656035482,0.922571377062451,14.587031346668708,0.19984907894088463,0.022377857665244028,0.10967045067013648,0.22185914942409632,1016459.4825725835,-0.5518943319267762,0.6391450112655519,0.7812320987258485,9.064088799638252,0.1915728119520312,0.28265509114388365,0.15838356920079533,0.31950571730034516,2009562.4972834175,-0.5340402048487006,0.7863002247613003,1.0211892591241576,22.519345219218113,0.21700222554203863,0.11176346086502364,0.08317533686805678,0.2880612805929643,593693.7126308753,-0.29922769962053053,0.7683917726790265,0.9995652094537693,5.432602405316779,0.11217703963832361,11.254286072690956,0.18076142686603935,0.7490947206291847,2745993.429347799,-0.251385113704817,0.898063685626324,1.0546098435957416,33.77363129190907,0.20968586586341528
to_end,2005-06,2005-06-01,,5317,254,21.13,0.13230883743157995,0.26896559064238157,1437482.920456935,-0.5366133707124524,0.7210662699275145,0.9079803454611758,13.759938581625143,0.20016264554266686,0.02648886991284427,0.10845913406837382,0.2199785667910293,1010033.7879493198,-0.551894331926776,0.6327829369443781,0.773596415591904,8.781119605808323,0.1918587197429698,0.28265509114388376,0.1544012236348682,0.31319016569284075,2010020.901599102,-0.534040204848701,0.7695630274421884,1.000407898006883,20.686095974480736,0.21733910580282909,0.12769266576036464,0.08189687557617287,0.2841729070462763,588948.8304235041,-0.29922769962053114,0.7569444174414909,0.9851681406797277,5.26374271568168,0.11233639262094033,12.699774555371839,0.18089009354771246,0.7498689956572127,2745163.4495091317,-0.2513851137048172,0.897255693202553,1.054793435190786,33.385870529852575,0.21009162066631856
to_end,2005-07,2005-07-01,,5295,253,21.04,0.13376182523458002,0.2714798248657625,1411840.7537303786,-0.5366133707124522,0.7266093342127385,0.9149123892548036,13.98322982416562,0.20049247517509944,0.026536862201844702,0.10885358543245371,0.22073880695757678,997111.0271901635,-0.551894331926776,0.6338751552212697,0.7753071679431068,8.767838134417952,0.1921900478235964,0.2826550911438837,0.15695026692373393,0.3174572061576371,1963254.7694864206,-0.5340402048487005,0.7788668665035559,1.0121867816921943,21.397461283900498,0.2176686654654948,0.12826314265726613,0.08175446127426977,0.28379113465879274,584327.0862297587,-0.29922769962053103,0.7548827821502231,0.9826076117705443,5.213254034424802,0.11249186019949788,13.061748747486824,0.18348712912557863,0.758763918052762,2696249.374329301,-0.2513851137048168,0.907130009160822,1.065545037793689,34.45921003138732,0.2102696988177688
to_end,2005-08,2005-08-01,,5275,252,20.96,0.13129804463635764,0.26753426740659875,1406022.377050001,-0.5366133707124521,0.714993787084471,0.9008375149132516,13.228281926563607,0.20078840908470813,0.028733028750828726,0.10730007474177339,0.2183003830213501,992877.8859998976,-0.5518943319267757,0.6259101221101047,0.7659509468826081,8.444729845605405,0.1924856936979423,0.28265509114388243,0.15353964902441208,0.3120480152399176,1955763.6421959552,-0.5340402048486994,0.764542391322535,0.994139111108973,19.883751321331733,0.21796853630716886,0.1365717464203422,0.08161568482546877,0.2834107683507105,579825.9121221034,-0.29922769962053064,0.7530053877846217,0.9802219529692647,5.166946112060606,0.1126211759397482,13.394857369205535,0.1822726777752408,0.754966812432702,2691151.150564055,-0.251385113704817,0.9011141377428772,1.0591321037739054,33.27860869053727,0.21061418308466462
to_end,2005-09,2005-09-01,,5252,251,20.87,0.13257828701867913,0.2697664338287046,1393809.5257841828,-0.536613370712452,0.7197790959888017,0.9066053774595647,13.392159101240676,0.20111764313331898,0.029492290739009608,0.10829518198261612,0.22003827210090465,985485.3809764065,-0.5518943319267751,0.6298665650107569,0.7705213658691783,8.524642688541476,0.19279936723959432,0.2826550911438831,0.15510776688799033,0.3147378680823603,1936473.272376381,-0.5340402048487002,0.7698839853896515,1.0007681174324587,20.18982268487775,0.2183220832412527,0.1401395978196367,0.08156261386988795,0.2833066076577103,577288.1290290357,-0.29922769962053075,0.751666679282775,0.9781886687660486,5.124836024955284,0.11278028790314576,13.955300401760827,0.18460005762699994,0.7629070288429972,2657154.2497014264,-0.2513851137048171,0.9100235832092882,1.068286864919851,34.14512308663858,0.2107456045430797
to_end,2005-10,2005-10-03,,5231,250,20.79,0.1325908934877129,0.26990776709480846,1389988.4995238427,-0.536613370712452,0.7190078902488557,0.9057432107025408,13.257000058623994,0.20143884183536206,0.029501150481816785,0.10832589190489017,0.2201980162626331,983867.6450963569,-0.5518943319267758,0.6293021464710652,0.7698222415934771,8.456773396088536,0.1931123829123232,0.2826550911438832,0.15509537179210486,0.3148568118297456,1928869.4657565604,-0.5340402048487002,0.7689791949583105,0.999853074889468,19.944227735346416,0.21866156768608272,0.1404424042978477,0.08240907393642916,0.2859920785825356,576206.568237926,-0.29922769962053136,0.757541627560325,0.9854614587036238,5.174817078498157,0.11296640167425212,13.720166079769058,0.18459652227392165,0.7630470052732413,2683239.6685358323,-0.251385113704817,0.9094215992561582,1.06665630634817,33.664393815115474,0.21092379853263635
to_end,2005-11,2005-11-01,,5210,249,20.71,0.1342242442352053,0.2726593198225336,1366377.6523947227,-0.5366133707124522,0.7257197003730058,0.9130830556461037,13.516946429133256,0.2016103966737191,0.03269445686939054,0.11006985783300527,0.22310013842612952,970146.4261298714,-0.5518943319267758,0.6371072741472071,0.7783792603428282,8.661630800717653,0.19326054943301532,0.28265509114388265,0.1566093076895172,0.31738728646999387,1890261.715898202,-0.5340402048487,0.7745007240365391,1.0059788139007093,20.246949297009223,0.21884753134822385,0.1528334224275636,0.08396568113745584,0.2908223126021882,569351.0838180638,-0.29922769962053136,0.7698643353156803,0.9997371186875236,5.295808086300033,0.11303561888289411,15.781753780248899,0.18930376455890774,0.7790588819191927,2612159.2265824247,-0.2513851137048173,0.9273341464641027,1.0882233426271484,36.02870307725812,0.21119011562417997
to_end,2005-12,2005-12-01,,5189,248,20.62,0.1319881570823871,0.26910653705270154,1360061.7008398941,-0.536613370712452,0.7150683418474805,0.9005108199858677,12.84318525633677,0.20194736289892476,0.03256108842181904,0.10822165437179443,0.22019647938547698,964672.4799311057,-0.5518943319267762,0.6277310210701743,0.7675637648386289,8.296960448051893,0.19359436574585123,0.28265509114388265,0.15396887225196787,0.31324821887058013,1884150.3450857205,-0.5340402048487,0.7631833556064969,0.992164675887423,19.083383327940176,0.21919652956948074,0.15201943759808723,0.08280819263319406,0.28731347324405976,564596.4928183306,-0.29922769962053086,0.7594573616192976,0.9865493096317428,5.14588338346894,0.11320207560500446,14.76149356839742,0.1865299606737869,0.7700351457996453,2599657.1082956824,-0.2513851137048173,0.9152027932045841,1.0746987171056492,33.844876896337595,0.21151090678574627
to_end,2006-01,2006-01-03,,5168,247,20.53,0.13310358421554658,0.2710666555272378,1342609.261795258,-0.5366133707124517,0.7191078283986087,0.9056214358560497,12.970531833699086,0.20227563373095878,0.032609529406961046,0.10878800173757086,0.22124043688394798,954759.7434265303,-0.5518943319267757,0.629616449484952,0.7700165378202849,8.312861691617123,0.1939297221493142,0.28265509114388343,0.15565006927060954,0.31610848542576836,1855104.8014559778,-0.5340402048487005,0.7690218561831987,0.9995506059401451,19.428478447800895,0.21951865080798724,0.15247489291586758,0.082592146972019,0.28671222004516916,560068.6983854665,-0.29922769962053103,0.7567047139674763,0.9829516922772974,5.0910037343592,0.1133761115447457,14.9492220457124,0.18825959867757058,0.7759872124609504,2533200.4194112374,-0.2513851137048171,0.9214967490990663,1.080873016382992,34.377700493513295,0.21168998569848313
to_end,2006-02,2006-02-01,,5148,246,20.45,0.1319224754184114,0.26919826810679154,1335902.2416725296,-0.536613370712452,0.7134377074769168,0.8987650577263783,12.571814368887333,0.20247792978255721,0.03142162496131107,0.10794520067095581,0.21995127271263104,948106.6086849006,-0.5518943319267758,0.6251293757795766,0.7648258967155793,8.117922009691204,0.19418358089283613,0.2826550911438835,0.15411740578131017,0.31368596942014604,1850615.7804603307,-0.5340402048487003,0.762584454351979,0.9914987654582513,18.692973270835214,0.2196752351969358,0.14880867490186045,0.08244587609835752,0.2863180948391717,555694.3432058188,-0.2992276996205304,0.7546520289119387,0.9805659468623537,5.045094600130003,0.11352822439500214,13.666046339869485,0.18553903074262124,0.7666770573785536,2523451.2427220624,-0.2513851137048168,0.9113931292538394,1.0687726539711113,32.3590196107047,0.2114687866933688
to_end,2006-03,2006-03-01,,5129,245,20.38,0.13288169298659414,0.27086789398009525,1322127.6495622024,-0.5366133707124516,0.7170162041299769,0.9027484903137878,12.671492937244128,0.20271694386992317,0.031423504131474544,0.10805511497551379,0.22022590946134943,939704.3873441472,-0.5518943319267754,0.625043382293663,0.7646422844541463,8.071703469936693,0.19445279258717818,0.2826550911438828,0.15595999338772426,0.3167574922297682,1829028.1103555912,-0.5340402048486997,0.7693489019557938,0.9994371857885987,19.10230947530837,0.219875839957286,0.14946504472605138,0.08233879980362269,0.28604695463234076,553117.3576190354,-0.2992276996205318,0.7528951806948619,0.9784339714939274,5.004961792532053,0.11368537668032129,13.87109761341139,0.1873834975191988,0.7728507202056517,2478917.9443075196,-0.2513851137048169,0.9188139466818451,1.0759738117050455,32.97340708871976,0.21144995336365005
to_end,2006-04,2006-04-03,,5106,244,20.29,0.13247831276891842,0.2703385530983937,1312015.8238619005,-0.5366133707124515,0.7143612193525402,0.8995109118048955,12.437943077517538,0.20307272886836933,0.030924159278729713,0.10767215694878707,0.21972877213289382,932065.7458241681,-0.5518943319267757,0.6224578909002456,0.7616099969028585,7.940654474136799,0.19481970696200604,0.2826550911438835,0.1555341221832156,0.31620746713214243,1816681.331950295,-0.5340402048487003,0.7668279569501862,0.9960647187673312,18.71106883378331,0.2202156285401417,0.14779105661696412,0.08319370806079607,0.288752235479049,549958.9106801205,-0.2992276996205299,0.7588598643265698,0.985724951739746,5.049080252912535,0.1138585280951143,13.240818566725235,0.18645828146194532,0.7698800983232532,2443009.7244478473,-0.2513851137048168,0.9146190135671504,1.069853178782321,31.951887400508546,0.2116032940330486
to_end,2006-05,2006-05-01,,5087,243,20.21,0.1327019172882533,0.27081798976356086,1317446.634455535,-0.536613370712452,0.714595293568552,0.8998731384762838,12.371025670563313,0.20336623490881353,0.02975011642355696,0.10740644886547956,0.2193981180784405,931690.9047943079,-0.5518943319267763,0.6205821096003966,0.7595925632781871,7.841598122323211,0.195114515758215,0.28265509114388354,0.15626757543147884,0.3175126691413358,1834286.5426990453,-0.5340402048487003,0.769010975632082,0.9986683737067137,18.746829299419232,0.2204968930787034,0.1434064763233307,0.08370704136444207,0.29038787429617524,548441.3213208831,-0.299227699620531,0.7622474060132464,0.9901002553922141,5.0669806928231615,0.11399460980498295,12.560205783026564,0.1860176918550358,0.7685186988477896,2466444.7643175325,-0.25138511370481675,0.9124174519554127,1.0665117791370913,31.307035082445797,0.21173878259352966
to_end,2006-06,2006-06-01,,5065,242,20.13,0.13629725472622023,0.2768018556211861,1308016.365755489,-0.5366133707124524,0.7296728780535368,0.9180498254139777,13.042003221183691,0.20356461262556078,0.029510961214706866,0.1095844313899792,0.22302712037297234,925589.5111607861,-0.5518943319267758,0.6302303456378778,0.7708404524379534,8.085135153550278,0.19530542198061437,0.28265509114388265,0.16133144204499872,0.32578773723261184,1820401.1211337848,-0.5340402048486996,0.7882959124406829,1.0227644318913238,20.210066978387925,0.2207086795493059,0.14305474260176054,0.08510493076604031,0.29471901268850176,544116.0622738517,-0.299227699620531,0.7732241987063043,1.0043327029127873,5.163613889286946,0.11405242146943097,13.256490219648203,0.19084240325970558,0.7847428369643271,2443938.6607357985,-0.251385113704817,0.9313506550424434,1.0874833542510838,33.46655719803613,0.21181352719436047
to_end,2006-07,2006-07-03,,5043,241,20.04,0.1368683787648588,0.2777738600582617,1304334.733564522,-0.5366133707124524,0.7319096190157833,0.9193259560290551,13.027676247601867,0.20365515559436653,0.029702841562078586,0.1099433732808004,0.2236788145788516,919189.6451833427,-0.5518943319267761,0.6314784290294666,0.7714679096911633,8.064097104691385,0.1954889735947071,0.2826550911438838,0.16212522585712996,0.32706763116208143,1825361.1148210042,-0.5340402048487007,0.7914066293319059,1.0249593784152717,20.222525326941,0.2207048289355737,0.14246125126966347,0.08513500092629211,0.29484714222183245,539301.5527009227,-0.29922769962052964,0.7729301669852212,1.0030772282474762,5.1297696357378415,0.11414541167522188,13.287864559518486,0.19182806741920855,0.7883837005614602,2415728.4851659425,-0.2513851137048169,0.9338678806015693,1.090605014412697,33.510389886459485,0.21222266053416503
to_end,2006-08,2006-08-01,,5023,240,19.96,0.13857285541107056,0.2806305687802576,1285653.8414001348,-0.5366133707124516,0.7388330984337581,0.927181817075221,13.28661630390453,0.20382156099579243,0.026863627113612676,0.11015556502760271,0.2241050189217592,909969.451537636,-0.5518943319267764,0.6319560526379868,0.7716484818177859,8.028144818779019,0.19571343479182202,0.28265509114388404,0.16539208225495683,0.3323681242824745,1790359.6866371916,-0.534040204848701,0.8038741035874628,1.0398829330584272,21.132799680087473,0.2208031585852412,0.1303250504406236,0.08486611379637798,0.29405823424554717,533119.244997369,-0.2992276996205322,0.7701628295355657,0.9988490051745186,5.071499596313454,0.1142490465825673,12.15126150878455,0.1922557093685695,0.7901523147268797,2378798.674646841,-0.2513851137048169,0.9341991540280864,1.0916396465747402,33.28406118887202,0.2126233240795347
to_end,2006-09,2006-09-01,,5000,239,19.87,0.13729091573799979,0.2786588511113471,1267113.6292917035,-0.536613370712452,0.7324266420314578,0.9192791117240086,12.839937220492383,0.20415978446520905,0.028559961857341554,0.10948154991769488,0.22314506249632424,900131.9156132146,-0.5518943319267754,0.6279755296741362,0.7671272377251596,7.856692805799893,0.19611034088075482,0.2826550911438835,0.16347675455656563,0.3293977381498998,1757459.402000373,-0.5340402048487003,0.7957233067357141,1.029119455246695,20.170491660670837,0.22107136245626782,0.13607542002587625,0.08390467303006455,0.29117126983988656,527226.066945709,-0.2992276996205308,0.7612570663591722,0.9878438953084477,4.946153977926159,0.11445083812026059,12.464475828825595,0.19203671641390718,0.7898084581674067,2343144.111321321,-0.2513851137048168,0.9317987267615904,1.090034011115612,32.63496748949643,0.21307830045172352
to_end,2006-10,2006-10-02,,4980,238,19.79,0.13580373395581713,0.2763316470114159,1248546.3336636398,-0.5366133707124519,0.7252595427403943,0.910576878872215,12.385067884583512,0.20445543670756924,0.03022371312096106,0.10844913035413106,0.22157710316986673,889868.2660598748,-0.5518943319267757,0.6224950180231431,0.7608860246566815,7.650128474354121,0.1964467887832276,0.2826550911438834,0.16151583837707273,0.32634128323692424,1725617.9759950389,-0.5340402048487003,0.7874451218987392,1.018486581737249,19.276161161892254,0.2213225543009282,0.14195337848186507,0.0829569302008597,0.28831725476571674,521628.8865086733,-0.2992276996205303,0.7525854295344437,0.9773105061719665,4.830398250920747,0.11463483814431641,12.748802228419791,0.1917395514980338,0.7891286115593086,2279167.178081017,-0.2513851137048169,0.9293985003806042,1.0875008956791885,32.024963390312045,0.21344470177574326
to_end,2006-11,2006-11-01,,4958,237,19.71,0.13420681403657575,0.2738407953164038,1233605.7533052843,-0.5366133707124516,0.717503732150231,0.9013582458662552,11.91374654606665,0.20480260328812658,0.02925622655032245,0.10720802078732783,0.21968633480307728,881640.1918252686,-0.5518943319267756,0.6159507760768842,0.7536653467831914,7.416387540006855,0.19683982501298516,0.2826550911438837,0.15955073737485037,0.323289557376968,1699924.7680206725,-0.5340402048487006,0.7790577112144963,1.0077295741025376,18.402441486082274,0.221613391359535,0.13830438849894122,0.08212447557330904,0.28582410394736224,516252.7835779042,-0.29922769962053003,0.744761937830911,0.9676770683310205,4.724879124187887,0.11483735241540524,11.643500053416282,0.18880696392517282,0.779450324715959,2232086.7173617827,-0.2513851137048169,0.9173620997134375,1.0728578588632414,30.045941539498557,0.21359309324767786
to_end,2006-12,2006-12-01,,4937,236,19.62,0.13326679617150594,0.27241743595660384,1226168.4389059583,-0.5366133707124522,0.7126562344584142,0.8959590667037893,11.599415223394773,0.20512391736895272,0.02883829701124374,0.10657505054300254,0.21877016533688787,874535.0075989696,-0.5518943319267763,0.6123324330576178,0.7497745202823916,7.271787399216307,0.19717723204896972,0.28265509114388454,0.1582861506026978,0.3213759213195292,1694624.2959987796,-0.5340402048487011,0.7733438618136895,1.0012003502798568,17.7923701082675,0.2219293012197841,0.13711122495313144,0.08132429391728224,0.28342080256184604,513292.9436660374,-0.2992276996205313,0.7373339861365213,0.9584465760609737,4.626370193528906,0.11501891458924753,11.013176114965116,0.18712444761394154,0.7738831067798448,2217252.3271970083,-0.25138511370481653,0.910455086766821,1.0649160623581588,28.805546223232618,0.21367632035858217
to_end,2007-01,2007-01-03,,4917,235,19.53,0.1340061707318445,0.27376455646433934,1213663.9927777606,-0.5366133707124512,0.7149875088028174,0.8987441388762801,11.631904568968592,0.20546613698455907,0.02838141931760685,0.10627761679549086,0.21841011752391762,867278.9881308457,-0.5518943319267763,0.6102237767641785,0.7474113988021963,7.175838206509309,0.19753295510065602,0.2826550911438835,0.16010576778663377,0.32445522899167356,1674068.2017533018,-0.5340402048487005,0.7795887941471614,1.008856994675522,18.133045682262505,0.22226093840214584,0.1355529369744667,0.08182700228371531,0.28505024188650396,509554.6738475913,-0.2992276996205294,0.7403064059524099,0.9624853985848523,4.639637775605225,0.11521570996841703,10.926285883421649,0.18848718710424062,0.778630907879388,2184017.2627214347,-0.25138511370481703,0.9151417311216281,1.0691042434915208,29.059331565684154,0.21388623494575432
to_end,2007-02,2007-02-01,,4897,234,19.46,0.13353717622013161,0.2731120286914739,1210102.140753568,-0.5366133707124524,0.712209243717612,0.8954645723979172,11.424184905638974,0.20577599573582128,0.028455490435245867,0.10588415069319757,0.2178870565885509,865301.0692256188,-0.5518943319267761,0.6077163875315114,0.7446259480236049,7.06950807681563,0.19787294533865882,0.2826550911438841,0.1595639199652834,0.32368443329849833,1668006.2261030858,-0.5340402048487009,0.7768605290360979,1.0051937862990707,17.758618907600837,0.22251162802613375,0.13616383755665595,0.08189352824096963,0.2853228529752407,506143.9619156158,-0.2992276996205313,0.739894910190941,0.9624327310178807,4.616279519628026,0.11539003684038811,10.686734925721794,0.18801941040052927,0.7771371815697635,2186254.15678952,-0.25138511370481675,0.9130243665927539,1.0659261429755247,28.44535383332263,0.21397098029509073
to_end,2007-03,2007-03-01,,4878,233,19.38,0.13516442718754362,0.2758384324995175,1199911.8089762647,-0.5366133707124522,0.7188306246907692,0.9051410989980346,11.63537906800838,0.20591581097324674,0.02980675456979931,0.10745070154124403,0.22050049618282358,858518.4825860771,-0.5518943319267757,0.6145799691209511,0.7541369275473393,7.210971731508159,0.19800999079810955,0.28265509114388404,0.16124820949100216,0.32646270160551333,1653382.3926504033,-0.5340402048487007,0.7830165770966382,1.0143930543857935,18.06190736403444,0.2226571098754036,0.14411553960934576,0.08212176999606746,0.28606805145920333,502884.38397699856,-0.29922769962053064,0.7411540039817064,0.9652392550868719,4.607740649712016,0.11549486950512085,11.438143695545978,0.19105496406080147,0.7866887186395786,2158938.336461772,-0.2513851137048167,0.9271321167059839,1.088906312512012,29.500051059580418,0.21330491029491763
to_end,2007-04,2007-04-02,,4856,232,19.29,0.13532119074997673,0.276190517509843,1180279.9691153353,-0.5366133707124522,0.7188886687945183,0.9047888329922191,11.537971142784594,0.20616199836380494,0.02961045081860547,0.10730054872208661,0.22034115712132726,847179.059893819,-0.5518943319267755,0.613390208617486,0.7525416658200692,7.128357139723186,0.19825069588171604,0.28265509114388304,0.16171931991862776,0.3273349306418324,1620855.3437887896,-0.5340402048487001,0.7841629694795798,1.0152480103719248,17.967597921279115,0.2229256165081529,0.14512925137779698,0.08248893005643643,0.28726063541718266,496824.8137700023,-0.2992276996205306,0.7432681151419679,0.9674300093495496,4.606114007625368,0.11564647719483756,11.215034824680128,0.19132977073723323,0.7873370118008512,2088500.0242547232,-0.25138511370481703,0.9292922208573767,1.0900400615816623,29.182632745959243,0.21298446257621734
to_end,2007-05,2007-05-01,,4836,231,19.21,0.13302852356605577,0.2725541701016697,1165265.222386344,-0.5366133707124522,0.708237593326207,0.8921909157315016,10.987720663690304,0.20650727001528701,0.02776191434953712,0.10526829039338836,0.21713451309601858,837698.1030255775,-0.5518943319267762,0.6034189425960212,0.7410073639521505,6.8259965352254195,0.19859387663207767,0.2826550911438832,0.1591539444074599,0.32334104291929194,1598013.2194151462,-0.5340402048487003,0.7733631775573411,1.002149986925847,17.01761076334017,0.22328075839091513,0.1379876727593442,0.08116645326391381,0.2832508194180457,492689.24311190733,-0.2992276996205313,0.7316343022920362,0.9530990782507905,4.47110017897499,0.11584543103647602,9.783571064291383,0.186915858756997,0.772693121434117,2040863.9428435795,-0.2513851137048171,0.9113508503166853,1.0688052820133005,26.801181827631552,0.21313805558325624
to_end,2007-06,2007-06-01,,4814,230,19.13,0.13176298086132165,0.27061309232802355,1158926.826013143,-0.5366133707124521,0.7019340217777962,0.884875250694787,10.638990079670892,0.20687785337042655,0.02652328204719434,0.10384478070108893,0.21493497662798483,835133.8123333895,-0.5518943319267762,0.596167286169693,0.7326534649710211,6.602055616483369,0.19897333866795663,0.28265509114388315,0.1580520692785612,0.3217132537446272,1584812.7778311667,-0.5340402048487,0.7682020783389878,0.9958479549606072,16.49714424718278,0.2236492412306494,0.13341748411477183,0.08094253018630515,0.28264437836447165,490783.39625627536,-0.2992276996205312,0.7286698386390915,0.9497341368781078,4.4232049155077435,0.11606769302628663,8.929025478934342,0.18457535132575553,0.7649584820849226,2032571.3843991081,-0.2513851137048168,0.9016195624537596,1.0571712822146693,25.426169726117124,0.21328194618475194
to_end,2007-07,2007-07-02,,4793,229,19.04,0.13267172366065072,0.27221069331601533,1155193.654270421,-0.5366133707124524,0.7051851361142853,0.8885343304249845,10.691794683602833,0.20713978528981303,0.028049556069472237,0.10517821895010604,0.21719772117200056,834991.5198790338,-0.5518943319267764,0.6018201471071746,0.7391306123531804,6.700015056452443,0.1991794256115067,0.2826550911438838,0.15850558568380424,0.32258545814004536,1573827.6886688122,-0.5340402048487007,0.7691489303699365,0.9969240739628857,16.418456599042155,0.22397951468704974,0.14085926590368347,0.08203541076875998,0.2860189352616315,488157.30994777795,-0.2992276996205312,0.7374229266436221,0.9610926875458133,4.479890467185062,0.11605929915386616,9.460368382494767,0.18655514175327648,0.7714626045603464,2036129.1500037604,-0.2513851137048169,0.91000819627362,1.0658964844896996,25.878824981536923,0.21311260201892188
to_end,2007-08,2007-08-01,,4772,228,18.96,0.13428487168668912,0.2749385720991827,1142980.6433207497,-0.5366133707124523,0.7115878276350078,0.8965297710871166,10.870417756736053,0.20733310518162204,0.030557325031357996,0.10752363166496348,0.2210822829088438,828309.6311963495,-0.5518943319267761,0.61222424338446,0.7517905943873705,6.916573060507692,0.19929635284011674,0.28265509114388304,0.15934603541261727,0.3240530720870132,1552849.8659977035,-0.5340402048487002,0.771751828606202,1.0004262369717516,16.442639001755406,0.22423966174689078,0.15286072831237263,0.08271988149374376,0.2881790961983704,483551.5785355902,-0.2992276996205325,0.7422292484979055,0.9673011093474517,4.5041684204484795,0.11617861760187134,10.468230888911386,0.18990336044397527,0.782325120877642,2003580.3776552316,-0.25138511370481714,0.9246125569185746,1.0835856926724576,26.910869890666792,0.2126997821891792
to_end,2007-09,2007-09-04,,4749,227,18.87,0.13375093598704657,0.2740389972761201,1125761.7919286813,-0.5366133707124517,0.7094452199944296,0.8934383661134871,10.651193065309648,0.2072788509818331,0.030888524536655693,0.10732208038960867,0.22071310734701824,818184.3320679279,-0.5518943319267754,0.6115258880412673,0.7507563179167972,6.828940320492073,0.19919077067518232,0.2826550911438831,0.15846614696021,0.32262677150317987,1524897.6690270836,-0.5340402048487001,0.7683833771345421,0.9951305629124393,15.991783031761035,0.22423138275812074,0.1552733773700028,0.08224744031055176,0.286704523398639,478225.79086846,-0.29922769962053075,0.7386774265671752,0.9628345950349123,4.434986824359263,0.11613991699470683,10.26617431485517,0.1893546714968657,0.7801810956740991,1949187.2349694076,-0.251385113704817,0.9236567545045449,1.081227461542053,26.257957346616205,0.21233636033072179
to_end,2007-10,2007-10-01,,4730,226,18.79,0.13162887363427656,0.2706255535724217,1110054.469381911,-0.5366133707124523,0.6999162268988446,0.8813781831944155,10.186287529769045,0.20748381723747153,0.02991453706659586,0.105536118143434,0.2178545610378014,811734.234589009,-0.5518943319267754,0.6030453326657746,0.7399045329713124,6.574414563155047,0.19937588587190805,0.2826550911438833,0.15599396414657973,0.3187211038425567,1493272.8542842313,-0.5340402048487001,0.7583031398272752,0.9821410568765573,15.193785467552154,0.22446153081266798,0.15142312710489692,0.08119970797738474,0.28351023075181947,473776.7449192085,-0.2992276996205306,0.7297404771784178,0.9514063683238526,4.3292107819745445,0.11625244428645178,9.349287472245479,0.1859085012131756,0.7687009713013376,1893815.109624672,-0.25138511370481675,0.9097262669321721,1.0641352397247295,24.543072939797632,0.21241552332796118
to_end,2007-11,2007-11-01,,4707,225,18.71,0.12983486339045802,0.2704777565680404,1114702.7206462172,-0.5312101254510638,0.6917388294033702,0.8710241912319988,9.777862707105687,0.20770920597612913,0.029408360507175102,0.10528054533418651,0.22276175532948136,812682.351183503,-0.5389296102549873,0.6013613637498758,0.7377809636650375,6.486414216264071,0.19963521638774223,0.27967251060322895,0.1526064795568296,0.31504705395205657,1504947.9004376938,-0.5310576243080458,0.7448631592166733,0.9643828218894531,14.194301423953757,0.22461594179657854,0.150552339248191,0.08070194023453658,0.2820420390751983,470937.6882439863,-0.2992276996205304,0.7248168890767,0.9450774119579741,4.26165847712363,0.1164360155242253,8.530106073611574,0.1820148400640047,0.7552974503497641,1935290.1763842632,-0.25138511370481686,0.8954154984648643,1.0466298125722033,22.72440749756533,0.2120474078934922
to_end,2007-12,2007-12-03,,4686,224,18.62,0.1337687613484424,0.2818215716384315,1108772.1267327291,-0.5219095226407887,0.7093356736782314,0.8912037003407759,10.325136762309475,0.207356499019689,0.032456413020466535,0.10812804724602953,0.22741824110655362,809572.692673623,-0.5389296102549879,0.614932017836351,0.7530264670047458,6.747776432734522,0.19931052618737896,0.2607088576071363,0.15768971585684666,0.3351109550524514,1494519.739865531,-0.5120939713119536,0.7655738784339899,0.9894125039210108,15.223399383488642,0.2241564199577742,0.16474602176261166,0.08117142324204352,0.2834719752216585,468704.9907767423,-0.29922769962053114,0.7288488308706252,0.9485800374186525,4.268520584683832,0.11637895741856734,10.233491543023652,0.1901461288773132,0.7819430557379592,1917239.5872425332,-0.25138511370481725,0.9303199001966016,1.087229030029038,25.456890926512294,0.2112916685280395
to_end,2008-01,2008-01-02,,4666,223,18.54,0.1347444860445235,0.29443203326387496,1123037.2548447705,-0.5025440169322781,0.7132600059319638,0.8954299263062767,10.386898753744166,0.2074489743983765,0.032545518178719535,0.1092940520300727,0.23833461222194766,814018.2114911462,-0.5187373078593668,0.6200111895537729,0.7587858888540964,6.824623337164723,0.19940455462214962,0.24258815211356283,0.15846119354806776,0.3487983464464678,1527026.8638902619,-0.49397326581837986,0.7683065677026079,0.9922298988119198,15.23426695473997,0.22425561038924274,0.1656009356717585,0.08202336606887672,0.2944938506350771,468269.28837106586,-0.29075966976098744,0.734870916250466,0.9558100480119117,4.3044856771616775,0.1165196946345232,10.211635138764228,0.1910067117267873,0.7847806294364169,1920174.8663337035,-0.25138511370481703,0.9339075033743663,1.0903656917100177,25.4459020935042,0.21124379775448593
to_end,2008-02,2008-02-01,,4645,222,18.46,0.141207811328395,0.30874042232162396,1124256.27415623,-0.49752566368725126,0.7411510066199981,0.9297597962462536,11.412420527061329,0.2072536934452347,0.027193952516596287,0.1135757620671296,0.24758620611294124,812980.1224982832,-0.5148144842137643,0.6396246225174274,0.7815736273327059,7.2638021539999045,0.19927463782869578,0.2422831682156079,0.16722009710798424,0.3641141402635105,1533353.1136212146,-0.4936682819204249,0.8028343477293578,1.0369654653604878,17.29003414012326,0.22389625276398314,0.14353992117445458,0.0840612825221978,0.30476397062899846,466739.27108780853,-0.2871250404115589,0.7512027875511957,0.9755813776687762,4.4272207994634245,0.11648701100816228,9.143839884648617,0.19441404962458053,0.7964134100415688,1897950.1115307505,-0.251385113704817,0.9463742689038124,1.1039071529409703,26.433874024771878,0.21155105566346435
to_end,2008-03,2008-03-03,,4625,221,18.37,0.14420779932208072,0.3140528082872776,1114739.3971269755,-0.4975256636872516,0.7536093877967602,0.9453959651112837,11.850883083271013,0.20733464100385068,0.023738097167988137,0.11568438624418165,0.2512941082450513,809173.466723895,-0.5148144842137646,0.6489319079193163,0.7925881788632975,7.456496083282606,0.19935812239058362,0.24228316821560758,0.17115593521306072,0.37095520157264394,1513623.7029871116,-0.4936682819204246,0.8177662155648311,1.0559174415741834,18.16761859864887,0.22393786089992096,0.12893909408321025,0.08542904219169234,0.3091819991008905,463163.29840380664,-0.28712504041155884,0.7616836704637286,0.9890535255140267,4.501936860242812,0.11654955650069584,8.089062902998563,0.19489403238104885,0.7983959481668613,1882549.0092387658,-0.25138511370481703,0.9467053096480413,1.1058850995366267,26.25668150164743,0.21200351805992101
to_end,2008-04,2008-04-01,,4605,220,18.29,0.14456927712050494,0.3145157611177972,1091627.8685315712,-0.4975256636872517,0.7562655618352068,0.9455019800418752,11.792727898939345,0.20691099884346012,0.02540028908558911,0.11676376124030408,0.25303318128529817,796718.7723095822,-0.5148144842137639,0.6546402792630779,0.796849020019838,7.523776630135436,0.19898736884781484,0.24228316821560814,0.17077073656067676,0.3700747760366677,1473454.5452785061,-0.49366828192042495,0.8175843774493697,1.052555366105168,17.833710140789446,0.22345605408711644,0.1326048377159672,0.08554811189684286,0.3095293064006212,458291.2248968863,-0.28712504041155934,0.7631173127766909,0.9878971768971632,4.481717008726986,0.11646127419841039,8.564808254151881,0.19617102564626587,0.8030287083896177,1865788.3199377751,-0.2513851137048168,0.9501892151653369,1.1108228898673576,26.398518394941327,0.2124518568984495
to_end,2008-05,2008-05-01,,4583,219,18.21,0.14142196944482532,0.30898588864529186,1075547.343416066,-0.497525663687252,0.7429221253955646,0.9278144235597471,11.085269848170412,0.2069239884818242,0.030683989326414807,0.11449892072326784,0.2491316986286619,789446.0085522099,-0.5148144842137644,0.644195474666812,0.7834560948443978,7.181488498077491,0.19909578998075064,0.24228316821560753,0.1667197646818115,0.3629972154754726,1442475.6452503712,-0.4936682819204246,0.8023876341074594,1.0311906116191973,16.515350111739345,0.22333371563609541,0.15091130934799069,0.08486552483415344,0.30739880446108137,455349.6012371877,-0.28712504041155856,0.756891403768667,0.9794497436809606,4.399104075355046,0.11661104051900259,9.96499083441455,0.1974037540082263,0.8075550183171788,1846449.2315173792,-0.2513851137048171,0.9532989434554501,1.1156380657305083,26.480340946153895,0.21295241277275856
to_end,2008-06,2008-06-02,,4562,218,18.12,0.1398231471761553,0.3066086008482935,1090190.7701016953,-0.49692682853109504,0.7357012348550089,0.9185473300380564,10.689039551894927,0.20709770814769154,0.034463398989839744,0.1141314960963522,0.2524080331318891,798042.626731701,-0.506991251084274,0.6420700344357961,0.7808520407064523,7.074549364328942,0.19930639593499605,0.24228316821560797,0.1638381357571972,0.358044908315645,1466391.1217057488,-0.49366828192042483,0.7909768086219687,1.015996787038916,15.590676066505175,0.22346472464405356,0.16414597708711542,0.08536171171914408,0.3203445980948952,456151.2942942455,-0.2769915590233553,0.76017821064786,0.9829366688413704,4.405663560738355,0.11672624709328742,10.85143393878747,0.19830153474703693,0.810954904341468,1852685.0555789133,-0.25138511370481686,0.9551227857090842,1.1203350116745079,26.442110005292644,0.2134406108697443
to_end,2008-07,2008-07-01,,4541,217,18.04,0.14647874036616626,0.3395616062178763,1082220.8119957387,-0.46579790218198025,0.7640744740444374,0.9536755457221148,11.742646902940567,0.20700480020044704,0.031002492268632498,0.12010035331931213,0.28265502933318754,794108.7604572029,-0.47165198098843114,0.6688725797188361,0.8131427985979601,7.719730446925227,0.19931270702916323,0.21851668769930144,0.17120718653225797,0.38948427651785494,1452006.0142222603,-0.4699018014041185,0.8198320343958692,1.052805019933547,17.249197480882795,0.22324007293663034,0.149379947981354,0.08825466109488533,0.3299906613719482,453516.1337205376,-0.27699155902335487,0.7825404674277966,1.0113823957042989,4.590694872622882,0.11680498525144659,10.371260194183275,0.20220967880089047,0.8242025484699533,1833441.0083542273,-0.2513851137048171,0.9692119823772232,1.1357821751054693,27.62045767506607,0.21377392678816343
to_end,2008-08,2008-08-01,,4519,216,17.96,0.14730675128609194,0.3410979872702488,1070326.5760720677,-0.4657979021819808,0.7676529429505853,0.9567008785208718,11.754546651802503,0.20697208076645823,0.0316080372451375,0.12128326054028715,0.2848607562713899,786166.4492915579,-0.4716519809884306,0.6743608108460404,0.8184593070452512,7.789727829703741,0.19923331522290585,0.2185166876993015,0.17169041865745593,0.3903162602668088,1434857.8210126543,-0.4699018014041185,0.8219395463531276,1.0546547983831083,17.139165611984293,0.22314331343523672,0.14969369530681365,0.08906600614735827,0.33269176981171955,448303.183133701,-0.27699155902335554,0.7887911692999676,1.0180416263406535,4.618234198200428,0.11682789511471184,10.485590784408483,0.20329845590259343,0.828245710764886,1813271.8782805037,-0.25138511370481703,0.9716332416599412,1.14006095547182,27.624756396392776,0.21428727759504562
to_end,2008-09,2008-09-02,,4498,215,17.87,0.14708105802640414,0.3557629478947793,1097035.5829866924,-0.44606556233270045,0.7666082838368262,0.9538336370643314,11.5799726866878,0.20700741533286396,0.032630799654297604,0.1209192180114067,0.29111717631216305,797544.6953997748,-0.4604238447713875,0.6726504291760252,0.8151613172641449,7.671180130425009,0.19926738136601993,0.18709545062407723,0.17161097758116117,0.41814831520214263,1488487.720595523,-0.43848056432889415,0.8215557977628354,1.052480864686454,16.893890503354854,0.22317401900429507,0.15197533366322458,0.08824144821045143,0.32997799500448416,449895.06614556845,-0.2769915590233549,0.7820152399461264,1.0078913913337726,4.52393959591008,0.1168789489140769,10.691256340835455,0.20424177723545878,0.83179278268239,1793414.9837294375,-0.2513851137048169,0.97353113142606,1.1449434174596542,27.58514684419031,0.2147854511310406
to_end,2008-10,2008-10-01,,4477,214,17.79,0.15649691294212298,0.4504865574756344,1140372.4891033538,-0.3695090890060906,0.8117779508158806,1.018879820572648,13.237829248368941,0.20505469173560503,0.021518222746238713,0.12778077049619796,0.34207035691123266,826806.780068313,-0.4083840994187899,0.7088648005410417,0.8664499761962638,8.46870737802098,0.19707015292399144,0.10478706877494631,0.18370969309080998,0.5424950902518721,1551396.3202040358,-0.3561721824797632,0.8727402333659451,1.1273997689485225,20.01082492884144,0.22139653116982683,0.10283152951876384,0.09167234531128754,0.3410553457657417,457734.1996598141,-0.2769915590233544,0.8129994876455966,1.0539468193696089,4.750541535386476,0.11619866109692209,7.548260402961688,0.2052279158370487,0.8354827756006563,1773782.9155860888,-0.25138511370481686,0.9755717628847089,1.1500226068806265,27.55908533180313,0.21528701478786821
to_end,2008-11,2008-11-03,,4454,213,17.7,0.1687694647172786,0.5684785489164927,1162887.7375381794,-0.30858462382543356,0.8908956155890929,1.11691827635863,15.74275241934605,0.19690717531955484,0.010288544646242626,0.14006787247468266,0.4409036165421368,835643.6145665586,-0.337173766041377,0.7947328566767141,0.9714217029965018,10.144430227218743,0.1870579926346856,0.10478706877494631,0.1960615026438972,0.5676646168209971,1599187.1512770327,-0.3561721824797631,0.9415768048738786,1.2172137071673497,23.673500026874834,0.21473165486139525,0.03636462559853171,0.09874169637896069,0.36210606967698833,452086.6390517306,-0.27699155902335504,0.9068640663565192,1.18446337095844,5.282184992006306,0.11060127806653787,3.869361094876286,0.20635004729013984,0.8396645839822617,1754423.962467461,-0.2513851137048168,0.9779414304724103,1.1557787688470196,27.54286112175112,0.21584030529959589
to_end,2008-12,2008-12-01,,4435,212,17.62,0.1759888807832517,0.5858085700872481,1144869.4168558742,-0.3085846238254335,0.9378586208951569,1.1854769040304154,17.339665520696983,0.19274921955885818,0.0020225089843932675,0.14539424171903947,0.4518884090744439,825789.8257425257,-0.3371737660413768,0.8376597014229277,1.0353687288701132,10.903379544232974,0.18189357379763538,0.10478706877494715,0.20528810094125483,0.5872949321694573,1567967.4406258003,-0.356172182479764,0.9891868555281631,1.28441049262784,26.73837055505618,0.2114647162779096,-0.00918136057762442,0.09807786787245631,0.35903715000988673,442018.1373821025,-0.27699155902335537,0.9177919793809731,1.2034513123630914,5.189326367545424,0.10835817065607553,0.8007310270092916,0.2073106099256481,0.8432309391709114,1735129.1502125978,-0.25138511370481686,0.9800054949505387,1.1606877738090484,27.53910158206547,0.21630052751244785
to_end,2009-01,2009-01-02,,4413,211,17.54,0.17584592686417455,0.5841194561932707,1152930.1824574554,-0.3085846238254336,0.9451965952695202,1.1999603354677892,17.059639100800947,0.19070136684857547,0.0035827199851723446,0.14553173187588397,0.45096688813147934,838516.7347220647,-0.3371737660413768,0.8467875297703492,1.053425033172287,10.797597489801063,0.1795659462208762,0.10478706877494609,0.20486024916573853,0.585240430160845,1562513.887197852,-0.3561721824797629,0.9940360678192887,1.2933653811732113,26.14299668540411,0.20969697985212146,-0.011590003113939984,0.0947778947057687,0.3477491899810059,449921.4884039993,-0.276991559023354,0.8978719123593367,1.1763070837466316,4.882851452671817,0.107279879185482,1.3952743658320514,0.20844296915091087,0.8474278229605218,1717500.9046255918,-0.2513851137048168,0.9824460647053487,1.166464686723899,27.538271051236162,0.21683708376952732
to_end,2009-02,2009-02-02,,4393,210,17.45,0.18038649878685753,0.5957976223003146,1173354.2301504852,-0.30858462382543367,0.9708322979263556,1.2344524125141003,18.01213971852204,0.18937769741111043,0.002198549964230301,0.15188832078478787,0.4665999151220355,860021.3180102735,-0.3371737660413767,0.883386790415788,1.1025723513935641,11.763560690867687,0.17809327954998555,0.10478706877494665,0.20748403115068847,0.5906770097154638,1575010.5845550753,-0.35617218247976373,1.008798710647537,1.3124537579994906,26.754736887872465,0.2085477682222006,-0.02334900976504306,0.10182887276951957,0.37063401717329403,454651.9841642407,-0.27699155902335526,0.96387091925174,1.2730476373834585,5.421963216422573,0.10651062522315476,0.8620362656902145,0.20968258111491878,0.8519336501432458,1697254.833169438,-0.2513851137048171,0.9854497008824938,1.1720971918455023,27.61677315356268,0.21732558984840242
to_end,2009-03,2009-03-02,,4374,209,17.37,0.18694873465584405,0.6132302811985005,1124508.2965233766,-0.30858462382543356,1.0038962285551043,1.279388377884557,19.58511807547415,0.1884990004538273,-0.0016716885692644734,0.16016916752773636,0.48726269048520665,829510.5917938278,-0.337173766041377,0.9283093867207826,1.1621405993067,13.179707156192368,0.17698000122858487,0.10478706877494626,0.21224490467663237,0.6013234200114049,1499778.6534187747,-0.356172182479763,1.030401596614259,1.342421624906384,28.241642277336055,0.20785553475984733,-0.04320168681248371,0.10688836422366688,0.3869660521058903,442603.0845843951,-0.2769915590233546,1.0116358600676731,1.3368083254410865,5.827957026505279,0.10595347030773802,-0.668408659423946,0.2105732161073679,0.8552669695682713,1679276.5305218562,-0.25138511370481675,0.9871999098017753,1.1752646592989804,27.57323361791211,0.21778910457565287
to_end,2009-04,2009-04-01,,4352,208,17.29,0.18185041649741795,0.5979660835164874,1073167.8955893563,-0.30858462382543367,0.9904324739389972,1.2535530592574813,17.911958505270384,0.1863056228441761,0.005357425846496344,0.1556734419804655,0.474343272147313,797906.1333455015,-0.33717376604137655,0.9178534411415317,1.1423961301424759,12.16613900347269,0.17425015835576868,0.10478706877494626,0.20654591722565985,0.5871041611459601,1419753.921756342,-0.35617218247976307,1.0144504563310444,1.3127642477571042,25.60055744199505,0.20613147651842395,-0.024118042842453224,0.10314734244646573,0.374201203193484,435444.2084137587,-0.27699155902335415,0.9916865275640225,1.298348912828955,5.4484651378723505,0.10451949459834368,2.0356743132961697,0.2119033430721562,0.8601103146035876,1661691.183043424,-0.2513851137048168,0.9903324134885911,1.1801967204895332,27.63623175529122,0.21832965001483262
to_end,2009-05,2009-05-01,,4331,207,17.21,0.17533912197858426,0.5797187295699977,1047253.1985894776,-0.3085846238254338,0.9630689837705295,1.2175094818484176,16.064242791921263,0.18575230757461583,0.014196944892260976,0.15012855477656117,0.45966532581607245,777325.05736361,-0.337173766041377,0.8934928985162581,1.1107917622181056,11.066702758430036,0.17346202670599242,0.10478706877494676,0.1990500295743305,0.5693804657676003,1389119.6556339124,-0.3561721824797636,0.9856030616463122,1.2740122637397446,22.643207848993015,0.2057597942269433,0.007959948267686978,0.10176884420073673,0.3695832305458616,429535.6541574547,-0.2769915590233553,0.9819968239796961,1.2835054646587647,5.289181777199697,0.1042482345339062,5.0768341325016415,0.21324697446659147,0.8649778201242188,1631270.5199137602,-0.25138511370481686,0.9935630099139992,1.1853543714052655,27.720041981494656,0.21885129125619598
to_end,2009-06,2009-06-01,,4311,206,17.13,0.17316751269491504,0.5735349104918961,1031913.9637846053,-0.30858462382543345,0.9544165100704295,1.2035559985631974,15.365684361181653,0.18543691641695842,0.015133331604151312,0.14705969183735368,0.4514402482114342,770150.0912611998,-0.3371737660413767,0.8804715117509162,1.0905057675962422,10.455541613144895,0.17287760773702826,0.10478706877494648,0.19784665121291645,0.5664515942065484,1360547.434810641,-0.35617218247976334,0.981439585759199,1.2671589877277791,21.93920686670099,0.205569760487722,0.00952135992904135,0.10097244992059373,0.3667600395051942,425500.31492498267,-0.2769915590233551,0.9798081267219477,1.2784739936837606,5.184128109949058,0.10368298890303075,5.256233508002246,0.21297998281706776,0.8644986465076527,1610020.678935096,-0.25138511370481686,0.9909609456882403,1.183248337430058,27.195440374703235,0.21930439488617023
to_end,2009-07,2009-07-01,,4289,205,17.04,0.17314250000986564,0.5734512026584226,997858.8487406347,-0.3085846238254336,0.954399892021699,1.2035244397111569,15.147434087274755,0.18541308012906668,0.01699692604644687,0.1479114258922456,0.4535817582453549,747572.7363940317,-0.33717376604137705,0.8852528372512325,1.0964770790042322,10.462394614420552,0.17275953625873885,0.10478706877494642,0.19690802418855946,0.5642792659287676,1310805.5748694248,-0.35617218247976334,0.9774290693944679,1.2617572656940277,21.309931818292274,0.20562164965938493,0.01570970976208408,0.10127376882925998,0.3677324071300392,416935.75883854285,-0.2769915590233558,0.9828189324217017,1.2802052679103042,5.164773369210569,0.10363940843444808,5.780126046107565,0.21390495023500633,0.8678580162788785,1538703.4957123299,-0.2513851137048169,0.993138779156552,1.1857874053552435,27.09005786439984,0.21967381667160976
to_end,2009-08,2009-08-03,,4267,204,16.95,0.1688103207489895,0.5614205279117825,980629.0789830611,-0.3085846238254337,0.9346740032017562,1.1785663563601403,14.030676411899561,0.18535418961057534,0.015910911359999558,0.14385702343779938,0.4430090114856093,733473.9502782995,-0.33717376604137694,0.8653459564237007,1.0712365411458862,9.736028965036168,0.17261421941600166,0.10478706877494653,0.19229946903342587,0.5534415031005315,1291069.9460215745,-0.3561721824797636,0.9586555377433515,1.237051944998135,19.65160288170125,0.20562179038595374,0.013474716650102136,0.09878664797334902,0.3595533402211155,410281.364462127,-0.2769915590233542,0.9612921446959422,1.2514689818955085,4.92909647740142,0.10360350993131515,4.945400567570697,0.20821038039342543,0.8490393906942518,1499026.2276162785,-0.2513851137048171,0.9721302543934537,1.1604040108673237,24.59700344927195,0.21955480019775053
to_end,2009-09,2009-09-01,,4246,203,16.87,0.16794590102718532,0.5590749524699175,958438.5680084432,-0.30858462382543356,0.9303203945085029,1.172612600893325,13.677900399078451,0.1854435685990702,0.013850833289966502,0.14215609932419238,0.43862117202552725,720149.765214633,-0.33717376604137694,0.8565043023427338,1.059857793570934,9.389192496454854,0.17266877940112232,0.1047870687749467,0.19230383246121163,0.5535309186313985,1255770.7091279242,-0.3561721824797635,0.9581684719089287,1.2359961226041218,19.36686446119381,0.2057595518314157,0.008033850584170388,0.09724921255805152,0.3545307445439038,403867.80547998054,-0.276991559023354,0.9470273781864049,1.2322829547208516,4.776523770628329,0.10369502077224751,4.160645384194357,0.20615466575117813,0.841784359104199,1441980.1561588321,-0.2513851137048168,0.9662023224930991,1.152629437765247,23.527509845388167,0.2190142291133406
to_end,2009-10,2009-10-01,,4225,202,16.79,0.1657203289008884,0.5529966594407784,956276.8740112055,-0.30858462382543334,0.9193310421481417,1.1584968317030757,13.077139413589624,0.18562004142872812,0.01168144152159356,0.14053819378420984,0.43447148140441716,717535.0575973433,-0.33717376604137667,0.8478596768982058,1.0484489240153885,9.067680576638274,0.1727790454177846,0.10478706877494642,0.18944241846647758,0.546926897214586,1255062.6789290993,-0.3561721824797636,0.9455734262846704,1.2199010033291875,18.331510567345457,0.20601271273370017,0.0024439306234269598,0.09572211009292775,0.34950945717684356,402704.8960629,-0.2769915590233554,0.9334112512231426,1.2139673983005257,4.6303336590708435,0.10371759426507787,3.263770013010557,0.20112385998807114,0.8249110600880908,1448918.9380366341,-0.2513851137048172,0.9480173569080974,1.1293942844594647,21.595280580356015,0.2187411012314502
to_end,2009-11,2009-11-02,,4203,201,16.7,0.16841641333380353,0.5604371295651165,930307.5920776234,-0.3085846238254338,0.9321084563689503,1.1743428809960086,13.410106251317066,0.1855387960735363,0.012966177841118975,0.1426527003053717,0.4398617285042264,699796.2310924229,-0.3371737660413769,0.8593988355328133,1.0618933203099223,9.245426709321993,0.1725739312240166,0.10478706877494659,0.19273846511078796,0.5547168919720467,1218125.1137564725,-0.3561721824797635,0.9589057754070385,1.2376851862829743,18.90884519583664,0.20604185639429287,0.010197087544771222,0.09763746150327957,0.3558076860584536,395408.6658030687,-0.27699155902335443,0.950455804635384,1.2351975420803727,4.729301475464594,0.10369311775799137,3.7366962551884946,0.20570464295190694,0.8391164830133779,1380215.347293541,-0.2513851137048169,0.9691028629518097,1.15590802660364,22.645541451025135,0.21766666940947166
to_end,2009-12,2009-12-01,,4183,200,16.62,0.16501907910983404,0.5510721974662098,912392.0541792475,-0.3085846238254336,0.9159079158694873,1.1535207520257242,12.620477319999996,0.18566539693494377,0.008922532980617959,0.13927090788900354,0.4311108425941086,690272.1380277363,-0.33717376604137667,0.8418856857978998,1.0400085090745599,8.708901575588921,0.17265914937247334,0.10478706877494687,0.18932623927655978,0.546773601961093,1187213.481648157,-0.3561721824797639,0.9443427798852767,1.2184717265710072,17.780208360810924,0.20622336643105676,-0.0022916715557526057,0.09542013495587676,0.3485093712861769,393617.6201443294,-0.27699155902335454,0.9308541915532431,1.2080651909936981,4.5395053217976615,0.10370491422048421,2.3485849127199927,0.19824877225717774,0.8140531006606964,1342358.6250941982,-0.25138511370481703,0.9420511083295241,1.1213641718002842,20.128793273530917,0.2172290117403756
to_end,2010-01,2010-01-04,,4161,199,16.53,0.16350089365377918,0.5470417315712389,917488.0355587103,-0.3085846238254335,0.9076058728369717,1.1432163453794804,12.188039045029633,0.18599336122194388,0.00843303597808398,0.13875094001837485,0.4299085974253902,691058.1022804474,-0.337173766041377,0.8380975879110778,1.035378205409374,8.545670053599586,0.17295587403941398,0.10478706877494737,0.1867660733063934,0.5409277943004719,1199934.335255973,-0.3561721824797641,0.9326207084654012,1.203272160739529,16.900899491489522,0.20658283835127977,-0.0025822140440625585,0.09690699622705679,0.3534819403883496,391468.7229803104,-0.2769915590233547,0.9423468797868291,1.2234413770110781,4.605534277346145,0.10390177529628827,2.0961525007142576,0.19519910928447737,0.8039830124410903,1371799.1413563632,-0.25138511370481675,0.9300384944213387,1.1059949819396693,18.99705199220378,0.2173128985644784
to_end,2010-02,2010-02-01,,4142,198,16.45,0.16798982261824014,0.559531117036837,898477.4702434107,-0.3085846238254336,0.9282963653375564,1.1684743979456536,12.836972793171698,0.18599954251318399,0.011064875196042934,0.1419990382013263,0.4383735857510954,679216.9404521256,-0.3371737660413769,0.8544720144121267,1.0550205506119137,8.867952591229631,0.172981759902869,0.10478706877494631,0.1925417119270607,0.5545557329125135,1170583.696701964,-0.35617218247976334,0.9562048189683735,1.2331891766926677,18.07001774157807,0.20656382584560845,0.008626108359900075,0.09811072108190966,0.35746120404225035,386493.5702391247,-0.2769915590233552,0.9525083245500963,1.2361011418285057,4.656723650209186,0.10395052058447504,2.9621986628499215,0.20360658712310364,0.8312448661640826,1327085.4504724918,-0.25138511370481703,0.9648309273282736,1.1482083439403818,21.03221640442799,0.21657948483870065
to_end,2010-03,2010-03-01,,4123,197,16.38,0.16612180967166457,0.5543958855496038,873077.5682004528,-0.30858462382543334,0.9193163623718817,1.1581802188785948,12.359606871263184,0.1860926801643154,0.009237787197730274,0.1405546103402855,0.43462140401653604,662833.6846155766,-0.33717376604137694,0.8471157017693907,1.0465115580435744,8.599686161969645,0.1729904607934413,0.10478706877494609,0.19023085983076782,0.5492095273387975,1132521.3086029924,-0.3561721824797633,0.9461618107405203,1.221169644304577,17.274702211344643,0.20674387168283687,0.0046202134360494584,0.09739675098434941,0.35514153404945387,380699.72059425345,-0.27699155902335515,0.945616990434119,1.2270150825259967,4.575035736588292,0.10402859528268776,2.329364697808316,0.1994686470284981,0.8170485894110048,1266057.4041461013,-0.2513851137048172,0.9507820241765698,1.1332934141789943,19.60406690915296,0.21602622612614963
to_end,2010-04,2010-04-01,,4100,196,16.29,0.16235237727237495,0.5441465927708303,860461.5230928959,-0.30858462382543356,0.9003260081518657,1.1356844468417724,11.562074622069218,0.18650496610751507,0.005751543951829419,0.13725792973233508,0.4262274912298995,654565.9891788332,-0.3371737660413767,0.8289344510366791,1.0251904349215957,8.106187327532892,0.17337043746779204,0.1047870687749462,0.18596725594931174,0.5393958998320106,1113907.4833398976,-0.3561721824797633,0.9271817076516574,1.198234417676079,16.038030947009627,0.20720621780858273,-0.007314805695175619,0.09612542590715645,0.3510289112280089,375469.9919469124,-0.27699155902335515,0.9329055022370343,1.2116460058885723,4.4516393256711835,0.10422496721282305,1.3134074150015422,0.19171879990114116,0.7914834285153979,1240875.8236672152,-0.2513851137048171,0.9198669019564818,1.0965458653987448,17.35143836201117,0.2162999356207239
to_end,2010-05,2010-05-03,,4079,195,16.21,0.16190257109322315,0.5430130666586467,872297.0381260085,-0.30858462382543345,0.8974786808753593,1.1331190174088255,11.346713056730742,0.18670692293628396,0.0047300028868462185,0.13693243686732948,0.4254417879650592,663447.1950631436,-0.337173766041377,0.8268093575486922,1.0233139910582536,7.982693789081958,0.1734956293973827,0.10478706877494631,0.1853838507392842,0.5381755380226589,1129222.2358774377,-0.35617218247976296,0.923840026984667,1.194927929651821,15.686259347000835,0.20748522507775305,-0.009459207883418919,0.09509523915823048,0.3476939590862046,374950.79248224216,-0.276991559023354,0.9226094911401369,1.1989483392241587,4.350992605701127,0.10438684266219153,1.0444374137969312,0.19011385362613042,0.7859127087565947,1287757.7132233314,-0.25138511370481664,0.9143808191012481,1.0914212437410236,16.730696760797766,0.21606616360022388
to_end,2010-06,2010-06-01,,4059,194,16.13,0.16853251196900199,0.5608409872571252,878913.3210890185,-0.3085846238254333,0.9321157474024,1.1743071570822112,12.288532779246157,0.18567104521184596,0.010548027369926993,0.14351403539317165,0.44204157649335357,667313.4572039101,-0.3371737660413768,0.8642144121033746,1.0675822578760774,8.671698147970941,0.17246278354740407,0.10478706877494709,0.19204772399714543,0.5533531161584058,1139972.2653885775,-0.35617218247976407,0.954459454908288,1.2319108126017473,16.938408588926524,0.20649278086208037,0.021607671389414884,0.09744233977639571,0.35537294670558334,372556.00660249504,-0.2769915590233552,0.9442709639198494,1.2240088699562701,4.471301908525891,0.10424476691952855,2.5824489951415224,0.20259575136707242,0.8242314987865433,1281553.4452276174,-0.251385113704817,0.9760671262977029,1.1656968385472533,19.520857584068047,0.21227999945810136
to_end,2010-07,2010-07-01,,4037,193,16.04,0.1737153042272459,0.5749120198863191,851817.2687935414,-0.30858462382543345,0.9578830907478048,1.2062988031742004,13.013211632031034,0.18520945938281402,0.00737372975259043,0.14815142703689865,0.4537708678674896,648634.0396406453,-0.33717376604137655,0.8899666598869265,1.0988693314872655,9.144862473892179,0.1719161394857022,0.10478706877494653,0.19778766549106508,0.5666315233683392,1101760.896489227,-0.3561721824797634,0.9791295995519979,1.2632388633684961,18.014928375754536,0.20612019740009568,0.005258712554868428,0.09853321373870738,0.3589411229147515,365989.4601267614,-0.2769915590233544,0.9542376286154799,1.2352899491629201,4.506307882631648,0.10419172148766133,1.8611831279865,0.2051613952436555,0.833120436970087,1269539.1301392745,-0.25138511370481686,0.9843883121068663,1.1753028970694677,19.876111503741036,0.21275554900614835
to_end,2010-08,2010-08-02,,4016,192,15.96,0.1696908651769924,0.5637375343109722,856211.6590718104,-0.30858462382543356,0.9395895379738118,1.1824904079011893,12.156697148552105,0.1851454575971209,0.013022895056229,0.14422760536224577,0.4435426218704644,651108.6550131664,-0.3371737660413769,0.8706112425218637,1.073798978995691,8.56019514858072,0.17177694120137113,0.10478706877494687,0.19365874269098193,0.5569512260228164,1109076.0200824721,-0.35617218247976373,0.9622378099448675,1.2410134538329134,16.795836993072523,0.2061554136172352,0.026084276695912956,0.09654347670948193,0.3524055724308114,362414.3078777508,-0.2769915590233554,0.9365789787326189,1.2121207005961605,4.343825456065378,0.10422331819599358,3.1707013184913073,0.20668163774721093,0.8386067424754534,1260601.9496789994,-0.25138511370481686,0.9883220866407805,1.1814997020577633,19.96653831156383,0.21330419926903949
to_end,2010-09,2010-09-01,,3994,191,15.87,0.1743491674236739,0.5766499609113012,820591.2691609946,-0.3085846238254336,0.9609009398682234,1.2076334785947906,12.771177066754786,0.18518590614675437,0.010042064413428697,0.14840704707422736,0.45434789979398604,629362.8328339151,-0.33717376604137694,0.8919623319357587,1.0987139907377839,8.963373814129655,0.17174962101153152,0.10478706877494592,0.19879983953453562,0.5690967460057554,1053408.9422984535,-0.3561721824797632,0.9826415320227403,1.2656002351791364,17.704037444901008,0.20627708422801588,0.012113231554399917,0.09669359156883939,0.3529604692848697,355639.08797941817,-0.27699155902335487,0.9366101947003338,1.2118611229292937,4.318374292743278,0.10438394885517059,2.5024721217970587,0.2088419039479643,0.8461856559757673,1244528.8854702124,-0.25138511370481725,0.9947547635771402,1.1895774870879394,20.206509566698067,0.21384011932540797
to_end,2010-10,2010-10-01,,3973,190,15.79,0.16756133728980172,0.5579176031110942,800863.1819239798,-0.30858462382543367,0.9291640682985732,1.1666821194398787,11.50067392560776,0.1852899822061371,0.0191370145321883,0.1430121643003892,0.44039988574275013,617247.2840314426,-0.33717376604137705,0.8643543645376072,1.0630734667624337,8.226637599398158,0.17179445622341682,0.10478706877494659,0.1905677953639644,0.5498416466993484,1022878.9816600617,-0.35617218247976346,0.9485757761264902,1.221355483332196,15.643358798587162,0.20645509220452557,0.04746507598501282,0.09429175023511616,0.3450901782629839,352347.6691776389,-0.2769915590233552,0.9146150938145835,1.1830034939128842,4.139690583533134,0.1045107030565685,4.4713170770584405,0.2097048098961527,0.8495081179978117,1193265.5427667762,-0.25138511370481686,0.9960408521115031,1.1935943296559748,20.114675875645602,0.21440254622421684
to_end,2010-11,2010-11-01,,3952,189,15.71,0.16483594268264667,0.5505270209447556,793391.0284783869,-0.3085846238254335,0.9153222569583702,1.1499912642409214,10.944596997555946,0.1856003963330922,0.016823662056322464,0.14109317004247957,0.43556349324855725,611700.5344612944,-0.337173766041377,0.853409250092179,1.0502125282544243,7.923927957355631,0.17208693642925843,0.10478706877494692,0.18701145660029117,0.5416137852656541,1013115.0631980051,-0.3561721824797636,0.9330094749504672,1.2013639811875174,14.710996442426246,0.2067586333669713,0.04040184265165325,0.09449905556985527,0.3458233740434454,349992.12019572424,-0.2769915590233547,0.9154209676877234,1.182833751809473,4.1209460409947765,0.10464055216581783,3.633057071767727,0.20383511865661363,0.8301349446220939,1181886.4344072693,-0.2513851137048167,0.9734113176021204,1.1658791141074347,18.344053514193973,0.21438374885370473
to_end,2010-12,2010-12-01,,3931,188,15.62,0.16584724815715846,0.5534456737741839,773282.3919690184,-0.30858462382543367,0.919319181672706,1.1540659573514502,10.953600066731942,0.18577315523720103,0.017090781865951366,0.14189803074698526,0.43772285350802875,595726.5516192552,-0.33717376604137655,0.8569931087340409,1.0534950056155175,7.923927957355679,0.1722168609006662,0.10478706877494731,0.1882305733844638,0.5446269996399329,988746.5580699276,-0.35617218247976407,0.9371973290850133,1.2058734258124422,14.736414492313855,0.20697987614683497,0.04343073600605285,0.09545511841161969,0.3489727202931482,344996.24399002513,-0.27699155902335487,0.9238545274718312,1.1919737885194326,4.146141909889112,0.10462956556065323,3.6772451695197574,0.20532135525041517,0.8347030314146897,1131120.6082703471,-0.25138511370481675,0.9806280650910661,1.1728889258934265,18.413659661833613,0.21397706626156057
to_end,2011-01,2011-01-03,,3909,187,15.53,0.1626793461037528,0.5448642877487083,760549.5396771425,-0.3085846238254337,0.9031228682540683,1.1350137829168863,10.361165949462555,0.1861726097091226,0.01277050955621073,0.1379937471319428,0.42773720418012395,586975.826274635,-0.337173766041377,0.8357637904092405,1.0287284958944902,7.427393039646595,0.17256282895290562,0.10478706877494665,0.18582638211888303,0.5392103257339196,970775.6288462082,-0.3561721824797634,0.9257767977864305,1.192524054620188,14.067223302625415,0.20744926746001588,0.02786816038136375,0.0942989997011392,0.34520713419963045,342016.3286117728,-0.2769915590233553,0.912778511606485,1.1771317490228121,4.046447773280713,0.10475647823879043,2.542804722368185,0.19859689167509376,0.8126416001937888,1106285.1883279022,-0.25138511370481675,0.9536449581677943,1.1405056236441533,16.6100280249936,0.21421599235261268
to_end,2011-02,2011-02-01,,3889,186,15.46,0.16165925256223934,0.5421919648193988,746664.2530355823,-0.30858462382543345,0.8973044387143856,1.1286134615803458,10.100211848164818,0.18646080002087534,0.011993249178144705,0.13705218902010152,0.42543200673706233,576778.0092014355,-0.3371737660413769,0.8298430508433917,1.0220441406771779,7.258271600748118,0.17285739967369643,0.10478706877494703,0.18472360453736725,0.5367620058725945,952397.2722932614,-0.3561721824797641,0.9203087047753395,1.186425815432058,13.680372211583377,0.20773431144555743,0.025994320947761773,0.09468309036340172,0.34654603854548605,336897.83592165075,-0.276991559023355,0.9146688133570077,1.1800471053649595,4.039428633425679,0.10494544701680511,2.300684369365051,0.19671685371551195,0.8063923971200992,1074555.2099145483,-0.2513851137048171,0.9463030257231013,1.1323418159380314,15.981056580948428,0.214217897365207
to_end,2011-03,2011-03-01,,3870,185,15.38,0.1600446114280638,0.5378230418766379,740262.0152777329,-0.30858462382543383,0.8889580550882745,1.1192451798207703,9.775681450648444,0.18669488409739698,0.009546065527557213,0.13524232995767393,0.42082579982258594,571850.0747048431,-0.33717376604137683,0.8197423549960827,1.010280740003877,7.014603650620773,0.1730927027361346,0.10478706877494637,0.1833098219714937,0.5335521180448928,944368.3270152357,-0.35617218247976334,0.9137073324772448,1.1792805053247732,13.261224782781612,0.2079839086280754,0.018031258882254653,0.09321873785631496,0.3417679431889645,334066.14745966287,-0.276991559023355,0.9007858099715927,1.161977389788832,3.930338507391198,0.10509361310998239,1.7415823311815828,0.19285588749905092,0.7933891460328505,1066275.2952379913,-0.251385113704817,0.9317385913594994,1.1161489718577269,15.002807113963195,0.21405813018501665
to_end,2011-04,2011-04-01,,3847,184,15.29,0.16123783255136148,0.5412197069895659,727628.501064751,-0.30858462382543345,0.8940748238133508,1.124619916227727,9.796669034343806,0.1867987725858975,0.00981427620678832,0.13609464488481904,0.42309198580334506,562794.7828013253,-0.33717376604137683,0.8237946806773396,1.0142194281790093,7.013760224851272,0.1731687780721581,0.10478706877494598,0.18484982288659557,0.537292496592452,927231.0991227938,-0.3561721824797633,0.9194618502175624,1.18546814201983,13.320934881349348,0.20813113789990623,0.021625510997636543,0.09373155215447437,0.34352780211990985,329153.71175138885,-0.2769915590233545,0.9039263177286465,1.165443109435504,3.926507483257187,0.10526776310281634,1.7876841518145827,0.1946640990933839,0.7988494628834961,1037708.4445831138,-0.2513851137048173,0.941087361215199,1.1260308642328813,15.108619033163931,0.2133902455141766
to_end,2011-05,2011-05-02,,3827,183,15.21,0.15996825053352448,0.5378969176267558,723323.607136666,-0.3085846238254337,0.8868342456411347,1.116010237401663,9.521628753918126,0.1871676909169346,0.007496850961505874,0.1347172337958995,0.41966602037488454,559646.8474811253,-0.337173766041377,0.815534869103945,1.0044868057673237,6.81634785598834,0.17350622018757847,0.10478706877494759,0.18369071557248118,0.5347780449048687,921521.5985421226,-0.35617218247976423,0.9134000309524855,1.1777531912505967,12.948907572992342,0.20853192132849482,0.013364792787225244,0.09232933121771136,0.33896047010502733,325914.10951586836,-0.27699155902335526,0.890446278949809,1.1481345688451319,3.823465556114626,0.10544059903581572,1.3030058729495675,0.19118756653398705,0.7874207471590216,1035560.9188077799,-0.25138511370481664,0.9267648237397107,1.108197219504969,14.25191344594191,0.21358800958731358
to_end,2011-06,2011-06-01,,3806,182,15.13,0.16182074544995184,0.5432642672689821,720393.8661766968,-0.3085846238254335,0.8941691268856957,1.1243503364637493,9.634021430092261,0.1874846653863827,0.008623373773931187,0.13635702240715797,0.4241056910289461,557305.3230332348,-0.3371737660413769,0.822743781535452,1.0125120217370518,6.893657769273709,0.17380540121122579,0.1047870687749457,0.18575487784165312,0.5398756430764006,918036.6695586635,-0.3561721824797626,0.9205848684935488,1.1863684548148425,13.10865684539337,0.20887665292266797,0.01877596269190618,0.09235252007689354,0.3391248278514214,324770.0385207278,-0.27699155902335526,0.8889391561568664,1.146759456177481,3.7966476348650735,0.10567057837366321,1.5160572499210723,0.1943782516155843,0.7980556915894246,1037834.2086832435,-0.2513851137048169,0.939360831185455,1.1212040337996079,14.624714095314442,0.21357002986786894
to_end,2011-07,2011-07-01,,3784,181,15.04,0.1642815550261303,0.5501693675881946,713891.4776812379,-0.30858462382543345,0.9051814340212573,1.1371142917990649,9.815644003477766,0.18755776572135555,0.010247072215139097,0.13849106386187215,0.4297050912389021,555402.8383005909,-0.337173766041377,0.8333066938867681,1.0245677321598732,7.011945197397525,0.1738678987737275,0.10478706877494709,0.18854864734212318,0.5465399611488321,904068.7893955745,-0.35617218247976423,0.9315525395722158,1.198798102745799,13.379663074360822,0.20896548772673326,0.02766844962385462,0.09428329236619826,0.34555814781983824,321604.2157277064,-0.27699155902335465,0.9045575813483847,1.166236287878077,3.8687229848300917,0.10581602771507274,1.8407933896291606,0.19879571955726227,0.8121249831955395,1026560.3866053139,-0.25138511370481714,0.9592209891960705,1.1439204757960069,15.220456463989983,0.2128353461221048
to_end,2011-08,2011-08-01,,3764,180,14.96,0.16536228417744647,0.5532520897380758,718514.7051597938,-0.3085846238254335,0.9096628916680377,1.1417313484291545,9.833194589524172,0.18767951243938577,0.011469987351221622,0.14081834086363565,0.4358158332377874,559135.2882023416,-0.33717376604137655,0.844679653204276,1.0370734026959407,7.155082192899176,0.17396614827385715,0.10478706877494598,0.1883253953780064,0.5460968592142206,909613.5929440751,-0.35617218247976307,0.9301552861134568,1.1964156710150453,13.160514692882934,0.20910971866255454,0.03481934871871151,0.09439325908798102,0.3459147539980048,318178.65342045925,-0.27699155902335454,0.9056373897193651,1.1664733789960855,3.846926951323414,0.10579893021949809,2.030441649529159,0.19979538272922803,0.8150034728537437,1038637.3432808114,-0.2513851137048171,0.9649746348321683,1.149102968422171,15.190956342412093,0.21231619287981862
to_end,2011-09,2011-09-01,,3741,179,14.87,0.17072774072128416,0.5664250411856041,724454.5917088785,-0.30858462382543356,0.9455213676797645,1.1960348026651686,10.381121431963429,0.1848610345935243,0.012954560363845902,0.1460998826137867,0.447917882767333,565696.5696833082,-0.3371737660413769,0.8838584412563159,1.0962131648623878,7.571320642269616,0.17087143411254085,0.10478706877494681,0.19376243043684416,0.5574662112206655,913598.1185901563,-0.35617218247976334,0.9608655696900968,1.2423451317796832,13.86323678019332,0.20664072412671397,0.032076974578393536,0.0943284831641511,0.34540984702943783,314750.02392001037,-0.2769915590233553,0.9109040413738204,1.1728758893926408,3.8120358350700254,0.10503368926369591,2.4091779486561737,0.20671699080069006,0.8376868064060248,1031423.8444098815,-0.25138511370481653,0.9929425442684904,1.186485336523789,16.272414728849494,0.2120787293211822
to_end,2011-10,2011-10-03,,3720,178,14.79,0.1764479506934129,0.5818829911569685,694457.8912244955,-0.30858462382543345,0.9743532042518317,1.2323194243297781,11.010010553461509,0.18428650221812373,0.010310565852391651,0.15258643847536146,0.46420322243887585,543187.6255680629,-0.3371737660413769,0.9208782915278213,1.143113334645936,8.136139972296103,0.16996507590442,0.10478706877494642,0.1986817831044121,0.56883481956493,874717.9965161736,-0.35617218247976334,0.9819629400109284,1.2688219131082172,14.515083989346522,0.2063246288629474,0.01773636545221735,0.09417801107296242,0.3449279746877689,308274.0503480161,-0.276991559023355,0.9092964019436914,1.1697887290074016,3.775835624789083,0.1050726003702475,1.9562446175632253,0.20899234895680374,0.8456754587012956,1017903.2024308981,-0.2513851137048169,0.9996993054631458,1.1954466641459063,16.471328606909747,0.21265416528874
to_end,2011-11,2011-11-01,,3699,177,14.71,0.16942948976561611,0.5620731617552177,690781.2108941793,-0.3085846238254334,0.9447122958992081,1.1914824394535213,9.948596596463364,0.18359783813072228,0.01796642404810478,0.1454039490483776,0.4451859395634347,538681.3363770972,-0.33717376604137683,0.8880470436953197,1.0986489537804265,7.33549015636095,0.1690282298634301,0.10478706877494603,0.1918534581342577,0.5525115666356696,873152.8160806947,-0.35617218247976323,0.9559913644708415,1.2318375378368587,13.147485737849331,0.2058483557985547,0.044722800979029254,0.09104830472119474,0.3346003344579602,305179.2416714838,-0.27699155902335504,0.8816952596361805,1.1328548835243197,3.5933171183775583,0.10511734896872439,3.22904706172004,0.20981988218236247,0.8489073348287769,1018047.6214878516,-0.2513851137048172,1.0007141654498708,1.1987023736153377,16.37653279956937,0.21325037084375664
to_end,2011-12,2011-12-01,,3678,176,14.63,0.17172772854139118,0.5679300315941753,683245.8957484626,-0.3085846238254336,0.959050419240491,1.2073836074351945,10.105136467282819,0.18273749913737175,0.018612976231638267,0.14661197874405518,0.44779912511779774,531926.1477873451,-0.3371737660413769,0.8987480833285751,1.110104800693341,7.365421295336449,0.16799603831900722,0.10478706877494609,0.1952811291114498,0.5601864566799662,865448.4296393626,-0.3561721824797632,0.9725051951899851,1.2503691569151008,13.511202860754905,0.2051637707008144,0.045712751385175276,0.09101485440557999,0.3344399604506097,301123.5109168921,-0.27699155902335504,0.8823850725457207,1.1308617792794657,3.5657225139171955,0.10498482910376251,3.4180914634169266,0.21389410534308806,0.8618956316439568,1011113.8810949132,-0.2513851137048171,1.0182179465751604,1.2200741207136145,16.92929432417183,0.21279111421211605
to_end,2012-01,2012-01-03,,3657,175,14.54,0.17261853202517297,0.5704067181435589,663237.2108082596,-0.3085846238254336,0.9631386046473491,1.2102951993298023,10.083149818777146,0.18275536012833699,0.01938255527512389,0.1466915224131351,0.4479585490376739,520039.51647969306,-0.337173766041377,0.8995823373397642,1.1094365878234556,7.289259691383354,0.16789999618724946,0.10478706877494631,0.19701420257367142,0.564327097873842,833764.6222379308,-0.3561721824797631,0.9791289950330448,1.256459029260536,13.594700744621393,0.20528205691162654,0.04687519030533127,0.08997856151702788,0.33107298563546156,296774.1846290401,-0.27699155902335443,0.8720794297636588,1.1172465292355374,3.491449895114813,0.10515604348853387,3.568725276406676,0.2163967578487953,0.8705203390949398,984484.5761493765,-0.2513851137048168,1.0260041853383761,1.2291120411806142,17.16342602102807,0.21328943639110504
to_end,2012-02,2012-02-01,,3637,174,14.46,0.1685248840694329,0.5592836897845512,646474.9861005341,-0.30858462382543367,0.9424735330440065,1.1854570367846087,9.466460291774304,0.18312062988808384,0.022713467565898204,0.14395625764318232,0.4410371146702414,509077.54404197267,-0.3371737660413766,0.883940293396062,1.0904806058121543,6.966204952160296,0.16823098350462667,0.10478706877494715,0.19150687768267205,0.55160554022634,809125.0922022118,-0.35617218247976407,0.9551628130293623,1.227050393891855,12.539104702707228,0.20568906834557146,0.06055011016904821,0.08850749336729358,0.32628479817553274,293303.24266100855,-0.27699155902335465,0.8575514506752665,1.0998927833904513,3.4007207826733112,0.10539091836541642,3.928373378758323,0.21422034524857025,0.86382045117619,943583.6832844687,-0.2513851137048169,1.0157129231984106,1.2181562320833645,16.46747808146555,0.21379230034375976
to_end,2012-03,2012-03-01,,3617,173,14.38,0.16527530091763265,0.5504781708024112,632696.6101172238,-0.3085846238254335,0.9257269631055909,1.1652716042151299,8.983807791608399,0.18349805723634202,0.02051975447334975,0.1414233370919613,0.434632590493851,500035.07116336224,-0.3371737660413767,0.8693164451060267,1.0731477471864497,6.6764130963885195,0.16857694134988732,0.10478706877494587,0.18751041633720744,0.5424103864489617,788973.6789249253,-0.35617218247976296,0.9373151851767907,1.2049516065266537,11.783763905382305,0.20611155585277294,0.053681587950770826,0.08785124160895741,0.3241959136687367,290797.32320728,-0.27699155902335504,0.8501747574429088,1.0912053704485227,3.3487951912370995,0.105624791573672,3.2849685471362946,0.2080301708105572,0.8436621932448257,910726.6448933552,-0.2513851137048171,0.9909967731275615,1.1880293869735727,15.0687324525186,0.21401090510917972
to_end,2012-04,2012-04-02,,3595,172,14.29,0.16305926541967253,0.544519266558491,628324.364502881,-0.3085846238254333,0.913926543384093,1.150574416298709,8.62715490926632,0.1838553374480943,0.018586753417331403,0.13981550146154653,0.43059381454346995,496420.0952966516,-0.3371737660413767,0.8597759709375074,1.0608570778291673,6.468366253000942,0.16886368425187895,0.1047870687749462,0.18465935555389046,0.5359082415157641,783909.1579266256,-0.35617218247976307,0.9241390751437025,1.1885847163205154,11.216964927119454,0.2065442454750447,0.048122498235064204,0.0882362704799653,0.3255523345050972,287379.0820161227,-0.27699155902335554,0.8520735415107527,1.093719656615742,3.341092199815068,0.1058303588659452,2.7894377313825025,0.20324610897122186,0.8279169603107515,906630.3170011267,-0.25138511370481686,0.9722615733787667,1.1638019504174673,14.006402658501957,0.21406379199230613
to_end,2012-05,2012-05-01,,3575,171,14.21,0.1647942068407504,0.5494338388355419,634979.0779292663,-0.30858462382543345,0.9215013183818122,1.1578586008797453,8.70652456746363,0.1839897904560349,0.019358629426649232,0.1411889603551435,0.43423916708549587,500599.0538957887,-0.33717376604137705,0.8663239934454865,1.0673418326241102,6.5118367534957295,0.1690061183075158,0.10478706877494753,0.18676661904793423,0.5409732233373351,794014.8663813515,-0.3561721824797644,0.9323277069233004,1.19635749784511,11.349696091437659,0.20666511591189127,0.052911578584522,0.08756190688579002,0.323377443046295,285208.52026282536,-0.2769915590233542,0.845050478503121,1.084523531074945,3.2896885497538255,0.10599700773028835,2.928523422717813,0.20612524847458347,0.8370119987004526,935878.3899552593,-0.25138511370481686,0.9852392855078224,1.1754344630278328,14.278219514155472,0.2135647243878997
to_end,2012-06,2012-06-01,,3553,170,14.12,0.17148227529011306,0.5681021926506086,621218.6804357992,-0.3085846238254336,0.9519277867556593,1.1938360851565888,9.31363316858792,0.1841606095048153,0.023912799306710086,0.14715069772332257,0.44979053311155553,490075.82463137934,-0.337173766041377,0.8964113430053553,1.1021303049393312,6.927896007142572,0.1691830086291934,0.1047870687749467,0.1941928396151924,0.5585995892851797,776507.7738288507,-0.3561721824797639,0.9619132810208365,1.2321333104334091,12.209243506615422,0.20683531330065133,0.07129450090017009,0.08827488439879128,0.3258339397796162,281644.45143924165,-0.27699155902335604,0.8495953359937038,1.0900291731848133,3.2959847512552707,0.10623086914279747,3.937682036780096,0.2181056389219025,0.8759966095186943,916362.5146103418,-0.2513851137048172,1.0332077819210066,1.2298441390376291,16.14692554339552,0.21313477418787732
to_end,2012-07,2012-07-02,,3532,169,14.04,0.1694333876135634,0.5623052697795323,612901.0450418142,-0.3085846238254334,0.9432500424601765,1.1821546266639993,8.968830584042394,0.1839583910300239,0.02498056934583759,0.1448335904639273,0.4436804851183655,483780.8491427378,-0.3371737660413767,0.8853824606121853,1.0878891949059604,6.657719718599253,0.1689636137392955,0.1047870687749462,0.19242323279314455,0.5543389122611937,765816.2632718959,-0.35617218247976307,0.9553263070396812,1.2227361472551894,11.782547216240676,0.2066729438503008,0.07374325839991791,0.08739967825301775,0.32298196247784816,277858.3200421111,-0.27699155902335504,0.8410538649268332,1.078955158080263,3.236133346602626,0.10637044909239518,3.9732817812243155,0.21740380213898214,0.8740228122972865,899071.5159311445,-0.25138511370481686,1.0290695654395992,1.2247292788950557,15.755828997464992,0.21350969014043136
to_end,2012-08,2012-08-01,,3511,168,13.96,0.16961436329992607,0.5629282798853911,599804.0365869305,-0.3085846238254337,0.9432652252660465,1.1797205640483135,8.87171372760639,0.1841592447555108,0.024337728602902287,0.14479345336584992,0.44366342790700347,475797.8035025407,-0.3371737660413769,0.8844528428071361,1.0848054360400605,6.579882971664916,0.16913470295086297,0.10478706877494598,0.1928289972293571,0.5554346012051989,745572.9915424385,-0.356172182479763,0.9561121698296577,1.2215742246420862,11.666179239784208,0.20691123947442092,0.07332302724880901,0.0861788745470835,0.3190149186006903,274986.6694766004,-0.2769915590233559,0.8289060677687212,1.0639236608013583,3.16371248686411,0.10660368296347103,3.7914631681107807,0.21716672583225938,0.8729759348957207,867708.9211696183,-0.25138511370481703,1.0294351970784668,1.2197909016277704,15.457642407894989,0.21317821197306727
to_end,2012-09,2012-09-04,,3488,167,13.86,0.1676415606374808,0.557726850598398,590804.8617991369,-0.30858462382543356,0.9322469644148523,1.167103313259891,8.543770449246491,0.1846140957908905,0.02313932155574583,0.14376814066807464,0.4412100495472956,467971.6273541211,-0.3371737660413766,0.8774474268879462,1.0770336135538991,6.419067373568128,0.16954229901703488,0.10478706877494681,0.18986305948458737,0.5487441646806358,735758.1434774669,-0.3561721824797637,0.9422174298494544,1.2052066836028426,11.091086560659996,0.20743344430442673,0.07011534299442668,0.08599102204416109,0.3184905622667705,272445.69997532293,-0.2769915590233556,0.8255299843612028,1.0595664941969865,3.1324243047352835,0.1068637106437292,3.3883537007589464,0.2130023810403332,0.8595688849005658,847503.7789300219,-0.25138511370481686,1.0123327728438811,1.199132561945946,14.479440261418942,0.21345038673481237
to_end,2012-10,2012-10-01,,3469,166,13.79,0.1671936526863862,0.5566475214645336,591435.9602840187,-0.3085846238254336,0.9290678825109886,1.1624299183924316,8.400030664802658,0.18488731474630588,0.021087486398634336,0.14253022731886267,0.43812574969870044,466026.2182686316,-0.33717376604137717,0.8700070589759041,1.0671369119037895,6.260361231333737,0.16979690854405355,0.10478706877494609,0.19023147099168347,0.5497937026974296,740929.9318817137,-0.35617218247976323,0.942626987006274,1.2050119589530135,10.99341572863574,0.20773988619325431,0.06362770033193188,0.08606290992699828,0.31881397747271106,271085.82373085216,-0.27699155902335587,0.8246831848311795,1.0587293127487285,3.1158399005465447,0.10708206773572199,3.0065229110399887,0.2113189573903178,0.8539524419058165,859240.3008316226,-0.25138511370481714,1.0062546873382059,1.188892292237947,13.99993863967573,0.21333657811309978
to_end,2012-11,2012-11-01,,3448,165,13.71,0.17139220317641768,0.5684849726888977,583637.3987415797,-0.30858462382543356,0.9471692378450132,1.184484272447314,8.71008399576661,0.18521053518032496,0.02278927201567904,0.14499368837649707,0.44467457905537483,460809.11265089025,-0.337173766041377,0.8813921102045318,1.0811051060873866,6.376401411164426,0.17010885478447507,0.10478706877494703,0.19622701459607605,0.56410593048962,729657.1635360647,-0.356172182479764,0.9656160555637656,1.233405835002503,11.606138557887684,0.20807321839212944,0.07060906879961104,0.08760010275145613,0.3240153519836574,268313.0198782302,-0.2769915590233552,0.8362537544177242,1.0730394203699147,3.1549452189233294,0.1073233058976772,3.4193466984249294,0.2190162866117551,0.879111255763517,846222.4758453903,-0.251385113704817,1.0362251243633767,1.2234848486493821,15.025485256312614,0.21326975943096213
to_end,2012-12,2012-12-03,,3427,164,13.62,0.17172274771745322,0.5694970453886158,577205.1935089083,-0.30858462382543367,0.9480297924306987,1.185211432099076,8.629060055509383,0.18537184477120577,0.023386158127806755,0.14546858993641054,0.4459664040950219,455191.65746776765,-0.33717376604137683,0.8833237262500676,1.0831662546633594,6.340514524025101,0.1702299706530016,0.10478706877494692,0.19639670305586154,0.5646367148750054,722766.4004128884,-0.35617218247976384,0.9654782616248836,1.2327047131848978,11.456211350500652,0.20829872513833056,0.07317249251007807,0.08747562291661293,0.3236806646760343,266403.5314963916,-0.2769915590233551,0.8338153160798817,1.0697500031340839,3.1280717808578062,0.10752598351856277,3.4502269864398105,0.2197828611836683,0.881732541106382,838422.7006105171,-0.2513851137048169,1.0386507541349617,1.2252862387189838,14.906438336940463,0.2134061273443829
to_end,2013-01,2013-01-02,,3407,163,13.54,0.17262552043967005,0.5721727341095211,564400.4180543302,-0.3085846238254334,0.9509739103243361,1.18690153271291,8.610399903422937,0.1856661954670639,0.023892207360599604,0.14562823113625023,0.4465221086296734,444365.9296434796,-0.33717376604137705,0.8829734136182724,1.0815589179629477,6.284367142296261,0.1705097103325606,0.10478706877494709,0.19807138150170767,0.5687470409366338,708420.0085545786,-0.3561721824797642,0.9710833569786893,1.237650280515788,11.509953484889941,0.20860400231712972,0.07541844871015424,0.08835363768699733,0.3267004460500101,263070.2087539449,-0.27699155902335443,0.8394841970480253,1.0772136066127165,3.14141282203695,0.10779627085683025,3.5219482616213806,0.22196358886230727,0.8889644955759066,811183.8344674192,-0.2513851137048171,1.0465018056888435,1.2308023053742063,15.031901746511322,0.21354233655889146
to_end,2013-02,2013-02-01,,3386,162,13.45,0.17045164588428907,0.5663803104636247,557197.4059114731,-0.3085846238254337,0.9394769135097673,1.1726922556757635,8.28766202141426,0.18603571043976794,0.021475688061378673,0.14234237312944376,0.43817217962630456,438599.4515541862,-0.3371737660413769,0.8647375268922177,1.059458461772484,5.9783351982638635,0.17084971957921558,0.10478706877494787,0.1970637242228681,0.5666145646436211,699765.7579888457,-0.35617218247976457,0.9656315058698061,1.2305910726301241,11.210457083990468,0.2089951962909028,0.06606391992747118,0.08752056548919085,0.32403185216304353,260069.05847354673,-0.2769915590233546,0.8307132547064827,1.0666014115587676,3.0873969283692966,0.10804460792620858,3.0254191901141514,0.21853941228424678,0.8781673073523226,797514.9759498596,-0.2513851137048167,1.0316954257972772,1.2135975762751416,14.23587627410462,0.21397612404844973
to_end,2013-03,2013-03-01,,3367,161,13.38,0.17078287139515513,0.5674472038283415,545747.3100052414,-0.30858462382543367,0.9399972565560379,1.1729667030418167,8.220916843896758,0.18628297126708054,0.020790106501081818,0.1421163082479202,0.4376871741060882,429932.4435284129,-0.3371737660413769,0.8627616031128502,1.0569864826396527,5.903018843477735,0.1710514611555498,0.10478706877494665,0.19797148869544445,0.5689223948265001,685057.306024109,-0.3561721824797636,0.9681627385740137,1.23322716441156,11.17203181699344,0.20929779979492302,0.06501251962864374,0.08697419559906217,0.3223071017173699,256610.66093014218,-0.2769915590233548,0.824531461953817,1.0588308649553428,3.047398241200721,0.10827524564974546,2.8874756416023057,0.21876159519652627,0.878754222017607,770524.6278723979,-0.251385113704817,1.0331752582026574,1.2142767262867824,14.059507458595746,0.2138124468880317
to_end,2013-04,2013-04-01,,3347,160,13.29,0.16893026250601295,0.5625861260874778,536536.262654894,-0.3085846238254334,0.9296849998020283,1.1610662817170774,7.949704743158482,0.18673575256681627,0.01814073570699981,0.13982073929944683,0.4319239538632301,423700.30765327543,-0.33717376604137667,0.8493795514009229,1.0414277414246365,5.687071470366341,0.171458596957446,0.10478706877494692,0.19657758024163186,0.5659550069442328,671831.2286678945,-0.35617218247976373,0.9607470068454825,1.2248108670761386,10.84403040304859,0.20981322717885612,0.05555728574686192,0.08580397937216255,0.31852571518113865,252648.09700093398,-0.276991559023355,0.812773008697156,1.0449241073725477,2.984292585269121,0.108552982804486,2.398872633811628,0.21471831594863167,0.8658275755238936,750897.5631836528,-0.2513851137048168,1.0163042925923444,1.1940743109372063,13.242903036860218,0.21416436505119155
to_end,2013-05,2013-05-01,,3325,159,13.21,0.16818132470187197,0.5606422704710178,526383.6966696815,-0.3085846238254338,0.9253716573817216,1.1554407944902545,7.776073598866284,0.1869579457657522,0.017062754356535592,0.1391640180843512,0.43031442966123923,417091.6743053738,-0.3371737660413767,0.8452356830250476,1.036499319245435,5.579872144371995,0.17165713628127496,0.10478706877494692,0.19572635664175153,0.5641103974998402,656757.4445053529,-0.3561721824797639,0.956418704208815,1.2186302864616432,10.57568487571146,0.21007580733508766,0.05403756601196763,0.08389936090132633,0.3122770132342983,251443.05391279754,-0.27699155902335443,0.7951148946864006,1.0235602428377268,2.8950754843395976,0.10878691535144802,2.1740261343419416,0.21278911099828712,0.8591358308040501,728589.0534799952,-0.251385113704817,1.0104562702207827,1.1863629774694264,12.749711010053401,0.21373904530016785
to_end,2013-06,2013-06-03,,3303,158,13.12,0.1667836033360548,0.5570390701665291,524109.74980433326,-0.3085846238254334,0.9171727708313995,1.1455057017509542,7.551820529056441,0.18741691575469388,0.01566215361014489,0.13812498726323374,0.427792497055076,414824.1276457087,-0.33717376604137694,0.8385039224472396,1.0281546615380661,5.4511710564271825,0.17202114796950224,0.10478706877494648,0.1939447107721919,0.5602542431618674,654872.0969734888,-0.3561721824797635,0.947339165802164,1.2079441855265436,10.210408459066475,0.210639424330718,0.04997247770681268,0.08559224829635603,0.31800128836160296,250690.33447772986,-0.2769915590233551,0.8080223626687534,1.0405297106731264,2.9341949962872746,0.10901142926761492,1.9019829321003137,0.20960686438233678,0.8488759647421098,730037.0890914433,-0.25138511370481703,0.9973116435089767,1.1697067080276045,12.112391391166788,0.21397000857943035
to_end,2013-07,2013-07-01,,3283,157,13.04,0.1695685709724164,0.5648528695597356,509942.3582517242,-0.3085846238254337,0.9293563013138023,1.1594962016656183,7.695264695960826,0.1875544503474053,0.017112814746111038,0.1401975834242004,0.4331965816281352,405255.61880747176,-0.3371737660413769,0.8490409182538812,1.0399927844630596,5.524898345943109,0.17203237173091498,0.10478706877494676,0.19746108603586343,0.5686780373066173,634502.5165420482,-0.356172182479764,0.9603428774143271,1.2232890121350342,10.460976953803701,0.21091143844493804,0.0584439771447226,0.08787915934414481,0.3255450689449725,247257.93089631645,-0.27699155902335465,0.828260967007528,1.0665909720553883,2.9961577135412307,0.10887056105665043,2.1241148938042667,0.21457390078197447,0.8646604163803369,695705.2411215439,-0.25138511370481725,1.0187868545590497,1.1938144783580795,12.585091847607968,0.21335449717978971
to_end,2013-08,2013-08-01,,3261,156,12.96,0.16576132072455296,0.5545993515659965,507497.456136792,-0.30858462382543356,0.9099444582681289,1.137064290662447,7.277135826178129,0.18807832799218296,0.013402104616980326,0.13677242374723786,0.424510872645761,404989.3461088612,-0.33717376604137694,0.8297390220885847,1.0178912172330161,5.253418346129941,0.1725047585386448,0.10478706877494498,0.19325855167233552,0.5591333200466263,628436.137418464,-0.356172182479762,0.9417181339758561,1.2013670649074202,9.839696165052404,0.21147276208580257,0.04502078112310137,0.08669494455083626,0.32168734721056824,246658.57245077402,-0.2769915590233542,0.8170057831360208,1.0515499142703444,2.9325818477348458,0.10906248359701952,1.5300488408139241,0.20666065628931585,0.8389699884249828,696277.2335120466,-0.25138511370481703,0.9867389150989575,1.15647486230128,11.369745005866328,0.21373897665117653
to_end,2013-09,2013-09-03,,3239,155,12.87,0.1685378169930658,0.562566200922712,496338.8484051968,-0.30858462382543345,0.9209878709154561,1.1504408721057047,7.4032831101492045,0.18849247093350072,0.016445470742750823,0.14046140809509922,0.43431178053144864,397709.440705965,-0.33717376604137705,0.8471086669324346,1.0380383180725168,5.4158526386861325,0.172868658289391,0.10478706877494687,0.1950602591456876,0.5636600222443213,611958.389847324,-0.3561721824797636,0.9471755563437747,1.2088073674200137,9.878810840859646,0.21195650474164768,0.05812661493531279,0.08928389910958412,0.330335509779071,243215.23370450898,-0.27699155902335454,0.8379075162873101,1.0766916880334614,3.001793697633515,0.10920077225217892,1.8971633980833236,0.2115057298884384,0.8549672402069324,671090.6913753322,-0.25138511370481675,1.0053021712790875,1.1771786099922124,11.77597423894297,0.21379247258548523
to_end,2013-10,2013-10-01,,3219,154,12.79,0.16608532108268825,0.5560471582879687,484512.5896615469,-0.30858462382543367,0.9080063284667018,1.1352200806727872,7.1186969408877,0.18897181417143238,0.014257588168444357,0.13861258961789646,0.42970728207188447,389155.51245959155,-0.3371737660413769,0.8361541173943325,1.024714761523454,5.249718897933015,0.17327669574011423,0.1047870687749467,0.19197240435255702,0.556722825367399,596015.9554692814,-0.3561721824797636,0.9330690951112367,1.1922936191398015,9.423449889310216,0.21251286189450694,0.05060762532853735,0.08802829197279705,0.32625586578186755,239154.57762051816,-0.276991559023355,0.8259205964984506,1.0609587324547733,2.9378849758277203,0.10941744434823945,1.5456976748967914,0.20622999252100138,0.837881753275614,644624.0508850939,-0.2513851137048169,0.983676720439774,1.1511818131522198,10.969147564207008,0.21412624233316654
to_end,2013-11,2013-11-01,,3196,153,12.71,0.1630704240767329,0.5478736066220636,475253.1303280232,-0.3085846238254337,0.8929624471384842,1.116036893171993,6.792831660648274,0.18933088546458643,0.010847076687172885,0.13561625459499527,0.4220477516078257,382610.48490979534,-0.3371737660413767,0.8197907233102721,1.004075917104782,5.017379611370127,0.17358506971668608,0.10478706877494592,0.18893570722766495,0.5498107976439927,583265.044886745,-0.356172182479763,0.9196417321954158,1.1752639283689459,8.978401343808995,0.21293869655122244,0.03963468102305301,0.08585797603139644,0.31909748955127976,236755.51064385983,-0.2769915590233557,0.8068245733129087,1.0348571195832774,2.842449899593844,0.10954960227391204,1.0960682587174055,0.19978278391483784,0.8163988848114202,625752.0064037045,-0.2513851137048171,0.9592764132184688,1.1196856547181815,10.074469602526401,0.21394305505567024
to_end,2013-12,2013-12-02,,3176,152,12.62,0.1612172354134085,0.5429734516960126,466935.74988198595,-0.3085846238254334,0.8829238845892143,1.104599112154591,6.578332747740176,0.1897708978807005,0.008751849717055116,0.13389533149148747,0.4177581297977314,376613.341586764,-0.33717376604137683,0.8095569614212226,0.992038806858012,4.872957619854068,0.17399279930966308,0.10478706877494642,0.18694112092756887,0.5453807015665962,572017.6389829344,-0.3561721824797631,0.9101802158895531,1.1645707654955024,8.670495170386609,0.21341865200780236,0.03244133759068679,0.0858283307445471,0.31908602753883597,234307.1349251984,-0.2769915590233545,0.8051779609357286,1.0327561915365548,2.822956944977516,0.10976969132120376,0.841121300729295,0.195692970644624,0.802979272990175,609339.4896681895,-0.2513851137048167,0.9426215534802399,1.1004185208129844,9.511616471115904,0.21414430329751388
to_end,2014-01,2014-01-02,,3155,151,12.54,0.15984661638230624,0.5394448660146494,466216.4063834208,-0.3085846238254332,0.8749374533287234,1.0949060864608633,6.401544770472609,0.19025861839651906,0.006777773781892149,0.1325263554504965,0.4143829442540012,376932.74446249026,-0.3371737660413769,0.8011556517535607,0.9813962246028508,4.749811287038206,0.17439689477521625,0.10478706877494698,0.18556072353650266,0.5424615781748356,569586.3161326892,-0.3561721824797637,0.9028423594394187,1.1561848121013418,8.423920918741839,0.21400161632858414,0.025750923555018623,0.08572971872368806,0.3188417395241683,232153.89493938282,-0.27699155902335504,0.803019730062435,1.029630436822985,2.800466189873861,0.1099804490552819,0.6232010187676842,0.1923384973183948,0.792031505228846,613726.9308056814,-0.2513851137048167,0.9285932829944373,1.0824674694486167,9.047121937509523,0.21441564745945216
to_end,2014-02,2014-02-03,,3134,150,12.45,0.16357889996156727,0.5500492676032587,455214.0058121997,-0.30858462382543345,0.8907237448032583,1.1132550250480364,6.580675143842428,0.19056048221359356,0.010258722414498989,0.136746375974917,0.4255587355923762,368985.4124839541,-0.3371737660413768,0.8214947747009856,1.005560091665622,4.923347990688328,0.1746660428895797,0.10478706877494653,0.1887666497791083,0.5502570406863847,554736.1316331232,-0.3561721824797633,0.9143453651303349,1.169234637138021,8.588941004116803,0.21434597754885407,0.04145364996404244,0.08604131472233223,0.31997212745888226,228517.88807559517,-0.2769915590233551,0.8041352463451961,1.0311507423178172,2.7912798254498488,0.1102172536668153,0.9686774330950048,0.19902537219360728,0.8140214039079409,590351.729487519,-0.25138511370481675,0.9557990150943774,1.1119376955450464,9.557618437211808,0.21409612266585823
to_end,2014-03,2014-03-03,,3115,149,12.37,0.16019837532434567,0.5408087785731908,452104.6787892811,-0.3085846238254339,0.8743182985153117,1.0939968589454785,6.27610714524567,0.1908747349573833,0.006761079942816828,0.13354636458401736,0.41732930122067075,364875.5344841764,-0.3371737660413768,0.8044002726228808,0.985900440851847,4.709015210447654,0.17492844913288408,0.10478706877494626,0.18519418922431496,0.5420357465282405,553839.1425250024,-0.3561721824797634,0.8990475869581409,1.1508477400972665,8.168087394750854,0.2147361915248652,0.029733758350745876,0.08403178143165979,0.31336793754376735,226151.68838178975,-0.27699155902335676,0.7860273573846964,1.0086538613252796,2.7111793023082953,0.11042907444975905,0.5950134990269422,0.1919552691671318,0.7903167091247475,587890.7971019944,-0.25138511370481714,0.9287813453088868,1.0812100067049053,8.763100893777796,0.213908103117713
to_end,2014-04,2014-04-01,,3094,148,12.29,0.1622864552893748,0.5469094186110293,447407.6440890074,-0.3085846238254337,0.8821726578658762,1.1028344558010788,6.3372475251863065,0.19130930402779528,0.006055904310482196,0.133748098515319,0.4180687459357675,360929.27126939065,-0.33717376604137683,0.8039611918188364,0.9847352162559292,4.670273907949369,0.17533410190167792,0.10478706877494676,0.18924337292604254,0.5519068320197986,548525.8197056907,-0.35617218247976373,0.9133936165489117,1.167895666792528,8.397643207522531,0.21521265019204083,0.02828099451805044,0.08389612057813345,0.31304401361334705,223550.15644826033,-0.27699155902335454,0.7829412124738273,1.0056378930520407,2.6888757698230723,0.11074975744310794,0.5403737929276584,0.19529927723652474,0.8015279706287496,581451.5040771699,-0.251385113704817,0.9416746110669622,1.093371277371966,8.93801700045019,0.21397221255206103
to_end,2014-05,2014-05-01,,3073,147,12.21,0.16329430998724304,0.549825760540831,438611.86733024847,-0.3085846238254336,0.8860776836195956,1.1079088638237475,6.324820790298515,0.19148182898923544,0.005696685324127371,0.13407664193933133,0.41907646531476805,355473.6274498517,-0.33717376604137683,0.8045921335767465,0.9858535754280632,4.638032408938846,0.1756189057446342,0.10478706877494709,0.1909651242174708,0.5560062538399194,535033.5588790847,-0.356172182479764,0.9199156732178936,1.1765043110884092,8.424549275425093,0.21527403724934135,0.029687892245456093,0.08335342020951719,0.311338667536941,220280.9491795497,-0.276991559023355,0.7768653484992613,0.998155884986862,2.6546224891253063,0.11100788968372079,0.5047686238579985,0.19666180954159818,0.8054043701415414,564199.2432060095,-0.2513851137048169,0.9496035654633497,1.1038870517434005,8.929317899283092,0.21321178282180966
to_end,2014-06,2014-06-02,,3052,146,12.12,0.1612945326639259,0.5445621763879339,431082.41782595246,-0.30858462382543334,0.8752781645506066,1.0952231159709407,6.116801637653292,0.19198869702925622,0.0040885891083704,0.1329108277609361,0.4162758865179664,350375.2072545761,-0.337173766041377,0.7970314670570371,0.9773536411756164,4.532840926401588,0.17610008408793648,0.10478706877494631,0.18808581252637246,0.5495367969734836,524260.48244186136,-0.35617218247976307,0.9069085414790178,1.1605426674299237,8.062878973815208,0.21582079270284665,0.02422754332759136,0.08165837023121703,0.3058117812232848,217853.5042486345,-0.27699155902335465,0.7608876214058077,0.9788480437450604,2.587433368824208,0.11132692879435002,0.34254662348393516,0.19217440163474286,0.7906636069722199,550123.2541871795,-0.25138511370481675,0.9311360848066091,1.0815838312143975,8.405425597299143,0.21346080769950337
to_end,2014-07,2014-07-01,,3031,145,12.04,0.16002587444285998,0.541399190507903,427017.6103421328,-0.3085846238254335,0.8674330439483268,1.087616886840237,5.962149811084814,0.19259984007737166,0.002453291789578982,0.13196596599355792,0.4140876058228181,348536.7126836388,-0.33717376604137683,0.7903781490102368,0.9706382606461423,4.441153709887539,0.17664895936353678,0.10478706877494676,0.18646711037884667,0.5461275841474954,516869.38652169384,-0.35617218247976357,0.8983950150713097,1.1522757399493735,7.818637966407942,0.2165143954441628,0.01807053978616946,0.08122096602011997,0.3044794664365065,216339.9005323957,-0.2769915590233546,0.7554093658835249,0.9726703634090728,2.558088532027146,0.11164574588005709,0.19668329276170216,0.18892040216842565,0.7802671399990665,545379.9780595062,-0.2513851137048168,0.9164655548574792,1.0659021980800965,8.015321259169644,0.21402609478247192
to_end,2014-08,2014-08-01,,3009,144,11.96,0.16136995815892985,0.5454397182724925,417469.60576480604,-0.30858462382543345,0.8718389912630552,1.0933487873832128,5.967325876986688,0.19305664459756072,0.004155399256101866,0.13427673863713308,0.42036361863117677,341796.54559464526,-0.33717376604137683,0.8004176346784617,0.9833045337439187,4.501644806363004,0.17707703861071478,0.10478706877494715,0.18678276331518173,0.5471876967133807,503719.0741778009,-0.35617218247976395,0.8980089565419914,1.152115656095292,7.727302283375463,0.21702794247728271,0.02638431014233933,0.08230464899781187,0.3082122869505924,212325.670808043,-0.2769915590233555,0.7627208361606466,0.9829784885160527,2.5712817823214276,0.11193112581313701,0.3293260593057852,0.1909381625712836,0.7870151104237192,526379.537420808,-0.2513851137048168,0.9243932666843307,1.0747060638429395,8.056628342681249,0.21402566434837192
to_end,2014-09,2014-09-02,,2988,143,11.87,0.1583045235397289,0.537232806580499,414763.37219697353,-0.30858462382543345,0.8561528875953313,1.0752617621982323,5.7115698549183085,0.19363572316032818,0.0008339314619028038,0.13158180376383477,0.41356850831247166,340037.2793025075,-0.33717376604137694,0.7852610649808803,0.9656362640985559,4.330739295670637,0.1775771876162303,0.10478706877494592,0.1833237360610689,0.5393995517820527,499746.1408841042,-0.356172182479763,0.8824791502875835,1.1344367049212127,7.35867367644546,0.21770385795994343,0.013880584618431668,0.07908893977670783,0.29759175733426624,211465.74568788466,-0.27699155902335426,0.734404263956421,0.9482859471495917,2.465837378667752,0.11224118494689117,0.06172605676812992,0.1841576675229717,0.7646485028282104,524484.2263635885,-0.2513851137048171,0.8963597349060152,1.0421861436171682,7.42039973321359,0.21444654790059545
to_end,2014-10,2014-10-01,,2967,142,11.79,0.1605654789431239,0.5438590514176006,407761.4506924704,-0.3085846238254337,0.8645623447225246,1.085600828143269,5.773087251613967,0.19411733788801583,0.0021877606279352424,0.13390944188377563,0.4199072891892152,334841.5134736683,-0.33717376604137667,0.7952519586587637,0.9773847155152502,4.391322686853115,0.1780337923630374,0.10478706877494709,0.1854988720953239,0.5448807319992993,490547.88467597443,-0.3561721824797641,0.8893028107929463,1.1432444456970174,7.414775499293792,0.2182286586211487,0.020403161401449266,0.08119270824226699,0.3047377339797279,208369.4559285383,-0.27699155902335454,0.750191182489367,0.9680540890282882,2.5070831427110214,0.11251769148791019,0.16271798420698058,0.18768663272325914,0.7766372062367485,523494.98114248045,-0.25138511370481703,0.9097059721943955,1.0563562944416236,7.577493483500772,0.21461333481879855
to_end,2014-11,2014-11-03,,2944,141,11.7,0.1594599232641516,0.5407871466672542,399658.8155659097,-0.30858462382543356,0.8595565983945634,1.0771071158559007,5.632098659786667,0.19414497955763665,0.007581354599915935,0.13276394900986688,0.41691389810036245,329429.3794176635,-0.3371737660413766,0.7895383379670402,0.9686125817544033,4.2902826893273,0.17804382938445507,0.10478706877494648,0.18442920787635408,0.5423915084142612,478894.1714873317,-0.3561721824797636,0.8849363656337041,1.13552966482681,7.22392248221647,0.21830356940078807,0.04394981816971,0.07946509570362825,0.29902681002967374,205240.22428450262,-0.2769915590233553,0.7350997963557627,0.9480494076793278,2.443210211308702,0.1126757247254279,0.559047202110122,0.19201056247627002,0.790527131076661,507738.7737902642,-0.25138511370481714,0.9288861838034141,1.0774435649589684,7.782969684326592,0.21394090707512026
to_end,2014-12,2014-12-01,,2925,140,11.62,0.15699998406320925,0.5342761968129713,397299.0307922897,-0.3085846238254336,0.8466086416082047,1.0633896062393193,5.433995513848132,0.1947410067764377,0.005493226389378991,0.1310376546916836,0.41267551625768967,326729.46753151814,-0.33717376604137694,0.7791382695593101,0.9576805240091512,4.175571442971326,0.1785862194246675,0.10478706877494703,0.18119901907727076,0.5351217468140772,477383.0672325708,-0.35617218247976384,0.870458476468029,1.1193526833416454,6.909781175021646,0.21895987644179588,0.03562867471777875,0.07739495840969757,0.2922229754195198,202981.87654091735,-0.27699155902335537,0.7163687468783699,0.9254485042528064,2.375639521017317,0.11299110674022683,0.38232524391507106,0.18669224546664975,0.7732262206078936,506948.7510960602,-0.2513851137048168,0.9060871511858077,1.0526804383502733,7.292106418936717,0.21452413394525763
to_end,2015-01,2015-01-02,,2903,139,11.54,0.15954439250337926,0.5415825082867544,396432.33039639855,-0.3085846238254336,0.8569227976956288,1.074721431227749,5.50275799413737,0.19502811109649557,0.006082529819605664,0.13234321269377336,0.4162021882920945,326483.36230026366,-0.3371737660413768,0.784952925837595,0.96327437593225,4.1861899250634345,0.17877818483364974,0.10478706877494715,0.1850194354686241,0.5444434446536693,475591.92038686073,-0.356172182479764,0.8839980256458946,1.1351857943320944,7.06814986872418,0.21936203961249037,0.04112461265193312,0.07688083927312772,0.29059769587626094,200341.56408608417,-0.2769915590233551,0.7108690635456031,0.9178099450868797,2.3472871363090686,0.11323197612213518,0.4294066358816231,0.19110196528822976,0.7875596148843196,509383.8456389245,-0.25138511370481686,0.9251226382978277,1.0710297771023873,7.497556504605803,0.21400488447811594
to_end,2015-02,2015-02-02,,2883,138,11.45,0.16332634274883606,0.5522325888501173,385329.39429327106,-0.30858462382543367,0.8731340315399606,1.0922972020461348,5.644911813185225,0.1951710499634324,0.008924737970859242,0.13630337452666952,0.4266039242421505,318642.7280926481,-0.3371737660413768,0.804221079974473,0.9840671509095218,4.314010292505818,0.1788558585772481,0.10478706877494653,0.18860005937368451,0.5530508257908473,460330.6025767553,-0.3561721824797635,0.8971079952779195,1.1499359025494262,7.218462157409767,0.2195736975715368,0.05599103929896909,0.07551126434113975,0.2861167270077483,198349.97441986788,-0.2769915590233548,0.6981784456211482,0.9018619935124716,2.2998008763368194,0.11351241043545506,0.644969780343124,0.19752479734454376,0.8082755911309101,486991.341148585,-0.251385113704817,0.9530990345768886,1.0991269774040764,7.863431937752891,0.21318713377091383
to_end,2015-03,2015-03-02,,2864,137,11.38,0.15813620299590436,0.5380423547855102,383846.51546493475,-0.3085846238254334,0.8485810452033834,1.0627836948187042,5.304364297285316,0.1956579145764957,0.00494424400489768,0.1318083664656322,0.4150618911545361,317152.2387758931,-0.337173766041377,0.7806630917549475,0.9555662971903547,4.084447101893343,0.17926808947279033,0.1047870687749467,0.1826858601982717,0.5393885984831459,459033.6613200642,-0.3561721824797636,0.8726778045661701,1.1202062456659079,6.7323481431279415,0.22014449470494815,0.04073420828006935,0.07527974308036334,0.28544075311975436,196982.6828783522,-0.2769915590233553,0.6950137871869433,0.8978179357873743,2.2816233023948933,0.11375987163571877,0.32688845491484386,0.1876301042031694,0.7754454804888711,487866.3949136659,-0.2513851137048169,0.9134120128462394,1.0525550598988724,7.059236598042785,0.21341459006779673
to_end,2015-04,2015-04-01,,2842,136,11.29,0.16149293860871738,0.5476596050051934,378428.315287089,-0.30858462382543345,0.8621369052290699,1.0783169218231152,5.410563162988342,0.19602377785928318,0.006544850076286135,0.13448501763746812,0.42221741392327455,313398.88399125444,-0.3371737660413767,0.7929115392933354,0.9685097660418978,4.149619656872895,0.17954163672234738,0.10478706877494631,0.18673239033398237,0.5492793667573423,451476.17120789684,-0.3561721824797633,0.8867644576606786,1.137713676408173,6.895000640437419,0.22062006337643053,0.05001183099024453,0.07634069069103933,0.288987948199782,195750.4696062487,-0.2769915590233551,0.7038635303899973,0.9076902921352024,2.2925682914501806,0.11372548634032165,0.44121307111535923,0.1932772404102685,0.7940479554804742,479083.85324759857,-0.251385113704817,0.9367762886509231,1.07667778084963,7.336213711552778,0.21308378317624038
to_end,2015-05,2015-05-01,,2821,135,11.21,0.16128737302666551,0.5474289138637033,372750.24929235375,-0.3085846238254336,0.8594114544939161,1.075294950799431,5.332905736142897,0.19656259475302634,0.006067052007132423,0.13455887976073222,0.4226907362110837,309427.13505437045,-0.3371737660413766,0.791488712050684,0.9670022601038472,4.109209131881107,0.18006602650066184,0.10478706877494637,0.1862263766408625,0.5484315539538193,443616.6752102949,-0.35617218247976346,0.8831369891370073,1.1332477959278182,6.764953513586843,0.22118433030800852,0.04896771847090353,0.07767220072060432,0.29358829230933153,194206.32816292174,-0.27699155902335537,0.7130004281032903,0.9189390488715534,2.3103104120173885,0.11405530150114511,0.39758438520499073,0.19229342864799492,0.790968355032865,469649.8169531388,-0.2513851137048171,0.9321047076079109,1.0703929495345545,7.162537898791833,0.21332117330158343
to_end,2015-06,2015-06-01,,2801,134,11.13,0.16069691203318515,0.5460675700913935,371622.6122543001,-0.3085846238254336,0.8553166622437669,1.069750708421487,5.240285165693619,0.19701247869750507,0.005292194995203614,0.13427773619591665,0.4221839144095561,308353.63209315663,-0.33717376604137705,0.7886732570105502,0.9630674631125454,4.057051867854078,0.18049216087677764,0.10478706877494731,0.18530018279424998,0.5465524277077477,442524.70456189197,-0.3561721824797643,0.87810224404305,1.1266566523178558,6.616190249868214,0.22169032403331193,0.0472544216615608,0.0783939729481844,0.2960542028474212,193976.22183809767,-0.27699155902335515,0.7182548326242205,0.9243324028875266,2.3137902141643085,0.1141718948169295,0.33585908867097913,0.1905923777894536,0.7853046902597354,471118.3991409951,-0.251385113704817,0.9253566657046108,1.060164878608926,6.952049338539193,0.21333818209819588
to_end,2015-07,2015-07-01,,2779,133,11.04,0.16447461360518534,0.5569168484182475,364159.2021563933,-0.30858462382543345,0.8701522827760177,1.0876685050095187,5.361264336071332,0.19750103467283275,0.007232096027748991,0.13752450116138615,0.43090343754388505,303533.7431877147,-0.33717376604137694,0.8029906343097613,0.9801123757531113,4.141167741486675,0.18093527947774324,0.10478706877494592,0.1896068735061256,0.5570974581003638,431564.5609546157,-0.35617218247976273,0.8927536484037709,1.1448534937035604,6.784731322558953,0.22225909449971018,0.05712433658412608,0.08180095327988379,0.30756035989708386,190748.75849318007,-0.2769915590233544,0.7443609780935677,0.9551663434967886,2.37995911059723,0.11444934123208222,0.4689854790675243,0.19683896953387459,0.8061414864360175,459161.6114146783,-0.2513851137048168,0.949877984987897,1.0864463310149621,7.253716801626477,0.21334526374192198
to_end,2015-08,2015-08-03,,2757,132,10.95,0.162324545848757,0.5512324129592738,368040.937792747,-0.30858462382543345,0.8591825304840219,1.0739352127633037,5.184572666421001,0.19798103517956345,0.007091258335357953,0.13637214525264074,0.42812990318840377,306218.7837265179,-0.33717376604137705,0.7959099439870162,0.971248480704183,4.0496881468961154,0.18136998149544306,0.10478706877494642,0.18641305057614455,0.5498731551979367,437003.03653287055,-0.35617218247976334,0.8790984027202778,1.1274756024435686,6.488977432964407,0.22278452692877945,0.056445735685724197,0.07934388879360266,0.29947718982216937,191073.83489266393,-0.27699155902335443,0.7228351618839193,0.9283781242337174,2.305602350240099,0.11476012523322321,0.43715908460602826,0.1935043089115025,0.7953530347619471,464874.2608285572,-0.2513851137048169,0.935544138406002,1.0690313987009463,6.926136517570435,0.21371510425982115
to_end,2015-09,2015-09-01,,2736,131,10.87,0.1708393400549162,0.5743378243328688,366993.4397897121,-0.3085846238254335,0.8991738707307024,1.1233618954574036,5.542236309413792,0.19710517313681614,0.007136500068294804,0.14409538325254756,0.4477899768857717,305571.3534743594,-0.33717376604137683,0.8362104660126288,1.020127191903389,4.3125368250690075,0.18055625830910912,0.10478706877494642,0.19573013319223898,0.5712984338701321,435429.1152708934,-0.35617218247976334,0.9169918847410449,1.175756683960143,6.964251708265814,0.22190012084595262,0.05521400971845203,0.08388956237948908,0.3145268899534622,189719.13514443816,-0.2769915590233542,0.761179762995911,0.9791960441249419,2.397935590461604,0.11445560935576851,0.46478695102736634,0.20286663326053378,0.8264347708574243,459671.02409026446,-0.2513851137048169,0.9722058944594969,1.1118144852712128,7.42903865929318,0.2136927990516963
to_end,2015-10,2015-10-01,,2715,130,10.79,0.17488741613521097,0.5853366817325347,352245.6211347634,-0.30858462382543345,0.9177996415459823,1.1444603102943975,5.677096662440175,0.19680319273104907,0.004716497665352648,0.14803821235612524,0.4578094952365942,295188.1979014733,-0.3371737660413769,0.8565911186436618,1.043902660706896,4.425458040563765,0.1802042401313268,0.10478706877494681,0.19986778678272743,0.5808719996280277,415176.2781881549,-0.35617218247976373,0.9332557543053227,1.194016369784327,7.121444800351972,0.22168676367058662,0.04270749173595567,0.08521065891561674,0.3189882793920324,185663.81075506183,-0.27699155902335637,0.7709591939995667,0.9909120147106899,2.4133572649900423,0.11460666337034006,0.3074553029037155,0.20458428444808008,0.8328201976620798,454468.81299252575,-0.2513851137048169,0.9759632460412784,1.1197774799812021,7.428900103255687,0.21451484052719666
to_end,2015-11,2015-11-02,,2693,129,10.7,0.16605435987407446,0.5611141628532972,348102.7619692242,-0.3085846238254336,0.8780939506775797,1.0944782603067644,5.164056139047797,0.19718983684330815,0.016808939777946064,0.1405872841444118,0.43866874733480765,292021.3450153835,-0.33717376604137683,0.8192501658421738,0.9974179063359413,4.078537328921314,0.1805402058496797,0.10478706877494687,0.1896069879557738,0.5570193909294344,409887.58345839503,-0.3561721824797638,0.8931519449445953,1.14266551215588,6.394405480233288,0.22212884747532222,0.08679779693139555,0.08108849011527441,0.3053617271662603,184104.8653860203,-0.2769915590233545,0.7362062029719731,0.947199812554539,2.3006918219479826,0.11488985087655756,1.0344002884766548,0.20641592773371986,0.8396190520533295,450616.7485753158,-0.2513851137048169,0.9799497418759908,1.128605171837775,7.4288057687099425,0.21538628140775276
to_end,2015-12,2015-12-01,,2673,128,10.63,0.1668584112056808,0.5636377603054279,346325.1736501654,-0.3085846238254336,0.8800395022590723,1.0965751463213924,5.138912335799909,0.1976387943850021,0.018619440319591396,0.1413178598079592,0.4407765975860199,290677.4862194139,-0.33717376604137717,0.8214321545982592,0.9990418437977483,4.063686054833467,0.18092584342972087,0.1047870687749472,0.19047195848163967,0.5593968223379091,407601.6245174427,-0.35617218247976395,0.8948071087077424,1.1451127534786152,6.355709723395347,0.22266428724742415,0.09421989431908595,0.08182809038984473,0.3079406182282718,183024.50741069086,-0.27699155902335443,0.7407318829651567,0.9525309408610731,2.3031460555823755,0.11515226209545633,1.137291265356823,0.20909139880123107,0.8487333883535637,450041.9769644814,-0.25138511370481675,0.9890270030268283,1.1380746028222772,7.49300098875217,0.21572610119174618
to_end,2016-01,2016-01-04,,2651,127,10.53,0.17021221315194124,0.5730023072783518,349596.3925370211,-0.30858462382543367,0.8942554485130568,1.11147539240479,5.225562350847556,0.19772840270261324,0.020350727352528963,0.14446550060909025,0.4489580656981634,292332.8231958256,-0.33717376604137694,0.836607002634442,1.014488047266937,4.135148980662669,0.18094144721407057,0.10478706877494703,0.19401897171227023,0.5678784897542682,413149.1401564531,-0.3561721824797637,0.9075762093248155,1.1593717693907757,6.458711526510837,0.22286009593570275,0.10258584251874281,0.08366041294023607,0.31405967208281066,181787.81495131616,-0.2769915590233555,0.7553285089257995,0.9700391519826889,2.3284719728956262,0.115170918571971,1.25668608516008,0.2143696990647992,0.8658677679882308,452173.3499760218,-0.25138511370481664,1.0101620518435583,1.1580256616076698,7.715397611670917,0.21547658310051693
to_end,2016-02,2016-02-01,,2632,126,10.46,0.17842902534738503,0.5953118462307145,346668.5718911282,-0.30858462382543334,0.9318496893129277,1.15670354510106,5.555520090487967,0.19713917838334866,0.017602394407647104,0.1511960093821776,0.4660959547656,289362.13045218406,-0.3371737660413771,0.8708936923293282,1.053939725758988,4.351812850323435,0.18045294137408963,0.10478706877494676,0.20377334876707787,0.5903123438418318,410609.46137371333,-0.35617218247976346,0.9462891163401523,1.2084393589702613,6.9381693221093315,0.222186678701388,0.08860929005202078,0.0851209742098582,0.3188878280961416,179530.02348105717,-0.2769915590233545,0.7675268077711611,0.982159492402123,2.3471975882124108,0.11508293360387377,1.1359021628811075,0.22137574317472497,0.889222450307977,446479.45295689045,-0.2513851137048167,1.0348984063921731,1.185426403319762,8.074071484990439,0.2159992569307691
to_end,2016-03,2016-03-01,,2612,125,10.38,0.1808456588228775,0.6019298496659399,335264.35736535577,-0.3085846238254334,0.9423975982885853,1.168159262292982,5.6012840627474745,0.19709971307841093,0.01589774018861978,0.15252971006758842,0.46951893951621687,280548.6721239494,-0.33717376604137683,0.8774163387775322,1.05934046876364,4.355411719446519,0.18042685332826408,0.10478706877494703,0.20732036631098105,0.5985395094817754,396182.85911773366,-0.35617218247976373,0.9597414537893802,1.2244566195040631,7.048504547953903,0.22212557616509415,0.07901605994161387,0.08448602071923816,0.3168663951982892,176038.6982873568,-0.27699155902335476,0.7611919480451288,0.9737338715976185,2.3179236282833315,0.11530510409823856,1.0235646999109287,0.22321810649960083,0.8959360132819391,440954.0825914053,-0.2513851137048167,1.0387575137309941,1.194376283978902,8.072069247864832,0.2168215137738553
to_end,2016-04,2016-04-01,,2590,124,10.29,0.17497539746511448,0.5860806385589314,333162.98280377086,-0.30858462382543356,0.9153402751842169,1.1351579798338711,5.244935696945092,0.1975827769019337,0.023920545835532714,0.14663433173385587,0.4545418157741232,277355.59087533783,-0.3371737660413768,0.8473272477712291,1.0235032066372567,4.0809036182740455,0.1808741265561491,0.10478706877494665,0.20148077725975688,0.5852544953483338,396125.1792746742,-0.35617218247976357,0.9361785487292735,1.194750955157554,6.5964736397438095,0.22266198173121055,0.10736203870507754,0.08110760112227977,0.30575587235976226,174492.01192946173,-0.2769915590233549,0.7321061314419833,0.9381031285039069,2.228934168573715,0.11568240194719359,1.481551708502943,0.2254013230952896,0.9038243623478062,436388.3631518659,-0.2513851137048169,1.043540587434351,1.2019218927504554,8.078025348246753,0.21772798569972296
to_end,2016-05,2016-05-02,,2569,123,10.21,0.17815979898396161,0.5952078337631495,326154.54039601784,-0.3085846238254336,0.9270390637241682,1.1481017507703535,5.319701431529714,0.19812755758305625,0.021096073816320393,0.1474747166088366,0.4569919915257993,273082.319558289,-0.33717376604137694,0.8494878671714187,1.0257850864143951,4.064882250854059,0.18138659395639103,0.10478706877494665,0.20711369103782196,0.5987504656911804,385364.5798534788,-0.3561721824797638,0.9553524877266683,1.2173276825910768,6.813609435208631,0.22322468708221657,0.09756694702482605,0.08182776896481303,0.308315772291773,172294.57804029973,-0.2769915590233552,0.735879577456749,0.9422840651579051,2.2295802428644986,0.11605277419675011,1.3162682132396668,0.22820976485414235,0.9132046901834363,429580.0617913961,-0.25138511370481714,1.0529194347514943,1.2091648863269793,8.129877648448298,0.218028139001648
to_end,2016-06,2016-06-01,,2548,122,10.12,0.17627593379197837,0.5903562969803048,323604.4389109215,-0.30858462382543345,0.9170592729669169,1.1352100049851714,5.163289459830568,0.19865114632913725,0.02560926671239372,0.14686151114385115,0.45566753944251076,269993.77873439784,-0.3371737660413767,0.8447700532544201,1.0195479593225598,3.9968892155468696,0.18187095973011166,0.10478706877494603,0.20388432242404053,0.5915976083523028,383990.5402506949,-0.3561721824797628,0.9414326175488987,1.199250009461629,6.528320253468186,0.22381911077741382,0.11341838731973652,0.08106430279956744,0.30592990649554114,169392.89553911125,-0.27699155902335504,0.7277399634548558,0.932872485229562,2.1992598752856036,0.11644269382950533,1.5483484899060347,0.22949358913643425,0.9180193712712503,428487.2085021853,-0.25138511370481675,1.0548510048686353,1.2110533756913704,8.07666874337422,0.21877630391885264
to_end,2016-07,2016-07-01,,2526,121,10.04,0.17908867566410125,0.5981265287472743,314357.7031103163,-0.3085846238254335,0.9289150538670599,1.1509959332745918,5.213965704439373,0.19869701659491545,0.02636612648735115,0.1478336637810087,0.4581804524313753,264262.3813868409,-0.337173766041377,0.8494147678786225,1.026141178010278,3.9830454834988536,0.18187396136124656,0.10478706877494648,0.20860666050409282,0.6026828641687859,369951.79981470207,-0.35617218247976323,0.9584620449162427,1.22223155262092,6.6805004713083695,0.22396178566769395,0.11503229809785931,0.07857221931659186,0.29771481896594154,166569.85724273487,-0.27699155902335487,0.7064769585528231,0.9060343210293826,2.134393180595663,0.11672637140021624,1.6133499306920909,0.23497278699144397,0.9361065563556858,406996.39095439034,-0.25138511370481675,1.073494343014102,1.2316515859263584,8.29385040200046,0.21921238303740856
to_end,2016-08,2016-08-01,,2506,120,9.96,0.17442695192213375,0.5857080482110923,310290.19473096,-0.30858462382543356,0.9066062591166231,1.1252439069362963,4.9474438088442385,0.19935941971640297,0.023312702230353866,0.14496554993225375,0.4510816073733492,261475.7335842225,-0.3371737660413766,0.8335000716146854,1.0079782621683488,3.842889983065159,0.18247495054851057,0.10478706877494631,0.2020579182800386,0.5878845159933985,364226.96619738056,-0.3561721824797631,0.9318396982026627,1.1906626689299094,6.2346723710189424,0.22470400382307906,0.1041071588331377,0.07596204089240577,0.2891065413589359,165259.46613254485,-0.2769915590233553,0.6840816642327433,0.8780406735527666,2.071109224883317,0.11706215178955064,1.312267446867506,0.22537062051039247,0.9054851035564884,400857.321818845,-0.2513851137048168,1.0359468570358004,1.1889154009775516,7.546939817886448,0.21972698133076082
to_end,2016-09,2016-09-01,,2483,119,9.87,0.17548121516052295,0.589168741987187,305717.01352039084,-0.3085846238254333,0.9080935290976156,1.128649262400839,4.918667727264954,0.20020890887361048,0.024172009209532996,0.14626282446931738,0.4548598789702159,258784.22826700346,-0.337173766041377,0.8369546699274403,1.0125942024931145,3.8382888014235768,0.1832438767882241,0.10478706877494703,0.20283294641970673,0.5903044121927532,357102.1207542019,-0.35617218247976395,0.9316885120223045,1.1928712859468744,6.169883658751956,0.2256655610808838,0.10723786316222494,0.07704168855538507,0.29290174727875745,164061.08194660294,-0.27699155902335476,0.6906469906841005,0.8862308592314012,2.077746622370376,0.11747146185208944,1.3362841942285355,0.22700495562923972,0.9115255324301472,392685.98133889533,-0.2513851137048169,1.0389263751845295,1.1923584144687827,7.506167852980491,0.22055841018965067
to_end,2016-10,2016-10-03,,2462,118,9.79,0.17577866307531398,0.5902629436317759,303966.15084930573,-0.30858462382543356,0.9078671282563459,1.1284728173157805,4.86485278433714,0.20063075614218492,0.024767691673102332,0.14759140626327882,0.4584780621160332,257519.61737278165,-0.337173766041377,0.8420824378566453,1.0188647483179132,3.838064841603443,0.18357677099226227,0.10478706877494631,0.20203245262990932,0.5887752393417441,354751.2319336755,-0.35617218247976323,0.9270637849095594,1.1871620846887405,6.036268092939883,0.2262038118626886,0.1123676533877419,0.07836934338053525,0.2973738837974752,163857.21893884643,-0.27699155902335443,0.7008497904116704,0.9008086292196663,2.0899389294997803,0.11752882973327189,1.3309939037137664,0.22680014430301165,0.9105581637311715,392813.8472797769,-0.2513851137048169,1.0394314382973013,1.1921685454940385,7.3672619966536494,0.22021728330574025
to_end,2016-11,2016-11-01,,2441,117,9.71,0.17937219129786364,0.6006366447318799,298412.98460999725,-0.30858462382543367,0.9204647460990996,1.1440611706504635,4.943640130906244,0.20136266364991548,0.027465658071658128,0.15102770440431423,0.4677198208948711,251871.36177707708,-0.3371737660413769,0.8559087665494417,1.0354476958485266,3.9057807699320817,0.1842519432288257,0.10478706877494642,0.20576274621018564,0.5980018180939646,349905.02543597127,-0.3561721824797632,0.9382072112529924,1.2015638034285294,6.125529942679524,0.2270197991688207,0.12283600351296586,0.08222501870720289,0.3104229491640901,162893.8886885618,-0.2769915590233542,0.7292714009692611,0.9367448683250615,2.149895798208985,0.11790471494056709,1.493396308190257,0.23322840428184377,0.9318635708307584,382447.66355944675,-0.25138511370481675,1.0610432147659583,1.2145945587491191,7.618926250869781,0.2207795370166317
to_end,2016-12,2016-12-01,,2420,116,9.62,0.17856016373984063,0.5987786745459096,293436.25158768275,-0.3085846238254337,0.9150203681575445,1.1359390978416073,4.8439916476836835,0.20193418471273603,0.024193541030705257,0.14810026233862028,0.4604612678987989,247662.6904223175,-0.337173766041377,0.8401520930803623,1.0160964077693377,3.767008910086729,0.18479446887335782,0.10478706877494592,0.20717520788638466,0.6016537360478251,344200.53770431894,-0.35617218247976307,0.9415930663403548,1.2043082012739366,6.09894253611627,0.22758485796644298,0.1123622308178921,0.08431296335494243,0.3175078828435658,160900.5696028252,-0.2769915590233553,0.7440780612809312,0.954501255671458,2.175686122421448,0.1181959367537907,1.2803201269096514,0.23136874891708992,0.9259303881217821,373194.60477308644,-0.25138511370481714,1.0539552971582469,1.2011315200233807,7.379262663025921,0.22084913518470695
to_end,2017-01,2017-01-03,,2399,115,9.53,0.17830982616107294,0.5985538371431374,286755.6004001325,-0.3085846238254337,0.9114882801763307,1.131982727187316,4.768470749162882,0.20264057661646864,0.022419103947341812,0.14706840906282026,0.4581575497596718,243715.1257493037,-0.33717376604137694,0.8329624961672487,1.0079338822641903,3.6921629521010693,0.18545697699904687,0.10478706877494737,0.20773595991521288,0.6034449780974206,333787.7949251102,-0.3561721824797643,0.9412578776748253,1.2047246764316057,6.0305983477175795,0.2283437089380339,0.10652906176144161,0.08390276427818888,0.31628881294643657,158759.13002079132,-0.27699155902335443,0.7390652760461601,0.9484352297412354,2.1532890367051913,0.11854072196216635,1.1540178904396852,0.2301550638625547,0.9224113111506316,359276.10545190953,-0.2513851137048169,1.0477869394362669,1.1923025850554538,7.184616238157265,0.2213049844474753
to_end,2017-02,2017-02-01,,2379,114,9.45,0.17570050448116126,0.5918671724079855,279669.09095994435,-0.30858462382543356,0.8979266678197548,1.1171980197317983,4.609293527108786,0.20340314559941733,0.02114967935320533,0.14623683247853947,0.45638285600290346,238296.24852779866,-0.3371737660413771,0.826688904187525,1.0008549280615724,3.6272557803609238,0.18614054880348613,0.10478706877494603,0.20324832853274954,0.5935384670336388,324723.8436442813,-0.35617218247976307,0.9223268089354026,1.1835430934491407,5.735773398393529,0.229204972837204,0.10181723027767364,0.08301576948513967,0.31350807803899183,155973.67300693283,-0.27699155902335454,0.730041594089768,0.9380054544215349,2.1230920244984968,0.11895088171066301,1.0255443657415126,0.22439800788595488,0.9043323885716972,344625.50836721575,-0.25138511370481703,1.0241440392130763,1.1663322084991052,6.7613177641350415,0.22197629593462584
to_end,2017-03,2017-03-01,,2360,113,9.38,0.17212916069652273,0.5825145916953676,275584.756068443,-0.30858462382543345,0.8803798401455217,1.0983655239303651,4.425483814193928,0.2041789667984997,0.017404957700852375,0.14278450521318797,0.44781606616030095,235761.63120497446,-0.3371737660413768,0.808156454287878,0.9810017764772023,3.4901225339203346,0.18683489900993522,0.10478706877494665,0.19954472710157112,0.5854423030159752,318584.427150377,-0.3561721824797634,0.9062780376094088,1.1664985311007083,5.4953491173481215,0.2300819992628431,0.08770640800910223,0.08029436989454308,0.30460491588136385,154600.39558891297,-0.27699155902335393,0.706781490922034,0.9104467570276686,2.061220948464705,0.11937634420234677,0.7936984253678734,0.2169496848024235,0.8807186829491286,337793.81859468436,-0.25138511370481675,0.9939844456185111,1.1341629434365315,6.289047542715995,0.2227394676355889
to_end,2017-04,2017-04-03,,2337,112,9.29,0.17261258359562714,0.584419345932085,270843.1676853678,-0.30858462382543345,0.8795771449550546,1.0988814575147945,4.378507803643211,0.20503354942217564,0.01776788395942952,0.14413241255018772,0.4517260390882996,232602.1373412987,-0.3371737660413769,0.8119969639075202,0.9855402095729922,3.485763888726046,0.18757480210936245,0.10478706877494592,0.1990971455958197,0.585041416688963,311811.48828643997,-0.35617218247976307,0.9017401018105276,1.1634631810289486,5.386174254883327,0.23108152538051815,0.08963530618955473,0.08130307420236127,0.3081795207354701,152622.19700251255,-0.27699155902335487,0.7122571481810743,0.9174949171133746,2.06453415065068,0.11984874581544622,0.7871896453264764,0.21686502955524922,0.881039824945908,329197.3344664562,-0.25138511370481714,0.9913754080000823,1.1312407699704616,6.173363900209804,0.22340709158732824
to_end,2017-05,2017-05-01,,2318,111,9.21,0.17179738002485956,0.5826546057151213,265503.6809995822,-0.3085846238254335,0.8737876290637159,1.0925652134102113,4.298668140761041,0.20576882338951752,0.017013534138777375,0.14416659030391887,0.4521778269735799,229177.41060891876,-0.3371737660413767,0.810002322842022,0.9830023637111941,3.451503929603792,0.18822476990701584,0.10478706877494626,0.19737567857028826,0.5815558148486084,304010.97308542515,-0.35617218247976334,0.8930953361679792,1.1543785718237407,5.243192498430025,0.2319282112670969,0.08710163828071182,0.08054194665235093,0.30582661315051596,150510.8934909384,-0.27699155902335504,0.7042427183628052,0.9083546444814052,2.039152022986649,0.12028720803010573,0.7265938113949533,0.21438921270906564,0.8734803166852242,319547.7421344934,-0.2513851137048171,0.980196974448691,1.1176566673772153,5.969786309824978,0.22401614619585702
to_end,2017-06,2017-06-01,,2296,110,9.13,0.17021473615262384,0.5788055798991164,263314.0597604799,-0.3085846238254337,0.8646569395853945,1.0847988638543247,4.187695808034714,0.20656805487142116,0.016286457087083317,0.14388324994855717,0.45186674726750903,226342.17742426385,-0.3371737660413771,0.806201206442562,0.9802889433208322,3.403471835239156,0.18898211973329257,0.10478706877494581,0.19442143152723812,0.5751807733301812,302991.90793166665,-0.356172182479763,0.8800074891533457,1.1415894816836143,5.046512476900813,0.23279732716196244,0.08481220092939767,0.07943519308495062,0.3023537106404101,148807.99921094932,-0.2769915590233555,0.6932258692683686,0.8961654913947608,2.0065854946302832,0.12081116617181777,0.662762313158205,0.21070788861432144,0.861880829124498,318159.75473907724,-0.2513851137048172,0.9648196900827434,1.1038461300940454,5.709274790059018,0.22456425014593437
to_end,2017-07,2017-07-03,,2274,109,9.04,0.17308706399300844,0.5872267532033892,257725.5506011461,-0.30858462382543356,0.8742671765271055,1.09633963813228,4.223017990250071,0.20726975872218442,0.016257893864438655,0.1445654864470305,0.45407349331014846,222544.47481550046,-0.33717376604137683,0.8068206066716389,0.9816828393382412,3.3819097923826167,0.18975924577649791,0.1047870687749462,0.19958821628996404,0.5876838056771695,295141.39356726845,-0.3561721824797632,0.8969275907724911,1.1628921517308768,5.166202647380429,0.23337070442417066,0.08605043827985104,0.0793836710373752,0.30237239419006273,147011.3500409639,-0.27699155902335454,0.6907670083251375,0.8942692795364846,1.9923814739756287,0.12124869871160276,0.6672866644702662,0.2158461101544027,0.8789351531568359,307702.528561544,-0.251385113704817,0.9829780290523421,1.12216908530341,5.833489311850695,0.224777367230175
to_end,2017-08,2017-08-01,,2254,108,8.96,0.1707990064370748,0.5814407621670044,253851.57713077444,-0.3085846238254335,0.862288017744671,1.0833858966161027,4.0976657728139205,0.20807859459692377,0.014511461877951382,0.14333390915919253,0.4513138008671121,220022.37933916695,-0.3371737660413768,0.7986743148712455,0.9737875209994189,3.3137971374256736,0.1905296953606724,0.1047870687749472,0.19619087275404534,0.5802704253780037,289548.2662645614,-0.35617218247976407,0.88241671345039,1.1457141085012383,4.964575384940842,0.23421608032242253,0.07949334374301553,0.07895036823876822,0.30111702638176796,144997.43734218538,-0.2769915590233555,0.6853890367151302,0.8889528063143147,1.973239467394552,0.12169274691889967,0.5654004193270925,0.21070233463199672,0.8626628597426496,301369.2670297141,-0.25138511370481686,0.9619100571934055,1.0985542466181704,5.529975804267934,0.2254478986508045
to_end,2017-09,2017-09-01,,2231,107,8.87,0.1711477934264387,0.5829175344982812,250294.25821034168,-0.30858462382543356,0.8613486225001261,1.0839210045391723,4.0497797047471655,0.2088345919475537,0.014531073037942654,0.14453715656977462,0.4548621677309464,216339.09843530267,-0.3371737660413768,0.801783923058282,0.9789857815450991,3.3041572574192233,0.1912829450839952,0.1047870687749467,0.1956271013262303,0.5794702569085144,286445.54339294496,-0.3561721824797638,0.8782131271486848,1.1419863310837512,4.863721835738524,0.23501264067335237,0.08090954239055315,0.07792110229007831,0.29790344351053893,143522.78101719427,-0.27699155902335476,0.6751359918111661,0.8770879313604295,1.9431135116039715,0.12222239705373285,0.5490026128702503,0.21015817436417294,0.8610917395639882,296362.67729553964,-0.2513851137048171,0.959122669539238,1.0962973135910414,5.412724448608774,0.2256913028284087
to_end,2017-10,2017-10-02,,2211,106,8.79,0.17168277854275593,0.5849684289134344,244645.65625513738,-0.30858462382543383,0.8609207464042761,1.0850562714889094,4.015376222503849,0.20967349589371054,0.0127969326595323,0.14333336374984396,0.45219340768459143,212506.00350699152,-0.337173766041377,0.793771041650856,0.9715230470891255,3.2389015039110824,0.19208026779485501,0.10478706877494731,0.19796392968828624,0.5855504196646969,278519.8778290108,-0.3561721824797641,0.8840545058557862,1.150386602758382,4.878097188757588,0.23590940325792342,0.07489542700883722,0.07830764474490226,0.2994285709983089,141603.7655057219,-0.2769915590233543,0.6757125059540294,0.8795401312103249,1.9376622322292847,0.12274330571972467,0.4766423731774534,0.21076086234781855,0.8637413759293341,286078.01115104184,-0.2513851137048168,0.9589499328646234,1.095996211904598,5.354739561935041,0.22642654903882603
to_end,2017-11,2017-11-01,,2189,105,8.71,0.16893412780111428,0.5779792987554002,239927.64046720503,-0.30858462382543345,0.8469241118290831,1.0699932416777496,3.8802410511014025,0.2105920967347742,0.010821370084623805,0.14180797239779586,0.44874593861600376,208320.07542805825,-0.3371737660413767,0.7840485823084785,0.9621128597530237,3.164336557455204,0.19297956980349515,0.10478706877494587,0.1939346512697404,0.5767033501090063,273362.00802618044,-0.3561721824797628,0.8672825938148307,1.1309792141428705,4.663287782481226,0.23683824893592947,0.0674095672451056,0.07739661907416728,0.29662336783429066,139424.76517471552,-0.2769915590233554,0.6663601131407549,0.8695655692447959,1.9108692822811069,0.12329995070071566,0.38019709130414014,0.20475602135436421,0.8446210459937853,278106.39077433426,-0.2513851137048169,0.9346921610599364,1.0687106988544908,5.043484873785366,0.22716052036196968
to_end,2017-12,2017-12-01,,2168,104,8.62,0.16732295613833603,0.5741116618914914,236561.603586367,-0.30858462382543367,0.8377434154574815,1.0601590393300213,3.7849150009984784,0.21147528939017016,0.007662140207622903,0.139281543948778,0.4426487215314524,205398.01209990642,-0.33717376604137644,0.7700892085381118,0.9465876844136116,3.0704845341831,0.1938081131606637,0.10478706877494676,0.1932750361070641,0.575773561363547,269586.7482839486,-0.35617218247976357,0.8624828762865538,1.1266821373370777,4.5731178608100995,0.23777228696754557,0.05617057311701479,0.07552249334387007,0.2905636083000943,137547.36148663252,-0.27699155902335404,0.6500556396884329,0.8504387623054941,1.870803004499695,0.12381042782286997,0.25888220511537874,0.200937176314687,0.8326017963697544,273228.31960985076,-0.2513851137048168,0.9186534494035686,1.0501186542356347,4.832000065925478,0.22783749126194963
to_end,2018-01,2018-01-02,,2148,103,8.54,0.167764319429911,0.5759487174741609,228653.48524207625,-0.3085846238254336,0.8369082923905132,1.0605550915521569,3.750791363848986,0.2123636722690926,0.006492975631885445,0.13905337742281487,0.44253425318883627,199875.4863430705,-0.33717376604137655,0.7666007661807942,0.9434983734160548,3.033688145886723,0.1946396968703241,0.10478706877494637,0.19439946431415578,0.5790651433334216,258718.19952584925,-0.3561721824797633,0.863914573421236,1.1301774295750815,4.545780849397482,0.2387352896273667,0.05226684384946689,0.07441510213374847,0.28705792634911675,135496.31093343606,-0.2769915590233539,0.6397362784193322,0.8386344164422803,1.843762929026683,0.12428968816011755,0.21499678232153574,0.20089243994604122,0.8331571034698736,257884.06798254309,-0.2513851137048169,0.9161814172707029,1.04659138238084,4.760777631719018,0.22860460738625324
to_end,2018-02,2018-02-01,,2127,102,8.45,0.15997395352282062,0.5547971438541401,228062.3539883176,-0.3085846238254333,0.8031416231580935,1.0194811539384636,3.4992406786301116,0.21316522889507197,0.0003030896575630937,0.1331338479620121,0.42750803352031663,200140.7792378248,-0.33717376604137667,0.7377214466121993,0.909496014484465,2.8718336670907694,0.1953914913778577,0.10478706877494653,0.18465513473597772,0.5566387605454997,256941.98405630497,-0.3561721824797634,0.8274145740856389,1.084404181740062,4.179756936848861,0.23961294423102683,0.029422606508663685,0.07265310527949764,0.2813264365948605,135532.91318052722,-0.2769915590233553,0.6247725767822068,0.8197139963127863,1.807552619365837,0.1247254619724769,0.009034633674715131,0.18495822439354082,0.7802841126134379,259975.36284802147,-0.25138511370481686,0.8568371805943026,0.9773618163024148,4.188791570523576,0.22892541875381767
to_end,2018-03,2018-03-01,,2108,101,8.38,0.1649995115562457,0.568278595946525,228204.48933670775,-0.3085846238254334,0.8256011813346332,1.049643992333489,3.587732927262611,0.2124052638523612,0.006364548145658455,0.13944502735107567,0.4434941834311201,199818.51729893687,-0.337173766041377,0.7685920449802398,0.9503559310262352,2.9801944509820943,0.1945565336273556,0.10478706877494709,0.1883128997739445,0.5648657569795545,257756.12591231122,-0.3561721824797637,0.8418634120425017,1.1039600676170234,4.234500479051263,0.23898112994763887,0.06343824836139045,0.0776671011312915,0.29795919575625973,134411.1660303246,-0.276991559023354,0.664145851940057,0.8727775051533172,1.8695473374919,0.12426815874372141,0.19350294694112335,0.19467744791960295,0.8087817665292589,263489.9049039577,-0.2513851137048166,0.9053016604038921,1.041692612634653,4.428003425992387,0.2245833684328301
to_end,2018-04,2018-04-02,,2087,100,8.29,0.171678012610613,0.5866869274601678,225202.740533789,-0.3085846238254334,0.8530933411234586,1.0825005528431535,3.7140923747613783,0.21221894028052782,0.010415174939404803,0.14477825109953257,0.4573265344017908,197342.72346465255,-0.33717376604137683,0.7927411226976171,0.9781694053662654,3.0641884594011244,0.1945130705345287,0.1047870687749472,0.19637371029249873,0.5836688824627633,254199.46564778368,-0.3561721824797641,0.8709270195662862,1.1401705658955668,4.414419154829438,0.23869579774412442,0.08923635538434505,0.07909726357047298,0.3028316333007593,133290.24103863238,-0.2769915590233554,0.6740038763579878,0.8848101922256707,1.8784490511129204,0.12445300267830173,0.3285435308834348,0.20678888523190353,0.8462494681090829,259931.61395738387,-0.2513851137048169,0.9601633749506312,1.103933167116163,4.742962685712873,0.22156075134003195
to_end,2018-05,2018-05-01,,2066,99,8.21,0.172827203658102,0.5899662290449147,219600.0945195105,-0.3085846238254337,0.8572646986085077,1.0865870384746306,3.6949550347334816,0.21236673708253861,0.010925015929771575,0.145632090325454,0.4596887469229998,193689.55740718456,-0.33717376604137683,0.7957685963747189,0.9811909501008665,3.0484331302247454,0.19477394146109753,0.10478706877494576,0.19781862455513477,0.5871149910032112,246173.33495093702,-0.3561721824797628,0.875762721209006,1.1449730650961594,4.392201685489106,0.2387793207542728,0.09332058474479377,0.08057894984635139,0.30789646803428516,131080.80680482858,-0.27699155902335526,0.6839345487257906,0.8967880408316641,1.8876866389265847,0.12469719925319118,0.33941733038686994,0.20874364048490635,0.852272684348621,250810.87102427045,-0.25138511370481703,0.9690833059537998,1.1115937103255393,4.731619015875976,0.22108384732891256
to_end,2018-06,2018-06-01,,2044,98,8.13,0.16911273487141099,0.5802833575036214,216474.69632012898,-0.30858462382543345,0.8397409532123167,1.064868964327786,3.551327535211343,0.2132401913976203,0.01023970297059762,0.14391741265194646,0.4556857329606515,191249.03432576044,-0.33717376604137667,0.7857671081134501,0.968692238071513,2.9760872794480715,0.1955353859014985,0.1047870687749472,0.19201129428267416,0.5741261629065567,242275.4144488768,-0.3561721824797643,0.8528492977579296,1.1166443903860133,4.156411708488889,0.2397701082697054,0.08951463296561724,0.07846395107912607,0.301040640115183,129548.16401962424,-0.27699155902335443,0.6661044246525313,0.8744285939948763,1.8453983729001464,0.1251841500353202,0.2986068491966192,0.20225099725327178,0.831473163729021,246545.24655087997,-0.2513851137048171,0.9423639307235468,1.0797875415904572,4.455018557685508,0.221803879575525
to_end,2018-07,2018-07-02,,2023,97,8.04,0.16975500044595737,0.5826392027739833,211677.78886467405,-0.3085846238254335,0.8398819198371291,1.0660487491167217,3.520876634033538,0.2140699721799296,0.010208571406311151,0.1446974248923214,0.4581911510073124,186957.8314608215,-0.337173766041377,0.7867504405520406,0.9709990015874516,2.9590748039332726,0.1963647276048139,0.10478706877494659,0.1924936722552575,0.5758365548033902,237051.3431086692,-0.35617218247976334,0.8523653501438456,1.1171325016034321,4.109343503435661,0.24062095255437013,0.09081633981555737,0.07847202700864164,0.30132890639878296,127645.79903979754,-0.27699155902335454,0.6636835979035859,0.8731960680432105,1.8339286622251862,0.12576107625056376,0.29105069791600613,0.20270224366156864,0.8332073608637902,238664.8504541241,-0.25138511370481675,0.943181689959403,1.079741122082089,4.400394201351667,0.2220737842773959
to_end,2018-08,2018-08-01,,2002,96,7.96,0.1669628384247026,0.5754449019475232,206219.38543266506,-0.30858462382543345,0.8264329394424857,1.0491227210676732,3.4098150239558507,0.21486734146817946,0.006411509529183679,0.14108436923574552,0.4493004253065756,183106.97352884454,-0.33717376604137683,0.768200828267496,0.9489993439062043,2.8533676371625307,0.19720405252135334,0.10478706877494653,0.19055748038457976,0.5717868793036365,229665.44820297603,-0.35617218247976346,0.8437015252687468,1.1054530305091617,3.9975563183022063,0.24138225973930605,0.07753653224221224,0.07712923788118653,0.29706603224047423,125476.25195181249,-0.27699155902335537,0.6516018557671825,0.8580264489152454,1.804470809069514,0.12628076896173185,0.17426073277278942,0.19696898991376344,0.8143108941188342,229161.20092797416,-0.2513851137048169,0.921238057510959,1.0511907955019646,4.171817051074996,0.222207099500662
to_end,2018-09,2018-09-04,,1979,95,7.87,0.162550492014494,0.5639163198446575,203825.07585648863,-0.3085846238254334,0.8058206089724762,1.025876754832726,3.2635515518015716,0.2159486906771705,0.0031333350194635567,0.13827255534109506,0.44256773490516166,180828.26839818974,-0.3371737660413771,0.7528612714247502,0.9317046155061097,2.765105704497612,0.19820680857175715,0.10478706877494665,0.18446685199678803,0.5581839085973352,227244.71959110707,-0.3561721824797635,0.819594951010659,1.0772689336512304,3.7790989143554676,0.2425705291437455,0.0640119125924824,0.07474131023555564,0.289346226557812,124539.4615640699,-0.2769915590233548,0.6314378043594608,0.833641560267201,1.7613080699439805,0.12692693063107752,0.07922396574823765,0.18760018701625158,0.7837057394924914,226437.2272787807,-0.25138511370481686,0.8836068636031414,1.008958719140228,3.8583228801037053,0.22296336136420333
to_end,2018-10,2018-10-01,,1960,94,7.79,0.1640090828449281,0.5686100555543825,207280.25065707494,-0.3085846238254332,0.8091787054465573,1.0307444595667445,3.2583218618055994,0.2168424835151528,0.0026939992742345265,0.13883438931852488,0.44455497936883626,183189.23453713884,-0.3371737660413768,0.7528760707578445,0.9328575716927318,2.74876612652111,0.19909289513658687,0.10478706877494559,0.18684352707105467,0.5644358921780794,232076.16284674464,-0.3561721824797627,0.8256862719342503,1.0855421093694704,3.789796087125934,0.2434779048899909,0.06339510171955076,0.07659575287269149,0.2958191323488211,125366.55828983698,-0.27699155902335443,0.6428394652343804,0.8488933756461658,1.7754092728591302,0.12746479811777073,0.0674245247339269,0.1895375263452892,0.7907503065199011,234324.29647128604,-0.2513851137048171,0.889081373653801,1.0133202126690433,3.857220611859861,0.22358229697209725
to_end,2018-11,2018-11-01,,1937,93,7.71,0.17838683584600568,0.6078420762588501,204218.48040390937,-0.3085846238254336,0.868248006618818,1.1053854395913232,3.5314647238937242,0.2160335722255864,0.007946419929827364,0.15126925196947427,0.4765943917475411,179992.99852644606,-0.33717376604137655,0.808388306652849,1.0006931592115815,2.952818623069382,0.19878457495888277,0.10478706877494681,0.2032475871819135,0.6020860738266162,229405.1656690317,-0.3561721824797637,0.885594169972431,1.1643013344589401,4.146191349822402,0.24214964170571923,0.09129303351459928,0.08514069982953099,0.3243656914878104,123331.36243964793,-0.2769915590233555,0.7049055623602581,0.9283958963528895,1.8739751403242852,0.12745900071785674,0.21517800588540759,0.21119400711174086,0.860674604257851,231102.38964860255,-0.25138511370481686,0.9768872034870303,1.1183768866581203,4.36136935570781,0.2214798008223481
to_end,2018-12,2018-12-03,,1916,92,7.62,0.17926978622359901,0.6101916103447657,208794.8597210281,-0.3085846238254336,0.8720751155340342,1.1069743624852155,3.5033816312060893,0.2159168920034693,0.0073345676410578875,0.15026421484410224,0.47409997688269223,183841.4602611726,-0.337173766041377,0.803502234748653,0.9920197541661503,2.8990441957101494,0.19894664603598988,0.1047870687749462,0.20611100092662693,0.6085186689333814,234766.2893682232,-0.3561721824797633,0.8964042334329141,1.1750309712357987,4.157207386353966,0.2417853623511511,0.08474500590036393,0.08346581361897876,0.3188846662740325,123271.30323749314,-0.27699155902335476,0.6918476615843688,0.9095297425729433,1.8395268902308648,0.12767024558211226,0.19611681346391308,0.21344556856768482,0.8691418390000918,230554.19333779326,-0.2513851137048171,0.981149239333278,1.1293793718979364,4.353324199817879,0.2226871420408197
to_end,2019-01,2019-01-02,,1897,91,7.54,0.1956237697806178,0.6537530097181774,199783.11884189167,-0.3085846238254335,0.9412826911630655,1.1919036688912756,3.8380838435376616,0.21432257118141368,-0.002832255898308933,0.16606788766541425,0.5138210248141523,176667.43183339862,-0.3371737660413769,0.876673192745869,1.0787048036242175,3.1789390848398402,0.19761864676755153,0.10478706877494759,0.22299506961666804,0.6463988331332144,223680.57375337763,-0.35617218247976434,0.9591974047603082,1.2547886829058443,4.551072570622481,0.24002283785052722,0.04358946940149622,0.08885178286114281,0.336630788472109,120061.10157480025,-0.2769915590233551,0.7323871788410958,0.9594552253213272,1.8979844912311856,0.1273150180778651,-0.07874215037298793,0.2201628137183591,0.8919333881426053,226983.0218415049,-0.25138511370481675,1.0027868741618045,1.1527257757038765,4.472330420249493,0.22359564327441775
to_end,2019-02,2019-02-01,,1876,90,7.46,0.18493744429379588,0.6246129480703134,195061.05042638956,-0.30858462382543317,0.8995085057516417,1.1375793676754153,3.53688945360146,0.21427918733876933,0.010481240853046803,0.1560521936436583,0.4883075610299924,172666.45824301924,-0.33717376604137633,0.832544397906173,1.024003345738577,2.943283319678597,0.1977606236412596,0.10478706877494703,0.21163034560466043,0.6200579797023614,218211.85929704233,-0.3561721824797638,0.9207569292354558,1.2025049626416777,4.174883769888684,0.23985418614005136,0.08483393746192047,0.08283286364546893,0.3167696209206034,118277.10611326664,-0.2769915590233552,0.6873324448985199,0.9008312177110095,1.8083838950963682,0.12765658278068015,0.2764685454982434,0.22211158645770723,0.8994033750492036,223775.4867554636,-0.25138511370481675,1.0055908666973763,1.1604384160188694,4.451352315386927,0.22483957162996168
to_end,2019-03,2019-03-01,,1857,89,7.38,0.18206021354007595,0.6173662096884602,190654.46262455627,-0.30858462382543383,0.8852954000310396,1.1217015993576849,3.4299253679833206,0.21519339146297148,0.015292756957527631,0.15276740728594973,0.48035897493677615,169606.4543482151,-0.33717376604137705,0.8155216280132617,1.004745576053854,2.8508702117450513,0.19860226763792765,0.10478706877494626,0.20916658638408436,0.615025555904363,212159.89198697926,-0.3561721824797632,0.909428400609949,1.190146475964641,4.053631588107105,0.24087107284132264,0.10072829585939946,0.08169651372490683,0.31321945357161723,115819.08347120498,-0.27699155902335515,0.6768533699666717,0.8880837777946919,1.7837111934313152,0.12818011789690534,0.3933593717907433,0.224459343341612,0.9080745439680162,216334.96851080135,-0.2513851137048169,1.0101566964693485,1.1691486890245784,4.446990959897849,0.225981200031352
to_end,2019-04,2019-04-01,,1836,88,7.29,0.17974209789404672,0.6115611321243214,185117.7850655339,-0.3085846238254332,0.8737158810776932,1.1080027396591063,3.3344186992097624,0.2159951146476396,0.013920803953830108,0.1518039530176829,0.4783233960892969,165338.33076576277,-0.3371737660413768,0.8089925697301862,0.9967574624176248,2.8001847476220862,0.1993567146097752,0.10478706877494709,0.20541094416640782,0.6068936138010482,205159.7445015742,-0.3561721824797637,0.8940698884064484,1.1717087916213962,3.900563721517183,0.24176926855888412,0.09764906047942867,0.07780238113607374,0.3004681509751428,114029.45269471934,-0.2769915590233551,0.6463268654275343,0.8501706953408877,1.7261195359713237,0.1287694292583928,0.34034987777429926,0.21933174812023792,0.8913327585843198,206472.29656730552,-0.2513851137048166,0.9917189488858771,1.1465197426092915,4.240913599291482,0.22593879759711222
to_end,2019-05,2019-05-01,,1815,87,7.21,0.17434247999348562,0.597475346737779,188152.87565641146,-0.3085846238254336,0.8491679274324875,1.0807316196183132,3.1819146768490114,0.21712042949562108,0.009463693299629261,0.1472930614537189,0.46729195804121615,167303.3348656563,-0.3371737660413771,0.7862585040783604,0.9717891913346387,2.6902802590926984,0.20039031503804677,0.10478706877494587,0.19907364262281257,0.5929290138049712,209530.2269291863,-0.356172182479763,0.8690279616405511,1.1429657856694972,3.6972421557865824,0.24301268799661568,0.08038327910311016,0.07631830299817621,0.2958059379665375,113291.59434404051,-0.2769915590233545,0.6329866627328292,0.8345894665257328,1.6984363406710603,0.1294430874293165,0.21538418521955638,0.20853733592244184,0.8567638946886529,216312.94566055687,-0.25138511370481714,0.9494112407436612,1.0993228657065544,3.912626341006139,0.22685394889130078
to_end,2019-06,2019-06-03,,1793,86,7.12,0.18926419228730862,0.63873308472243,180856.25928850492,-0.30858462382543334,0.9059448977265061,1.149867970432564,3.432506622785777,0.21756644269266892,0.0195140100792639,0.15992180982383397,0.5000784576479915,161366.00727531817,-0.337173766041377,0.8393128207656935,1.0344273252015892,2.8735278915335885,0.20089450882867838,0.10478706877494609,0.2163326557728209,0.6333820875507041,200742.15563979917,-0.35617218247976334,0.926638294684161,1.215979464383692,4.028601771818124,0.2434532241551865,0.12614241432284612,0.07919441913292169,0.3056947102917586,110519.46578590192,-0.2769915590233553,0.6514427586443182,0.857935058081645,1.7199147734230082,0.12998049830981212,0.4830477849954491,0.2358466658520848,0.944509094473252,208280.7705911379,-0.25138511370481725,1.0527807090070072,1.2170705384302654,4.511649556813573,0.22553179791197342
to_end,2019-07,2019-07-01,,1773,85,7.04,0.1797436731341735,0.6131681387640313,177347.7409600791,-0.3085846238254335,0.8668756668186819,1.1011823986680702,3.199465587930705,0.21827150845822088,0.02312462101576851,0.15080851378901405,0.4771357671396489,158645.08427315552,-0.33717376604137705,0.79772119846526,0.9841788774640627,2.686582269330505,0.2016715411713144,0.10478706877494626,0.2064132525900615,0.6108024884209575,196327.0449112971,-0.356172182479763,0.8913151752857241,1.1706581848043736,3.7444089123365063,0.24407848244614877,0.1349613357004832,0.07332948696224517,0.2862557277519724,109016.22543179512,-0.27699155902335376,0.6076262999646515,0.8016881908721867,1.6452391440543155,0.13049208092868306,0.5351444359223438,0.22953787360583,0.9251015488946565,202592.35594904362,-0.25138511370481675,1.0262765109862073,1.1894582267175542,4.27955334825885,0.22660243664147428
to_end,2019-08,2019-08-01,,1751,84,6.96,0.1789569121611776,0.6117852250452497,176347.4100872119,-0.30858462382543367,0.8605875142009848,1.0938072353355097,3.139042139508108,0.2193705002887789,0.022098073695460574,0.15035419768531066,0.47659517173341587,157738.89776537655,-0.33717376604137733,0.7926867691357319,0.9786790898802856,2.64656724963378,0.20272243108800636,0.10478706877494653,0.20525100148560238,0.6089179582319652,195253.59211547644,-0.3561721824797635,0.8842259039692222,1.1619133968289295,3.6589791747238025,0.24527627743209565,0.1323377177793601,0.07270406807486696,0.28446017079913916,106757.2010896273,-0.2769915590233554,0.6007982956252542,0.793321327883702,1.6284975748510417,0.1311472864744117,0.4923490640915573,0.22734907518106295,0.9184927588359982,202494.38986495294,-0.251385113704817,1.0165636217485823,1.175213653297276,4.15132823881536,0.22713325725730502
to_end,2019-09,2019-09-03,,1729,83,6.87,0.18453189563957206,0.6268525853374421,173161.44772261303,-0.3085846238254335,0.8830486357296882,1.1218621443487975,3.1960420740218574,0.21905596296008373,0.024752369057615686,0.1552458243634598,0.48899228281281293,154775.97295504189,-0.33717376604137683,0.8145718848019676,1.0052974249721973,2.691634419489235,0.20240739048003034,0.1047870687749462,0.21149902951596,0.623290587641996,191930.31207264948,-0.35617218247976323,0.9058906214091157,1.189754278344154,3.729828347413598,0.24506133927540177,0.1556789303554077,0.06846871414324474,0.27034929345634706,105615.82586489702,-0.2769915590233549,0.5693867104340433,0.7519178597573621,1.5752082396237992,0.13151777325159494,0.555212447738918,0.2362513985735757,0.9439894577152476,197939.31062338408,-0.25138511370481703,1.0615695517645234,1.2322324317452342,4.285040795152516,0.22354154447012142
to_end,2019-10,2019-10-01,,1709,82,6.79,0.18439285325905597,0.6271548761723447,168846.4086931099,-0.3085846238254336,0.8796290433982099,1.1174806828947665,3.150864316270249,0.2200135989101462,0.02355354692431577,0.1539151135154595,0.4861608481805916,151728.694357802,-0.3371737660413768,0.8059662432817104,0.9952999987489126,2.6402639091705695,0.203384056651644,0.10478706877494631,0.2125874376948853,0.6264947965654696,186086.28962207504,-0.35617218247976334,0.9069014550810134,1.1903855806697892,3.6959045283832586,0.2460465993904548,0.15285179430035167,0.06911243679522339,0.2728022048833559,104215.15619048894,-0.2769915590233549,0.5720105587573117,0.7562384092468619,1.5733639797669658,0.13210229580344007,0.5150624246281987,0.23614098461920108,0.943983211846841,190063.23804014243,-0.25138511370481703,1.059753249381365,1.2254083565282479,4.210966953011457,0.22392318889711657
to_end,2019-11,2019-11-01,,1686,81,6.71,0.18139542919757723,0.6196124035651943,164339.18425709443,-0.3085846238254338,0.8653373560520672,1.0991785797314335,3.050415077788634,0.22095759432374915,0.021125496520499665,0.15239878585116062,0.4827745685834234,148025.4372593734,-0.33717376604137667,0.7970086782761983,0.9843678818007473,2.583164201512442,0.20423732372693656,0.10478706877494659,0.20801509694668208,0.6166309788038583,180700.14269180316,-0.35617218247976346,0.8887035839365467,1.166601628148089,3.5408145626353535,0.24713167075613401,0.14619999834363817,0.06863302502413471,0.27146828810641643,102478.4317674813,-0.27699155902335404,0.5666481726689192,0.7500184718822446,1.5591108898349961,0.13270037383837444,0.43546688008403,0.22914059346718174,0.9212461845507445,182229.81284863708,-0.25138511370481686,1.0349035822801849,1.1929108842110356,3.9762814427193836,0.22377695934066125
to_end,2019-12,2019-12-02,,1666,80,6.62,0.17702532037089602,0.6084643919385035,160257.39155433953,-0.30858462382543317,0.8451379815083279,1.0772362748578421,2.9374658453332203,0.22216816615248036,0.017140435196624004,0.14817057267437073,0.4725498883100226,144802.2565281532,-0.3371737660413767,0.7758575964712928,0.9612907022749159,2.492924098780548,0.2053616877743848,0.10478706877494531,0.20347569108429608,0.606993179551269,175646.08357560996,-0.3561721824797626,0.8700550438671296,1.1463164750077752,3.40235852756738,0.2484832276245294,0.13031121307996318,0.0662693612648011,0.2637921051635145,101264.24546714054,-0.2769915590233546,0.5478708317992975,0.7265520489857126,1.5283800898291284,0.1333675425416,0.3334453826947623,0.2206161262809201,0.894424953174196,174895.0381655689,-0.2513851137048173,1.0003662569470928,1.1544927994695053,3.7358039102621423,0.22476279761804552
to_end,2020-01,2020-01-02,,1645,79,6.54,0.17345968768174092,0.5995119410636301,157392.97865077422,-0.30858462382543383,0.8281320608363232,1.0584239536948006,2.841010292427429,0.22339452312128324,0.01284957659693231,0.14516206107053264,0.4654594089976442,143127.0325220878,-0.33717376604137683,0.7600063021044259,0.9440769282707447,2.42253677201513,0.2064992111730744,0.10478706877494703,0.19930056621463632,0.5981927905471052,171325.39309324033,-0.3561721824797639,0.8527116319039824,1.126821036740705,3.2751009967628066,0.24986129399582743,0.11397093096082989,0.0664066609869658,0.26459266222748556,99258.56392815568,-0.27699155902335476,0.5466811622940505,0.7265126823306044,1.5215076975691144,0.13406339759172042,0.23595472560007114,0.21215014281156863,0.8674553832837407,170302.3587814409,-0.25138511370481686,0.9666825628648122,1.115905684158837,3.5110557223628778,0.22558115614953372
to_end,2020-02,2020-02-03,,1624,78,6.45,0.17319440346159243,0.5994624899316996,159848.08304772113,-0.30858462382543356,0.8245851660664655,1.0547753531307764,2.7993100210528508,0.22433693275792038,0.013089843256988365,0.1472429061449796,0.47139245170560673,145806.01082253602,-0.33717376604137667,0.7663940434137391,0.9524787210660622,2.4235154260315683,0.20738831361095605,0.10478706877494637,0.19655189648677363,0.5924905314383876,173404.40717172803,-0.35617218247976334,0.8410164389427803,1.1126923834402893,3.178523864161117,0.25092095220669397,0.11687689927098444,0.06235635457641786,0.25118728344763436,98933.60262169984,-0.27699155902335515,0.5163128177892023,0.6880057138795449,1.4767159761078517,0.1347569823017799,0.23086803065536854,0.209641739743762,0.8590969152790475,174463.21237574454,-0.251385113704817,0.9578933382137648,1.1047148393108472,3.4093918948164856,0.22545743572410776
to_end,2020-03,2020-03-02,,1605,77,6.37,0.1888546648618754,0.6619402452005967,164680.71749089225,-0.29928097857308855,0.8855410593505019,1.1402553886987297,3.009530088275905,0.22371195807210256,0.018223523936611974,0.16408698917024278,0.6122653416121531,151850.1169181385,-0.28319175438861216,0.8385948700792177,1.0485936868021684,2.6318696688253866,0.20676074041105147,0.15367499281559374,0.2109185733520571,0.625606836803605,176619.84555535932,-0.3561721824797631,0.8900070296034981,1.1847217724829284,3.383475330037336,0.2503617893196528,0.14993278397180854,0.06689596064856929,0.2666435478083872,99103.43646711651,-0.2769915590233547,0.5475714859525944,0.7331448934115771,1.5104654940516489,0.1348828671793874,0.3376988467160609,0.22914209728866908,1.1420183847530752,174416.5564632777,-0.20249718966416938,1.0399398135753066,1.2155540940894454,3.721174176753397,0.22237393975931818
to_end,2020-04,2020-04-01,,1583,76,6.29,0.21164496873465888,0.7087577379830063,153902.66071252766,-0.2992809785730886,1.0578093729013733,1.4644955277748248,3.33997320755991,0.20052545839426972,0.010154554657386461,0.1915828233956094,0.7821235055599299,142628.82654831765,-0.2449633883725611,1.0614718537265564,1.4516724664865788,3.007413233767312,0.1804961887356286,0.15367499281559424,0.2288541317513586,0.653177890317243,164295.91075633143,-0.35617218247976284,1.0101712812448764,1.420121035364318,3.6493739545448314,0.2303013350915331,0.07652114693779999,0.0743286536311012,0.2868995686698498,95567.61190788203,-0.27699155902335565,0.6371867996719195,0.919702364314637,1.5689016698255935,0.12471814992072587,0.19361765131620245,0.23900868640874506,1.1784861714457249,171068.76532171157,-0.2024971896641686,1.0866924281826764,1.2657041134877438,3.842991605861034,0.21960228265778317
to_end,2020-05,2020-05-01,,1562,75,6.21,0.18990722937361748,0.6454811306705014,148523.23991020038,-0.2992809785730889,0.984018078318599,1.3504838133692776,2.9380648488421626,0.19631775949443978,0.035494662896758955,0.1715794031843374,0.7094513470041347,138212.2603229216,-0.2449633883725616,0.9897640097236771,1.339612914417253,2.668551276329985,0.1755869117691292,0.15367499281559371,0.20544974119726178,0.5968204522528374,157926.46044745288,-0.35617218247976296,0.9380784961195986,1.3091090251639232,3.184165714980716,0.22660240471001153,0.14999793938505535,0.06211165483039771,0.24480367412737153,93892.29694693281,-0.27699155902335537,0.5516655182756368,0.788244574283543,1.4528257940943252,0.12291605892486814,0.6275069852868302,0.24094440409402074,1.1877901289390804,166047.2158819183,-0.20249718966416924,1.088076435504654,1.271677086220856,3.8116727002675463,0.22105447298787329
to_end,2020-06,2020-06-01,,1542,74,6.12,0.18185305433170385,0.6226916972074547,144322.6327078679,-0.29928097857308844,0.9498412006101429,1.3035657767607094,2.7798374484546544,0.19620098640685799,0.04255242173570761,0.16509202018495306,0.6863020058058115,135497.07994451825,-0.2449633883725612,0.9610422586143407,1.2981554737622858,2.5471903081411655,0.17493389419886232,0.15367499281559477,0.19581731831517035,0.5744432222797643,152126.52382362008,-0.356172182479764,0.9018472016694078,1.2591260774886994,2.9869974145810856,0.22686847152306494,0.17213676942546952,0.05915944915788196,0.23477811162405451,92493.10587849063,-0.27699155902335393,0.5288212873954042,0.7536065026278429,1.4214764176617916,0.12297454114149761,0.7126096404671376,0.23836974005087797,1.178863750796739,158426.0761240276,-0.20249718966416924,1.0739839710948773,1.2575582415851556,3.699607055048223,0.22227202915322897
to_end,2020-07,2020-07-01,,1520,73,6.04,0.1770032145867113,0.6082000552860248,138958.37646819404,-0.29928097857308805,0.9329071475512042,1.2973718178896376,2.672469782339689,0.195113423872891,0.04163266020624046,0.16427327491710253,0.6819568608352409,130821.9612028892,-0.24496338837256157,0.9660599131016833,1.327843642750808,2.502802348012392,0.17292350204011891,0.1536749928155941,0.18686256546049695,0.5530778700986627,146120.22291279488,-0.35617218247976284,0.8696556820860184,1.2240860989022246,2.8103765367893683,0.226516029426477,0.18879662441489597,0.05764794269000206,0.2295545321872087,90015.42703380762,-0.276991559023355,0.5176445840149044,0.7431428587337332,1.4022308188008858,0.12283460450458626,0.6496393363847068,0.2284952256667374,1.1330759477237375,147634.4709748041,-0.20249718966416874,1.0584523065009144,1.2732338860678085,3.460015873174075,0.2167737683416567
to_end,2020-08,2020-08-03,,1498,72,5.95,0.16713624471749444,0.5803024687087385,132876.50549459472,-0.2992809785730877,0.8883606048610331,1.2334332204822993,2.5061113350998814,0.19549886583579168,0.03135830268773243,0.15569798715308303,0.6521372414796809,125929.05667988442,-0.24496338837256204,0.9209580353784689,1.2633768919743746,2.3636043909637947,0.17346039908446967,0.15367499281559518,0.1757468019211652,0.5267037749668163,138863.9119883888,-0.35617218247976384,0.8278183953775076,1.162673196967193,2.6180414255954303,0.22661641019068193,0.15500973575920718,0.04927435953062398,0.20114539604510928,88529.33614489391,-0.2769915590233546,0.45114804921710844,0.6500018360540938,1.330987139204587,0.1234973240770739,0.44342235053094603,0.20710510460889764,1.044639593703281,136377.72311553446,-0.20249718966416866,0.9828281311367147,1.173726131594051,3.0614637761263763,0.21523252665974812
to_end,2020-09,2020-09-01,,1477,71,5.87,0.15270384156547134,0.5392283236841834,133636.45118961215,-0.2992809785730876,0.8220842523079905,1.1439305365118433,2.30003547609849,0.1963068626280745,0.021422489047945525,0.1448236934891316,0.6141573023650472,126187.31844571565,-0.2449633883725616,0.8628495954976428,1.1872074799654184,2.209395750519497,0.17435953446130437,0.15367499281559371,0.15775749696703567,0.483798329763591,140175.0848515678,-0.35617218247976307,0.7582162217289085,1.0653284738181805,2.35977085766738,0.2272643370766232,0.11725551543205104,0.04640925141757091,0.19153269820969424,88143.93726310226,-0.2769915590233553,0.4275598899646552,0.6169147212361201,1.304587144372655,0.12408306280890545,0.2677060986503723,0.1791799860149812,0.9284807971900583,140359.21654536386,-0.20249718966416935,0.8754717371609595,1.042063948813763,2.6274769563177522,0.21475822017720606
to_end,2020-10,2020-10-01,,1456,70,5.79,0.1646849280758924,0.5726243454782103,133382.1338418179,-0.29928097857308805,0.8809033332090574,1.2337345686488461,2.4128912155406903,0.19454526735094288,0.030756169898639607,0.15466049596752973,0.6482653210443211,125813.16010143305,-0.2449633883725619,0.916866849079515,1.2656486997437648,2.295340454862116,0.17319992512202997,0.15367499281559466,0.1719262606989025,0.5164633522214876,140073.83586458606,-0.3561721824797635,0.8177445056452197,1.1591078161513984,2.500866689264812,0.2249478633750052,0.179971493784574,0.050558145478570626,0.2056652897784736,88011.63595858945,-0.2769915590233552,0.4603822873665203,0.6639836633100151,1.3297210548140472,0.12373966335367811,0.40378775749350737,0.2026824305975421,1.0171210074618966,141881.11639695434,-0.20249718966416885,0.9977159994297937,1.222206129344944,2.9046544467583195,0.20643564468960415
to_end,2020-11,2020-11-02,,1434,69,5.7,0.17315423760509496,0.5964258725694831,126445.38734707203,-0.299280978573088,0.920530443145741,1.290275710161297,2.481210572830415,0.19390876219032588,0.036975663953084714,0.162356904612327,0.6750676670361837,119315.52248112416,-0.24496338837256068,0.957298497542226,1.323270785373976,2.354034739344077,0.17274325983223315,0.1536749928155947,0.18118334804448422,0.5380290317612051,132801.2358433595,-0.3561721824797635,0.8550789321586827,1.2131598877610346,2.579407531907842,0.22410910533847672,0.22662665780384872,0.05657537757601894,0.22635533012669584,85146.8484225605,-0.27699155902335626,0.5060663493087127,0.7307160806873865,1.3677450278548569,0.12389386464973656,0.4945401512467309,0.21815901199756893,1.0750054595303613,129161.74992136942,-0.2024971896641688,1.0817055899625314,1.3400353376570049,3.073947683154573,0.20124291345862125
to_end,2020-12,2020-12-01,,1414,68,5.62,0.15398152305916013,0.5413510832264077,122984.9854975562,-0.29928097857308833,0.8354508967149499,1.1661496781528626,2.233596330270198,0.19392651629995133,0.02152671793614247,0.14359340566933998,0.6085780745454983,116236.57747651605,-0.24496338837256088,0.863131954743559,1.1881134735752945,2.1230912487360656,0.1727190685162461,0.15367499281559432,0.1617309420270987,0.4912029216633938,128986.09605816922,-0.3561721824797633,0.7816852871909398,1.104671887869296,2.319073496246356,0.22381490289781034,0.16673385738501167,0.04452814050346676,0.18498857095023913,83807.67375570824,-0.2769915590233555,0.41327604188988915,0.5951943188325848,1.2769180746867435,0.12398558705384984,0.25165499179503703,0.18325765996324117,0.9284784699754398,123428.61418166211,-0.20249718966416896,0.9484191445759514,1.1522516030302823,2.570728488041393,0.1982396516445029
to_end,2021-01,2021-01-04,,1392,67,5.53,0.14798516969832098,0.5246940611086927,121652.01503344432,-0.29928097857308816,0.8048620209337111,1.1282012948949034,2.1432685008260695,0.19510294681059429,0.015450814648180655,0.13849846428661694,0.5910607196385805,115246.12220907304,-0.2449633883725619,0.833349464774438,1.1492164885913445,2.047244528236403,0.1737425206792222,0.15367499281559568,0.15481920694397155,0.4752579674388808,127314.56446122205,-0.35617218247976434,0.7519160725584318,1.06760709363809,2.2147026230169433,0.22512308711215717,0.1395442945582357,0.042083440799281835,0.17688943280004374,83475.66912875074,-0.2769915590233548,0.39262120844493903,0.5672762876350401,1.2557117882785684,0.12479427680461731,0.168710350830251,0.1702700215921522,0.8742894057541981,122346.70214055819,-0.20249718966416866,0.8914603671166675,1.084186230750238,2.3834129738471943,0.19859676789782776
to_end,2021-02,2021-02-01,,1373,66,5.45,0.15096326933379545,0.5334178355851462,119556.60005819748,-0.29928097857308816,0.8178122728222913,1.1459454117600083,2.1512360001816146,0.19520593799764482,0.018761829258509,0.14269003158064097,0.6061617576568961,112623.24813622994,-0.24496338837256246,0.8539595990436774,1.1790885817135777,2.0683214759660373,0.1738811042393431,0.15367499281559502,0.1565676090374104,0.47953263614775754,125830.33329355226,-0.35617218247976346,0.7585292929905297,1.0747520377553774,2.208929301072406,0.22516755406195435,0.1649662083166723,0.04661452024341983,0.19267325105375122,82772.24921139705,-0.27699155902335565,0.426751704982036,0.6165413302552515,1.281759103747019,0.12505835025011441,0.20241115089807282,0.1753294382959194,0.8928346279812345,119686.23995816574,-0.20249718966416844,0.923495501307202,1.1244406312231277,2.411340451970479,0.19577410257563463
to_end,2021-03,2021-03-01,,1354,65,5.38,0.15042031824312163,0.5320504607576951,116734.7477783329,-0.29928097857308894,0.8143332236058283,1.1445069361123317,2.123162201366379,0.19553737699752893,0.014533972884950286,0.13900208345409681,0.5932544603102938,109379.37387056652,-0.24496338837256124,0.833742778430869,1.153539990074953,2.012366759791426,0.17430510527269846,0.15367499281559532,0.15921893665308384,0.48611191677425253,123555.71842006566,-0.3561721824797642,0.7680976137649153,1.0920296679757555,2.2118826031238763,0.22541346207058818,0.15692256856398157,0.04868323190610857,0.19987560298547724,81730.72594919047,-0.2769915590233543,0.4421200597044105,0.6402606039842117,1.2909882206646026,0.1252235759641739,0.15314718856026488,0.17375290953803413,0.8839971373770645,115621.58146357363,-0.20249718966416885,0.9250201823288968,1.1326127928648966,2.365029791684141,0.19351678958976345
to_end,2021-04,2021-04-01,,1331,64,5.29,0.1465878828772409,0.5206251663747197,113003.65566939142,-0.29928097857308905,0.798534490397704,1.1174713406209142,2.0595603566564726,0.19512395661808152,0.007258582439285899,0.1320108784510874,0.5682616699900771,106000.49459049245,-0.24496338837256118,0.7976265358118851,1.0988529820914423,1.9249754486576505,0.1745219070743775,0.1536749928155932,0.1587197347745577,0.4841004515325508,119493.00936417717,-0.356172182479763,0.7692562173417674,1.0899982182646548,2.1772970292524563,0.22414263346172308,0.14271697079570467,0.048532654839268385,0.19943810354097108,79762.63470055144,-0.2769915590233555,0.4405148311034447,0.6366774358149893,1.28442481553406,0.12540479304657626,0.0730119224120016,0.1659783172138436,0.8458209496621335,109586.48734978473,-0.20249718966416982,0.9119731881374721,1.1071606995185659,2.250308951664458,0.1878085534679588
to_end,2021-05,2021-05-03,,1310,63,5.2,0.13714568028250174,0.4935621823211029,111741.78687853583,-0.2992809785730882,0.753569094430789,1.0544346467996621,1.950541315738287,0.19601888400599118,-0.001992849624641302,0.12306913597759572,0.5364910390046093,104470.27781417755,-0.24496338837256165,0.7492894149031087,1.0332079496860596,1.828242283609367,0.17539372655234872,0.1536749928155954,0.14876671134379738,0.46047078111354256,118565.63827385836,-0.3561721824797639,0.7285762748297757,1.031721621669238,2.056411260899509,0.22510598923316658,0.09821351704359838,0.04119839500784361,0.17434083167457431,78809.70965973173,-0.27699155902335426,0.383400130362095,0.5541210648775021,1.2335203451642915,0.12595441405134905,-0.018477444836177526,0.14677386171915607,0.76288564722171,108508.65919091435,-0.2024971896641685,0.8267897918733741,0.9936602197538449,2.0379338160633313,0.18684579939901588
to_end,2021-06,2021-06-01,,1290,62,5.13,0.13997569237080443,0.5021702970765402,108724.71877618223,-0.2992809785730885,0.7649101999681822,1.0698877593356768,1.9554703695554816,0.19648060376977203,-0.0028590666780019536,0.1236543849654903,0.538994944006053,102362.18524292058,-0.24496338837256185,0.7505131441976217,1.034572580796703,1.8163162275242133,0.17592500387259757,0.15367499281559568,0.15389378978130774,0.4732149682941203,114581.68812632578,-0.3561721824797638,0.7474849791903818,1.0581688209805078,2.0807977748190756,0.22548414045987267,0.10766338415014787,0.04114645207618972,0.174277577158141,77190.03165645197,-0.2769915590233549,0.38247007356410107,0.5534619042833934,1.2292603071069228,0.12621488878856293,-0.026257981976030464,0.1510347231033058,0.7790187163932143,104008.24956304286,-0.2024971896641681,0.8551483633405297,1.0262099372364648,2.054539792843045,0.18446986222272171
to_end,2021-07,2021-07-01,,1268,61,5.04,0.1333055054894241,0.4834294498623961,106391.62621852467,-0.29928097857308905,0.7313801002264549,1.0266648072244815,1.876982805571448,0.19781949055090617,-0.006058736971836787,0.12097752776139936,0.530094219941235,100229.63014746386,-0.24496338837256157,0.7332308917053428,1.014110241384964,1.7764747412389734,0.17709793428302253,0.15367499281559352,0.14314695932106658,0.4478418282631712,112064.30838813905,-0.3561721824797637,0.7029031289239965,0.9980393246333598,1.96044578885911,0.22692856926444066,0.08564302227926379,0.035712466968375045,0.15577072882875392,75623.8777665918,-0.27699155902335565,0.3395631708995851,0.4930134469541044,1.1931081267114514,0.12706671608164571,-0.05172655662946668,0.1370882223492298,0.7189267986435551,100827.69677969527,-0.20249718966417016,0.7885461512032603,0.9432842276109081,1.9087192322296433,0.1846190690011407
to_end,2021-08,2021-08-02,,1247,60,4.96,0.12969973328293016,0.4735628660519709,103777.81524423923,-0.29928097857308833,0.7121595699759243,1.000700027404074,1.8284492534877572,0.1990120809198724,-0.010458771134568057,0.11767449084838888,0.5186904981927232,97963.290737242,-0.24496338837256174,0.7138270996949004,0.9872249833366966,1.7341403233061476,0.17799854055449682,0.1536749928155939,0.13921290382570595,0.4391037303727804,109110.0214507363,-0.3561721824797635,0.6847037171869189,0.9741166226678882,1.9059187561931465,0.22841490422226485,0.06466995523949093,0.030142372484851965,0.13669245183684003,74440.43445161374,-0.27699155902335487,0.29597894766874644,0.4316971020006419,1.1582996409418227,0.12792347442016816,-0.08503044400097459,0.1287541326911379,0.6823807050402272,97122.19684641919,-0.2024971896641696,0.7493736724264098,0.8917380612214274,1.820888312192172,0.18439422164950725
to_end,2021-09,2021-09-01,,1225,59,4.87,0.12397172795211642,0.457519383089972,104584.51061050635,-0.2992809785730885,0.6831233074947818,0.9634643499684398,1.7649303726856604,0.20044236111555677,-0.01618720459066192,0.11317406145212594,0.5031217294913807,98513.21391967076,-0.24496338837256199,0.6875548880314208,0.9536529891934391,1.6840240764534036,0.17925318511362234,0.15367499281559333,0.1322173959726891,0.4228496810334994,110189.1055423221,-0.3561721824797626,0.6546675698992931,0.9345874533719618,1.8287690510470782,0.23005155697225196,0.03248475326225575,0.02742384191893965,0.12754930027457048,74620.47412342834,-0.27699155902335504,0.2743328142535481,0.40061557534946785,1.1405551854028386,0.12878546677517771,-0.12363683955687965,0.11603019138202719,0.6266157791873654,99874.67481446336,-0.2024971896641693,0.6871523231615488,0.8151477205861474,1.7051322114901986,0.18465765159733577
to_end,2021-10,2021-10-01,,1204,58,4.79,0.13897958237109798,0.5024653563181604,100571.50051880989,-0.2992809785730885,0.7468477188414328,1.0546758618209349,1.8621754501688563,0.2013507168117926,-0.006014586905116248,0.12645406163607542,0.5520743589963465,94844.80569712301,-0.24496338837256182,0.751456352253281,1.0414140781503227,1.7663450305460804,0.17996787865035266,0.15367499281559344,0.1489197763432537,0.4647152405620517,105858.40411601248,-0.3561721824797632,0.7159521579156836,1.024748562966201,1.941112976157485,0.23118673452212285,0.10558026944327203,0.03655885419350047,0.1597445385461488,72566.32550011482,-0.2769915590233556,0.3422308975325386,0.4998919524570182,1.187147009288388,0.12929250133868256,-0.04807264485360485,0.14290518943813746,0.7426951466357649,93554.02266705582,-0.20249718966416974,0.8215324273589556,0.9817310808777786,1.8930403313038802,0.18306481273592953
to_end,2021-11,2021-11-01,,1183,57,4.71,0.12428511248462248,0.45977476166115455,99143.53667183152,-0.2992809785730886,0.6797618711658762,0.962277999995217,1.7331522465222746,0.20242653557069132,-0.020019166363938634,0.1126486610806039,0.5024032996782087,93970.18750558334,-0.24496338837256248,0.6802688673772249,0.9445523023067195,1.6505370923953429,0.18091437153845896,0.15367499281559507,0.13333068541339177,0.4271340493476953,103858.82805573856,-0.356172182479764,0.6545625529850118,0.9392329709553924,1.7995928645860872,0.2324197525107603,0.02692585049905505,0.0261638528264152,0.12368003350953144,71627.30353476996,-0.27699155902335504,0.2635328774646479,0.3861238618438004,1.1289019751544984,0.12999639980958944,-0.14443462449624822,0.11331151904945314,0.6119873724006155,92054.40422268689,-0.20249718966416894,0.6814884034840668,0.809489798990774,1.655158240089839,0.18184568128748974
to_end,2021-12,2021-12-01,,1162,56,4.62,0.12522281484040887,0.46322619966264716,96945.37945665936,-0.29928097857308844,0.6815336541241857,0.9670380120032419,1.7229257096454793,0.2034159127679241,-0.0179462332008693,0.11674925033390915,0.5180429053117684,91260.64519461831,-0.24496338837256157,0.6981864175645336,0.9737158940610191,1.6639065101637758,0.1817588286094198,0.1528611924117697,0.1310370116492492,0.4231447542773592,102248.463023166,-0.35535838207593856,0.6438361309880679,0.924393382691135,1.7643613857735427,0.2335501659920196,0.04145316949118516,0.025242113216582984,0.12077295069850306,70403.70782412068,-0.2769915590233547,0.2559184507293876,0.3754119313089161,1.1218167093098896,0.13071776500086335,-0.12544160646017977,0.11309077844837989,0.6094061335355884,89372.51906075707,-0.20249718966416885,0.6852893004792531,0.8165054574980085,1.638919779313363,0.18007435592349488
to_end,2022-01,2022-01-03,,1140,55,4.53,0.12087754242138793,0.45225595015297804,98426.8852427678,-0.29804752040073,0.6621727227071288,0.9327976695978646,1.6756824135302197,0.20356284683322565,-0.02697470439452898,0.10800098522663193,0.48612034688758965,92006.8923369207,-0.24496338837256054,0.6542072633164688,0.9060502153993706,1.5903442361709028,0.1820244042029589,0.1536892124644982,0.13117922532390125,0.42700371878506854,104541.50905442997,-0.3524696275642293,0.6442837703884142,0.9196807263574094,1.7464893827958594,0.23360178953131125,0.0095170535072846,0.021485781157726258,0.11128340733053133,70778.14045607572,-0.2684307121656717,0.22732608403665253,0.333204391927802,1.1009441372083497,0.1314054408166408,-0.18064776140679828,0.10420452092937227,0.5761234335098248,93084.97544133708,-0.19878041509973107,0.6538008238956988,0.7623863959310591,1.5658416213890611,0.17516352240026398
to_end,2022-02,2022-02-01,,1120,54,4.45,0.14169345515823162,0.5919286340801175,98620.02012549344,-0.25858992417729104,0.7544135896967916,1.05807902897665,1.8020863885578229,0.20289504682261164,-0.016606109778458,0.12364747328263026,0.6023472864454047,91903.98733740646,-0.2209479580299822,0.7316419728333211,1.00886200627135,1.678891288914811,0.18190236195666187,0.126594817769758,0.15726214175230013,0.578206890620801,105085.04956723834,-0.2992806918289808,0.7444176369559564,1.0586480431011644,1.9138983637111602,0.23245843415651835,0.10873544462421769,0.03304895968198718,0.16790893804502283,70568.71098949076,-0.2450875708670419,0.3127495340070166,0.4564839354487423,1.1554724004464885,0.13158259014830703,-0.11907838443865848,0.14065603197384213,0.8476759061939432,92194.02612429384,-0.1726858740592228,0.8531530815801741,1.005591118747142,1.7948199792725017,0.1715772443896269
to_end,2022-03,2022-03-01,,1101,53,4.38,0.15422841885359984,0.6331117210320703,95739.20160739569,-0.25858992417729093,0.8122786660408169,1.1407015951087787,1.8713528340204963,0.2015519042687876,-0.026629597906612013,0.13365792648249308,0.641887502920136,89376.87464955439,-0.22094795802998243,0.7828738722535088,1.0772855671469064,1.7299540938065234,0.18115783152518256,0.1265948177697585,0.17240662446205168,0.6201833124796732,101855.81525797972,-0.2992806918289815,0.8050384731709816,1.1484827610477826,2.0035778573971594,0.23055903165547795,0.0693455464367757,0.03941799497916998,0.20863021102947513,69726.69162162529,-0.22655591763584446,0.359884475656116,0.5258269624127994,1.1840153153859008,0.13133772669735153,-0.1913567034366741,0.14577702655543967,0.8748241112317703,90858.88960490536,-0.17268587405922298,0.8743840196077574,1.0290003537954737,1.8122211539604853,0.1727727896535781
to_end,2022-04,2022-04-01,,1078,52,4.29,0.14677782514767457,0.6204347116034893,99241.94761494406,-0.25285885965851196,0.7852757117695638,1.0903847085347294,1.7965494276260492,0.19978004071346167,-0.015610607105074559,0.1269330939112523,0.637362360983816,91578.49534204479,-0.2128470146142221,0.7536910978801101,1.0285868206339248,1.6672805308452177,0.17999506182897354,0.12300868321128713,0.16424888187399245,0.6023247543627253,106847.30276380373,-0.29569455727050986,0.7801827351709857,1.0992492672774865,1.916590723631424,0.22828517415900157,0.10129030407965856,0.04014651411581127,0.21439402262373122,71349.8712152668,-0.22351390173155147,0.3658479377224978,0.5332102037125914,1.1833863321908804,0.13098350315398224,-0.10754012736695429,0.1486382747689179,0.8910832888882445,90639.21789683538,-0.17268587405922273,0.8814730392506442,1.0430825610197352,1.8090505962644696,0.1745685798082348
to_end,2022-05,2022-05-02,,1058,51,4.21,0.18275709342162316,0.8938198404566412,98110.76461312424,-0.20954409811481745,0.9492386350860051,1.3263808567731767,2.023231837477788,0.19731041850045133,-0.04982608136763167,0.1544673126031797,0.8394820449010709,90212.66492873526,-0.18998906889856906,0.8947859608743123,1.231737397637527,1.8276956291348374,0.17824643997764356,0.05614716271420461,0.20895663913254037,0.939973247116343,106045.55930998588,-0.22883303677342792,0.9552240269335609,1.351320111585013,2.218166962315511,0.22517956684350998,-0.026835475944324227,0.0645099284142463,0.44152539725071205,70624.05139279706,-0.16056310453325623,0.547075097404577,0.8063562856522721,1.3001268096277936,0.12958493056836487,-0.3592752370360295,0.1591305577649087,0.9449955340188342,89406.04052367926,-0.1726858740592233,0.9283885509892367,1.099586830750879,1.8588917252794814,0.17577487313929274
to_end,2022-06,2022-06-01,,1037,50,4.13,0.18871434609582716,0.9135107200658726,100738.53578511167,-0.2095440981148179,0.9931318424442618,1.4075656788080324,2.0368070414975263,0.19274458009855264,-0.05524291608600285,0.15719608011335784,0.8486035267401986,92377.81280923882,-0.18998906889856915,0.922753384271392,1.2848141107143813,1.8235792732817349,0.1747220835572619,0.05614716271420522,0.21833711292837332,0.9684622864086552,109196.3294324377,-0.22883303677342806,1.008320909105284,1.4483496620851666,2.2539276013537575,0.2197873355577613,-0.0681395450345138,0.06760207430045972,0.46289193117565913,71322.03323748524,-0.1590297797910035,0.5741778599557411,0.8572268575439869,1.3089015212596868,0.1282069668927529,-0.3917955506200168,0.16309419684237048,0.9665775221566864,88053.86961896645,-0.17268587405922284,0.9401813640707702,1.1229937514824058,1.8621320507337407,0.17753413398551587
to_end,2022-07,2022-07-01,,1016,49,4.04,0.22006365061670663,1.0341377100013263,94582.19706956213,-0.20954409811481775,1.1480643748343973,1.6553237436383899,2.229832570118281,0.18875026393882172,-0.08618436927180828,0.18573545407932857,0.9736784100696362,87467.2313545044,-0.18998906889856917,1.0805004758042591,1.5249468674684086,1.9874675290817732,0.17120608336435517,0.05614716271420481,0.2525559465451894,1.0855366712092587,101655.13655139558,-0.22883303677342748,1.152278957723922,1.6828122929295453,2.479095193896581,0.2155785726508501,-0.20413433673682746,0.08428581479414254,0.5586818809486765,68589.88265885467,-0.15902977979100352,0.7048094874698556,1.0724918961752508,1.385768802667776,0.12605825840886065,-0.6192811655056589,0.16637157727338114,0.984766869108961,86682.86358710553,-0.17268587405922267,0.9481446209870946,1.1441265861518612,1.8598140283909221,0.17935589547468384
to_end,2022-08,2022-08-01,,996,48,3.96,0.19334765058799142,0.9275539959737934,95211.19721256723,-0.20954409811481772,1.0349613881459094,1.4779655516643129,2.0110013360008248,0.18779779397115282,-0.05169047975693575,0.16357371801503273,0.8738263431824898,87818.99712678725,-0.1899890688985693,0.9727738056822934,1.3594556351142442,1.819879234587616,0.1706639841148272,0.05614716271420542,0.2211477347372559,0.9732400570223341,102615.62394517005,-0.22883303677342773,1.0394727688297245,1.5039589225869658,2.202627277453045,0.21425234449258249,-0.08431427362022437,0.06902049928563314,0.46949934728375253,68903.10798424379,-0.1590297797910039,0.5922856513041957,0.8956637888413376,1.3018586875838185,0.12606143276668352,-0.3461054496329481,0.16945725498032016,1.0019453005044427,85289.8003867879,-0.1726858740592223,0.9551584952095001,1.1640849140409153,1.856521827820097,0.18114459625801688
to_end,2022-09,2022-09-01,,973,47,3.87,0.21305214147441487,1.0049766111584846,98637.0575307993,-0.20954409811481756,1.1264952066753187,1.6114663901684307,2.107987101629661,0.1869399144921406,-0.07072202087930024,0.18041518491729103,0.9489897954933664,90549.36913297136,-0.18998906889856915,1.059898739159467,1.484369470315069,1.897292626801627,0.17010840845325467,0.0561471627142045,0.24378495577309311,1.0526283747300378,106830.10888180164,-0.22883303677342792,1.1294632367341138,1.635110153321789,2.321785681643115,0.21326603624554882,-0.16645657586276363,0.08292812154925255,0.6466958378844481,70693.8508526096,-0.13529440899936057,0.6984133687065616,1.051783628465602,1.360169468855144,0.12527585397020577,-0.46971613576795024,0.17306293489379287,1.022028231179423,83892.15082236628,-0.17268587405922342,0.9630066608713501,1.1874177612699126,1.8520695458751648,0.1832695926056511
to_end,2022-10,2022-10-03,,952,46,3.79,0.2525695651501836,1.1560073619439593,94191.05494457319,-0.2095440981148178,1.3118044298420992,1.900870960262863,2.3413895439807444,0.1846574950976452,-0.11138625033682792,0.21555619897023504,1.1015690362248893,85786.06473179691,-0.18998906889856892,1.2458751733835514,1.7622627178371264,2.090553428941878,0.1679831816148009,0.05614716271420486,0.28777521649405213,1.2025491096282428,102910.38299935708,-0.22883303677342787,1.3037433423246627,1.9123114365542262,2.5998682965851043,0.21107142463695558,-0.3338800499608373,0.1114853349532492,0.8372041768137523,68957.79855803038,-0.1352944089993608,0.9196717720778999,1.3879650493182212,1.4907819210724953,0.12316246703744499,-0.7526178403437027,0.17638896615722421,1.0405789802515049,82484.81542383209,-0.172685874059223,0.9698632923638254,1.208970481890583,1.8472504562414016,0.18527692732284337
to_end,2022-11,2022-11-01,,931,45,3.71,0.23907529865834465,1.1013123569875465,90201.55412789213,-0.2095440981148177,1.2731754048762631,1.822423343379263,2.2077214532455294,0.1812582176059927,-0.10170148157620051,0.19536764735537893,1.010503259495861,82294.42628141491,-0.18998906889856934,1.1656105423640384,1.6186812233511112,1.9334145241363982,0.16470730695452843,0.05614716271420503,0.28146662396999633,1.1779874076994854,98402.81579063537,-0.2288330367734277,1.2977828156171278,1.8938220677121311,2.499876959688191,0.2077099746898309,-0.3212891159749862,0.10741311247912666,0.8082838061480362,66188.89874477469,-0.13529440899936065,0.9023518478856436,1.3555470870415967,1.4578054948901837,0.12119028748352631,-0.6580674595975109,0.17976514239379582,1.0594267053414312,81068.33108344437,-0.17268587405922267,0.9764936996421416,1.2308682366184363,1.8418095000906802,0.18735197849265497
to_end,2022-12,2022-12-01,,910,44,3.62,0.2266841246769773,1.0495005213729962,92302.16234157512,-0.2095440981148177,1.2447389704868317,1.740841399079048,2.091335938987952,0.1766769141453999,-0.08651206189711136,0.18245172755982786,0.9504276322622668,83364.40227733887,-0.18998906889856962,1.1194566874035101,1.5257951746904566,1.8315931773037026,0.161302230752491,0.05614716271420436,0.26970659841480815,1.1329763533750226,101803.23130179576,-0.22883303677342784,1.2814833197366688,1.8248648095010744,2.368560134119631,0.2023143146245293,-0.2985871797936033,0.0920928113802526,0.702584100327771,66600.9727316657,-0.13529440899936,0.8051285955672306,1.177784273587885,1.3745466393267358,0.11806275562629098,-0.5328086192824877,0.1831945365176968,1.0785913299689371,80421.9897311195,-0.17268587405922348,0.9828961399430656,1.2531341730931227,1.8357515148371433,0.18949864487124268
to_end,2023-01,2023-01-03,,889,43,3.53,0.26018933214392037,1.1774763262909647,87019.2315510742,-0.20954409811481778,1.403289451192625,1.9559167791787253,2.2610760995105483,0.17582489103334736,-0.1189788928860227,0.20728462594796215,1.0593884219286989,79588.97078671923,-0.18998906889856926,1.2523370798775442,1.6984148712464404,1.9435975211149688,0.16071728859440854,0.05614716271420489,0.3124302990576575,1.2768882235021313,94705.49620098724,-0.22883303677342773,1.451044230601932,2.0626315247352394,2.6094366867407772,0.201368230989768,-0.43130618093834117,0.10889156702882463,0.8144494208131883,63640.99480427335,-0.13529440899936038,0.9425100373046159,1.3714652778479721,1.4399874314419572,0.11691170246198504,-0.7432716143769094,0.1934514061716348,1.1308175843319859,78742.6236097957,-0.17268587405922284,1.0197380496635908,1.3007900366515108,1.8661650723638679,0.1914964563853718
to_end,2023-02,2023-02-01,,869,42,3.46,0.23745571453199354,1.0901712364157048,86195.14781682122,-0.20954409811481786,1.302333366006071,1.803123228552803,2.0848771699465716,0.17540742983957294,-0.08749740820256058,0.1912736208147141,0.9889582652876241,79299.34605306135,-0.1899890688985699,1.1699661199953661,1.5777328288507473,1.8286016532178642,0.16059547092037568,0.05614716271420425,0.28249714589060493,1.1754711681586338,93233.42936030228,-0.22883303677342792,1.3395174701792143,1.8899858089792474,2.3584305238793526,0.2008086068585288,-0.32238950255111565,0.09023080793747451,0.6887893784917614,63735.227018275174,-0.1352944089993601,0.7984697172757431,1.1536006093137747,1.3470356826141958,0.11670993886409024,-0.510029764404494,0.19499973768804435,1.1407638705605379,78729.80140819575,-0.17268587405922367,1.0171279676280987,1.309545889556896,1.8484007594748586,0.1936765209025873
to_end,2023-03,2023-03-01,,850,41,3.38,0.24868510578334901,1.1328082627278708,82087.42657119235,-0.20954409811481792,1.3579390382007497,1.8658030823056344,2.1151309930279787,0.1748040810910346,-0.07965553924887803,0.2050061365790934,1.0494210815284954,76722.95830499796,-0.18998906889856915,1.240547898910835,1.6641453774384418,1.8757633876747555,0.16071812651262948,0.05614716271420417,0.2910286049232713,1.2033578770847226,87337.48101968101,-0.22883303677342792,1.3800922965644828,1.926977868497813,2.366946453690324,0.1995287112492453,-0.2901818476365512,0.10406178181691828,0.7815220049665091,61674.49856371328,-0.1352944089993603,0.9102228948881912,1.3199017779486246,1.3964241203204715,0.11616446738018735,-0.4575429165948761,0.2113730656743933,1.2190296876156161,75500.9659946181,-0.17268587405922375,1.0899104489279317,1.3946408614053194,1.9094035370954479,0.19314358103191714
to_end,2023-04,2023-04-03,,827,40,3.29,0.23329574686145071,1.0732921532069812,80257.56633879861,-0.2095440981148174,1.289039134252995,1.7584310433114696,1.9900295858608736,0.17447262094784982,-0.06534775341962118,0.19929996202815303,1.0238889252072967,74852.52374549914,-0.18998906889856937,1.2149795211058505,1.6231962497802384,1.8156037030704169,0.16010780443330921,0.056147162714205306,0.2653904292789182,1.1155573188149288,85592.16296995194,-0.2288330367734281,1.2798055280950225,1.7712308910683436,2.165085224021855,0.1994649681965507,-0.2464565149113993,0.09448077973842106,0.7172199979972732,60444.416098851645,-0.13529440899936046,0.8341204230230325,1.2032165059524007,1.3448416645901098,0.11633314935496325,-0.3457889696697678,0.20004267585929703,1.1666068244234786,73716.88060127455,-0.17268587405922278,1.0333490131836232,1.3237605224644398,1.8192962543520874,0.19495496351069183
to_end,2023-05,2023-05-01,,808,39,3.21,0.23533676437063678,1.0818698082985092,77271.83496421886,-0.20954409811481797,1.2932481353446104,1.7604698182355962,1.969227703847009,0.1752946144377419,-0.07025177046986775,0.1984974454804782,1.0210891273792098,73429.14482736702,-0.18998906889856912,1.2051034656189303,1.6076919256360125,1.787055514149011,0.16097852019170322,0.056147162714205084,0.27040484435892087,1.1335911003040007,80836.15997497551,-0.22883303677342764,1.2950103161479345,1.7854912478003353,2.1541443481688156,0.20030967375881736,-0.2563683757388078,0.09329761848257467,0.7099415759029032,59792.96367648222,-0.13529440899936085,0.819744346449679,1.180900631111157,1.3310943646068425,0.11717205047141412,-0.35916133264040373,0.20015307388905312,1.1659375649160366,70044.3381968703,-0.17268587405922256,1.0386419404091267,1.318064468704536,1.7949830155284119,0.19385019963347336
to_end,2023-06,2023-06-01,,786,38,3.13,0.22697217560651084,1.0500465906620935,73624.79684075041,-0.20954409811481783,1.2498202069376676,1.6878377807140619,1.8926909428047767,0.17605017473509396,-0.0678049273682153,0.20280958057920695,1.0407503072955122,70040.93803017729,-0.1899890688985696,1.2215697737667452,1.6169564626325648,1.7788440828048335,0.16186646566185475,0.05614716271420411,0.2487535251599715,1.0589858580543052,76946.42704073332,-0.22883303677342778,1.2057780639650029,1.65010847663372,1.9994728266803266,0.2009747540122063,-0.24275157411235537,0.09954251709804174,0.7525238240820753,57865.577935242654,-0.13529440899936074,0.864880195623569,1.2387715121960179,1.3444426328380543,0.117718345907687,-0.31954001560593626,0.1809485977917562,1.0703860299941514,65409.52433442399,-0.17268587405922367,0.9630264898526475,1.1968397895399394,1.6799328110743903,0.19193713684719604
to_end,2023-07,2023-07-03,,765,37,3.04,0.20965340468139027,0.9830648147607899,71086.06232691494,-0.20954409811481794,1.1628341452447897,1.5667806537139177,1.7821121588283473,0.17714945062444476,-0.08463901548405217,0.18562242028746723,0.9660335235847214,67751.08758965567,-0.18998906889856895,1.1248933740187708,1.487604214379017,1.6767957047464326,0.1631584058629208,0.056147162714205306,0.23134295115280223,0.9983481998294398,74161.77068974786,-0.22883303677342778,1.131699482996079,1.5451415793751326,1.8808965430819478,0.20186900653116863,-0.3164647174417652,0.08957310295896237,0.6859211670003796,56740.5608147136,-0.13529440899936018,0.7826262213158509,1.1205229118635662,1.297477113873629,0.11857678209840507,-0.36567139365965895,0.14670393566875006,0.8980072739900298,62516.76530310376,-0.17268587405922248,0.8152347655543137,1.0001978748948532,1.5152251494222888,0.19021903575845045
5y,2000-01,2000-01-03,2004-12-31,1256,60,4.99,-0.08109251230599512,-0.05636482389202942,60595.17886420041,-0.688650555769097,-0.1280517587456174,-0.20025303554048163,0.6560575523683223,0.30312482764241466,0.17754349168252825,-0.02395018731377485,-0.005784207857272823,67060.44043152843,-0.4751586166251348,-0.013242484534217953,-0.02047027181609821,0.8861903643965534,0.20754535877555397,0.4223135670299095,-0.15138990279771636,-0.0902596378038547,54609.245001976335,-0.8296390304284453,-0.17674222279594698,-0.2708494223390875,0.4412376781040508,0.4236843760919921,0.4052611651324658,0.016870268237806352,0.08456782781083566,72232.47059279396,-0.2857303035295465,0.1980399813562519,0.3059940611125602,1.0869571428519103,0.12201370119176533,0.6960854421304692,0.026153588884811896,0.1158111724084642,87035.3432292247,-0.4073254633985358,0.22851894233651882,0.21439999240649749,1.13732312023452,0.20642857430408681
5y,2000-02,2000-02-01,2005-01-31,1256,60,5.0,-0.08315858063071235,-0.06260383466716232,57188.27249080315,-0.6886505557690973,-0.14555029170768854,-0.2270813268999366,0.6487384345140796,0.2962011620244706,0.17972569492133383,-0.018373935837695532,0.004487565675496259,65914.73800901018,-0.47515861662513575,0.010475951099822195,0.016152768653237743,0.9117132077078245,0.20354290298466898,0.4223135670299097,-0.1592814009788569,-0.1065000962242456,50153.492229911404,-0.8296390304284456,-0.21360744595332232,-0.32597025506230976,0.42116211497078687,0.41364024637665037,0.4152021378720925,0.022696357779343534,0.10355391002590732,72358.13354051494,-0.2857303035295468,0.24737515026924356,0.3804006991796939,1.1183528185527254,0.1196097914894431,0.6849699833319474,0.020444293942476932,0.09803196159314147,79212.05760095266,-0.40732546339853587,0.20159469191877014,0.18785859051152787,1.1061320983027343,0.1980752261070616
5y,2000-03,2000-03-01,2005-02-28,1255,60,5.0,-0.09647701466090308,-0.08455089072345455,57182.16653855742,-0.688650555769097,-0.1976755383896272,-0.3072549243045216,0.603351294526717,0.29455348072816734,0.20375516007398575,-0.011260715915423103,0.019187646345401675,65577.33394623721,-0.47515861662513553,0.04504800845831732,0.06927072053019093,0.9451626077481183,0.20238798130686445,0.42231356702990946,-0.189071782252914,-0.15135403068474826,50179.904598590154,-0.8296390304284454,-0.3056680528227394,-0.4641451777365484,0.35214211499478465,0.41080253598353905,0.4785662714450264,0.025522682415131115,0.11300948955629304,71396.41856734318,-0.2857303035295461,0.27106690419557256,0.4168273720648889,1.133728813824593,0.11912275254872702,0.7231516406475827,0.014683377821071764,0.08369970837352814,79346.93840543085,-0.407325463398536,0.17289821862228702,0.16122762559326803,1.0752937556423674,0.19718550469307725
5y,2000-04,2000-04-03,2005-03-31,1254,60,4.99,-0.1106658178579335,-0.1115962965720693,57538.86243257393,-0.671139859411577,-0.2568317221561341,-0.39459418621270625,0.5578759810800296,0.2916178817922646,0.19563782940025232,-0.033073312801742416,-0.02897107041239424,65132.215630118444,-0.472743280624858,-0.06853844914508785,-0.10413302932791456,0.8458931486116403,0.19982767396700854,0.4341401137039939,-0.1961918383646437,-0.16763593910624713,50870.140598726844,-0.8118638964896147,-0.3347419045113108,-0.5034778734205704,0.33730310093011906,0.4065746322175654,0.4305153324766019,0.010991796859178171,0.06257662868161805,70867.24979157188,-0.2857303035295466,0.15160546705477576,0.23062253564557025,1.055905665111148,0.11793795734684366,0.6599430797305352,-0.0005540089643913948,0.04979768353710687,80781.01716511372,-0.37772378278562074,0.09577342796529112,0.08888956149339057,0.9972461806606543,0.19639862328425808
5y,2000-05,2000-05-01,2005-04-29,1256,60,4.99,-0.10055019189269643,-0.09816048903197486,56941.033361425725,-0.668911911120714,-0.23086247468899923,-0.3554256390114508,0.5896783625651234,0.2844148682169999,0.20920378046388288,-0.029748949908184774,-0.023202036486256832,64298.34289831037,-0.472743280624859,-0.05587759739361541,-0.08597751412141032,0.8602581499903559,0.19629703776318785,0.5203647684083015,-0.17957840557612492,-0.14959377406288152,50192.40621570889,-0.80453103438358,-0.30487451338818233,-0.45758508337478154,0.3728635289249764,0.39476187250494776,0.5567467701986333,0.015637216459323033,0.0777189661922098,71266.96967168797,-0.2857303035295468,0.19187143075849344,0.29528960953679656,1.0804037196336056,0.11573720856886709,0.7837677368322198,0.02962537488775796,0.1608478699679861,82624.5420767757,-0.28416626597527844,0.25187225681045095,0.24006849959854418,1.1566312657571962,0.18147111229196403
5y,2000-06,2000-06-01,2005-05-31,1255,60,5.0,-0.07703533080936231,-0.06228797420130431,59649.23055558518,-0.6689119111207139,-0.14989301562499693,-0.22882466266914092,0.6708356833366709,0.2779660392387482,0.2114219674983019,-0.020461537052895107,-0.004000267318626915,66073.14223385282,-0.472743280624858,-0.009748388471489174,-0.01483458676860233,0.9021642517565859,0.193990986419441,0.6059954071066004,-0.1433799730364821,-0.10122572374411612,53944.34864162371,-0.8045310343835802,-0.21216774000293512,-0.31713206303616237,0.4626735630791707,0.38384363348053596,0.6963772125645469,0.023514261288272165,0.10420372278867009,73141.04877313183,-0.28573030352954654,0.26037360519676894,0.39634165438252655,1.1227142009665358,0.11435168829349876,0.925278340163562,0.0680419944618198,0.39898214826664863,82826.34225438278,-0.19853562727697985,0.48420947256161173,0.4885506864939553,1.3879519032427328,0.16359070932540865
5y,2000-07,2000-07-03,2005-06-30,1255,60,4.99,-0.09275004063854864,-0.08908262194582674,59346.83677244979,-0.6689119111207125,-0.21652265090726575,-0.3270318108384911,0.6158480036493472,0.2752064351869955,0.2266207830642536,-0.023991011140603646,-0.011974609516542575,66549.80731526008,-0.47274328062485793,-0.029307281664894203,-0.04425661623634762,0.8860910234000621,0.19315732696672863,0.6059954071065998,-0.16892277131432032,-0.14109578468501974,52946.13552856978,-0.80453103438358,-0.2995183511508585,-0.4427850028706099,0.3979250976788584,0.37899493357796693,0.7237904432689184,0.022631700903201546,0.10104403075161215,73939.19171758015,-0.2857303035295473,0.25326023815089804,0.3832653801079781,1.117901180862255,0.11399871447370617,0.9243599075143847,0.057698011749933276,0.35018431475669004,80861.89919195474,-0.19853562727698018,0.42427209211805983,0.4268561545339446,1.322285005193243,0.16386668810974456
5y,2000-08,2000-08-01,2005-07-29,1255,60,4.99,-0.07721552168083479,-0.06458044074799016,61675.72541553844,-0.6689119111207137,-0.15818266965764385,-0.23755930595973837,0.6701836972683892,0.27309329230092827,0.22067489870310364,-0.013474499452885924,0.010306215770626707,67937.98327227653,-0.4727432806248571,0.02534874217857086,0.03812995057113271,0.9346703740692652,0.19220654894476502,0.643977282788001,-0.14914609427411463,-0.1134442829886298,56236.983036353406,-0.8045310343835801,-0.2429362718868798,-0.35699752934836787,0.4473698889603734,0.3756929569588701,0.7541236899773753,0.025971093955596825,0.11228962679736372,73563.54967843171,-0.28573030352954704,0.28247434202848887,0.42685590311469274,1.1361997514811482,0.11358394152766772,0.9632952561770678,0.07152880442898901,0.5103184836847721,82738.19787410567,-0.16055375159557905,0.5111874180904955,0.5106712963094093,1.4106651451374412,0.16028083666498372
5y,2000-09,2000-09-01,2005-08-31,1255,60,5.0,-0.09707800799893684,-0.09740944434311653,62453.45480003266,-0.6689119111207141,-0.23926027048947224,-0.3590073775660538,0.6013552556519309,0.27233245805273787,0.2341039767408819,-0.027773705714417507,-0.02061952498698113,68452.17376089691,-0.47274328062485865,-0.05074247323967751,-0.0764131872896234,0.8691195598109228,0.19210222255484322,0.6353191865648037,-0.17323418520422806,-0.1498623771034865,56994.29567548854,-0.80453103438358,-0.32229977077380545,-0.47181214688943984,0.387749986390844,0.3740894167463342,0.7680437599112023,0.019371298636567058,0.08971382492289443,74841.69448645215,-0.28573030352954604,0.22561970353890232,0.3418759282125556,1.1002634388659394,0.11361577922468664,0.9544006033173897,0.06086979153665384,0.42675021639570965,84015.16419932542,-0.1692118478187763,0.4457439891373969,0.45444002178948,1.3421505897082338,0.1620014951028811
5y,2000-10,2000-10-02,2005-09-30,1256,60,4.99,-0.07782149993241771,-0.07107275051372554,63920.61987382482,-0.6301883953720475,-0.16609775128844464,-0.24723268225194395,0.6677800738958832,0.2696558036065268,0.23815931362077147,-0.015104346656468537,0.006820542477133569,69144.15420292752,-0.44374402515960576,0.01582892827611259,0.023644746556756458,0.9269493857632783,0.19120529954909946,0.5995488430650251,-0.14823724182951958,-0.12046013964105975,58895.60010862281,-0.7687606908838027,-0.25078012866005933,-0.3646644334405414,0.4494685306266952,0.3692677751990054,0.8781865879298236,0.0238613220156203,0.11305911266475262,74032.3690237909,-0.26503143193002454,0.26507393292938014,0.39916465180803273,1.1247166593999853,0.1130409851739752,1.086504742860657,0.08992207179125189,0.5815499918958702,84676.01615581116,-0.16921184781877757,0.6274064592697643,0.6483889364416012,1.5359732734873521,0.15684433475904702
5y,2000-11,2000-11-01,2005-10-31,1255,60,5.0,-0.07373674659828044,-0.06726376317554597,65521.55986945287,-0.6213936971731138,-0.15818304948673198,-0.2336008630233158,0.6828608379197812,0.26423361176214466,0.2108393667902101,-0.018915161892003485,-0.0028675983390976088,69112.81177925246,-0.4421725537980275,-0.006709143365768913,-0.01000199458787739,0.9092794431431156,0.1889918297669964,0.5638852203912141,-0.1366954636618739,-0.10853937901099198,61379.94576273073,-0.7584950682429772,-0.22843014544578955,-0.3289250910471448,0.48093535185404745,0.36040157278422896,0.7606769299045425,0.019147254148154547,0.09509194603340458,73310.38838605469,-0.2650314319300238,0.22556384280023362,0.34012519899876653,1.0990596459802484,0.11173047200018559,0.9469588161669614,0.07414390312833619,0.43143482956382,78665.99172916153,-0.19460984785176302,0.532246784458753,0.555080301028497,1.4278941680210089,0.15774912877068403
5y,2000-12,2000-12-01,2005-11-30,1255,60,5.0,-0.032243743546281345,0.0013511188387226123,69761.99054263355,-0.5950055473070623,0.0030962173389052065,0.00459183927472616,0.849400200649683,0.25964689041993744,0.16610808890043027,0.00513292882313654,0.05364461221647597,72245.5754109248,-0.4214237900078743,0.12077629407614768,0.17895274561548413,1.0258252574965272,0.18718173104000493,0.5356758402430519,-0.07951539263100993,-0.02875486912571337,66456.68236243485,-0.7302856880948154,-0.05953153931773543,-0.08641899995152356,0.6619064455291279,0.35274191842192,0.6631085547997949,0.03414232771151493,0.15680654260998173,75331.93100747508,-0.2531776870633373,0.35849522719344834,0.5387765324166744,1.1819858553308789,0.11074043603088547,0.850325112304388,0.08659269626942034,0.49116212888086985,83238.2669345164,-0.19460984785176347,0.6035770154820594,0.6350075285969792,1.512231557833516,0.15836419333448834
5y,2001-01,2001-01-02,2005-12-30,1256,60,4.99,-0.0266681765441239,0.007945322734012612,67866.54636312183,-0.5740670358073574,0.018114659514761815,0.02667006433336408,0.8739587799244324,0.25179318809335083,0.15079192475490555,0.005799634837808432,0.05387345726644811,71166.87470840424,-0.42028649948591323,0.12320460925658801,0.18092514845551266,1.0292420079614975,0.18377791956276737,0.5093699435487276,-0.0686653623733412,-0.019205084000959802,64127.79078469403,-0.7039797914004892,-0.03972363210572896,-0.05737263529900223,0.7014862474897352,0.34035133023182673,0.6138808799847134,0.0364509459642306,0.16476075453403932,75305.30353074397,-0.25317768706333815,0.38353526623929596,0.5717623130449606,1.1953551464611465,0.10876117641216433,0.7805068867839482,0.08212656238156435,0.47104602447924926,81477.59890515587,-0.1946098478517616,0.5741572478789845,0.6158525083769004,1.4819931342736834,0.15966043360721496
5y,2001-02,2001-02-01,2006-01-31,1255,60,5.0,-0.03489591353423849,-0.010254065923135242,74045.29845844905,-0.5688799094951226,-0.023921690163424325,-0.03490617130832044,0.8378703863100961,0.24385116831039044,0.17399807207238926,0.001819522947180685,0.04360874154919875,75103.96264439252,-0.42028649948591346,0.10079148792636403,0.14733127540330765,1.0090943841445827,0.181842392743411,0.49748530123343393,-0.07951587690238271,-0.043339170287446445,71823.70485515859,-0.6920951490851984,-0.092182299255012,-0.1316013891374196,0.6619047112795122,0.32538599887101655,0.7271210855791039,0.032470978663514005,0.1490480500524529,77347.12223741844,-0.2531776870633377,0.3508746266445862,0.5211186237607132,1.1725028611987913,0.10754736224288008,0.905804659496644,0.09448219517000656,0.5323027531780153,86042.15384868937,-0.19460984785176452,0.634938786324092,0.6878421066642721,1.5677093707761562,0.1631517242894857
5y,2001-03,2001-03-01,2006-02-28,1255,60,5.0,0.0032202369773493,0.0634016310256654,76226.29811916506,-0.5060926666052347,0.1333941222977612,0.19584139425473338,1.0161403960095001,0.24054358588061048,0.11539747262804434,0.023362599878544943,0.09977785911578413,76847.27149390316,-0.39426387282165926,0.21809334252349702,0.3175617604947719,1.1218859431854484,0.1803760018607842,0.4124420840063344,-0.02584646468447238,0.040911484776829356,74277.98351332484,-0.6070519318580979,0.07764937899155583,0.11209324182992222,0.8777335551630261,0.31984023815126983,0.5238453879251876,0.04629830149362002,0.21323454025320532,78647.93527583269,-0.23891086363559347,0.477715491228425,0.7060891370777416,1.2528169226421848,0.10664098004825331,0.65511339802825,0.08955100794357196,0.5109068110522346,83941.86451902286,-0.19460984785176347,0.6014947669167434,0.6641186077868265,1.532846953191276,0.16530068461770578
5y,2001-04,2001-04-02,2006-03-31,1256,60,4.99,0.0319726692598179,0.11580891058039838,74626.46637945628,-0.5060926666052351,0.2511907814684224,0.37645509258316,1.1698334154312318,0.2333287871061821,0.07882590850871907,0.038658618383727195,0.13545882979681398,75972.87821818405,-0.3942638728216593,0.3032891579269545,0.44648346074886414,1.208099408923585,0.17609110463633693,0.4124420840063355,0.016702210796873063,0.10512042636229851,72311.45718860113,-0.6070519318580977,0.20716577417356266,0.3058491620821903,1.0860620857668732,0.3080313732108928,0.4228963496124434,0.051163055460137,0.23157103551181288,76417.58507798139,-0.23891086363559372,0.5309540201440394,0.7974319500457201,1.2823496967636154,0.10419892116478788,0.4896929410274595,0.09552811930559213,0.5403986675081169,86120.96636719779,-0.19460984785176222,0.630062123786006,0.7097627446437117,1.5757550267943328,0.16691513184621856
5y,2001-05,2001-05-01,2006-04-28,1255,60,4.99,0.00726969924029075,0.06341090575503681,75374.34857487892,-0.5060926666052344,0.14380407791817063,0.21318693656377002,1.036731829342047,0.22316331254306362,0.11611911611937842,0.024309457495885978,0.09855934223833109,76977.05228654448,-0.3942638728216598,0.22537057219928194,0.3284227844648898,1.127064952531374,0.17241997300019996,0.41244208400633364,-0.016695462329990196,0.0417183431402368,72842.86067928883,-0.6070519318580977,0.08711642745366086,0.12741319168978255,0.9195710600408853,0.2907052267572703,0.5601885327132724,0.03970241117349205,0.1847824606355863,76045.05357116373,-0.23891086363559358,0.4323147296591004,0.6440946817649297,1.2139750433121599,0.10211666229825091,0.6837061337206389,0.09942365378938822,0.5598422515554702,87366.32261512158,-0.19460984785176402,0.6473049601669333,0.7399400741501305,1.6032771937615242,0.1683145072271681
5y,2001-06,2001-06-01,2006-05-31,1255,60,5.0,2.0848044335997074e-05,0.04957519681841702,71509.5570114258,-0.4879676600771151,0.1099098980707233,0.16272981976884507,1.0001038308777834,0.2200993105623594,0.10943400025578687,0.01918787645022646,0.0887741175566238,75152.41755315413,-0.38086051733404913,0.19633193320273767,0.285471972155447,1.0992778317837393,0.1722111924786873,0.3934803618238415,-0.02532596373000351,0.024777881012913314,67260.6101859979,-0.5880902096756034,0.051314747474962466,0.07525287075652279,0.8800716482612049,0.2839657205233475,0.5081948049266534,0.03615081644852047,0.17758250342125356,74818.01638718776,-0.2293752840455065,0.39856658215105445,0.5908677813935977,1.1934627165796232,0.10219882696619201,0.6150169694106792,0.08410803652578336,0.4894025514889174,81291.1577436724,-0.19460984785176197,0.5595095524016158,0.649282814314723,1.495088617671884,0.17022507600577522
5y,2001-07,2001-07-02,2006-06-30,1256,60,4.99,0.0003665091863991332,0.05252081156477111,72652.66391098827,-0.46346117722696395,0.11103350075950864,0.16511089575221763,1.0018280625240137,0.21922534181324393,0.11273489158253813,0.024651654685160285,0.10905944208150982,75502.37655856565,-0.3593889126571838,0.2273030739184779,0.3317790574166261,1.1290504591320947,0.17243389466316722,0.36586347641347816,-0.02961250220862688,0.016928477410078614,69022.21254265473,-0.5604733242652408,0.03369399232654871,0.0495594882332221,0.8608612948864336,0.2815920392223717,0.5200474702880022,0.0402284050290771,0.20838253624157088,75277.95026769114,-0.21440286983818993,0.4364622805505441,0.6496862251600984,1.2172272298076314,0.1023635163570098,0.6279416851026447,0.08312238937391125,0.48489085204264826,80751.26782016552,-0.19460984785176264,0.5537414626145509,0.6477702760482924,1.4888029799890783,0.17041262269792629
5y,2001-08,2001-08-01,2006-07-31,1255,60,5.0,0.006357477917184218,0.06619203446423896,73380.39960370393,-0.4501487989531893,0.13739775160079695,0.20489804737323417,1.0320643614262004,0.21686137121746363,0.10463458686758076,0.02770392567017188,0.11953748131560453,77256.12014059056,-0.3514474673840726,0.24493831729973184,0.357515365991689,1.145788874156383,0.1715172437247984,0.34854665938170426,-0.02060572610029887,0.03236891085481071,68769.44020065271,-0.5431565072334675,0.06335652816813216,0.093466328640273,0.9015030829510432,0.2774991791878798,0.4949034384908307,0.043617861518964185,0.22822301160583086,76906.22229998796,-0.2098152327026307,0.46988237300148533,0.6995738540577927,1.2369143563760387,0.10190776892160887,0.5930418255381805,0.08402886076728189,0.4893418079675967,80858.04340214438,-0.19460984785176327,0.5582599666589628,0.6562741603587585,1.4945449084892237,0.1705849254532997
5y,2001-09,2001-09-04,2006-08-31,1255,60,4.99,0.03285982874200233,0.12679356344747675,80066.2869809579,-0.4346856440378457,0.2578757842999431,0.38413588453865233,1.1747036934413149,0.21372825655825659,0.0726871176515731,0.044923484644708855,0.17712491748162681,81094.04442348785,-0.32971717232319014,0.3431741732889588,0.49777218593833233,1.2446401020155131,0.1701792602290196,0.3378999026732178,0.014966820021460325,0.09733071851345959,77965.77403598603,-0.5325097505249796,0.19031798762078134,0.28108515726325106,1.076790493357129,0.2723313612231573,0.38711578545218794,0.05630401551395936,0.29869332435013907,80037.25509208495,-0.20054015766858682,0.5917631725546268,0.8765903959769301,1.313628769200118,0.10122293704277743,0.44281081862369764,0.08765393767303342,0.5066511373618464,82052.50825972916,-0.19460984785176186,0.5774337730729693,0.6821445378860664,1.5196013119808267,0.17075430179843534
5y,2001-10,2001-10-01,2006-09-29,1260,60,4.99,0.07384415382750031,0.21373889358829243,80219.804214375,-0.43468564403784576,0.44564622279838134,0.679523087749837,1.4279279207054747,0.20848202870867222,0.017779321426413697,0.06836453620506533,0.2421142782291171,82633.6769912703,-0.32971717232319014,0.4817842653144829,0.7136973178494542,1.391865650308251,0.16569498205730396,0.3378999026732169,0.07328041090206083,0.1990371480136503,76945.50068891657,-0.5325097505249796,0.39827845866421563,0.601243630724119,1.424183711136293,0.26611838960467293,0.19755763889169686,0.07165792807015525,0.36933236797894375,81402.32685017108,-0.20054015766858654,0.7515290448568871,1.1388340501828174,1.4134514834809784,0.09855370436243632,0.12193429484026463,0.09105973232847453,0.5226926908423444,83172.05405782774,-0.19460984785176275,0.5958360975559125,0.7083573842436129,1.5461180059765576,0.17072001084746585
5y,2001-11,2001-11-01,2006-10-31,1259,60,5.0,0.06367907431320985,0.1894871014061026,79997.57013899175,-0.434685644037846,0.40480583579208057,0.6175893867161856,1.3612775619478383,0.20347365435186676,0.054861732867388824,0.07229690302672998,0.25237847525554724,82792.97507869432,-0.32971717232318976,0.5076209789359396,0.7464685297244458,1.417277721969434,0.16392844399561052,0.3378999026732167,0.04987768030716655,0.15308851739576076,76522.27642445474,-0.5325097505249792,0.31744493535044915,0.4804175969932338,1.2752919881878653,0.25680399694094586,0.34654306232785637,0.07454552183331264,0.38228851708668177,81566.41177545844,-0.20054015766858674,0.7854906511801458,1.1853134328687935,1.4321885090315365,0.09760039712283103,0.3695628468795813,0.10473941317455537,0.5882158429349144,88147.65801474413,-0.19460984785176247,0.6639879976783055,0.8008103583628847,1.6448548350674466,0.1724016037907669
5y,2001-12,2001-12-03,2006-11-30,1259,60,4.99,0.044745298706779124,0.14693143476403223,82149.13679336557,-0.4346856440378456,0.31805635772644364,0.481239142927522,1.244447814701544,0.20081027716710814,0.0894168165820679,0.06047274810605807,0.21811434968417778,84042.79514384326,-0.3297171723231897,0.44214295872293624,0.6443441610115933,1.3408999488683297,0.16265337986767275,0.33789990267321723,0.024353454253134066,0.10482798488404212,79507.08697274112,-0.5325097505249795,0.22105836710495774,0.332398566573457,1.1277366995647555,0.2525211997613894,0.4846137753460843,0.06920308413370235,0.35708727888156055,82903.32469122246,-0.2005401576685866,0.7390570734883828,1.106873850142417,1.3969655484800856,0.0968941936653832,0.5854015426024037,0.11377027083520197,0.631682764086601,91395.96716789452,-0.1946098478517623,0.705672142451042,0.857103489898848,1.7131382421671593,0.17420510066117964
5y,2002-01,2002-01-02,2006-12-29,1259,60,4.99,0.04539590286090367,0.14932141414358216,81999.9793176577,-0.42833021514015596,0.32279912852604664,0.48802275244875215,1.2483243938286859,0.1981383089142759,0.08719054604484078,0.06209981367053108,0.2222220218179717,85201.50129914448,-0.3297171723231902,0.45354652295757814,0.6588965106651682,1.3512099435886287,0.161549946814645,0.32398833533036897,0.024327518449941854,0.10537509000364116,78169.98208768832,-0.518598183182131,0.2204164563407591,0.3323930211218816,1.1275940531703725,0.24792763269934004,0.4704748615740546,0.06769943512235921,0.3497661239483328,82542.5284971357,-0.20054015766858702,0.7286107745970828,1.0887746410835348,1.387177934173915,0.09626834530757164,0.568306641207049,0.11151806449478263,0.622231394188099,90061.61095633825,-0.19460984785176208,0.6908913179148137,0.8524423098674092,1.6959006943774215,0.17526976213423243
5y,2002-02,2002-02-01,2007-01-31,1258,60,5.0,0.051242725717052684,0.1705371445492721,85368.06610262772,-0.4055621996667624,0.35242169262679374,0.5325400848945652,1.283343076832584,0.19625187925515652,0.08529993708019434,0.06743533872441088,0.23681236775358652,86744.64198564904,-0.32971717232319014,0.487065397795798,0.7086932846107398,1.385105805523352,0.16030928212150977,0.28664141065338977,0.030768872487213716,0.1251856148009755,83124.56185758414,-0.4812512585051537,0.24568613752297747,0.3701856904457596,1.163327570318517,0.24521422037528048,0.46325280914065886,0.06991558358746985,0.3597954313160182,82974.25036985466,-0.2005401576685874,0.7545991736319734,1.1286132651414305,1.4012467980797634,0.09561822361568309,0.566792946445458,0.11606880956740806,0.6448090483674693,91447.24386000025,-0.1946098478517639,0.7089389466636363,0.8849696747060372,1.730120516763975,0.17700563833710797
5y,2002-03,2002-03-01,2007-02-28,1258,60,5.0,0.06307449052587066,0.19724625348274413,82190.29977026084,-0.40556219966676255,0.41152867100080376,0.6154107535133776,1.3570869112498465,0.19438651563194073,0.053067543266758666,0.06706883041004086,0.2354295910099961,83839.99536873554,-0.32971717232318976,0.4864142613949883,0.6960372285560235,1.382733297648332,0.15958656065387472,0.2866414106533902,0.05460280880179602,0.17114982743899884,79784.64228801365,-0.4812512585051538,0.3401126003634274,0.5101905591912361,1.3039513040313087,0.24217294437179285,0.3130218330711394,0.07245281201679088,0.37132952613550074,82233.57320392894,-0.20054015766858704,0.7836485240717861,1.1604234363898747,1.4179139154608547,0.09502535821964175,0.362145353499858,0.10767035206855469,0.6107901398954265,87661.9201491966,-0.19460984785176363,0.6531344334345668,0.7823359162255621,1.6660966575311666,0.18199281818497898
5y,2002-04,2002-04-01,2007-03-30,1260,60,4.99,0.05425585067642569,0.18534618995333393,85346.93354347003,-0.3849007708979115,0.3702219937824336,0.5517954307192053,1.30235715165359,0.19269490358250546,0.06765587676174456,0.06244318876757271,0.23408824402474923,86319.40714922656,-0.31286800115718527,0.45967901067813566,0.657234548883278,1.3537191830784971,0.15932578886813695,0.25954010549754125,0.041918656001664445,0.15290337756839872,83562.76546898174,-0.45414995334930364,0.29091032975713965,0.4336671393579588,1.2279171685535966,0.23870263337713254,0.3627500175098293,0.06803840649675763,0.37248351896717835,83030.85238319024,-0.18878125649134508,0.7418714021554004,1.100856519425337,1.3897425374823418,0.09478449570726565,0.4539140152042085,0.109574532763409,0.6228783892488229,88780.53549467358,-0.19460984785176236,0.653660347266969,0.7927882019317879,1.681831183757805,0.18544534492369336
5y,2002-05,2002-05-01,2007-04-30,1258,60,5.0,0.08480092682294083,0.2920239163087599,90200.66958740477,-0.34061981524050144,0.5224082602217934,0.7763596387811185,1.5013075958969957,0.19040497632381786,0.05219913359026007,0.08475252691213409,0.32345605799533644,89980.43267308889,-0.29012923176453126,0.5932562075017477,0.8433197728896046,1.500973242592673,0.1581847040605878,0.19621893546363428,0.08072880712050079,0.26890088885089547,89636.88672487196,-0.39082878331539705,0.44755405238066975,0.6699361415472932,1.4733843285184498,0.2348190272504466,0.3144968991937345,0.08210580864529038,0.47858980859529654,85277.62338596744,-0.17413717830579006,0.8858567727107287,1.3074263067622731,1.482779795012295,0.0940787285281696,0.39119670149422436,0.13292794071076086,0.7311785889419474,96005.03039930396,-0.19460984785176277,0.7620509515744043,0.9265019606920946,1.8645810300126742,0.18672577424446113
5y,2002-06,2002-06-03,2007-05-31,1258,60,4.99,0.0982131717343242,0.38401296553202546,96572.26991767525,-0.2881885188005786,0.600036576920602,0.8732490809671751,1.5962846273531826,0.18443563608212488,0.045135062211564714,0.09332783873356543,0.3982037201281783,95252.2814213894,-0.2545716603170372,0.6500882003099165,0.9098255295631087,1.5611494816246527,0.15593481335167192,0.1290581056158227,0.0994629299456824,0.3706418013000695,97130.27808941352,-0.3236679534675856,0.5346925031344202,0.7819311892881133,1.6053736307920217,0.22436236265346357,0.2772648705736044,0.08498255775597818,0.5725226034309975,87299.80210456051,-0.14998167506004176,0.9263253888877255,1.348789941825612,1.502562858787913,0.09269733951200657,0.3570799769536641,0.1445979921572471,0.785314748299693,100467.58501429904,-0.19460984785176288,0.8119573737080246,0.9969277774803973,1.9624536077456858,0.18822414652681702
5y,2002-07,2002-07-01,2007-06-29,1259,60,4.99,0.12107245635942165,0.5860394644390711,98857.03916977238,-0.22294186514614686,0.7216341339452986,1.065853745051213,1.7699926116275957,0.1810512073992321,0.008292128261224052,0.1068895798234093,0.5400305283441696,96381.37458309733,-0.21004825941381192,0.7356436619487335,1.0364856230288833,1.6609114467018686,0.15419486142044553,0.04381073950470968,0.13184006246397262,0.6202190491733239,100674.3140465192,-0.23842058735647279,0.674104108192049,1.0049304914515598,1.8565723479673795,0.21936224419425832,0.10873927699840391,0.09192983477786587,0.7621019839702755,87203.61333491483,-0.12099241530207479,0.9998819465884059,1.4561374587514695,1.5517512198600973,0.09221944656734932,0.06895648562474221,0.14013219072519667,0.7678006654785043,98003.02942412512,-0.1946098478517631,0.7828433851904529,0.9721450243186357,1.9255288335921217,0.19087032414906638
5y,2002-08,2002-08-01,2007-07-31,1258,60,5.0,0.1366667734641258,0.6774523250513749,96755.98258387917,-0.21055269106621424,0.8363623451545574,1.2526997703563512,1.8955021978574866,0.17054738407941036,-0.021218415892646947,0.11818674412459029,0.6485213998243141,92593.31336107344,-0.1885590778749874,0.8411248832195307,1.1931843276650058,1.7465726814068832,0.14538221323925907,0.0385702515057372,0.15223926980491043,0.6990057193272645,100459.06320703284,-0.2331800993575005,0.7896267038193272,1.2040591518282389,2.0287331623979568,0.2064193400448714,-0.05939964034713807,0.10002051133411327,1.0779871860876171,85403.32596802645,-0.0919208724524336,1.144903819182813,1.6899290466344334,1.6094420296642704,0.0865483379280225,-0.17976815092204834,0.13102085391226348,0.730307523716932,93595.55500077,-0.1946098478517633,0.7302270634721891,0.9089355826902417,1.8489650114759084,0.1946312909846884
5y,2002-09,2002-09-03,2007-08-31,1259,60,4.99,0.14205601805479628,0.9917188548850564,103178.48732026489,-0.14770189972015588,0.8867267723563342,1.3389580813324458,1.941816177818769,0.16519040974208618,-0.025908441075483513,0.11942507295817872,0.8508372782533957,97573.55066272363,-0.1444916728556196,0.8645737522743777,1.2169177872603558,1.7570362653711273,0.14219596805865098,-0.021944308483095892,0.16207125124087574,0.9846702281679309,108454.63867755933,-0.17266553936866827,0.8539312296496017,1.3270657166814714,2.1178974422919445,0.19910106357938231,-0.11025390669158153,0.09738156477206461,1.126817051038086,87979.39557018176,-0.08568610626927987,1.1363702405705869,1.6515626812366595,1.5908460390676586,0.08496576391582171,-0.22562857068314912,0.13616281016539222,0.7571846407626022,95246.91008580672,-0.19460984785176416,0.7436773229580201,0.936892664977532,1.8922688716087954,0.19814452207361552
5y,2002-10,2002-10-01,2007-09-28,1258,60,4.99,0.17991167685083442,1.2355643950601047,101366.88367155762,-0.144537522314776,1.1022083610822986,1.6856293828509565,2.2839009299286466,0.16202509673124152,-0.05261842620731372,0.1533862195914104,1.0747886739515675,97368.7215160717,-0.1417519358130915,1.0977742382126716,1.597183001851977,2.038834285097611,0.13878388635779312,-0.02194430848309445,0.20407588005160338,1.186209235907499,104802.48653690997,-0.1726655393686689,1.0482341536314304,1.634536309925144,2.5271392539365225,0.19539284883297248,-0.24158498313711385,0.113530968883222,1.2961617414470123,88397.64939319994,-0.08568610626927928,1.326324746642779,1.9494126098751274,1.7105699809423733,0.08373745042526569,-0.5052685338041858,0.15145745384428966,0.827434069149273,101128.19318229647,-0.19460984785176336,0.8066491704943165,1.027239343539554,2.0218707201323367,0.19962435243791035
5y,2002-11,2002-11-01,2007-10-31,1258,60,5.0,0.1602807358447973,1.1102778911342723,100994.63053923915,-0.14453752231477585,1.0455389990957242,1.5525157571725559,2.10040480497281,0.153487163658378,-0.010795489460933672,0.1383294522579055,0.9741951781805732,95723.59793884054,-0.1417519358130907,1.059103876856249,1.5031740458060499,1.9093840561285127,0.13038763749669327,-0.02194430848309445,0.17982579454472214,1.0590392224909104,105801.09683843417,-0.17266553936866935,0.9786891332223936,1.489612219926248,2.283071177631195,0.1868413292399528,-0.10785590158918512,0.10925020787757234,1.2479725560547168,88158.47521376453,-0.08568610626927965,1.3307667486199968,1.932829328024705,1.6779932781107778,0.0803551104430129,-0.10239816737005114,0.16903030508378847,0.9089505560687682,108352.53855016567,-0.1946098478517638,0.8708332316332085,1.119008672341688,2.180673010261144,0.2031281340625558
5y,2002-12,2002-12-02,2007-11-30,1259,60,4.99,0.12685603144267454,0.9070472910145229,98796.4399297447,-0.1445375223147765,0.8589190336454184,1.2707314812430077,1.8160857083465891,0.1526364685494806,0.007082521182421031,0.11580012023775721,0.8422190267829709,93682.6865475712,-0.1403839826824398,0.8994760076063357,1.2659640849291638,1.7287937525142838,0.13144770985650142,-0.02194430848309306,0.1353237563136922,0.8338124410164774,103471.6450164789,-0.17266553936866888,0.7800971965993404,1.1808986136394102,1.885297528057594,0.1845547907209826,-0.03500095657731872,0.10136021139267215,1.1654812619766761,88152.76719922053,-0.0856861062692796,1.2289787245557366,1.7877254935234494,1.6198713615107079,0.0812589748489649,0.05949580769035445,0.14240627749611323,0.7954366091755657,96020.3622139643,-0.19460984785176194,0.7450962400220217,0.9610513319862563,1.9447933357479485,0.207758124618644
5y,2003-01,2003-01-02,2007-12-31,1258,60,4.99,0.14683437147529332,1.1515575834162566,97967.92959545404,-0.12890978358235114,0.9825313904429057,1.47140200015218,1.9816697282571887,0.15108630655951655,-0.02254982679898143,0.12643257056160384,0.9299253959792252,93018.89939568461,-0.13725524272715145,0.9758345172067185,1.3753337742941365,1.8118224592320729,0.13079793109658225,-0.0219443084830932,0.16494869922610889,0.9802589584303116,102468.88153898227,-0.1726655393686684,0.9302770628119978,1.4348761031851132,2.1429288881388073,0.1819425078231177,-0.19021453811018973,0.10326095929568901,1.1850189801386146,87529.85684763118,-0.08568610626927971,1.2593071395501967,1.843433052289033,1.633249503570011,0.08063137186654802,-0.19922565210756127,0.14239887242712745,0.7975104167499785,95361.49177459438,-0.1946098478517616,0.7400625247018081,0.9653441288166595,1.943703236031246,0.20971657891533432
5y,2003-02,2003-02-03,2008-01-31,1258,60,4.99,0.12781268504632015,0.7599163361433304,88289.8832408576,-0.17317510851963366,0.8755911037189801,1.2992561991230986,1.822931274462432,0.15029686050773314,-0.0016343719554061664,0.11801062921374572,0.7497645008252969,87373.96440048658,-0.1601880111285028,0.919714456241099,1.291278182388814,1.7451998663957993,0.13058757898927106,0.005175142591136217,0.13512820550950355,0.716239510464461,88536.09494007885,-0.199784990442898,0.7918649269185913,1.2075970199240265,1.882728561783206,0.18070493955300437,-0.09058883540113727,0.10061041222081735,1.1572669154126225,84520.06138431806,-0.08568610626927978,1.2244760207073955,1.7947872783732732,1.6137552194967932,0.08098296268691371,-0.013493532923838591,0.13349383355409739,0.7579465875729637,91154.39880818459,-0.19460984785176177,0.7012760915174541,0.9241696946418149,1.8692350288593673,0.21033637374997444
5y,2003-03,2003-03-03,2008-02-29,1259,60,4.99,0.11747452254435409,0.6845353606579093,84392.08303725827,-0.17874629736531447,0.8152070761275735,1.1947250680201362,1.7417937694857815,0.15009457684599803,0.01739887242973226,0.11509319537201934,0.7334644624860482,84532.41070368128,-0.16018801112850303,0.8996667589016158,1.2474536046793496,1.7233285599135215,0.13059525909629066,0.026640074911990663,0.1173094158180652,0.5750244212434558,83610.74305424241,-0.22124992276375294,0.705002934499789,1.0646375102265109,1.740508421114948,0.18045897763199226,0.0015342169090870605,0.09584941673123493,1.1067306490427173,82804.93018430896,-0.0856861062692795,1.1698949816454698,1.6950147259629829,1.5797801859287295,0.0810597886931368,0.13968851613171362,0.13470828824779746,0.7633757328105139,91068.23348279798,-0.19460984785176227,0.7065371514088761,0.9317175495963157,1.8801969372466616,0.2102655676629934
5y,2003-04,2003-04-01,2008-03-31,1258,60,5.0,0.11798821239794188,0.5871884950095905,81382.43304046038,-0.20908051562991734,0.8195425341863801,1.2246142063270082,1.7450251893328677,0.1498026864834328,0.012341931734774159,0.11270840493100942,0.6493218909313089,80491.5033151366,-0.17766271280297444,0.8825474607589248,1.2486225351373936,1.704271323825048,0.13071284407301134,0.05483564637742669,0.12076601017189548,0.5218737600138765,81665.86975687162,-0.24944549422919013,0.7243580284215607,1.1062728983390604,1.7667771818135514,0.17971645634352765,-0.023854303943766197,0.09753605656199449,1.1249983199697686,81024.74086208442,-0.08568610626927958,1.1841780417146535,1.7439660399121828,1.5913774488836243,0.0814039124202228,0.09928320248222322,0.13310794190666964,0.7558048705320168,88944.17134458334,-0.19460984785176344,0.7005037244777945,0.9199477051455173,1.8660603842957746,0.2099732888208507
5y,2003-05,2003-05-01,2008-04-30,1259,60,5.0,0.11326584912197424,0.5670315886356471,83729.52184131758,-0.20908051562991792,0.7906021494265366,1.1787723687819869,1.7092654627564006,0.149955647118322,0.007128412437237941,0.1049218340662641,0.6095216690058674,82078.41872455276,-0.17766271280297438,0.8305907962718994,1.1724274069257317,1.6462122442261258,0.13037620175161418,0.05483564637742819,0.11915361581513273,0.5164304171180791,84761.7326558439,-0.24944549422919043,0.714870051803038,1.0945967055564318,1.7549086077782703,0.18020231832078373,-0.04261719806223285,0.08982417829093459,1.0422443473409782,80381.46894552815,-0.08568610626927955,1.10325427780842,1.616035898607164,1.5368587487456105,0.08094766700766232,0.05656004187246344,0.12628202825237067,0.7244739616267556,83910.74697711221,-0.19460984785176225,0.6722528537408051,0.8805645321073973,1.8114686496507337,0.20972728737438218
5y,2003-06,2003-06-02,2008-05-30,1259,60,4.99,0.10630878006079669,0.5365389252847196,86093.32797283237,-0.209080515629918,0.7515597121511935,1.1224858936438977,1.6565619551614998,0.1492627044003706,-0.01315424245838015,0.09646564512753253,0.5661306955554193,82559.53971246662,-0.17766271280297488,0.7725294523713427,1.0895249389671902,1.5842234346701665,0.13019609137835628,0.05483564637742702,0.11374818210336057,0.49621804361382066,89097.65260122328,-0.24944549422919055,0.69110987377942,1.060811383772999,1.7129685055464248,0.17910228146183005,-0.11995998774669236,0.07713331359072084,0.9053721567755189,79962.08555452841,-0.08568610626927999,0.9599677772013295,1.4187024292241046,1.449503393396586,0.08081293631009481,-0.0987199801531371,0.10059393964498042,0.6003929614450938,83259.9482654751,-0.19460984785176352,0.5711498860327276,0.7397127381528698,1.6142485253932877,0.20457394063351736
5y,2003-07,2003-07-01,2008-06-30,1259,60,5.0,0.08392944783242018,0.43945865069225154,76817.86727793977,-0.2090805156299177,0.6117239526979643,0.8944330813392993,1.4957747000023878,0.15020213100945917,-0.0014507683108238023,0.07519523506227133,0.4565987364481032,74819.80418501647,-0.1776627128029745,0.6182329431454168,0.8561730948308454,1.4365200948958512,0.13121360011496466,0.05483564637742705,0.09026887147344453,0.4114883401960279,78271.45282180606,-0.24944549422919007,0.5700577844213556,0.8591799157550628,1.5399943241142386,0.18005878560879102,-0.04518805720289576,0.06840490800527221,0.8515610497509504,77382.40182824274,-0.08154038873826312,0.8595961990898502,1.2603959164632972,1.3917631735792133,0.08077818294750042,-0.010210667040372767,0.08881810316262073,0.5409694995430581,77244.16075128377,-0.19460984785176302,0.5248697272184598,0.6739775234456467,1.5297836570738659,0.20057928003666403
5y,2003-08,2003-08-01,2008-07-31,1259,60,5.0,0.07526698894343742,0.4013422588346506,75403.43694218135,-0.20908051562991775,0.5572952252598742,0.8125996154027486,1.4369991140385934,0.15057162275541652,-0.004446348232360009,0.06942302439163761,0.35327223206925423,73275.14662006858,-0.21494309025108155,0.5721813129240412,0.7901286766045411,1.3984018112665297,0.13270867738202966,0.054835646377428715,0.0786479112455356,0.3683861593312885,76992.42243725006,-0.2494454942291904,0.5109214634647847,0.7654244155096206,1.4597149603871196,0.17985595468709492,-0.045634305660604224,0.07374906932785885,0.7376557455075041,76098.34355053343,-0.10086476407899199,0.9244382176603919,1.366927846651479,1.4268928833529464,0.08048506792636816,-0.02981536416318953,0.0742015630131756,0.46563122711014293,75138.50387342565,-0.1946098478517617,0.4652871578041805,0.5866095310539102,1.42989959622393,0.19475375742278833
5y,2003-09,2003-09-02,2008-08-29,1259,60,4.99,0.07101584958135398,0.38303683445587167,76852.34485826698,-0.2090805156299188,0.528660477954992,0.7824596441238042,1.4088386305994354,0.1514876602145085,-0.009899554538020494,0.06833613981481856,0.3494435313552529,74455.7490958684,-0.21494309025108146,0.5597921491250355,0.7819691326635945,1.391315680419917,0.1341756446837414,0.05483564637742666,0.07125150289052695,0.34099876396511897,78709.14590391425,-0.2494454942291907,0.4721184374127085,0.7179287303865195,1.4103880001260942,0.18016793767887826,-0.06494045264892939,0.07439283577281564,0.7435333664387399,76873.40288446945,-0.10086476407899175,0.9326941182943864,1.4010969581288348,1.4311720809689215,0.08040826689016486,-0.06392479258438866,0.06135194835250646,0.4003480472023654,76179.53129427614,-0.19460984785176405,0.4071779847637791,0.5133828568727158,1.3464632075417056,0.19134549378695656
5y,2003-10,2003-10-01,2008-09-30,1259,60,5.0,0.046900331973235954,0.20530401935530077,65334.369911746515,-0.2864203316541993,0.3656757288943077,0.490132734199353,1.2573254262703029,0.16080707760257576,0.028561322811410106,0.049695495587814165,0.21697955799338517,65892.57130268936,-0.273115665187808,0.4047526646473958,0.507649284375216,1.27418674590985,0.14641167678326547,0.11593010317742755,0.04168265388625669,0.18788556551413346,64270.37644960716,-0.3105399510291909,0.31216528521852044,0.440755922815082,1.2263283915473027,0.18690731185246232,0.1464958978130776,0.06030023190481937,0.5246093797768271,72428.18966624734,-0.11846764971574639,0.7335930402321411,1.0183536529388801,1.3398104901544512,0.0847189611031879,0.17744487151467925,0.0702439766976668,0.43777496205943695,72720.40579914853,-0.19460984785176336,0.45866118303159803,0.5736327962592113,1.403773263061982,0.18574782848765564
5y,2003-11,2003-11-03,2008-10-31,1259,60,4.99,-0.0022787585483875494,0.03581168798482357,54773.1593758421,-0.45987043048367254,0.08479274935313347,0.11138082256901677,0.9886669668408189,0.19422340348159955,0.05476362057437656,0.0019269670723933707,0.04322060011263513,54772.18437469891,-0.45212822071041603,0.10371549059274374,0.1278924207147387,1.0096643258088764,0.18841209654683247,0.28237039864999025,-0.009117575930559396,0.028085481130808564,54244.62413175124,-0.47698024650175413,0.06297236320108804,0.08670136976291905,0.9552705976928095,0.21273172915737062,0.27390989927597265,0.03400202886675663,0.15703491179262474,64808.637766690605,-0.2504032330432316,0.3615922772788044,0.4684579872894706,1.1818145430728237,0.10874692874929077,0.2945468164720779,0.04564604464381716,0.3144226408853283,72276.35277995659,-0.1946098478517639,0.3368822624770607,0.41391235741995314,1.2498174141648875,0.1816353934870944
5y,2003-12,2003-12-01,2008-11-28,1259,60,4.99,-0.023029435037493995,-0.0030608306213986167,49074.801704727804,-0.5165632462927864,-0.007569233660804655,-0.009644137404604283,0.8901179281513946,0.2088867477205023,0.07724266055055984,-0.014582688008274447,0.012762888371374459,50074.43204276938,-0.5076008005398962,0.031402940371842346,0.037587742158380365,0.9292364897522715,0.2063008201716026,0.3394303569969379,-0.03406815131754293,-0.018052344133015968,47608.34182634965,-0.5340402048487003,-0.04304086869559843,-0.05806109519663245,0.8409925826100794,0.2239889168357093,0.369560874256171,0.03597899823997053,0.15716760825145387,64970.692589664075,-0.26827517486913044,0.36034655853207453,0.46173044156565224,1.1931466881692279,0.11701004654847767,0.39413547066762,0.04317450923301691,0.29922519385390006,70376.41692675994,-0.1946098478517624,0.3265200055605726,0.39490417024501573,1.2351280532776994,0.1783418120104098
5y,2004-01,2004-01-02,2008-12-31,1259,60,5.0,-0.02763436210967496,-0.009166408981623408,49643.05036143954,-0.5165632462927858,-0.021904453500565794,-0.02766238719360256,0.8693533069617998,0.21616745563966844,0.0643398046093494,-0.02231141388272151,0.0006301868065809566,50275.90110017059,-0.5076008005398965,0.0014927296815085412,0.00177195949113915,0.8933910805864101,0.21429420977742122,0.3394303569969385,-0.03560226034802805,-0.018331846927279936,48520.20466220043,-0.5340402048487009,-0.0425147512012196,-0.05702811189007456,0.8343406329144522,0.23027168245591811,0.2920677642598975,0.04135271124506046,0.17820806889750299,68397.4335439447,-0.2682751748691305,0.39518824603048447,0.5095391136652017,1.224389023916986,0.12097728443795805,0.3177167774740487,0.028737544261321357,0.22499551707353133,69544.9668980861,-0.19460984785176233,0.24955301305867789,0.2970275178041055,1.1520574103885008,0.17545908505906502
5y,2004-02,2004-02-02,2009-01-30,1259,60,4.99,-0.04164331375732444,-0.035273800561130976,47151.653590030466,-0.5165632462927859,-0.08250932762301201,-0.10407621117294137,0.8085542993195186,0.2208374428912471,0.06513029077699051,-0.0426946998489085,-0.03873742685951699,46058.51680291275,-0.5076008005398965,-0.08967951014390926,-0.10629174889596041,0.804132312220543,0.2192602173360775,0.34636244262635024,-0.043239613857854686,-0.03141926172747876,47779.72448541124,-0.5340402048487003,-0.07158120575883335,-0.09606820286460899,0.8018481008563276,0.2344071853954079,0.2836443033094208,0.01579780498023098,0.0868350864272041,61152.419427764115,-0.26827517486913144,0.18833280888504372,0.23915110721925775,1.0814572020376874,0.12369431610959385,0.31240760200361484,0.02189067691913582,0.1952620513350666,69298.35021306922,-0.18767776222235005,0.21206309755058744,0.24933590133217723,1.1142557028599425,0.17280868413595152
5y,2004-03,2004-03-01,2009-02-27,1259,60,4.99,-0.057572323318685004,-0.06625896139132371,43806.26267984233,-0.5165632462927859,-0.15267307155293447,-0.19203352409735863,0.7436050817851254,0.22418455228644205,0.07345028066392101,-0.06675104703987789,-0.08614483978129248,41513.50220647331,-0.5136038519393443,-0.19829118459736908,-0.2349746258896438,0.7081195981802505,0.22312803076045828,0.346362442626351,-0.05096549134520556,-0.045332854396366015,45754.50697555564,-0.5340402048487004,-0.10204393726447593,-0.13650407409130572,0.7700167512893226,0.2372464988827864,0.3179023459200078,-0.002218053694093336,0.020887350312979235,56941.244577019934,-0.27059634337428606,0.0449609442310524,0.05728235614209478,0.9889675344738917,0.12571000707690505,0.34747920305572677,0.022484789318715448,0.19683159987756477,70147.24107068586,-0.1876777622223494,0.21585840865553188,0.2509126897123214,1.1174959543450493,0.17113493252244225
5y,2004-04,2004-04-01,2009-03-31,1258,60,5.0,-0.03740260851398569,-0.02158978335496006,48450.36727257002,-0.5366133707124514,-0.05020234516801079,-0.0641344273077333,0.826713051018808,0.23077341068996424,0.05734414329384541,-0.04918652846325122,-0.04324433186453943,45442.69354004388,-0.5518943319267763,-0.10335839429521544,-0.1245233827896847,0.7774106367518172,0.23090820834379572,0.34636244262635,-0.02823822308480517,0.0013024652443226954,51128.17707311758,-0.5340402048487003,0.002867762636204776,0.0038880110703245424,0.8667578720689565,0.24254755156686433,0.25334270343540516,0.011730639961128775,0.06712820536281879,61704.12044837505,-0.2992276996205312,0.15441899467949857,0.20133963278552167,1.059947404466618,0.13007867660362168,0.28723066145398535,0.029105920209040237,0.22661283912025187,70580.04208764962,-0.18767776222235028,0.2562104660716099,0.294131165740513,1.1539885335229418,0.16599708508806707
5y,2004-05,2004-05-03,2009-04-30,1258,60,4.99,-0.011335476198821026,0.028977207734551442,53408.42942587435,-0.5366133707124515,0.06685739516597536,0.08542827797393374,0.9446785349226267,0.23257796804183528,0.032350714110003675,-0.027259033199108718,-0.0008309780576622985,49739.49459693833,-0.5518943319267754,-0.0019637293962986645,-0.002372165250275285,0.8711266351395767,0.2335413834735879,0.34636244262634985,0.002018790090490663,0.05909241668698923,56765.71449098814,-0.5340402048487002,0.1296627098779808,0.17557796994383104,1.0101186198653083,0.2433832081885525,0.1585091101928443,0.025331527937190845,0.11211925427576573,63249.18857288284,-0.29922769962052886,0.256280802336226,0.3352289531444672,1.133014150324278,0.1309079191038737,0.17363703317740375,0.03436950420049434,0.25233783520710196,70082.29156813402,-0.18767776222235036,0.2881718200708251,0.3279772471562982,1.183755653042712,0.16434015034524094
5y,2004-06,2004-06-01,2009-05-29,1258,60,4.99,-0.009161331761056712,0.03373481232608099,55367.60225578893,-0.5366133707124521,0.07732254662142994,0.09943962131622842,0.9550947487171731,0.23411737124076012,0.0386856877423537,-0.01946674998504183,0.01448595073048973,52366.552326367084,-0.5518943319267761,0.033935482540219615,0.04137263882192713,0.9065241650892758,0.2355856909137113,0.34636244262634996,-0.001655962927708976,0.052824465926802455,57936.31555824235,-0.5340402048487002,0.1152703461648537,0.15654792810804907,0.9917606071156401,0.2447324012042761,0.18838184993126822,0.02754619388716062,0.12006749462300434,64062.94310693808,-0.29922769962053036,0.270972484744971,0.35634922942499647,1.1452837878858741,0.13258733723114213,0.2072711826220649,0.03702972481464473,0.26618220231044387,70247.06904354575,-0.18767776222235025,0.30365219609612193,0.34610720266306555,1.199031789737705,0.16451875110834752
5y,2004-07,2004-07-01,2009-06-30,1259,60,5.0,-0.011324598661689889,0.029956337962046973,57336.306997425934,-0.5366133707124523,0.06846592844718705,0.08800901085782382,0.9446877251443457,0.23478789892428412,0.031255811028508496,-0.023170977455592823,0.008031432600017168,53031.46368795361,-0.5518943319267763,0.018740172009222917,0.022858392193276962,0.8894738298497411,0.23652408990803098,0.3463624426263505,-0.0022414199532626577,0.05190141228165032,61351.21238007064,-0.5340402048487011,0.11308079305538543,0.15327327789041176,0.9888518325843729,0.24511183639518522,0.14450496514422978,0.025139978750914782,0.11236644198637746,64528.75277785066,-0.2992276996205309,0.25300870527031,0.3337125358756006,1.1320694291397286,0.13289326117931474,0.16475534965313354,0.029014391075245838,0.22318745409080276,72557.05609519006,-0.18767776222235055,0.2575857581996152,0.2911308629506369,1.1536071822375065,0.16261505384705713
5y,2004-08,2004-08-02,2009-07-31,1260,60,4.99,0.015151111095710323,0.079415892311997,62103.13350860891,-0.536613370712452,0.18113327198419668,0.23190024845787505,1.0780861617414252,0.23527223460853672,0.036889212658872905,-0.002481348097577163,0.04640404306735284,56946.16938518789,-0.5518943319267764,0.10785477996595036,0.13149322369883593,0.9876546778065871,0.2374501005467087,0.3247362584604787,0.030109020880627835,0.11164165250983096,67039.41101119183,-0.5340402048487005,0.24326553595079592,0.32854488976118107,1.159887723998491,0.24508663236232867,0.23440584678099563,0.03749548806040659,0.15260644419225156,67019.52499221044,-0.29922769962053264,0.3424744601138907,0.45169230344616257,1.202073667026961,0.13333570984455578,0.22310056371702114,0.06699823353950074,0.3744563171412692,79592.45711864956,-0.2093039463882218,0.47767138273179155,0.542375337552869,1.3829882877155122,0.16407762273603524
5y,2004-09,2004-09-01,2009-08-31,1259,60,5.0,0.02266633492042125,0.09325498196282321,63127.14925636952,-0.5366133707124521,0.2125075301139795,0.2720943174226909,1.1184875944722967,0.23548280938543342,0.03783213380997141,0.004296404348676397,0.05887864614874545,58821.404227648345,-0.5518943319267758,0.13657627430571978,0.166626818213731,1.0216500262526582,0.23792412881520542,0.32473625846048093,0.03838226128009303,0.12656153735041878,67072.22798271586,-0.5340402048487002,0.27592501541066977,0.37261315437894055,1.2070392498958442,0.24495404750449626,0.24383474198525928,0.04029772779680396,0.16172535302638325,68752.78758187543,-0.2992276996205292,0.3623081890209286,0.4786822043572921,1.2182043995750453,0.13356779345003228,0.23629660751892767,0.07621439509006445,0.41941216902284406,82769.12169929603,-0.20930394638821925,0.5197597573959291,0.5931397051148396,1.4433358574147719,0.1688946111940979
5y,2004-10,2004-10-01,2009-09-30,1259,60,5.0,0.027513816007955105,0.10220016186432856,65192.530048773755,-0.5366133707124524,0.23259488684858337,0.2980412601652762,1.145226988822652,0.23578322846399064,0.050804667090500466,0.009305348214971199,0.06811161117127182,60594.08546444599,-0.551894331926775,0.15765926952828405,0.1927021231388331,1.0473622343858169,0.23842817651188983,0.3247362584604786,0.04307986241052153,0.13499645512148448,69459.66374487382,-0.5340402048486996,0.29436179932938844,0.3972808146551362,1.2345682859852587,0.24491470941938964,0.31275449071615213,0.0446956060686734,0.17603397774672505,70363.13382272684,-0.2992276996205297,0.39299264089093516,0.5200293601370561,1.244152120891187,0.13403366052043303,0.3311108080450962,0.093884529501022,0.5001033880557233,89934.07795761769,-0.20930394638822106,0.6071162900455406,0.7008690236937819,1.5656790940303549,0.17241114171772778
5y,2004-11,2004-11-01,2009-10-30,1260,60,4.99,0.01602848485713504,0.08149043234355235,62384.602701491145,-0.5366133707124515,0.18504122877231124,0.2370530508563098,1.0827530577848907,0.23631952657694416,0.05797438790629528,0.0028159310578284025,0.05681992807258572,58511.539684596806,-0.5518943319267763,0.13102252310033427,0.16039748875314996,1.0141591735692705,0.23933744749926264,0.3247362584604782,0.026513750488493804,0.10504661336036222,65882.72721929397,-0.5340402048487002,0.22900162908467522,0.3082441627054106,1.1397874121805631,0.2449725582383824,0.3147423162260323,0.03713041065022571,0.1519440244510223,68337.05350657017,-0.29922769962053,0.3380735546396474,0.4491117002074836,1.1999602062605432,0.13448511509877495,0.3603257836506051,0.08448813839478908,0.4642035982142397,82722.8281846527,-0.20930394638822197,0.5437439453107076,0.620877796449401,1.5001131958311682,0.17868639434381883
5y,2004-12,2004-12-01,2009-11-30,1259,60,5.0,0.01800643689397341,0.08536808452118506,65549.00972647662,-0.5366133707124522,0.19337310296364468,0.24830910947171403,1.093255986878818,0.23689776336055962,0.06359625761963672,0.006080871074725325,0.06295786056270859,61461.78585354019,-0.5518943319267756,0.14482882321447543,0.177652615174631,1.0307515832016931,0.23991140453678925,0.32473625846047766,0.027176657552923977,0.10649614815737504,69260.03266575563,-0.5340402048487003,0.23166125612815083,0.3126925325697685,1.1433507918934012,0.24550166794442685,0.33912353772024895,0.04223984585918528,0.16850482927275032,70308.67229139383,-0.29922769962053103,0.3740845354242448,0.49790592840571113,1.2296090841172524,0.13478587769219913,0.40020377854847333,0.0907729151725607,0.4938613056583508,91062.07360289943,-0.20930394638822264,0.5707847938483998,0.6566616443943006,1.5435545704418745,0.18109648567510256
5y,2005-01,2005-01-03,2009-12-31,1259,60,4.99,0.019043881549207775,0.08730561034704899,68839.55554495743,-0.5366133707124524,0.1976885344026746,0.254055129725828,1.098833566295332,0.23698571084051742,0.06069950785447342,0.003917412944517862,0.05913301714391909,63113.093835471715,-0.5518943319267763,0.13593110367687597,0.16710497423898865,1.019725307234476,0.24008616209749495,0.32473625846047866,0.03149154213812344,0.11434258723407907,74398.2159715143,-0.5340402048487004,0.24874000201485646,0.33598529547494527,1.1675484755336198,0.24549142966466186,0.328151406092718,0.03332612273356039,0.139752929696159,69161.51029285367,-0.2992276996205312,0.31047227668852073,0.41339935280589063,1.1779600053536645,0.13469140663456097,0.38605823425916297,0.09219104999259686,0.5005023140571314,98862.91767550867,-0.20930394638822175,0.5768914081075744,0.664358278055017,1.5536067097927828,0.1815889577073757
5y,2005-02,2005-02-01,2010-01-29,1258,60,4.99,0.017419366935550684,0.08459961559946486,65114.37869983761,-0.536613370712452,0.19107656909049617,0.2455395279759565,1.0900350874619311,0.23758687474813234,0.05662844927259325,0.0010401372052724067,0.05420881430944199,60383.54271057371,-0.5518943319267763,0.12428409766087552,0.15288144644770096,1.0052032224076124,0.24071894893171164,0.32473625846047816,0.03116979682574028,0.11399335080962333,69587.15931922363,-0.5340402048487001,0.24747192917419045,0.3334326147232373,1.165588153126111,0.24599570796132952,0.3021748290260231,0.030945736594850004,0.13216994353726266,68124.98846774174,-0.29922769962052925,0.29302016396411096,0.3908584578488857,1.1643243731753947,0.13496992025598037,0.35654170420128306,0.08779824609833353,0.48347727122781586,88499.05483771556,-0.2093039463882219,0.5496467582002136,0.6260220843628106,1.522129857327394,0.18410679103856356
5y,2005-03,2005-03-01,2010-02-26,1258,60,4.99,0.023532590248303453,0.09594369156949427,67970.77031029049,-0.5366133707124523,0.21633626282386179,0.2772976298703905,1.1231252879685332,0.23798445558625725,0.058711097584000616,0.0030534235454735548,0.05810226189912175,62653.7703076853,-0.5518943319267762,0.132893928565151,0.16345464762179585,1.015336068822831,0.2412925056883237,0.3247362584604776,0.04151540595641823,0.1327672070480942,73090.60261662529,-0.5340402048487004,0.28804057836798336,0.386719892190867,1.2251472451977488,0.24615638133656498,0.3185832307969353,0.03323682590980992,0.13958430843194491,69536.00172877127,-0.2992276996205306,0.30948598043909076,0.4123037727997595,1.1772987572088727,0.13495762055507285,0.3857998928537907,0.10022650354041884,0.5396720460164369,95716.18938850607,-0.2093039463882228,0.6066238091649186,0.6837877879875248,1.6109471380515394,0.1862035206665263
5y,2005-04,2005-04-01,2010-03-31,1259,60,5.0,0.04100811898145795,0.12738910651240148,73328.11023892395,-0.5366133707124512,0.28754193424762575,0.3661494908684053,1.2223661670706703,0.23773470821406517,0.07441393946874109,0.018744189406038947,0.08613353155918446,66839.96511582533,-0.5518943319267757,0.1971907300357298,0.24120305230693637,1.0972200090149253,0.24106918133391267,0.32473625846047754,0.060816373639440924,0.16699264776188613,79768.41048944384,-0.5340402048487001,0.36283199024817137,0.4837858921037841,1.3430720930437734,0.24579086248152,0.4120837238339805,0.04154713850144787,0.16618437033691205,71197.01696002956,-0.29922769962053025,0.3695359881623161,0.4894768433188372,1.225531549472511,0.13456596499867357,0.5414503279913381,0.135230313108182,0.6893642135009251,108823.6442518187,-0.20930394638822253,0.7749157140821519,0.8692650598033635,1.8845224210351115,0.186196573075637
5y,2005-05,2005-05-02,2010-04-30,1259,60,4.99,0.05156639654048112,0.1461061696260249,72989.2355141226,-0.5366133707124516,0.3300889519865912,0.41767433063421383,1.285573299839096,0.23751938286044572,0.07590378538693732,0.025755138170564074,0.0985501465954313,67034.75828531942,-0.5518943319267762,0.22564811600942603,0.2748075987155749,1.135467429808634,0.2410357696684665,0.3247362584604778,0.07505880301705292,0.19177541331791106,78798.06233152525,-0.5340402048487006,0.41741902735664393,0.552730681204464,1.4356096454266398,0.24535484561353535,0.4265412506750804,0.04544028724244198,0.17857002077974615,71854.9279578238,-0.29922769962053053,0.3976374066597892,0.5247544088657169,1.248589206563669,0.13437643351504425,0.5830529228320274,0.15096258840399024,0.756434073511153,111661.4419650033,-0.20930394638822278,0.8439602780317244,0.935796022030323,2.018662568258667,0.18759726125694737
5y,2005-06,2005-06-01,2010-05-28,1258,60,4.99,0.022913499178811136,0.09617946331977957,67692.95070323277,-0.5366133707124524,0.21411393155567787,0.2741957815376106,1.119738119172705,0.24104543609260987,0.0726398677146134,0.0025150005402885256,0.05838691246647487,61667.55733100269,-0.551894331926776,0.1319809794811311,0.16226052492752144,1.0126182272457276,0.2441518935200748,0.31461926992290834,0.0408515358121746,0.13294685553093447,73700.08377985873,-0.534040204848701,0.28498633493724845,0.3817779694158874,1.221253807043257,0.24913112404973473,0.3467849800263535,0.033224421966733475,0.13965041724368946,69560.34186893291,-0.29922769962053114,0.3090914286476057,0.4117837295360126,1.177228204081844,0.13519389161230383,0.4890127827350772,0.11349140352678799,0.5842194653917633,96358.89907804366,-0.2194209349257926,0.631771314963602,0.7032153744462791,1.7102665897783342,0.2029056689689889
5y,2005-07,2005-07-01,2010-06-30,1258,60,5.0,0.014505786313277591,0.08173183462716448,62652.79841062456,-0.5366133707124522,0.18040629718278306,0.23186241807770505,1.0745410294985864,0.2431090042791535,0.08146098723385009,-0.008398317237238384,0.0394668881666563,57763.69925494215,-0.551894331926776,0.08846977675270562,0.10945298846451922,0.9587720055331037,0.2462033100733401,0.3146192699229081,0.03506995698880666,0.1234649340461277,67400.0153942249,-0.5340402048487005,0.26253492262725653,0.35226847610167267,1.1877627730509528,0.25114844916552026,0.3843896881210489,0.02962179914340579,0.12822724147656886,68694.36548565127,-0.29922769962053103,0.28264709494591245,0.37822069015087534,1.156879239103451,0.13574929012825124,0.5459370014195954,0.11653094422265675,0.5959220596231787,92875.68890853782,-0.21942093492579243,0.6469246107483054,0.7183557835337578,1.7336997744705482,0.2021221225672225
5y,2005-08,2005-08-01,2010-07-30,1259,60,4.99,0.017052559359247654,0.08683543278514345,67288.46054024376,-0.5366133707124521,0.19092186610646128,0.24627193579824963,1.0881476905212777,0.24406347598827205,0.07330494572036117,-0.0027145518066634677,0.05026922480774943,61914.485813016334,-0.5518943319267757,0.11222752376058598,0.1393973386392336,0.9865113702466897,0.24720584854865302,0.31461926992290684,0.03435823878791289,0.1225578294147612,72546.09633083275,-0.5340402048486994,0.2597639973894528,0.3495853590867962,1.1838499819647428,0.25196258520900217,0.3483003586720161,0.0353430794098204,0.14686382884930774,70927.68056823223,-0.29922769962053064,0.3231228895102754,0.43254224501602057,1.1894921111173757,0.13600313407275405,0.4828690141500589,0.10766318450827406,0.5592835378878861,92899.72417058637,-0.21942093492579257,0.6080643560614689,0.674557953067173,1.6667189961148017,0.20181830352108213
5y,2005-09,2005-09-01,2010-08-31,1258,60,5.0,0.009556178737869736,0.07342668929756782,63794.6216548683,-0.536613370712452,0.16089324928750917,0.20826846791687445,1.0486237119131614,0.24489370075319075,0.08414199272970446,-0.01000271180173562,0.03735380692409964,59004.784213745115,-0.5518943319267751,0.08311269589699281,0.10356095958734962,0.9510529032163607,0.2480409773116699,0.31461926992290734,0.026668365027479712,0.10895833617552303,68434.94703504568,-0.5340402048487002,0.23021479080367302,0.31083201233753,1.1404078164493898,0.2527558371380779,0.39440527683565785,0.03489331657717254,0.1454382242396799,71458.03545152784,-0.29922769962053075,0.3198484209478122,0.4279304454067438,1.1867512349652556,0.13606177934902203,0.5494002611867568,0.11081035775718417,0.5711274485045199,90813.9800969908,-0.21942093492579282,0.6246200676393309,0.6888354424787949,1.6898080776361466,0.20062967106750929
5y,2005-10,2005-10-03,2010-09-30,1258,60,4.99,0.028878326951919497,0.10906740508153,71209.9012497878,-0.536613370712452,0.23833007640907686,0.30891400663169083,1.1527150621239266,0.24557130496279742,0.058811925725327896,0.005542139615733577,0.0658907217694499,64792.30934013354,-0.5518943319267758,0.14620321794322946,0.18251440553052706,1.027974466349068,0.2487271920734604,0.314619269922908,0.04985902237581041,0.15109225700161855,77663.71819696268,-0.5340402048487002,0.31843502472507274,0.43021244136877274,1.2749325763177932,0.25339341974037427,0.2987995228169323,0.04572199723125725,0.18033858533592897,74981.15128601204,-0.29922769962053136,0.39591406229518344,0.5288865797668394,1.2500492425889365,0.13629801308410713,0.3986909025410159,0.10867094810113831,0.561365464030045,93225.42710407656,-0.2194209349257922,0.617234547542005,0.6736272447934399,1.6736234788588091,0.19956001400608753
5y,2005-11,2005-11-01,2010-10-29,1258,60,4.99,0.04319360062626143,0.13466452439053908,73370.65270626525,-0.5366133707124522,0.2946782082049097,0.37933329073310124,1.2350337277975407,0.24522608844678195,0.07871022858853083,0.017991430741167713,0.08800776490308551,66235.88472757881,-0.5518943319267758,0.19559464382182493,0.24250221038170175,1.0930981259966244,0.24832472743886794,0.31461926992290734,0.06607462991978297,0.17967670076229708,80661.52158236066,-0.5340402048487,0.37906841315249584,0.5096033778059589,1.376313927900728,0.2531326239599764,0.39503114204482703,0.05153007783307473,0.1987692571344734,74358.64014760111,-0.29922769962053136,0.4369651360501453,0.5812034061991338,1.2850952265858018,0.13611444634979958,0.5877396030912145,0.1447848585083138,0.7087189074395097,99048.97211882607,-0.21942093492579262,0.7740995551973229,0.8489845908146972,1.9640535309919425,0.20088858626242667
5y,2005-12,2005-12-01,2010-11-30,1258,60,5.0,0.032393234424888506,0.11549860987554701,73433.73766699716,-0.536613370712452,0.2522144996549937,0.3265009317138734,1.172508141441452,0.245735667230473,0.07653229848463372,0.009257656453345309,0.07262624291589494,66245.0725157281,-0.5518943319267762,0.16107276897706563,0.20080788696178323,1.047076714061992,0.2488441222496565,0.31461926992290756,0.05314556937554071,0.1570559372494858,80807.68066017858,-0.5340402048487,0.33069861717061133,0.44697290825949404,1.2949814446311527,0.25362726224569687,0.3703495230473529,0.044222352927769215,0.17567536742188167,73460.01624805586,-0.29922769962053086,0.3848466031218132,0.5145984779665712,1.2411257249047083,0.13659191908471258,0.5430495344299244,0.12967786786017443,0.6506986402964754,98695.59457086405,-0.21942093492579243,0.7010481402179642,0.7750485726116655,1.8380309790610772,0.20366205374199195
5y,2006-01,2006-01-03,2010-12-31,1259,60,4.99,0.045984688335169555,0.13984740413586233,76648.14701387692,-0.5366133707124517,0.30546652592078377,0.3939408707197536,1.2518409508122863,0.2456700834650295,0.08996458756767112,0.022799718945943015,0.09679545384230603,70039.05919490127,-0.5518943319267757,0.21464651909769983,0.26662044650478345,1.1192166143953848,0.2488783072579583,0.3146192699229081,0.0667640171849675,0.18101092507258215,83287.01150527433,-0.5340402048487005,0.38149075243604846,0.5132217933717539,1.3811168010800599,0.25339306624954017,0.43562302514177975,0.047036298236254215,0.18474302004409857,74850.92803510201,-0.29922769962053103,0.40424453705931934,0.5409701263212113,1.2581414661955717,0.13674947671743892,0.6885787130867016,0.1567286047526386,0.7586443380895416,106111.64632781716,-0.2194209349257924,0.8171137775778282,0.8998522633755128,2.0696955141667615,0.20372003814843395
5y,2006-02,2006-02-01,2011-01-31,1259,60,5.0,0.04478901417395442,0.13762595578084763,78664.41922650636,-0.536613370712452,0.30085490112762625,0.38756487936016676,1.2447079880974548,0.24547357464439193,0.08718595530927131,0.02265713832010463,0.09651111359925979,71454.3771127333,-0.5518943319267758,0.21407732651844497,0.26586071121824556,1.1184373437960737,0.24880699618968483,0.3146192699229079,0.06448030872466792,0.17684046751040078,86014.05067101493,-0.5340402048487003,0.3731870984886921,0.5015050669344671,1.3664082366857928,0.2530631950494826,0.4250466756379458,0.04550282912904491,0.17982469197985926,74598.07890796536,-0.2992276996205304,0.39360461010422865,0.5266668584222389,1.2489624295828872,0.1367070596603402,0.6584278213556309,0.15166626403393924,0.7378124877416788,110377.86977762241,-0.21942093492579237,0.7982337741266379,0.8768603680798348,2.0248360580414237,0.20281214740297396
5y,2006-03,2006-03-01,2011-02-28,1259,60,5.0,0.05330476520274563,0.15279335556305848,80566.83188602139,-0.5366133707124516,0.33390850594804694,0.4281249070253888,1.2962260484054093,0.2455491731735518,0.09493343230639706,0.0284947912797211,0.10688323102974663,73438.68634909914,-0.5518943319267754,0.23696628630932445,0.2936493023294843,1.150699864449568,0.24893097791276844,0.3146192699229073,0.07578535328150515,0.19660254933189283,87804.81704529672,-0.5340402048486997,0.41498949237587435,0.5540793563714709,1.4404634404591938,0.2530031907985835,0.4625807459386875,0.04956861902153564,0.19283618466390917,76712.95150297473,-0.2992276996205318,0.42182764586901633,0.5645330214117624,1.2734174888804068,0.13679029458040526,0.7573523974869758,0.1707187855879022,0.8131066318661176,115306.66465450484,-0.21942093492579245,0.8775702383145618,0.9554804182570033,2.1978158379461696,0.20330294894808673
5y,2006-04,2006-04-03,2011-03-31,1259,60,4.99,0.048939631358186686,0.14537984007111862,80062.06230707506,-0.5366133707124515,0.3167875951049472,0.40763740877574023,1.2696093982469212,0.24626206082455845,0.09135653606038541,0.025155249651906297,0.10131017189286014,73058.42395110724,-0.5518943319267757,0.2239723426383115,0.27858460056144907,1.1321536835549852,0.24964024118142508,0.3146192699229077,0.07037564732749346,0.18746345590696958,87184.3682297696,-0.5340402048487003,0.39470326658545535,0.5284671296687924,1.404636311223227,0.2536412309436216,0.4362723253568694,0.051619224706404454,0.19938386816775638,76683.40806455471,-0.2992276996205299,0.43598940671756026,0.5831194037520169,1.285895996491039,0.13684088487941187,0.7101755938471748,0.16173218338787887,0.7806187328957744,112822.45309699558,-0.21942093492579262,0.8309755919423247,0.9046476037189016,2.1148119050704017,0.20612409540479823
5y,2006-05,2006-05-01,2011-04-29,1260,60,4.99,0.05375316662944818,0.15386745169530947,83645.0882442858,-0.536613370712452,0.3354225315886264,0.4310142373290992,1.2992551999543869,0.24615916976745852,0.09364274020034835,0.02842012603431554,0.10704159933355575,75819.32163481021,-0.5518943319267763,0.23670930567913287,0.29435598582697464,1.150410496646559,0.24957046696189195,0.3146192699229077,0.07680964973361881,0.19859742932986124,91748.80052338274,-0.5340402048487003,0.4184643917070793,0.5592107581360559,1.4477537347258391,0.25344811635964615,0.44888612721333565,0.05793360706859074,0.21936409196011333,79053.10187868765,-0.299227699620531,0.47991710953582406,0.6411792326780626,1.3252324673671725,0.13677322877706563,0.7489362186053146,0.17045238993396716,0.8146981697546795,121948.73678567234,-0.2194209349257926,0.8673505189204149,0.9437241443444103,2.1966899533311537,0.20610102858116397
5y,2006-06,2006-06-01,2011-05-31,1259,60,5.0,0.06249827698902721,0.16915937997796096,82390.41499041248,-0.5366133707124524,0.3691279603582507,0.47339487829316496,1.3537444685815747,0.2459125149704288,0.08970160038793829,0.03242499856781511,0.11396940266824256,74783.9615089012,-0.5518943319267758,0.25228623140305645,0.31332058901449783,1.1728367470731214,0.24931629045262838,0.3146192699229071,0.09051533756810737,0.22216923320058876,90271.44352722508,-0.5340402048486996,0.46859684122402123,0.6245691201576165,1.5417343833735422,0.25319697524977436,0.43774842292341665,0.06348632393015152,0.23666210044937497,79172.26862830468,-0.299227699620531,0.5194267223045077,0.6920836169453624,1.36004559439986,0.13633464137279128,0.7466219550767321,0.18021693795604565,0.8529524295838773,118001.215377553,-0.21942093492579254,0.9063452641474379,0.9875354093455292,2.2883563384502743,0.20649483916327432
5y,2006-07,2006-07-03,2011-06-30,1259,60,4.99,0.058300893440675905,0.16174040422965472,81190.83597377129,-0.5366133707124524,0.3530775301614744,0.45166076282405254,1.327236016606364,0.24581587917638553,0.08493734975383394,0.028378746324012383,0.1069284985363313,73309.69060117856,-0.5518943319267761,0.23654706484801122,0.29354857436063214,1.1500513591698274,0.2494777616520401,0.314619269922908,0.08619184894487097,0.21453608489450066,89513.69906100482,-0.5340402048487007,0.4532409427970723,0.6027090572791217,1.5114375612113062,0.25278143236012496,0.40325561706319546,0.058097066791773955,0.21961206338940298,77152.79799598215,-0.29922769962052964,0.482534452405809,0.6422025213778968,1.3259594072391696,0.13618512048060735,0.6902303037270072,0.1711291986987049,0.8214809955843699,112229.10336445265,-0.2194209349257927,0.8564965598602677,0.9373200277604956,2.2016678649383135,0.21045049860363732
5y,2006-08,2006-08-01,2011-07-29,1259,60,4.99,0.06209830961370466,0.1684510850723372,79846.14553931715,-0.5366133707124516,0.3676197222560032,0.46972710652616506,1.3512003838568882,0.24588752748659337,0.07056106869688428,0.023311976784173405,0.09808466564707366,71254.51295708716,-0.5518943319267764,0.21677788715717108,0.26952361904902217,1.1220199296587063,0.2497135281160168,0.31461926992290834,0.09943486884455499,0.2371616162082835,89044.69873894195,-0.534040204848701,0.5013620758590378,0.6644275392296809,1.6057730395237377,0.25261950235288744,0.3410500510058476,0.056874835727460216,0.21587531602304982,76682.8556523276,-0.2992276996205322,0.47335556895306896,0.6301822422865995,1.3183249020542926,0.13646374618830565,0.5852714502787437,0.16999593754143927,0.820137797962575,110716.00778524882,-0.2194209349257926,0.8424121268648854,0.9291683224560138,2.1910444898024815,0.2136191973715403
5y,2006-09,2006-09-01,2011-08-31,1259,60,5.0,0.04346621266007977,0.13879698292909196,74545.82477214622,-0.536613370712452,0.2943992058405206,0.37400795377794893,1.2368545445348844,0.25299088916240325,0.07151692015613653,0.007433015262759302,0.07307291116809576,66737.9324192316,-0.5518943319267754,0.1569907609991637,0.19433953467132373,1.0376912003880914,0.2568847060450624,0.3146192699229079,0.07794409731560759,0.20341559910889734,82857.85386192305,-0.5340402048487003,0.41894204305617966,0.5516629053615639,1.4549626454832445,0.2593010417982069,0.3343651892050319,0.05351348717257021,0.20627654176182944,76538.7849878147,-0.2992276996205308,0.4448631221652428,0.5954798453789258,1.2975098325210916,0.13874752030837825,0.5505766695661414,0.14946101747174412,0.741873300194703,101866.76011383472,-0.2194209349257924,0.7533072322612115,0.8278146979835862,2.005539315049386,0.21609049555594795
5y,2006-10,2006-10-02,2011-09-30,1260,60,4.99,0.023816516002109767,0.10425004851383449,69301.38415943588,-0.5366133707124519,0.2195065164792607,0.28055952803018575,1.124891554321877,0.2548533447991319,0.08384936971892509,-0.012243119799916435,0.03846233233509478,61543.426671663045,-0.5518943319267757,0.0818670127509133,0.10206947099787768,0.9402651011908753,0.25928811245388883,0.3146192699229079,0.05837652633721002,0.16975650115547392,77643.1731845903,-0.5340402048487003,0.3478284627607681,0.45998959940179696,1.328008930298997,0.26063651011165373,0.37686466400922397,0.05049495668609483,0.19685688924348727,76490.21947630978,-0.2992276996205303,0.4234212367838449,0.5694592900680542,1.279292514538575,0.13911686284373362,0.6162764491377077,0.14222589605613511,0.7128170584963283,97452.44010053408,-0.2194209349257924,0.7246931267699921,0.7959237447290802,1.9442853794367048,0.21582512601359205
5y,2006-11,2006-11-01,2011-10-31,1259,60,5.0,0.03673973357998794,0.1287462024370946,75893.35851575813,-0.5366133707124516,0.2686044117881738,0.34625156378344324,1.197530368283494,0.25720699521004203,0.059537235738167604,0.002197723874435953,0.06604088153484781,67839.05261173553,-0.5518943319267756,0.13910701960265262,0.17524423925574922,1.0110282178725016,0.2620111357330464,0.31461926992290834,0.06962056835274422,0.1904843084738984,84465.3673073684,-0.5340402048487006,0.3874493077331733,0.5159494660824088,1.3996928274358031,0.26255377693930515,0.2864062311100857,0.05632587591914495,0.21557105435075855,79579.31495559016,-0.29922769962053003,0.46216020234983635,0.6240110501500766,1.314907359560077,0.1395724477576765,0.4350020928643292,0.12915780409091182,0.6592013539936523,95841.67148755789,-0.21942093492579232,0.673855538843259,0.7352945640476611,1.8346949203001324,0.2146492372028713
5y,2006-12,2006-12-01,2011-11-30,1259,60,5.0,0.027988596291718792,0.1141491181204475,74681.69200833581,-0.5366133707124522,0.23585425903275567,0.3068428597533689,1.1478731891399931,0.2597109897004666,0.055614615425003455,-0.0025575821699078682,0.058656570947830305,67298.7047793887,-0.5518943319267763,0.12234237014596373,0.15549774705514202,0.9872873672305087,0.26460357926486006,0.3146192699229087,0.056639757336066854,0.1687806577523547,82499.28548065602,-0.5340402048487011,0.34023007625201473,0.4574973492697099,1.3168605557650173,0.2649255998573179,0.2604272101238506,0.05350483500660741,0.20697936623751984,80065.08622930571,-0.2992276996205313,0.4413791531616538,0.600187801502525,1.2974565955348416,0.14031917725277204,0.38466023249983183,0.11225437276107031,0.5920463049142827,92536.07164871093,-0.21942093492579243,0.6006572863758654,0.6563627395821922,1.701520788264849,0.21627533152467623
5y,2007-01,2007-01-03,2011-12-30,1260,60,4.99,0.028989450018516383,0.11630094751161651,74304.40502843041,-0.5366133707124512,0.23965277872137755,0.3129751403214892,1.1535983078727359,0.26041276798136875,0.05175392332706119,-0.0031315686946560284,0.05800937756619777,67706.43337483534,-0.5518943319267763,0.12061477983210518,0.15398218035499237,0.9844399171279196,0.2654322026036074,0.3146192699229082,0.059303045105948415,0.17377388331919294,81180.51283393396,-0.5340402048487005,0.34955182741054686,0.47139346852057423,1.3338319116319435,0.2654892149544972,0.24724452768571487,0.0585116746750618,0.22288088339185924,81397.59532345948,-0.2992276996205294,0.47490997481634156,0.6463167776686689,1.3288570407660598,0.14043110813271265,0.35926429946725613,0.1110569684330096,0.5865086592211728,90037.36925189145,-0.21942093492579234,0.5967963550962617,0.6498084753395034,1.6930962110991996,0.21563851261729797
5y,2007-02,2007-02-01,2012-01-31,1260,60,5.0,0.038311158348359964,0.13308932471330803,79468.68154409272,-0.5366133707124524,0.27429295733634446,0.3572875998255629,1.2068064042444449,0.26036946713392456,0.04343538343959863,0.002948399051755146,0.0690595356766804,71262.3592927531,-0.5518943319267761,0.14355470309175256,0.18317452722430344,1.0148291825125377,0.26549855549556406,0.3146192699229086,0.0720833018703515,0.19609283163375016,88231.1937051648,-0.5340402048487009,0.3948816633156895,0.5303927657159313,1.4162589218803354,0.2651970595335793,0.2225906300739775,0.06302682642488922,0.23707445813012487,83266.29452006647,-0.2992276996205313,0.5054221186838878,0.6867593579473774,1.3574414997985096,0.1403564310358756,0.31110659775794836,0.11551868530995013,0.6036851514762228,94678.36224192496,-0.21942093492579223,0.617472293389667,0.6685401474942211,1.7273655196382838,0.21452162591875082
5y,2007-03,2007-03-01,2012-02-29,1261,60,5.0,0.05304323524801813,0.15904095179575325,83303.81385192616,-0.5366133707124522,0.32856754529651133,0.4283783001813296,1.2951500452710791,0.25974416051171056,0.05457897464080497,0.015511423438473448,0.09132827635864071,74039.62211432494,-0.5518943319267757,0.19026743406428198,0.24292461026342582,1.0800667405389897,0.26490901249000437,0.314619269922908,0.08909683947786573,0.22523293806310554,93345.80920214964,-0.5340402048487007,0.45476138933925814,0.6113719514648259,1.5327791280496226,0.2644979261688431,0.28664095025880154,0.06585445643283205,0.24580694226383104,84284.04272211311,-0.29922769962053064,0.5252095960632105,0.7144447851523529,1.3759398191233718,0.14004360627773169,0.4249204430678848,0.1436758141186707,0.7140630884205973,102354.07339382169,-0.21942093492579273,0.7414023395980597,0.8202420028295218,1.9576995711175074,0.21132977614042656
5y,2007-04,2007-04-02,2012-03-30,1261,60,4.99,0.059820570721571764,0.1708764979809403,85172.06753062448,-0.5366133707124522,0.35336478328912874,0.45943446132904386,1.3374016421557264,0.259489960215039,0.05927247553136383,0.019605752972915003,0.0985348218106523,75367.95495994108,-0.5518943319267755,0.2054185390607032,0.26208304217519823,1.1020336296535589,0.26473175159055995,0.31461926992290745,0.09872872534142463,0.24157060889454868,95862.81233550224,-0.5340402048487001,0.4883341857579696,0.6538327906714144,1.6018234912938578,0.2641805984957394,0.31586628684683893,0.06626984646352829,0.2470646917475028,83364.7126871045,-0.2992276996205306,0.5282616575145,0.7170020353887838,1.3786252315576117,0.139946934094931,0.4816974139290864,0.15800120087278846,0.7694894536675976,105788.21366037555,-0.2194209349257926,0.8042004726048085,0.8892073625006905,2.083520905222944,0.20995025629915562
5y,2007-05,2007-05-01,2012-04-30,1261,60,5.0,0.047602502148310855,0.1495044678540653,83371.0897353942,-0.5366133707124522,0.30856849004951603,0.4040926228787876,1.2620099534033997,0.2599944551009325,0.0497895088220881,0.009460352586987408,0.08060091043165507,74108.87028467329,-0.5518943319267762,0.16778166706695324,0.2153738317770141,1.0482444191435052,0.26512542396909905,0.3146192699229078,0.08431376216657704,0.21715407603247777,93429.15071291535,-0.5340402048487003,0.43788363939240427,0.5909704252329695,1.4993891137030884,0.2648397812008464,0.26219681696356223,0.06323872984372003,0.23761819033680243,84110.21239264439,-0.2992276996205313,0.5075214450015817,0.6908768360161798,1.3591256775081646,0.14009643372262498,0.3776783876797538,0.13410327098866515,0.6763445034886372,101138.02970096988,-0.21942093492579248,0.7000804563559665,0.7813688733026548,1.8770675013828422,0.2119815543200071
5y,2007-06,2007-06-01,2012-05-31,1261,60,5.0,0.026944777630287353,0.11260327016187995,77956.00005924601,-0.5366133707124521,0.231996629748547,0.3058078380071019,1.1423028894409342,0.26045387133555853,0.032984957827851824,-0.00958118497483651,0.04627427052903547,69988.07448793972,-0.5518943319267762,0.09618829802311533,0.12435596600207473,0.9529669050569956,0.2655053488199125,0.31461926992290745,0.06199695247037562,0.17847033280500704,86470.42668706962,-0.5340402048487,0.3591331213703322,0.4872145823526351,1.3512011811578704,0.26538998332130764,0.1726820255398776,0.06054746730670568,0.2291767607060972,84071.30675897645,-0.2992276996205312,0.4892616488502279,0.6672923767925475,1.3419979912902171,0.14016229368013025,0.22347442242890891,0.09498191029822745,0.5179561754465739,89619.6167404402,-0.21942093492579248,0.5318151469102098,0.5975338807107781,1.5746756035867793,0.21370287952002137
5y,2007-07,2007-07-02,2012-06-29,1261,60,4.99,0.0357402508954443,0.12894677512214547,81236.74437609344,-0.5366133707124524,0.26473455256456413,0.34921465254880807,1.192105769354808,0.26137337559637114,0.035695361113471824,0.0012663431969150984,0.06632730051770737,73506.88130863874,-0.5518943319267764,0.1375341142622916,0.17772075507006863,1.0063528264392172,0.26615695606921136,0.31461926992290845,0.06855227752099258,0.1905913920894774,89369.57095159891,-0.5340402048487007,0.3818082268263173,0.5191043000585499,1.3934556168305856,0.2665826949825372,0.19230217806939287,0.06715080415797536,0.24971393789950638,85514.69376882716,-0.2992276996205312,0.5348273841963342,0.7284750122187083,1.3843343235185759,0.1397111094323162,0.24903650374907937,0.1042476386344644,0.5547318132421692,92769.9916566486,-0.2194209349257923,0.5741104048957102,0.6427528490984825,1.642492120579665,0.21201457429915022
5y,2007-08,2007-08-01,2012-07-31,1261,60,5.0,0.04143878606932261,0.1391241528609556,81449.40293998327,-0.5366133707124523,0.285734864811562,0.3776875563940944,1.2252895089378477,0.26127676321007,0.04617974564910998,0.01002267192579831,0.0819536765365496,74060.92853585143,-0.5518943319267761,0.17013419509926828,0.21999733205047006,1.0511696165863003,0.2658476124372993,0.31461926992290756,0.07098881837935744,0.1948954230831164,89162.8416510053,-0.5340402048487002,0.390310013869659,0.5323051311061933,1.409427942413435,0.26666492779798096,0.23986415735054278,0.07314693580813891,0.26832911476211896,86716.41958538516,-0.2992276996205325,0.5757139415222456,0.7821744159480026,1.4236971403532983,0.1394642338158147,0.33151476932391,0.11716856402846743,0.6071233098559782,93153.90173859656,-0.21942093492579265,0.6301741712202018,0.7158655736856815,1.740942711737345,0.2113948339169409
5y,2007-09,2007-09-04,2012-08-31,1261,60,4.99,0.04504393935249529,0.144899644814226,83260.37998283743,-0.5366133707124517,0.2991605514895257,0.39312741297297277,1.2466618957733153,0.25991089544278106,0.050448602562041645,0.012446336329805963,0.08562069613773919,75038.9834752686,-0.5518943319267754,0.17868688277357686,0.22986617560852607,1.0638524139210117,0.2644490527820131,0.3146192699229077,0.07586889846861156,0.20271244704174482,91965.8547674587,-0.5340402048487001,0.4081102622647212,0.5525358950157577,1.4418590049133513,0.26526310841292666,0.265301651583466,0.07195955234441076,0.26424843968935136,86582.37276304622,-0.29922769962053075,0.5702886922609203,0.7740657860078158,1.415832081769674,0.13864986946012003,0.37160594072974074,0.1263175010306532,0.6422538198432948,96390.61609249124,-0.21942093492579237,0.6734119138481872,0.7624831569868364,1.813464945643092,0.20926854828625263
5y,2007-10,2007-10-01,2012-09-28,1261,60,4.99,0.03928277922591339,0.13450678240140962,83515.20381330352,-0.5366133707124523,0.27790022906412576,0.3652641489403137,1.2126488504918305,0.25972680242538265,0.05191789520080681,0.009829763767999378,0.08081794092563731,76610.9858891719,-0.5518943319267754,0.1688166759511798,0.21692679429645884,1.0501653690923511,0.26420946428154385,0.3146192699229076,0.0668033688675298,0.18678989213859407,90606.21891370743,-0.5340402048487001,0.37625921138285634,0.5099136280161854,1.3820804964170852,0.2651185917674691,0.2634911743831082,0.06793314408248552,0.25156540338166367,86315.3369139954,-0.2992276996205306,0.5437926553480723,0.738137370682377,1.3894201628315852,0.13842654220812087,0.37100382569863255,0.11872126406833661,0.6119909336874574,96436.85118371954,-0.21942093492579245,0.6397503857659645,0.727737490886353,1.7530843221157177,0.2099000263595536
5y,2007-11,2007-11-01,2012-10-31,1259,60,5.0,0.023416221420512473,0.10681373111481632,81775.97178356991,-0.5312101254510638,0.21862277874033886,0.28762205007548464,1.1225910923313696,0.259536247011064,0.045212896917834255,0.0034297802503269192,0.07092194122205643,76065.48149367017,-0.5389296102549873,0.14471008815604985,0.1858797639460255,1.0172531178647277,0.26412764050086757,0.3116366893822531,0.04111605245696337,0.1417155755319891,87528.78230733702,-0.5310576243080458,0.28433203852648825,0.3855136697422459,1.2229994802454864,0.26468750148412995,0.21711961849742778,0.062033237285885834,0.23303290120646292,85045.58943034119,-0.2992276996205304,0.5038348846263306,0.6848371734597873,1.3507868382507162,0.138398314788432,0.28939144157305385,0.08632894937479763,0.4768424564095397,93314.98328984543,-0.2194209349257927,0.501451657023916,0.5696752116272884,1.5123909218185403,0.20865265102255431
5y,2007-12,2007-12-03,2012-11-30,1259,60,4.99,0.03657049833318715,0.13238453556819726,82556.53879020932,-0.5219095226407887,0.267907157177968,0.3496604286035765,1.196554050602208,0.25789811101434196,0.054516139403327335,0.012538467501043593,0.08697821209925058,76705.56440667708,-0.5389296102549879,0.17846131907709206,0.22771601830081836,1.0642316813826835,0.26266271139168024,0.2926730363861608,0.05855575812201397,0.17830783155986848,88464.00713365336,-0.5120939713119536,0.3477961472503757,0.46844662514593216,1.3288336708996933,0.2625398995975143,0.2766248590204205,0.06419589570326845,0.23949693526223784,85762.45922002419,-0.29922769962053114,0.5205611023851989,0.7031962029739294,1.3645852409158143,0.1376670609392891,0.3789445623101799,0.1130718975253413,0.5846562686740803,93549.29673931518,-0.21942093492579273,0.6244210062707962,0.7110330804683991,1.7077782332098732,0.20544764476910904
5y,2008-01,2008-01-02,2012-12-31,1259,60,5.0,0.03825840618497023,0.14043305206737325,85092.18473684082,-0.5025440169322781,0.27424896597008225,0.35774042112530446,1.2063201326589956,0.25733475364751746,0.05339444004820404,0.01664450427407882,0.09788709140972493,78798.27989016335,-0.5187373078593668,0.19372325743704097,0.24682711166849552,1.0859682737554144,0.26211455941766276,0.27455233089258746,0.05771567144527756,0.1829449085067633,91575.21405131619,-0.49397326581837986,0.34494076044325445,0.4648208042056865,1.3235732859163407,0.26198670694586457,0.27195243053569834,0.06507694019241139,0.24920264375353574,85959.54445037931,-0.29075966976098744,0.5272687252046269,0.7101292390680802,1.370238781406187,0.1374215365669999,0.3692199828668259,0.1111101114934816,0.576099321680674,93663.75974013064,-0.21942093492579237,0.6168931909789528,0.7063229589686263,1.6927932687831666,0.20491108286134593
5y,2008-02,2008-02-01,2013-01-31,1259,60,5.0,0.066132590063682,0.1943035420382395,89252.93044712789,-0.49752566368725126,0.3779424108851122,0.4898019540970181,1.3770373957785818,0.2557823518217041,0.04127658036358994,0.03975300845050578,0.14164589035576505,83358.33474206178,-0.5148144842137643,0.27956917386592284,0.35312979170865616,1.215020890114917,0.2608347514718292,0.27424734699463227,0.09059725049733003,0.24393027837592743,95286.03658049878,-0.4936682819204249,0.46347461584215544,0.6229746111710996,1.542313039565074,0.2598214385817118,0.24376370776160106,0.0748122560427813,0.2837007082598639,87667.89044596159,-0.2871250404115589,0.5959889794881742,0.7968208083172552,1.43396553866555,0.13667631470946956,0.3145360588536683,0.13187383086091997,0.6605293075568063,98039.96363400453,-0.2194209349257926,0.7072383236037565,0.8072104000192581,1.8568490984187422,0.2049294465145568
5y,2008-03,2008-03-03,2013-02-28,1258,60,4.99,0.07601071028516415,0.21261496352552237,89519.92833675526,-0.4975256636872516,0.4142812515366826,0.5365261980152471,1.4415524823206534,0.25533716634654385,0.030986486084755738,0.04791096773347414,0.1566387924980326,84477.03408979558,-0.5148144842137646,0.30960611768635565,0.3901011574946402,1.2631665730698585,0.26045970851723693,0.2742473469946318,0.102301279113296,0.2652041609777045,94547.80050127805,-0.4936682819204246,0.5052060479023058,0.6783706962865237,1.626169607842928,0.25914749645540325,0.20274597689335283,0.08130428252212152,0.304498326750417,88345.1260568548,-0.28712504041155884,0.6414745971968662,0.8563070500725675,1.4773050661304334,0.13629393082051208,0.2413696056730199,0.13328776519805174,0.6682945346773553,98874.39863979998,-0.21942093492579276,0.7079520247956587,0.8140716703588656,1.8675392135159479,0.20712958854383964
5y,2008-04,2008-04-01,2013-03-28,1258,60,4.99,0.08219895819875034,0.22293387755315627,90366.77142897862,-0.4975256636872517,0.4385155322379103,0.5606451199117433,1.4834170928282824,0.2529336300175362,0.04340418370925225,0.057664893364049785,0.17360958222151993,86194.76337555876,-0.5148144842137639,0.34590184822778636,0.4303965062701901,1.3229615047638483,0.25838753965570505,0.2742473469946325,0.10478785676509417,0.26830551627666593,94403.3409121349,-0.49366828192042495,0.5167793477016263,0.685680891678505,1.6445647492629487,0.2563065336089039,0.2522308132443345,0.0848676515430915,0.31550307388826204,89280.6939849894,-0.28712504041155934,0.6694546984368553,0.8828388311275401,1.5017686371803425,0.13531734567202086,0.3488439709748885,0.14819204047434642,0.7285895712863579,104405.70954244904,-0.21942093492579245,0.7690101609459608,0.8876142683214338,1.9934087202378372,0.2078877666742157
5y,2008-05,2008-05-01,2013-04-30,1258,60,5.0,0.07360900014113758,0.20657670442529952,91016.61254334806,-0.497525663687252,0.40743060780692686,0.5197545730876908,1.425561333394094,0.252256973340173,0.06427630676912477,0.05184776905326549,0.1627044026877085,87247.32643252987,-0.5148144842137644,0.3246681927897408,0.4032732515158806,1.2870345972570134,0.2579944232579228,0.2742473469946317,0.09339581698897859,0.24670785070549747,94569.45721618204,-0.4936682819204246,0.47735989483682656,0.6307875090765256,1.5616340980118608,0.2551363072419291,0.32260524593825596,0.08742332586373402,0.3236351632542336,91715.96515625672,-0.28712504041155856,0.6874321244557497,0.9023301090782901,1.5195127378029445,0.13517517733338735,0.5153024635520584,0.15767212375810336,0.769003038964509,107627.56866958458,-0.21942093492579293,0.7999651407750825,0.9279678187550942,2.0769365615639193,0.21092839821355416
5y,2008-06,2008-06-02,2013-05-31,1259,60,4.99,0.07201626358360724,0.20349181119206922,96358.4312038013,-0.49692682853109504,0.401952817305513,0.511714538249116,1.415425526966337,0.2515731598688223,0.08072895959839843,0.05356122396280005,0.168207188122125,91584.2411076363,-0.506991251084274,0.33110232794143385,0.41093391932489826,1.2978035895585582,0.2575625888154083,0.2742473469946325,0.08841261734483452,0.23692327879168032,100994.93520716799,-0.49366828192042483,0.46028510980252074,0.6059483638034726,1.5269395077589847,0.2541066515017691,0.3828738925167587,0.08475712920953438,0.33004770640830633,91466.40633648144,-0.2740076916375162,0.6702246730986503,0.876949274240137,1.50148969864408,0.1349332750539989,0.6561232047435328,0.16914157694323295,0.815111893963858,114505.45565252237,-0.21942093492579237,0.8431590023192794,0.9892966137070548,2.1830627125025175,0.2121220473845535
5y,2008-07,2008-07-01,2013-06-28,1258,60,4.99,0.08834565528956473,0.24914717521887342,94226.55811623385,-0.46579790218198025,0.46268344944087303,0.5888455836096621,1.525957503333719,0.25082425509656786,0.06516058010300574,0.06930540526639528,0.21212061931759763,90350.06540618055,-0.47165198098843114,0.38884007321553044,0.4824989368980747,1.3972619881040451,0.25729629531826215,0.25048086647832624,0.1053718253910918,0.2810318079198574,97900.71440449206,-0.4699018014041185,0.5226695101744777,0.688104349548765,1.6489088502016855,0.25265937695373464,0.3177959913162379,0.08923521783492117,0.3634085399578076,89395.30132747332,-0.2603631379201495,0.6988759486128101,0.9134888461675587,1.5321940002941334,0.13538624128960403,0.5457877010448438,0.17053240549409754,0.8233047756078962,109375.47608105125,-0.21942093492579232,0.8404655014907156,0.984408413232135,2.1946965512465293,0.21494077183696256
5y,2008-08,2008-08-01,2013-07-31,1258,60,5.0,0.1008174247139777,0.27288045899717384,98706.15066225233,-0.4657979021819808,0.5095564227659353,0.6423701552436073,1.6152710259327212,0.24944665530342314,0.07704748799855277,0.08210762440676955,0.23661233160503692,94207.23345965664,-0.4716519809884306,0.43608046011727747,0.5357126577413185,1.4827922157469662,0.25591303700650625,0.2504808664783258,0.11757899225814805,0.30350089176232337,103039.4327472454,-0.4699018014041185,0.5682932337186126,0.7429252187247396,1.7418389068615117,0.25095427378867496,0.36420224933156453,0.09523641013451845,0.3842871577606639,90255.71734261214,-0.2603631379201491,0.7414765728733272,0.9653777119002891,1.5748014677808853,0.13493913889855957,0.6878335600354455,0.19462648025670082,0.9170512471960537,119993.02562039353,-0.2194209349257927,0.9324954830501772,1.0965599527634364,2.429672466896957,0.21578682759559786
5y,2008-09,2008-09-02,2013-08-30,1259,60,4.99,0.09367302002951039,0.2697946520086197,101331.98463148087,-0.44606556233270045,0.4843930766460792,0.6080012149844777,1.5641672099251085,0.24844719911327467,0.07237708485116401,0.07216860624622812,0.22182362154423693,94182.64963615137,-0.4604238447713875,0.4005381131170447,0.4908421861668816,1.4164307344015985,0.25498917917622893,0.21905962940310156,0.11337641826123623,0.3159987760112429,108760.23397267696,-0.43848056432889415,0.5546868954800438,0.7207167389805013,1.7101137753827804,0.2497973591258829,0.3381875727089255,0.08556414152888081,0.356593398638909,89405.01712193537,-0.2556030232692893,0.6767460408664233,0.8810681582692811,1.5070787840871853,0.13468324196368156,0.6323800416439807,0.18575350311240024,0.8846587287417015,114867.47200322275,-0.2194209349257926,0.8928744681889693,1.0610741051772374,2.342493817026761,0.21740194424473674
5y,2008-10,2008-10-01,2013-09-30,1258,60,5.0,0.13231932417034642,0.41497050548693365,112170.72042061765,-0.3695090890060906,0.635032507481932,0.8099035700024907,1.8595860110766635,0.24146066798200325,0.03984083968871843,0.10053092516148698,0.3095516820548491,103437.20302077466,-0.4083840994187899,0.5100678295474528,0.6336505481392024,1.6131734941761184,0.24784151749327366,0.11668337941291776,0.16282672754605998,0.5363060047261219,121391.50803490702,-0.33610431433871046,0.7425831795205372,0.9837926679476919,2.1235136986870646,0.24274016294119571,0.21238932471186922,0.10105250221436157,0.47478134367727554,94718.1636518519,-0.22106790428465484,0.7950284146734982,1.0506305573567196,1.6169937129849932,0.13201907592610038,0.38890444232966015,0.2026675672347784,0.9501590624371644,122226.70161981457,-0.2194209349257927,0.9549725042324064,1.1459429299878248,2.512418141016725,0.21831496601648695
5y,2008-11,2008-11-03,2013-10-31,1258,60,4.99,0.18337401708742362,0.6922417407162985,121566.32699976167,-0.2767493210965805,0.8909163315851322,1.1282034282118867,2.3175537398557755,0.21503414516724953,0.008839029006843857,0.1514560281986066,0.5212728532409031,110688.30399341475,-0.3161744065927177,0.7572729466330371,0.9338033024611941,2.02185822341007,0.2176403313747339,0.023245889273131204,0.21435754282710007,0.8997592861337428,133431.6053708698,-0.24266682419892371,0.9956153573953497,1.3239214066089195,2.636716618064608,0.2193032950805163,0.02825487007027605,0.13216500984623614,0.6480738472823436,96611.45629748453,-0.20146750171053698,1.1528887043694316,1.575469579981267,1.8583212294299674,0.11325101758831298,0.09721005087329138,0.22319657183394392,1.0297007918744607,131859.6367221218,-0.2194209349257925,1.0238702274656257,1.247267255593881,2.7339266689378996,0.22067045645636615
5y,2008-12,2008-12-01,2013-11-29,1259,60,4.99,0.21409268432725903,0.9472143913230094,123491.18512329459,-0.22604849370828636,1.069900532436969,1.3873457069847699,2.6358754088037784,0.20012737622409943,-0.01571912458534963,0.17492261184007907,0.6685731431755398,112646.68482793026,-0.2713166219445831,0.90467784153166,1.1461758451388304,2.2375280876256682,0.20050784754731002,-0.03656378765450943,0.25284084151741193,1.3498940003657176,135269.33789689763,-0.18285714727128322,1.195235552087935,1.6183967095399725,3.0838343173731273,0.20651809226582934,-0.12408230152058497,0.1295965279513811,0.6321916541561405,94411.92254753913,-0.20146750171053757,1.2160786932515188,1.7059468271298555,1.838259126402209,0.10473505857136746,-0.18852186804402837,0.2371217169320623,1.0824009854142762,138333.92307477535,-0.21942093492579265,1.07115325056735,1.313495143054555,2.895312449329099,0.22172498291762088
5y,2009-01,2009-01-02,2013-12-31,1258,60,4.99,0.216948958629811,0.9503473963937693,128860.76465475185,-0.22604849370828617,1.1196601886626274,1.476649338646516,2.6649253754327074,0.19186588898101242,-0.004860316473101811,0.17880931287248658,0.6744523121367442,118946.68312524159,-0.2713166219445835,0.9531881917836754,1.2335390155065282,2.2732687337003727,0.19197690924940095,-0.036563787654509544,0.254655820228054,1.3489167669843019,139281.38018736913,-0.18285714727128274,1.2422825969848401,1.7011704372973855,3.103423802001773,0.19855310902351883,-0.12970253814077548,0.11780334830839267,0.5777856890958001,98692.30730170445,-0.20146750171053698,1.1615150345997198,1.637871569622307,1.7435852181781801,0.10021828029660183,-0.059552917819031936,0.2497955037549522,1.1300469656859315,144187.72843029193,-0.2194209349257923,1.1125800588440646,1.3802689404697186,3.043870884182741,0.2228657252570931
5y,2009-02,2009-02-02,2014-01-31,1259,60,4.99,0.22328721830932463,1.092306630036587,129156.72872619153,-0.20048922154596024,1.1745078515058875,1.5673677846717646,2.7371264079759503,0.1864574218594985,-0.018742174284793967,0.19046256885830215,0.8795866256252508,119821.96384685021,-0.21802501941807764,1.0287924370047037,1.3495319984866754,2.389341706724059,0.18640484147624997,-0.03656378765450963,0.2553666941850046,1.346512971647427,138760.33001512891,-0.18285714727128297,1.272951005353283,1.7581165871171658,3.115021616174629,0.19342419285877613,-0.2168159670605978,0.14213238156187602,1.0567245607977573,101411.85375117297,-0.13020830289584986,1.423265108438122,2.114103983084189,1.942464946361572,0.0966751105427105,-0.22551798773524911,0.2366245199002106,1.084161267539362,135067.98068283685,-0.2194209349257926,1.0561350382926853,1.3229112971802153,2.88950362843938,0.2252436197158849
5y,2009-03,2009-03-02,2014-02-28,1259,60,4.99,0.2558150441906515,1.5116242186914315,128341.62915354109,-0.16176437201351454,1.3397570081775672,1.8044207808253683,3.1205837666921283,0.1825158897953159,-0.023959828356598045,0.22875737745895797,1.1965986556811907,119496.49432605959,-0.1860546693558514,1.2234242116227665,1.6192391699586324,2.798824503040717,0.1819751196023145,-0.058427979235769395,0.2818567696158836,1.6548619567717384,137399.3646264085,-0.16099295569002328,1.4036669894364666,1.9548711545991986,3.4575587787521873,0.1898036497863488,-0.2794234574758432,0.16553257846506741,2.4287475498264435,100663.86503339263,-0.06489979694586094,1.6780388271725943,2.534689416888786,2.1496022124185554,0.0939341928589838,-0.3110431843134287,0.25789694125928553,1.1639669884560022,145962.49728649363,-0.21942093492579268,1.1242435319606234,1.409355491712004,3.1465155944387586,0.2271738440730657
5y,2009-04,2009-04-01,2014-03-31,1258,60,5.0,0.2313796160283974,1.380233867622404,119702.04494644822,-0.16176437201351432,1.2873552523651717,1.700271699968609,2.826457138384199,0.17343516051029295,0.0035488787790098897,0.21141876747682087,1.1104403608167526,114420.59998970407,-0.1860546693558516,1.204056742550162,1.570580441751529,2.6050161603507935,0.17158876892593475,-0.05842797923576934,0.25017936113982064,1.4903926352298165,124814.02352217816,-0.1609929556900234,1.3187725728984891,1.7991267321020834,3.0485407404618106,0.18194396851682199,-0.2152892038467431,0.15196214736642433,2.23904984199724,99536.44093224115,-0.06489979694586102,1.6643290111894409,2.4407523717274087,2.026298573931827,0.08731078958566735,0.04344619063254118,0.25372823991883053,1.1504769258297716,141838.54816872062,-0.21942093492579273,1.103483369051746,1.3960900179812719,3.0919869310943517,0.2287653169553865
5y,2009-05,2009-05-01,2014-04-30,1258,60,5.0,0.20528880575859487,1.2451790661742639,116539.92897009158,-0.16176437201351443,1.1778203618228247,1.549472520980441,2.5398731955475813,0.17101556078748947,0.03570256165056174,0.19030150775215326,1.0127000051247992,111478.54171344399,-0.18605466935585138,1.1206862639801287,1.4569066934552146,2.3860770651583594,0.16812695101749228,-0.05842797923576881,0.21903110435897122,1.3319443315943347,121479.08709968437,-0.1609929556900235,1.1880000813523839,1.6101549580855183,2.687764900971564,0.1804996970318721,-0.09364758315437682,0.14808049566676207,2.1846170077406857,99295.02473629169,-0.06489979694586108,1.6581051641944844,2.4282061962712906,1.9924421641370402,0.08550796612211453,0.4166202597046218,0.25473366600953296,1.157706847766069,139269.90037513163,-0.21942093492579232,1.094352498198007,1.3851248040654365,3.104385160676186,0.23212367068664622
5y,2009-06,2009-06-01,2014-05-30,1259,60,4.99,0.20245559934639346,1.2280654160690438,118695.47763690076,-0.16176437201351435,1.1785171698466,1.5336555632633084,2.512045554427464,0.16856541075916784,0.043092749017246135,0.18209633899458844,0.9725942310175909,113182.68614414851,-0.18605466935585102,1.097641208778818,1.4053138934108844,2.3066200166536692,0.1648586957396657,-0.05842797923576895,0.22184246843509725,1.3439020524043293,124084.50541208325,-0.16099295569002378,1.2129960029885394,1.6365710440234613,2.721014037039397,0.17836725186348892,-0.08681602892936557,0.14923608489828188,2.195911978065775,101013.87459793396,-0.06489979694586087,1.7329201546717328,2.5476685347606303,2.0035793664919885,0.08223935828967781,0.514448588843798,0.2649352174523434,1.1954954961259374,146122.18702942706,-0.21942093492579273,1.1261799740591738,1.431337644350439,3.235462625883195,0.23292612681971245
5y,2009-07,2009-07-01,2014-06-30,1258,60,5.0,0.20535782873138952,1.241242528385538,116762.42695561526,-0.16176437201351432,1.2030923032067433,1.558901306367179,2.5405993755998453,0.1668939428716876,0.05383692432556275,0.18725876480405845,0.9944395304444321,111135.66358785442,-0.1860546693558528,1.134688146078378,1.4480764488493425,2.3557830459971774,0.1630581218907421,-0.05842797923576942,0.22244308834910664,1.3451366072639792,122298.73545838603,-0.1609929556900234,1.2254555781150833,1.6437160880846637,2.7255299337107655,0.17671592677669556,-0.060293390423556525,0.15112944295768216,2.219920479385101,99524.61478459755,-0.06489979694586095,1.77545307334791,2.59487680169675,2.0189971162248215,0.08114682979279148,0.6542544802212982,0.2762800126746694,1.2360663117883395,145036.32172187758,-0.21942093492579282,1.1651621876915268,1.4761274334054102,3.3797844139320636,0.232773453024789
5y,2009-08,2009-08-03,2014-07-31,1258,60,4.99,0.1868008008275459,1.1438933841844257,114473.795172803,-0.16176437201351446,1.1177142887704041,1.4469745564906369,2.3512502419232084,0.16555321588182523,0.04494757866600274,0.1671015562125704,0.9009940261283064,107210.35324922958,-0.18605466935585166,1.0379682312257172,1.321682551706736,2.1627714721682283,0.161502193015044,-0.05842797923576917,0.2055990831815262,1.2574975308417224,121890.27742262624,-0.16099295569002348,1.1539754645672766,1.5438687169363046,2.543138880949401,0.175435484097602,-0.0747208866414586,0.13923519056544142,2.0586878998131386,97125.98608334357,-0.06489979694586132,1.6648406993400668,2.420706729875247,1.9169802824765678,0.08025297959482608,0.5098756560331759,0.25054666184752894,1.142690400916643,140067.90888127222,-0.21942093492579265,1.079254577925818,1.367077665452033,3.0530145369825767,0.23231793612747823
5y,2009-09,2009-09-01,2014-08-29,1258,60,4.99,0.1911689974216506,1.1654675757367017,116414.58390337334,-0.16176437201351462,1.146605957727106,1.47689370948974,2.394770745437032,0.16442538887978772,0.04614631279282988,0.16766993387401197,0.9027190583689132,109064.57999173948,-0.18605466935585177,1.0466422009103122,1.3273446673271487,2.1680345676409276,0.1604704031425217,-0.058427979235769034,0.21390746364172997,1.2988590970333096,123899.34569967173,-0.1609929556900236,1.2002867927103302,1.5972751847028028,2.631841730281583,0.1742143347125309,-0.07784423849114663,0.1416179934242685,2.0903417119631227,99378.33204614048,-0.06489979694586119,1.7000372974357796,2.45708213397686,1.9370797976989886,0.079799868425531,0.5388108883474798,0.26005377643455985,1.1743139945413947,145089.66250562106,-0.21942093492579262,1.1224425542191836,1.4187235183223863,3.1706526186290627,0.22956103509275802
5y,2009-10,2009-10-01,2014-09-30,1258,60,5.0,0.177968934482855,1.0960176324048458,115499.63929400881,-0.16176437201351468,1.0816362778135984,1.3920841891479312,2.265189983043067,0.1639151789362072,0.0346254980156786,0.15632602370064874,0.8496116407639046,107664.4815957164,-0.18605466935585133,0.9893977479630521,1.2528469686267214,2.0649087355355222,0.15976811472297156,-0.058427979235769145,0.19879532761928376,1.2206682851303512,123566.40689484602,-0.16099295569002342,1.1299719028004498,1.5032058224954963,2.4722947537779714,0.17391493952475054,-0.0960927482235363,0.13076779188085808,1.942377654403783,97979.54060120237,-0.06489979694586108,1.5918708630135465,2.3009268571177386,1.8469007190818014,0.07918978749591618,0.3776292517494002,0.23342082563496236,1.075519981239218,143697.42747201456,-0.21942093492579257,1.0338791545769135,1.3046014509259518,2.8499240055273716,0.22825839825685734
5y,2009-11,2009-11-02,2014-10-31,1259,60,4.99,0.1896309212627103,1.1567527150780845,114480.00492359015,-0.1617643720135143,1.1428873626311007,1.4806692447377339,2.381014087531093,0.16372687514782913,0.025946811763250643,0.16611445654831858,0.8943753306256043,106765.42436623863,-0.18605466935585183,1.0458151283091852,1.328058796254916,2.1549691194758216,0.1591129272423205,-0.0584279792357687,0.21239676979250133,1.2909884519398869,122417.75145312227,-0.16099295569002364,1.1937364561957589,1.60354293225235,2.6175315754544157,0.17410882072064915,-0.13499859505947587,0.14133411483665026,2.085262274622819,98254.69390590944,-0.0648997969458611,1.7178551210958213,2.492493980354387,1.935691596889385,0.078780274622668,0.29209577368313244,0.23834358155575197,1.0915260377882596,131776.28204904014,-0.21942093492579234,1.058737861136283,1.3446566304702545,2.909627349137548,0.22621620752307853
5y,2009-12,2009-12-01,2014-11-28,1258,60,4.99,0.18387994160286758,1.1257328701657974,116056.58113936135,-0.1617643720135146,1.1193433308183816,1.4391567338977258,2.3225041845981624,0.16268777039498766,0.017116181049489754,0.1586466285411614,0.8589518078133432,108117.57506448014,-0.1860546693558513,1.0109227179577158,1.2757757749157126,2.0856789770052866,0.1580852737370245,-0.05842797923576934,0.20843981665930977,1.2695893812453782,124209.65873150225,-0.16099295569002292,1.1807768333070365,1.5747817032495217,2.573194130240348,0.17310209790185827,-0.15825479677351995,0.13850519925535854,2.0459964561213657,100995.44621279881,-0.06489979694586066,1.7036450177379476,2.444553356849042,1.910856121746,0.0779415624567934,0.18715961627917688,0.22555599770879953,1.0413963352672562,136155.24836781455,-0.21942093492579226,1.0225220365335166,1.2858523909092765,2.7603537465195247,0.2234711325022335
5y,2010-01,2010-01-04,2014-12-31,1258,60,4.99,0.17268263716374,1.0675785708592194,116232.41543979045,-0.16176437201351412,1.0574079825489382,1.3656922717895483,2.2148964315739073,0.16332028880076466,0.013901172277064777,0.15367633596041586,0.8364126737466361,108731.0810715089,-0.18605466935585172,0.9801303658570812,1.2428507231166006,2.0413956859518616,0.15877324984507818,-0.05842797923576945,0.1908065005463604,1.1787712692639194,123926.36495309956,-0.16099295569002334,1.093044681007524,1.4620976847064298,2.3911348521731592,0.17361949975032395,-0.15179547456862175,0.14455280168920215,2.12799999733925,101999.86767438066,-0.06489979694586114,1.7656974168306143,2.549042550527749,1.962066849898917,0.07821655421346697,0.14263091278422335,0.20470767282342517,0.9645234703135459,137050.96664213407,-0.2194209349257928,0.9412492064389023,1.1886141273107658,2.5337657649573826,0.22484655515914742
5y,2010-02,2010-02-01,2015-01-30,1259,60,4.99,0.17873932481664312,1.0992536203416163,110637.64091661287,-0.16176437201351454,1.0899925181424763,1.4154176283968414,2.2740785362115834,0.16313880014624144,0.016032895120460022,0.15514938164680991,0.8432758552588991,103464.6584581918,-0.18605466935585183,0.9881275229484285,1.2603924679274574,2.055616929480869,0.15878052860810374,-0.05842797923576984,0.20161705940965446,1.2344933471063446,117979.75615300455,-0.16099295569002317,1.1474231170359133,1.543102117638695,2.503305738470782,0.17320962928106984,-0.15658205164923333,0.15166645756068609,2.222912542395119,102642.66250108906,-0.06489979694586082,1.8564591270261275,2.6857650178279915,2.024837757965607,0.0777106107695201,0.1713809086471021,0.2176499545301145,1.0125963924973267,125687.87848696504,-0.219420934925793,0.9908410653866799,1.2648116795282918,2.674686647117884,0.22423863413204426
5y,2010-03,2010-03-01,2015-02-27,1259,60,4.99,0.18449333679802016,1.1285415395830865,113652.23905658288,-0.1617643720135144,1.1246957731002232,1.4636154243899944,2.3300825845594093,0.16231750648319962,0.019266480541982434,0.160703332523229,0.8682678015759906,105968.67772712186,-0.18605466935585113,1.0234323420375189,1.3079787714011846,2.105471303076299,0.15784656405614203,-0.058427979235769534,0.20757416097509407,1.264467425152738,121544.91172108734,-0.1609929556900233,1.1800917497802839,1.5893293077025565,2.5659252676909956,0.17250383132243277,-0.14740941437637223,0.1494183016470465,2.192458446660088,101621.05707501444,-0.06489979694586052,1.8375376931606564,2.662563471893524,2.0051669930729275,0.07743520501923985,0.21115503509818412,0.2268406415170765,1.0444985512930285,132061.23413309586,-0.21942093492579284,1.0326823354039116,1.328438412489748,2.7770803027891797,0.2219316054861263
5y,2010-04,2010-04-01,2015-03-31,1258,60,5.0,0.1642963126997845,1.0228842181155162,109789.72250583975,-0.1617643720135144,1.014880730235892,1.3296807134780002,2.136944764116433,0.16304006791766687,0.003965026455009735,0.14354730722952103,0.7888396352426399,103011.97032578423,-0.18605466935585183,0.9253033721305557,1.1930726070925521,1.9534771853383874,0.15861532761079356,-0.05842797923576895,0.18424052471871932,1.1439329632329656,116678.06543761108,-0.16099295569002367,1.0633185558858145,1.4381609822115835,2.326037629779287,0.173198471749325,-0.17952910589023896,0.14217111951514827,2.096385484448125,99554.74035133612,-0.06489979694586107,1.7302876435548877,2.512370523674916,1.941769561357435,0.07863143031028529,0.039138610204930924,0.18820555117372906,0.9001452827835306,124342.7880048992,-0.21942093492579262,0.8837894499955755,1.1419937244133362,2.3651762399842178,0.22348164431968842
5y,2010-05,2010-05-03,2015-04-30,1258,60,4.99,0.16328330605972985,1.0169716637970216,114307.81031470414,-0.16176437201351415,1.0122415194055594,1.3302884806270885,2.127679283702732,0.1625202872988973,0.0017440387170615246,0.14227308420229856,0.7821779811723083,106886.29737193351,-0.18605466935585133,0.9220036008124635,1.1917898037864458,1.9426350747516383,0.1578387172633631,-0.0417270624115787,0.1834967048247309,1.1397498645107327,121884.88128681821,-0.1609929556900234,1.0609887415842245,1.440239896723783,2.318753457137035,0.17294405891706666,-0.1846142731170458,0.13519642898914608,2.001785085337284,99265.4742946485,-0.06489979694586091,1.6551873772698655,2.4147857046533527,1.8832935102871153,0.07848987211461853,0.0171080764710263,0.18524074354179243,0.9605208110113382,134603.25739318435,-0.2027200181016021,0.8763744684671787,1.1390723050254616,2.3358615336080613,0.22218446931224856
5y,2010-06,2010-06-01,2015-05-29,1258,60,4.99,0.18616939792511777,1.1326190634230517,118290.74950927158,-0.16176437201351468,1.1626653021179905,1.526648800784588,2.3450122256122627,0.1575839677948622,0.022548591705643606,0.16435017570259092,0.8812068582851881,109913.39578752725,-0.18605466935585097,1.07058101653082,1.3823919524858759,2.137438324779834,0.1531436183911066,-0.02003191188767206,0.20720975965773225,1.2577082738193275,126950.23674948771,-0.16099295569002384,1.2062392345904625,1.6380161369308377,2.5601453327712136,0.16786236642909172,-0.11573107729174925,0.1410718091245009,2.0804269452615927,98781.17933413817,-0.06489979694586072,1.737586150946663,2.5326835089642032,1.9324577834040324,0.07770508888702533,0.2477831834797768,0.22975835136337586,1.2649516362717927,138486.22931710692,-0.1810248675776959,1.0905081572987132,1.4384904998651467,2.8079285162509904,0.20998256722399417
5y,2010-07,2010-07-01,2015-06-30,1258,60,5.0,0.1943893114680193,1.1725449906738472,111267.4278375762,-0.1617643720135147,1.2260720989992393,1.6181865909227813,2.4272654389518293,0.15470216166632222,0.007692347061780458,0.17198018369625623,0.9138827769976575,103870.15798189539,-0.18605466935585122,1.1324464670139724,1.4669440591946976,2.208281104452243,0.15014586813330433,-0.020031911887672005,0.21605950339514557,1.3001801808435256,118864.67175868903,-0.16099295569002345,1.268259145827332,1.7335936661395719,2.6552161786946105,0.16504501539158337,-0.20733277607874556,0.13641885099038298,2.0163871228739354,93975.71159636402,-0.0648997969458612,1.7033539288642745,2.511200427404328,1.8934392034579401,0.07682673143920346,0.08491168227787727,0.22375185045692603,1.2396980186002837,131770.568349077,-0.18102486757769545,1.0609263697485865,1.4015436636155763,2.7401278609724877,0.21152850570264262
5y,2010-08,2010-08-02,2015-07-31,1259,60,4.99,0.18598533647810855,1.127634312306362,116607.04221435699,-0.1617643720135146,1.1891043466694078,1.56669211887688,2.3447828646105346,0.15340206004800985,0.026367626307288727,0.1616199310990616,0.864966109156223,107527.5746718545,-0.18605466935585172,1.082338002842658,1.3979611222720947,2.113791195290351,0.14868828685716354,-0.020031911887672088,0.20968052567671136,1.2664599420843892,126109.58781672662,-0.16099295569002325,1.2429827204861383,1.6979441203013508,2.588364217102774,0.16403376006662293,-0.13875847183997103,0.1351710095840568,1.9987410739148643,96155.83552892144,-0.06489979694586089,1.701783782183472,2.507667790853177,1.8840306333019945,0.07622465979667065,0.2944172962145113,0.2360481519840001,1.2960873912813098,137412.46628350532,-0.18102486757769534,1.1042242486461673,1.4687276066563348,2.882781513317285,0.21247862348927785
5y,2010-09,2010-09-01,2015-08-31,1258,60,5.0,0.18201899122244414,1.109620519433026,103354.8241726117,-0.161764372013514,1.1489544005634338,1.4978374720699261,2.3043364363699697,0.15622644937986174,0.01643676264786431,0.1578405842732944,0.8492299678061883,96631.31356674858,-0.18605466935585133,1.0470790279331201,1.3405412332875553,2.0784457449789344,0.15089902161363197,-0.0200319118876722,0.2055033199605636,1.2484455066376552,110209.99814294132,-0.16099295569002334,1.2005267022424233,1.6179405754345018,2.5421306102259633,0.1674189601581544,-0.15724288883371185,0.12506545062069274,1.532425030944437,90327.88714649154,-0.07890785124924359,1.5474780954802674,2.206352138575528,1.8008716789227774,0.0781402765865018,0.1778053725301918,0.2219400826084279,1.2347305320725679,126646.90637615211,-0.18102486757769554,1.0432838134087115,1.3846743618503756,2.719935982756155,0.21424364893794276
5y,2010-10,2010-10-01,2015-09-30,1258,60,5.0,0.151905594108646,0.9514093714577271,98124.58248152802,-0.16176437201351476,0.9761205423628317,1.267782577642519,2.0258020268875216,0.15766919434876991,0.05008857537455347,0.13223987138591897,0.7300144094468418,92127.94840675492,-0.18605466935585235,0.8927891277481852,1.135402939225783,1.8589347190715146,0.15213288933884653,-0.020031911887671505,0.17074159117211374,1.0682808368321788,104190.26466653708,-0.16099295569002336,1.0174339324705022,1.3700331453728465,2.196655206512875,0.16903868048809184,0.021602632129508192,0.11415026161411457,1.409121820995798,89086.84586505742,-0.07890785124924293,1.4174635176853978,2.0108133252113487,1.7153243921182173,0.0784434827816692,0.5109698249275834,0.2208301665466672,1.2297067208761967,120448.73917809431,-0.18102486757769487,1.0390365646000104,1.3786921660878926,2.7076250314404584,0.2142441410536022
5y,2010-11,2010-11-01,2015-10-30,1259,60,4.99,0.1622340216862781,1.0069955378035158,107126.14477172702,-0.1617643720135141,1.030630425800881,1.344614695637711,2.119379941437659,0.15805471749644265,0.016854676736987706,0.142176012969633,0.7773039497028866,99304.37407680452,-0.1860546693558513,0.9482849660186906,1.2122300042804122,1.942835707587198,0.15250798497644577,-0.020031911887672282,0.18147861304204738,1.1253347791455717,115209.67605326671,-0.16099295569002345,1.069868424292747,1.4437503288888582,2.3006042528741038,0.16933948897051637,-0.11096138198462269,0.1237453521100258,1.5177585162894314,93125.60679923052,-0.0789078512492433,1.5283879348800662,2.15888687181487,1.7911768980452034,0.07835907396444905,0.16870966989110636,0.19833328977903508,1.1246181063186318,119618.51396608302,-0.18102486757769573,0.9589070423081243,1.2601309528851865,2.46931392276521,0.21230821632279967
5y,2010-12,2010-12-01,2015-11-30,1258,60,5.0,0.16370163562170603,1.0144512385878377,104437.28022908815,-0.16176437201351435,1.0406201610412205,1.3548871457582532,2.131501639057811,0.15769641382336533,0.01386766627616165,0.14313175795793787,0.7814954499152188,96436.3852684034,-0.18605466935585088,0.9557451999231912,1.219893557239889,1.9499360556976848,0.15213351586674267,-0.020031911887671866,0.18348207515090698,1.1354736409205344,112777.00002106,-0.16099295569002314,1.081892786878626,1.4558479935333568,2.318610372979927,0.16896614875057575,-0.11973911854791996,0.12498237958869529,1.5310520102397327,91557.21909126673,-0.07890785124924295,1.554946715603437,2.19552000286126,1.8002079806617965,0.0776952824598668,0.13883754267822335,0.19734974142706863,1.1177342454659946,112518.60001307102,-0.181024867577695,0.9621536683307059,1.2610922937164575,2.4574479156581504,0.21029665055851576
5y,2011-01,2011-01-03,2015-12-31,1258,60,4.99,0.1469636184639751,0.9262795191513734,100968.85916111831,-0.16176437201351454,0.9414102936119289,1.2357479195227545,1.982784866739176,0.15916442144435405,-0.0027194378190864565,0.12447530448556887,0.6941168975112981,93353.60702620614,-0.1860546693558522,0.8414372211139955,1.0850349284524154,1.7961609302057855,0.1534798872930753,-0.020031911887672477,0.16874560525372329,1.059265971342109,108896.03004672469,-0.1609929556900234,0.9999238910575929,1.35349614897216,2.1780231621871047,0.17054733976588968,-0.16777818559808344,0.11706102036320165,1.4421946902331375,89981.61259908299,-0.07890785124924324,1.4508874751310785,2.0388517195195806,1.7378125313007926,0.07843508613862953,-0.025181680645307125,0.16602616743463683,0.9727370156832916,106756.30485857786,-0.18102486757769587,0.8321457054595095,1.0980568233660013,2.1528414815417976,0.21160908275643212
5y,2011-02,2011-02-01,2016-01-29,1257,60,4.99,0.12731443724971991,0.8221177445994549,93172.67115070134,-0.16176437201351457,0.8214879721381608,1.0793705660870625,1.8180497385759002,0.16188838447646942,0.0008782846176247361,0.10799715533789622,0.6166778073929164,87062.45831078605,-0.18605466935585172,0.7363757945338125,0.9542656240900592,1.6678731026332325,0.15581145714630398,-0.0200319118876722,0.14580666768264794,0.9394382204536873,99421.96196169937,-0.16099295569002336,0.8708374358208713,1.1731589728267011,1.971755311302266,0.17367528034259325,-0.11493469411382151,0.11497876797741413,1.419778728602072,87783.06933736429,-0.07890785124924304,1.406075429263645,1.993881919678433,1.7209580708976704,0.07967686966981719,0.007550496264210338,0.14668495230027268,0.878972532266421,98784.01654549704,-0.18102486757769556,0.7559027417070497,1.0008113808278727,1.9793058075664762,0.2104978292559574
5y,2011-03,2011-03-01,2016-02-29,1258,60,5.0,0.1180179891514499,0.7720460590984399,91968.4311271198,-0.16176437201351437,0.7660639215735473,1.012441018761479,1.7452572197978136,0.16302757824573716,-0.0027706644309366535,0.1001720178883041,0.579412674031725,86559.06785605925,-0.18605466935585172,0.6874284033725949,0.8971394983720862,1.6105489222295934,0.15681987092571764,-0.019980605478323615,0.13497058900456826,0.8816002289852891,97426.54057469055,-0.16104426209937164,0.8110459293123701,1.097036325071602,1.881423881131094,0.17505378328443763,-0.11033571947698328,0.11157580694270797,1.381208987478317,88370.06716397133,-0.07890785124924271,1.3647674690059286,1.9343672446017468,1.6956289928767088,0.07985846366007038,-0.022816545975778757,0.1321999245736316,0.8060853330165698,98482.77071830709,-0.18102486757769526,0.7007102098353868,0.925335725386566,1.8586073351553152,0.20824798699583286
5y,2011-04,2011-04-01,2016-03-31,1257,60,5.0,0.1334364389856859,0.8561112647552158,96508.18953184246,-0.16176437201351457,0.8527841380968963,1.1240725753040297,1.8678339641132014,0.16239549368950348,-0.01756405066068445,0.11468249269808051,0.6493052127577573,90862.65050061315,-0.18605466935585233,0.7736176324611371,1.0060964611804397,1.7186782342626445,0.15615759207342603,-0.01998060547832317,0.15130466901344541,0.9697354846868544,102204.86805639429,-0.16104426209937117,0.8950740935161855,1.2087786742896514,2.0194024275471314,0.1744775507349063,-0.17792432656634627,0.12020941027387821,1.4790909771771203,90394.27353343932,-0.07890785124924371,1.4653143509828441,2.06950388674712,1.7616076502473572,0.07964972890145208,-0.14906674749839355,0.13374061835276096,0.8089777219784724,95573.79170841917,-0.18102486757769434,0.7171497669498392,0.9397963404988439,1.8703356800487378,0.20420432626969096
5y,2011-05,2011-05-02,2016-04-29,1258,60,4.99,0.1236865599349466,0.8028411607924489,95042.5793448529,-0.16176437201351454,0.7989243689655678,1.0574476489212352,1.7898802924321475,0.1625574350302347,-0.01824665141636861,0.10910366269202809,0.6266212897134223,91146.35519183261,-0.18479977147141996,0.7411641672908358,0.9661491964974257,1.6768869146347811,0.1562399752290328,-0.017078889941864045,0.13726021260669174,0.8938084436525741,98809.85260653726,-0.1610442620993712,0.8235735250376356,1.116139344079012,1.9004475815828454,0.17477822791794856,-0.17056923589061812,0.1140926093488912,1.4095359166795614,89615.06969574852,-0.07890785124924281,1.398759757458179,1.980291043874278,1.714881340714762,0.07951576376913415,-0.14741831567967356,0.11901356119032314,0.7487699372415006,95400.07047649428,-0.17812315204123524,0.6530042891470175,0.858059510742484,1.7530292659031719,0.20424561307153424
5y,2011-06,2011-06-01,2016-05-31,1258,60,5.0,0.13308465422374494,0.8543883613833789,98054.29484397259,-0.1617643720135141,0.8500327106074381,1.1240818997048527,1.865868939760818,0.16259326848265906,-0.023569793210874712,0.11537470932556126,0.661209926548698,92811.05365877821,-0.1836677812484314,0.7771909942076072,1.0119059351475892,1.724755778183473,0.15625883605670965,-0.01707888994186388,0.14986701179963968,0.962320739036392,103294.05008083065,-0.16104426209937148,0.8865909933944327,1.2018038300689746,2.0079677982141555,0.17480014400743035,-0.19801061610555115,0.11557852477430508,1.4264490389191948,91030.3516305125,-0.0789078512492433,1.415289877761435,2.0023444089682045,1.7263296973360303,0.07953001738110005,-0.1972318921127667,0.12629721858876497,0.7833795935207121,97010.02771295233,-0.17812315204123536,0.6885803772888816,0.8997536278540748,1.8107359061013888,0.20264597575680007
5y,2011-07,2011-07-01,2016-06-30,1258,60,5.0,0.13510879018313338,0.8658178724037019,96554.16301031891,-0.1617643720135143,0.859435376306606,1.1277595736632833,1.8825678111231776,0.16296569616363524,-0.019949946447023637,0.11996061170386452,0.683879735440929,93355.988049496,-0.1836677812484315,0.8019680320929948,1.0366862280874312,1.7604481863054158,0.15662304309236433,-0.024578235157256184,0.14927284521003492,0.959427508633524,99550.19271812477,-0.16104426209937125,0.8825515634080474,1.1841577575376347,2.002793523003892,0.1750722581795328,-0.172700674188363,0.12652483379473511,1.5502440890953706,93013.62748550199,-0.0789078512492427,1.5381860769693774,2.1768753288461635,1.8125634114659233,0.07952641869140424,-0.16764389692445025,0.12932289876301128,0.7626992322427807,93810.43714495696,-0.18562249725662744,0.7098508892196844,0.9280129920385466,1.8351496260794415,0.19944207761751934
5y,2011-08,2011-08-01,2016-07-29,1258,60,4.99,0.14751297802207364,1.054346251890772,103390.06413513793,-0.143002246178033,0.9307658212025782,1.2149834130178738,1.9875303226174994,0.16198906194789797,-0.011007267956952393,0.1326016028784962,0.9629107079610552,98432.0709452902,-0.14195723802450863,0.8778996941018162,1.1274671364579822,1.8619013878695934,0.1557036020000281,-0.024578235157256545,0.16143528042017063,1.023666523874301,108258.16392821484,-0.1610442620993716,0.94746448367359,1.265752115049129,2.1108590651944747,0.17399662236833754,-0.13655076402781108,0.13205542845389062,1.6115148634787355,94901.73864141111,-0.07890785124924293,1.6157093584525715,2.2856884831850364,1.8574235028768837,0.07870300092530959,-0.09799600957434951,0.15042801246321824,0.8596429943090805,105394.97671485574,-0.18562249725662813,0.810913719645779,1.0579135567866509,2.0128630556201252,0.19677688943593086
5y,2011-09,2011-09-01,2016-08-31,1258,60,5.0,0.16140182455532015,1.1254190488309224,105902.55645286635,-0.14300224617803248,1.0721997846562843,1.4703596015930076,2.110555542188631,0.1501002464069311,-0.008407138779109147,0.14577834118478417,1.1242212791952118,100959.49605101439,-0.13022902567946154,1.0208255358640692,1.391846818271845,1.972577112869024,0.14341945483738905,-0.024578235157256267,0.17605958493801777,1.0895679214125078,110740.76361529068,-0.16104426209937128,1.0780696943064076,1.4962990916711087,2.246920290065508,0.16276189084780227,-0.18293459714071292,0.12926711705706606,1.5763030310782815,93648.4061136005,-0.07890785124924249,1.6663886959975922,2.423037721031866,1.834697163757679,0.07464206004205565,-0.07904780871829287,0.16765244615890862,0.9370900722812792,105706.45108684283,-0.18562249725662755,0.8951350971656947,1.1867562182105393,2.167872481347215,0.19432262227457542
5y,2011-10,2011-10-03,2016-09-30,1258,60,4.99,0.17775889917388743,1.2202556334882206,101608.04551284517,-0.14300224617803217,1.1853633846133143,1.6405803653381612,2.2631744559484392,0.1472116473018422,-0.017265602722055462,0.1624250884571461,1.2308702593841712,95800.72759016778,-0.13022902567946154,1.14821103330443,1.5892286522942713,2.119854746616785,0.1396041580928852,-0.024578235157255934,0.1921512747474754,1.1717496539340269,107450.97523706446,-0.1610442620993717,1.1755354846292503,1.6397555380155158,2.4046453480625822,0.16052561649597022,-0.2588220352292182,0.12579048950599292,1.537500816601147,90703.43659129334,-0.07890785124924314,1.6188485568045754,2.3094921363942427,1.806672707748845,0.07494270246713314,-0.1688990675052633,0.17488567202541994,0.9733155537884138,106564.25776305886,-0.18562249725662763,0.9167134494000321,1.2167042497052551,2.235746280557319,0.19708368392671313
5y,2011-11,2011-11-01,2016-10-31,1258,60,5.0,0.15037534465682678,1.051426874199501,99944.98745906189,-0.14300224617803273,1.0512413426507716,1.4428098949251822,2.0124030740562056,0.14302748436752238,0.00033821818589796493,0.1345699818985242,1.0394174636908218,93686.04723767051,-0.13022902567946149,1.004695007025733,1.3786537453427432,1.878111084173454,0.13472976637098563,-0.02457823515725735,0.16532020600663033,1.0267393800857787,106329.67106487654,-0.16104426209937128,1.0539805716539365,1.4557146286168778,2.146342579479448,0.15688191061701204,-0.18005070870022433,0.10837458314380655,1.33923392005777,87434.35924214037,-0.07890785124924278,1.422147033938055,2.015230514434686,1.6713912931831627,0.0743074157805133,0.003111590351867033,0.1656584241925283,0.9316652053451318,103763.24009721154,-0.18562249725662863,0.8739298629537122,1.169991528315201,2.149454169831315,0.1978854703955033
5y,2011-12,2011-12-01,2016-11-30,1258,60,5.0,0.15869544055366802,1.097479847899864,101145.41178606031,-0.14300224617803256,1.1324319071230544,1.5683175821149857,2.086117648884665,0.13858853887605285,0.008243477812852174,0.14375440804566764,1.0963242052783535,96044.07316117025,-0.13022902567946165,1.1002119428604824,1.5236700565497197,1.9552439272480826,0.12976884500181718,-0.024578235157256934,0.17272918228122935,1.062508725593832,106229.9658343207,-0.16104426209937134,1.1174250891250992,1.5509511227291966,2.2153353275170646,0.15312966869338449,-0.17205623033673967,0.10402391267012745,1.2883284097022512,85233.8070155482,-0.07890785124924278,1.3890780696604788,1.9597763363033514,1.6388956463760014,0.07318467459342044,0.07883620387411172,0.18097266009408153,1.000424960835144,106893.63603702899,-0.18562249725662827,0.9453688587883595,1.285704355384413,2.2941715313911764,0.19643272339866347
5y,2012-01,2012-01-03,2016-12-30,1258,60,4.99,0.16184134497771585,1.1150525842320693,99251.26930064429,-0.14300224617803242,1.1628123929070944,1.6014460405402482,2.1145458049726367,0.13712876223580606,0.01375382200843056,0.1459731445742385,1.1094456661288474,95471.61560607044,-0.1302290256794619,1.1289958143092675,1.5567473267682619,1.974251891356883,0.12797392719534317,-0.024578235157257072,0.17683098402238473,1.0831060845354425,102880.01835073228,-0.16104426209937153,1.1478368584568346,1.581231368793474,2.254287213434887,0.1519623793871308,-0.1641593864800026,0.1016596396093854,1.2611386566973983,84800.50007690527,-0.07890785124924266,1.3599763349891447,1.9143831438515415,1.6214497151098661,0.07317314203716811,0.13462618876936006,0.1905848060308153,1.0449155309999532,106783.17648613591,-0.1856224972566286,0.983677471976832,1.3412132973514306,2.388913402204247,0.19717827825888815
5y,2012-02,2012-02-01,2017-01-31,1258,60,5.0,0.1550745934520512,1.0739119251345797,99742.19531361402,-0.1430022461780323,1.1222333304100585,1.542864322178576,2.053776839357025,0.13684481945969773,0.025589140648384356,0.1396558661015297,1.066745799414687,94857.90072743775,-0.13022902567946149,1.0875488002485911,1.498307376623846,1.9205166037304275,0.12773796088385037,-0.0245782351572561,0.16961495673094062,1.044572260351665,104572.3982384372,-0.16104426209937167,1.1094800076080376,1.5244438147249129,2.1861227478441196,0.15162271309465275,-0.10734123654037253,0.09896911576448231,1.2301793562181331,85071.77620550779,-0.07890785124924282,1.3257859792342677,1.8684809901434805,1.6017773810236027,0.0732175563558266,0.2494199460396338,0.19520409737932498,1.0661018374430604,108119.18605452661,-0.18562249725662777,1.002138771067665,1.3694417185525891,2.4355426938837534,0.19747014196968785
5y,2012-03,2012-03-01,2017-02-28,1257,60,5.0,0.15251534614889573,1.0580838808601951,101471.50837723275,-0.14300224617803253,1.1083188804056354,1.5168169927514947,2.0300170939038327,0.13652061178674504,0.026218785741954687,0.13887214081457855,1.0612154373990832,96694.16427123573,-0.13022902567946248,1.0840492166476314,1.4873363259702235,1.912945185018796,0.1274859575802906,-0.024578235157256295,0.16524133453131773,1.0209347953397825,106180.49893956078,-0.16104426209937142,1.0871324108233968,1.4861094425384256,2.1443157939106094,0.15123796248751262,-0.09763657166684758,0.10218224650900853,1.267146236902659,87109.60603993938,-0.07890785124924359,1.3665543709559973,1.9202375237787892,1.6246658048626161,0.07316780722204676,0.25171195912670363,0.19146012027327242,1.0483346135178129,111713.81094372552,-0.18562249725662772,0.9894958391565493,1.3439488613442814,2.396027753037313,0.19666023971117588
5y,2012-04,2012-04-02,2017-03-31,1258,60,4.99,0.14551807834612251,1.0150687824971993,102261.60323408253,-0.1430022461780332,1.066616634590614,1.4543838154600919,1.9703413345724705,0.13609117954363684,0.020051416486521978,0.1318391181816858,1.0132020761514366,96478.00344846085,-0.13022902567946187,1.0385362725545466,1.4214949224906253,1.8556524364491436,0.12705220094917702,-0.024578235157257378,0.15829796810133034,0.9833688613710032,108092.43900331792,-0.16104426209937148,1.0503641920753597,1.429337557819056,2.082547722430205,0.15077238337503243,-0.11316517937557724,0.10123436037697875,1.2560826183717997,86014.11482603064,-0.07890785124924328,1.3577152219299018,1.9155509066105059,1.6183274075471488,0.07300115576988002,0.18629676574680865,0.17834938458785232,0.987582763132114,113843.6849668154,-0.18562249725662885,0.9371990126997825,1.265179090440137,2.2688444881770136,0.19560154914387196
5y,2012-05,2012-05-01,2017-04-28,1257,60,4.99,0.15198941378797226,1.0534272969886398,106409.00714364763,-0.1430022461780329,1.1160916870055615,1.511095023772443,2.0254004920515167,0.1349732028367653,0.02358446312145479,0.13571829873023544,1.038633886816958,99346.4179153504,-0.13022902567946168,1.0720112477994905,1.46217931287662,1.886666475342319,0.12617430964040022,-0.024578235157256267,0.16744861946028977,1.0309256475649478,113667.51373124232,-0.16104426209937153,1.111785069106302,1.4970770364650265,2.1646537095168887,0.14933161525983715,-0.10860506077347987,0.10062704188695326,1.2487687406325505,86720.32303904444,-0.0789078512492433,1.3562642905799904,1.9096639012276722,1.6132630194660826,0.07265372886017644,0.2270934608393791,0.19103308258174456,1.0424740977780094,123325.25490909735,-0.1856224972566278,1.0031800083328222,1.3458378854207613,2.391747170356268,0.19289324323407464
5y,2012-06,2012-06-01,2017-05-31,1257,60,5.0,0.17380107107780662,1.1837199945293178,106642.8935964557,-0.14300224617803275,1.2636624356282151,1.6899150107891137,2.224047207707471,0.13395556700186959,0.0379596279248402,0.1531430363153392,1.1547263388964073,98356.55150166008,-0.13022902567946204,1.2006075519655515,1.619340743900024,2.0355379278923165,0.12525232395440253,-0.024578235157257905,0.19377541314140112,1.1684387114027148,115328.38255253797,-0.16104426209937153,1.269837964858484,1.6885258776440233,2.41934277632331,0.14818453636890688,-0.08035174703087677,0.10460850344403472,1.2943319237778144,87051.59269277203,-0.07890785124924359,1.4103258102105514,1.9759091423070858,1.6425837623542427,0.07241798325548574,0.4088492685771268,0.23173504106624132,1.2212640880056171,126234.25249648571,-0.18562249725662944,1.1894862178276073,1.5780411386755968,2.8281920449004367,0.1905815186656476
5y,2012-07,2012-07-02,2017-06-30,1258,60,4.99,0.16285774097119465,1.1161879060193538,104481.31565824403,-0.1430022461780323,1.2109317051994806,1.6243428372854534,2.1237964424374396,0.13181369108774615,0.040644592829305104,0.14531838301159827,1.100085241091037,97822.2763239655,-0.13022902567946235,1.1665657564140173,1.5753799373486004,1.96862723352203,0.12280750426965023,-0.02457823515725671,0.17958000775133742,1.0926916863068332,111286.95330600494,-0.1610442620993715,1.2000915658914177,1.595306079504022,2.280697839488568,0.14663191653437843,-0.06471786767372012,0.1020410283306914,1.2645441129315822,86471.89359407808,-0.07890785124924328,1.3838450562896527,1.9315850784913726,1.6242538835422944,0.072105224719917,0.4202291966606464,0.22022460058064253,1.1716473098208526,121282.21060111518,-0.18562249725662822,1.1353736982176976,1.5080987902411964,2.7009270361492144,0.19155287804743248
5y,2012-08,2012-08-01,2017-07-31,1257,60,5.0,0.1674931115736975,1.1431099780036473,105181.30495544882,-0.14300224617803284,1.2496450934478707,1.6577332774242053,2.165065239450723,0.13081097612444822,0.04202069576092571,0.14741531477800285,1.1131635757722949,98123.90833971812,-0.13022902567946176,1.1905716607266799,1.5878252884445865,1.9856022257223904,0.12176184993871748,-0.024578235157255518,0.18682426635462313,1.1299277521549451,112429.12848528304,-0.16104426209937173,1.2486233077283417,1.6458157440759733,2.349884599430504,0.14573521088794625,-0.0646565855691279,0.0992622228614084,1.2325026867802407,86555.44281384847,-0.078907851249243,1.349490731617918,1.8768998513689936,1.6033089440692412,0.07206728908478578,0.44536133925245247,0.22884496211554883,1.207299852951564,122967.42185307086,-0.18562249725662724,1.1839667221592138,1.5515340966715976,2.7952459386829567,0.18928066933649176
5y,2012-09,2012-09-04,2017-08-31,1257,60,4.99,0.16144431467592502,1.1070394304953552,104902.86762101768,-0.1430022461780323,1.2074867332821373,1.59699804605971,2.109687704551299,0.13110630601975773,0.03836589240696209,0.14240451666267107,1.079594411123874,96741.60023201181,-0.13022902567946218,1.1541525815107225,1.5344063611662948,1.942724535629966,0.1218162403671309,-0.024578235157255962,0.17970103048226482,1.0930145523514643,113442.4746485634,-0.16104426209937125,1.203396412471126,1.5831857627288108,2.2803702463333613,0.14627243377421956,-0.06895993931267408,0.10046306764130142,1.2462671975533106,87289.71561467553,-0.0789078512492429,1.3661851401233913,1.893736739319975,1.6120644965046782,0.07198165442823184,0.39470408987092176,0.2180669228892269,1.1604378108044173,122598.2661293021,-0.18562249725662722,1.134436473158452,1.476360236768253,2.675074336204283,0.18987697367734674
5y,2012-10,2012-10-01,2017-09-29,1258,60,4.99,0.15934542051801603,1.0937794976079087,106658.83901532699,-0.1430022461780323,1.1991070203640688,1.5781375453829152,2.09196603240447,0.1304411719096775,0.03553843715243232,0.1411200404242352,1.0703298265467955,98790.06264371499,-0.13022902567946265,1.1505918029207447,1.5174760040967474,1.9328655792015124,0.1211446232391235,-0.0245782351572566,0.17676202457386658,1.0769575844244925,114868.3750656312,-0.16104426209937142,1.190762166916847,1.562160461399036,2.2536278600541033,0.1456527964312418,-0.07322462539433694,0.09982859586424109,1.2387375646651413,87533.47736870346,-0.0789078512492429,1.3624659355204582,1.8830913797571487,1.608040786841255,0.07174206484076802,0.3608669212040523,0.2123004617262989,1.1331921788261354,126817.64709107089,-0.18562249725662802,1.1175375415225102,1.4435070328251136,2.6144947812581556,0.18822272567131448
5y,2012-11,2012-11-01,2017-10-31,1259,60,5.0,0.17567832613676404,1.1911122494889514,109063.5781957978,-0.1430022461780329,1.3119063332827148,1.7223116934985796,2.244727551989137,0.12983528077105733,0.04399019998635212,0.1505538101263948,1.1329718309274572,100169.24770340679,-0.1302290256794616,1.2245861071004378,1.6109376532164867,2.015083192128079,0.12048627434890298,-0.024578235157257433,0.20022318819418605,1.199158753455362,118442.3214586631,-0.1610442620993713,1.3304377320093006,1.7439759311602372,2.4888317211494044,0.14515345735013377,-0.06638386938520435,0.1055713133909304,1.3045786711927243,88009.7447572389,-0.0789078512492439,1.4389498914008887,1.9792003458370548,1.6510523499321186,0.07153932207409469,0.49035541479519784,0.24421338818053817,1.2717769700651709,132762.98099669634,-0.18562249725662874,1.2640538626240962,1.6349849540081363,2.9791871359446023,0.18675661229094975
5y,2012-12,2012-12-03,2017-11-30,1259,60,4.99,0.17933809662800293,1.2117704890016976,110810.99798878658,-0.1430022461780329,1.3471643546988112,1.766857735546244,2.2798557043508216,0.1286301119645034,0.051139504788635604,0.1562015416638789,1.1694356411887026,102101.50643696052,-0.13022902567946132,1.2773163165531731,1.6784090153916962,2.064988262744009,0.11923003109974055,-0.024578235157256323,0.2017913697803404,1.2063598968355282,119970.89658850365,-0.16104426209937123,1.347870341425393,1.7619747239585342,2.505120510598703,0.14413651924909934,-0.04203606107876334,0.10837110368443081,1.3364067156504413,89573.93756385036,-0.07890785124924232,1.4795117659849886,2.0252499309517753,1.6720476572541916,0.07127552801638445,0.5798211561157602,0.252930874568976,1.308690643077136,137659.4996257243,-0.18562249725662755,1.3058342803466296,1.6877767819862597,3.0849416667144633,0.18602852518152363
5y,2013-01,2013-01-02,2017-12-29,1259,60,4.99,0.18096605390990805,1.2207900820273947,109105.23869915851,-0.14300224617803234,1.3647273224385004,1.7754821279460893,2.2956221949351865,0.1279198569351196,0.05440824434842062,0.1569334228788004,1.1736982913109295,100471.4181721616,-0.13022902567946168,1.2891003927732605,1.682601875967662,2.07152707862113,0.1185707379936824,-0.024578235157257766,0.20436217609180574,1.2189311199635615,118236.38721470573,-0.16104426209937153,1.3695018273123865,1.7749137113104354,2.5320080017529807,0.14333815322446836,-0.03298119276339295,0.11255310250287276,1.3842414291747662,89779.71094937652,-0.07890785124924311,1.5303783983271266,2.087480716434319,1.7038051761325377,0.07137288196550601,0.6254387242524806,0.25877042044022636,1.3328545686548903,134697.4043050032,-0.1856224972566293,1.3365206345489935,1.7149597632949,3.1574467260054613,0.18511333616417788
5y,2013-02,2013-02-01,2018-01-31,1259,60,5.0,0.18836849189803417,1.264420373511429,115590.06097117484,-0.14300224617803298,1.4147850430633282,1.8360763592571088,2.368417260357957,0.12780383452025806,0.05912553640717921,0.15806991392562808,1.1811101115875842,104825.97207377572,-0.13022902567946235,1.2989213625137264,1.6907268773977946,2.0817135987962896,0.11841734495346458,-0.024578235157256684,0.21832322741166466,1.2904221813898618,127219.90585258875,-0.16104426209937134,1.4514107295802416,1.8764799685510245,2.682083492740634,0.14318144668717792,-0.04156397816995838,0.11310783090973242,1.3907170489211518,90617.90933522896,-0.07890785124924321,1.5338644411721691,2.0923158140726823,1.7080536938683843,0.07154380209909247,0.7164805165746344,0.27744876381884387,1.4132397455163472,150527.34766864206,-0.18562249725662802,1.4098467514102833,1.817435164988255,3.3985640093152685,0.18606922385192257
5y,2013-03,2013-03-01,2018-02-28,1259,60,5.0,0.18053055977241073,1.2214907484892163,110247.54867701704,-0.14300224617803312,1.3285883115860246,1.6846406102404332,2.291395990327854,0.1314748287308975,0.04585933388944441,0.14660298166343133,1.1080349664428286,98806.26540320637,-0.13022902567946137,1.1825956642723436,1.4933628325233914,1.9807495586512702,0.12201830131637735,-0.024578235157256323,0.2143193805033592,1.2732743450004962,122801.72949224114,-0.16104426209937145,1.3967102451615827,1.776502593697,2.638335235115284,0.1468117872343259,-0.10965583700956816,0.10273778912986753,1.2745043882149076,86463.13561123704,-0.0789078512492433,1.3556845522214038,1.78622950982838,1.6300192993716738,0.0741827459175366,0.5367994940194083,0.2601787143928036,1.3487455114613947,137000.10614433046,-0.18562249725662777,1.2870544081520146,1.5901814237247007,3.175134729134692,0.19451975644184416
5y,2013-04,2013-04-01,2018-03-29,1260,60,4.99,0.1643931975117121,1.127862931429424,104716.72177391566,-0.1430022461780325,1.2004234692421345,1.521713877483959,2.1404165381506597,0.1343583632842279,0.03105167024097799,0.13165655328564574,1.009349918840939,94763.97544428309,-0.13022902567946204,1.0578327664678837,1.337538142632183,1.85597966499681,0.12426033742479119,-0.02457823515725599,0.19691533649989723,1.1867992448713391,115500.58581491496,-0.16104426209937153,1.2715673512208068,1.6141266905678728,2.4565022084921604,0.15030836429301106,-0.1503843952005588,0.09700446674752516,1.2093764471166748,84643.91157458197,-0.07890785124924331,1.2690777632593486,1.677033573968749,1.588700307576085,0.07519578354941124,0.33561400965805754,0.22796700674087522,1.2164911540840324,124464.38812135362,-0.18562249725662752,1.121182956020248,1.375127611353298,2.792116218150218,0.20140167552421925
5y,2013-05,2013-05-01,2018-04-30,1259,60,5.0,0.1605973524994897,1.1059717083375071,103211.39954470824,-0.14300224617803275,1.1683454982105164,1.480174416340516,2.1045110226699117,0.13536786741923362,0.02715613410608797,0.12862904435493894,0.9893187231429585,93785.86885568962,-0.13022902567946196,1.0320830914537107,1.3059437488531582,1.830406607594056,0.12483298531699208,-0.024578235157257627,0.19230089286475938,1.1641201068449263,113352.89020937604,-0.1610442620993713,1.235710226501083,1.5663909992602567,2.4078322520232254,0.15171426082044984,-0.14816631541713754,0.08937022877376233,1.121424849837952,84291.32762700043,-0.07890785124924232,1.1673518200961317,1.5489594351786673,1.533663175147466,0.07580338995910411,0.2867445867447178,0.21945702697084735,1.1787641114714487,120748.00829274867,-0.18562249725662894,1.0875439110839455,1.3360938776842342,2.694576838767943,0.2011920032081651
5y,2013-06,2013-06-03,2018-05-31,1259,60,4.99,0.16301211110284286,1.1206014614036235,107445.30292281303,-0.1430022461780325,1.1829849523333396,1.501508021421233,2.126478184335382,0.1354611702668128,0.024554848897334836,0.12878332140247428,0.9903437699645748,96003.79201766396,-0.1302290256794621,1.0333498719161247,1.309870874539692,1.8316569860270224,0.12480913556515187,-0.02457823515725649,0.19709031391858112,1.189272721395167,120029.71098311577,-0.1610442620993714,1.2602639256680952,1.6002773556531817,2.456544051738935,0.15197257015070384,-0.1615505020818646,0.09726559299066984,1.2129446399793309,86515.01741270543,-0.07890785124924306,1.2631301151547043,1.6809537837181128,1.5900062768972854,0.07577276012719668,0.26227546255271594,0.22164516281591595,1.1878803872664843,129269.97122726779,-0.18562249725662788,1.0987134235862306,1.3484524468999082,2.718819514291651,0.20068683898196651
5y,2013-07,2013-07-01,2018-06-29,1260,60,4.99,0.16926931024184966,1.1572732612348693,105050.73688605697,-0.14300224617803256,1.2300641767467437,1.5574270282703881,2.185610430532216,0.13453987111148627,0.028400240773976515,0.13300980838780752,1.0176815937470263,94022.1272396522,-0.13022902567946185,1.0742320257791558,1.3590095712600325,1.8671033049246644,0.12337342326902798,-0.024578235157256406,0.20547986250276762,1.2322927039069236,117147.63093307863,-0.16104426209937128,1.3092996463922708,1.6567382846899281,2.545656488696485,0.15157238431856423,-0.1511344873348659,0.10315476806033419,1.2792488404738576,85884.48508998699,-0.07890785124924335,1.3615250881835412,1.8253758730365117,1.633737328640621,0.07413949114191462,0.3143354283327229,0.23388010327674413,1.2393843161294025,123772.67213303235,-0.1856224972566277,1.158165159057405,1.4219457990993467,2.859991917029208,0.19863972769468755
5y,2013-08,2013-08-01,2018-07-31,1259,60,5.0,0.16385327337234545,1.1252410773667405,108455.34162229321,-0.1430022461780326,1.1917470639711174,1.5172674296980952,2.1341731956285512,0.13502194082949553,0.0246674397167308,0.129949310118471,0.9970345130584543,98111.9953588793,-0.13022902567946187,1.051244120608591,1.3344428938758854,1.8411291547955242,0.12351349287854281,-0.02457823515725671,0.19756628815627697,1.192101894245734,119606.0113594645,-0.1610442620993715,1.260105083372931,1.6036493125094249,2.461427777765839,0.1523533016724209,-0.15419330354220695,0.10208111136698061,1.2666590555862134,87654.39106734352,-0.07890785124924322,1.3529172507547291,1.8102658456272052,1.6251755545145348,0.07387690879538034,0.2639422148939716,0.22223372787300777,1.1893051875113991,131391.38326427934,-0.18562249725662822,1.105911779830724,1.365310072638866,2.7253699926598105,0.1996197191605276
5y,2013-09,2013-09-03,2018-08-31,1260,60,4.99,0.17800402965327344,1.2093859842150632,110596.85312688802,-0.14300224617803253,1.285077759336004,1.6301245315562927,2.2684743882971214,0.13457933652851073,0.03813753047864887,0.1439077969083833,1.0908964056594235,99310.945154124,-0.13022902567946298,1.1547731103082595,1.459582342397202,1.9586421704880592,0.12302535862506463,-0.024578235157256573,0.2118902237752618,1.2656362033311455,122859.81357147108,-0.16104426209937134,1.3410701375114902,1.7037188215540358,2.6140651686394176,0.15198567379177652,-0.11724503123800067,0.11252326915110356,1.3855736912004508,88547.4662450401,-0.07890785124924389,1.4938985601215389,1.9895856821186264,1.7042979299634935,0.07318612229682851,0.4380314559506182,0.25002775425391066,1.3094453572543905,136239.2711238001,-0.1856224972566279,1.2238251062734895,1.508043456865458,3.052096624590036,0.1986088665681776
5y,2013-10,2013-10-01,2018-09-28,1259,60,4.99,0.16932496318363954,1.1576906598958856,107844.80880336203,-0.1430022461780325,1.2296686838445383,1.5626641949944269,2.1847740164450413,0.13463168324889244,0.03268293158324642,0.1382673797859486,1.05270180869185,97489.36674582206,-0.13022902567946193,1.1164427500504086,1.408070595033824,1.9098456020982542,0.12279387444699434,-0.02457823515725599,0.20000114122397505,1.2047147540855538,119006.35300693422,-0.1610442620993714,1.273487347954751,1.6236054294345685,2.4865321702457805,0.15234733106969764,-0.11998786922443694,0.10606846024540006,1.3115930345310203,86257.01105575028,-0.07890785124924318,1.4185058168569278,1.8866184017001273,1.654764915751809,0.07296056656125496,0.3572635749288824,0.23268407280722148,1.2340965590976114,130116.62058957938,-0.18562249725662738,1.153499478730314,1.422439393291065,2.843795745174663,0.19859227453458367
5y,2013-11,2013-11-01,2018-10-31,1259,60,5.0,0.1398936290271695,0.9831627006181934,97581.51110723475,-0.14300224617803323,1.0143555104554038,1.268502842681968,1.9235167817728187,0.13860473285519173,0.015187678393163262,0.11194834549922827,0.8754376262179591,89235.89564040417,-0.13022902567946112,0.9095973463460605,1.1306937856633827,1.699183137145986,0.12533830443050836,-0.02457823515725699,0.16724826990771535,1.0381093856362436,106401.56160425229,-0.16104426209937145,1.0591421733350619,1.3283718463521614,2.1654575455601126,0.15784619307698217,-0.1273715850946634,0.08696244766714045,1.0916813027536614,81139.9306357646,-0.07890785124924204,1.163843299465659,1.5216251795367834,1.5168023515519853,0.07401531279066013,0.14447513403322443,0.18243594830087861,1.013381337254177,111448.81006584536,-0.18562249725662844,0.9317705882403985,1.1246718713260335,2.309932679593337,0.20188056681378114
5y,2013-12,2013-12-02,2018-11-30,1260,60,4.99,0.13429411211937325,0.9511144547276629,96689.62349346801,-0.14300224617803203,0.9641328622094624,1.2148516174203754,1.8777094362613027,0.14107132816400236,0.010821188721520603,0.10944955328238959,0.859789826000815,89522.47174819426,-0.13022902567946304,0.8814385002456968,1.103144736320407,1.6808842124810712,0.12703052033464637,-0.024578235157256323,0.15837304237656458,0.9938473645769426,104114.09231556012,-0.16104426209937145,0.9938474709210504,1.255562761994709,2.085653748919903,0.1610442448672419,-0.11337013456613076,0.08943073330523776,1.1211679041601526,82028.431769553,-0.0789078512492434,1.1828463616366323,1.554222554285801,1.5346103174513734,0.07479327246227162,0.09925507811249856,0.16919423109808518,0.9512069189868292,108584.66161913905,-0.18562249725662777,0.8804773363549196,1.054492101498451,2.1849088270324017,0.20053372917136017
5y,2014-01,2014-01-02,2018-12-31,1258,60,4.99,0.10791057640574175,0.5411311872473703,88770.32914245047,-0.20932704505270142,0.7720982127230539,0.9675588942989055,1.6679012318220006,0.14670852819728317,0.02030896725464526,0.08376290290775623,0.46080538456186004,82440.79403476373,-0.19348878102255546,0.6760973088433414,0.8416856147645754,1.4941498280636285,0.13187550221141855,0.042294996444308286,0.1312670247950003,0.6027888006590341,95269.47655059469,-0.22791749370093567,0.8211498022131154,1.03376495769182,1.8509748609852759,0.16730943891957945,-0.014333178610746233,0.08103872401807233,0.733105491361157,79067.48229763436,-0.11033361257197226,1.053005951321836,1.3796280096755404,1.4754947697476926,0.07681454901246382,0.17193514059837822,0.15157599204964556,0.8686152269884995,107376.30328318052,-0.18562249725662738,0.8068166236023692,0.964378756630925,2.022910001583654,0.1998403638101044
5y,2014-02,2014-02-03,2019-01-31,1258,60,4.99,0.13244086334966498,0.6469499998518392,93919.07563727036,-0.20932704505270103,0.912797492622828,1.145927344400477,1.86058264759776,0.1483616386551455,0.009935528673109095,0.10855369865459674,0.5785159953361534,87041.30756788858,-0.1934887810225563,0.8414559089491607,1.0508716159993892,1.6727400851189358,0.13302699945316585,0.042294996444307675,0.15546997037737897,0.6972343641183422,100996.95199360522,-0.22791749370093634,0.9381963631026702,1.1822847038505064,2.057288652216971,0.16938022256501575,-0.06219505589266028,0.09084360424080007,0.8152766931135946,81674.42622381635,-0.11033361257197112,1.1642331873747738,1.5319534173587583,1.5435217229144271,0.07726323538309934,0.08983827911446696,0.16540549905048807,0.9299783746652847,103331.08239937847,-0.18562249725662866,0.8760013072100099,1.0361285526805382,2.147126931331438,0.19706010354005807
5y,2014-03,2014-03-03,2019-02-28,1258,60,4.99,0.12866373662075614,0.6306494481340255,96641.4639636967,-0.20932704505270128,0.8925995738964797,1.1221434037730056,1.8298086610951012,0.14789608834982773,-0.005128574814066367,0.10575733961513523,0.5651044273631696,89121.19492121771,-0.19348878102255618,0.8251078379631818,1.0329034063952436,1.6517816879377345,0.1325176683218326,0.042294996444307176,0.1506731232537648,0.6786780670993321,104496.69129593627,-0.22791749370093586,0.9153443623043269,1.1542967081482796,2.0150048708706314,0.16898842714633733,-0.11969308472086171,0.08748821010496322,0.7872576990785125,82177.60571654295,-0.11033361257197187,1.1260400052290773,1.4843375129900396,1.519965402634953,0.07713845472724563,-0.04443623855232337,0.14554454843969844,0.8348985256962931,103579.03092901608,-0.1856224972566287,0.7956512775834652,0.9385647519324007,1.970568632318308,0.1947787349331143
5y,2014-04,2014-04-01,2019-03-29,1258,60,4.99,0.13727313908072625,0.6671419605021783,98700.88220033709,-0.20932704505270164,0.9427119099060544,1.1808324461960427,1.9005554181567605,0.14813736174872771,-0.004963441985017303,0.10790308341136812,0.5752840823220805,90025.06929539084,-0.19348878102255557,0.8385463504883517,1.0474437638589957,1.6678449205593886,0.13274283021487562,0.0422949964443084,0.16603584228306079,0.7370680147765503,107935.20899381052,-0.22791749370093564,0.9928017938300663,1.2462367648433244,2.152930654919837,0.16920869367783373,-0.1296462147441937,0.09285157417787748,0.831971687468107,84112.28995559279,-0.11033361257197169,1.187596847450554,1.566277575983249,1.5577575676472397,0.07729427880598809,-0.04536189852181716,0.16107240029804348,0.9079936363913843,107793.83969231714,-0.18562249725662724,0.8631555790858726,1.0131540838386186,2.10756875639802,0.19526496771137342
5y,2014-05,2014-05-01,2019-04-30,1258,60,5.0,0.14753728936810528,0.7091937946246403,101367.15264525727,-0.20932704505270136,1.010721710669973,1.2633164009448972,1.987740537581563,0.14687865099888237,0.000370580425893996,0.11527626839922522,0.6090613566279135,92374.90312262549,-0.19348878102255596,0.8928478026791948,1.1130377420284705,1.7239960012578794,0.13198950493942374,0.04229499644430676,0.17936295464080176,0.7856366811845225,110921.58746384048,-0.2279174937009357,1.0694779928140477,1.3407172723949001,2.2786035970729674,0.1674277961194392,-0.11153318070579876,0.0935845590567086,0.8378733273420099,84258.42149659267,-0.11033361257197277,1.199955168657823,1.5806592092754075,1.5629802692966699,0.07704087077415195,0.0035764837846423703,0.17973353506669576,0.9903922611879333,113128.85506074486,-0.18562249725662894,0.9579448121082489,1.1291005250867328,2.28218008085761,0.19190989132322755
5y,2014-06,2014-06-02,2019-05-31,1259,60,4.99,0.12259334093070029,0.6050735708462808,92473.2187774727,-0.20932704505270147,0.8548004056050678,1.07110842862032,1.7820218020989533,0.14817290889688303,-0.016357461589987743,0.09552541882127752,0.5174284198023364,85409.79482339922,-0.19348878102255665,0.7523145864931169,0.9407970576088,1.5774480351337177,0.133078097927984,0.042294996444308425,0.1489867735607473,0.6721727610629006,99823.94307979337,-0.2279174937009367,0.9070723994122836,1.1389740155362806,2.001408784114296,0.16889493179900214,-0.17031207540040272,0.08517711046928156,0.7681563378549013,82494.82048781573,-0.11033361257197176,1.0949302561396257,1.449930117285964,1.5043962694004032,0.07740535372033737,-0.13835947333502352,0.13262931197075956,0.7740601058293575,95688.52777084525,-0.18562249725662827,0.7367603240118809,0.8639238875277464,1.8630493107792723,0.1950199612926745
5y,2014-07,2014-07-01,2019-06-28,1258,60,4.99,0.13279426648860415,0.6490046129755032,98638.2711857315,-0.2093270450527015,0.9108021623737839,1.1487481898589682,1.8634830246575347,0.1491588661863333,-0.024971262641647174,0.10593230035905443,0.5667440533124294,91368.70419157628,-0.19348878102255596,0.8201190070659655,1.0305511361272741,1.65308680868883,0.13371061404797333,0.042294996444309174,0.15891406962839394,0.7110021133564203,106126.47111547216,-0.227917493700936,0.9514047985989844,1.2020137332788365,2.0880833662819973,0.17032688917576905,-0.20856196447722963,0.09244166880282889,0.8288728963018721,86019.18127459791,-0.1103336125719709,1.1766066856686446,1.5618334867203454,1.5548429790719174,0.07772566833581038,-0.21514929889136214,0.13394280698674677,0.7802563185411513,100469.71731302739,-0.18562249725662683,0.7428428341217548,0.8708113365836176,1.8729340673906352,0.19497142557631766
5y,2014-08,2014-08-01,2019-07-31,1258,60,5.0,0.13732668380604673,0.667939609249561,98195.26643256663,-0.20932704505270155,0.9386914220175586,1.1858366298145473,1.901002156639338,0.14894972021513941,-0.01949790133808449,0.112272011335526,0.5961357841738232,90903.40352085631,-0.19348878102255582,0.8641571587059249,1.087908759772903,1.7009372450240625,0.13347755676345777,0.04229499644430812,0.16154710267000616,0.7208312994507964,105710.32489880374,-0.22791749370093667,0.9655610800759612,1.2222603974190747,2.111873808070729,0.17014983986211427,-0.18435977487697575,0.09581081838917416,0.8567620082557712,85138.50121219725,-0.11033361257197145,1.2168344985494697,1.6244590969286314,1.578928837248426,0.07768488450809108,-0.1711387278255858,0.14204920133192167,0.8180028690365952,99696.04436101198,-0.18562249725662855,0.7812013051989855,0.9193139571131379,1.9407350802451433,0.19436697596784414
5y,2014-09,2014-09-02,2019-08-30,1259,60,4.99,0.12322989934809936,0.6105395675928238,96297.25391216214,-0.20932704505270164,0.8407955425680709,1.060191511024425,1.78707592786191,0.15200180912188066,-0.029519851983778267,0.09987164153192962,0.5401856481761228,89427.76429710086,-0.19348878102255532,0.7665783073416201,0.9606483822703331,1.6089626675573723,0.13634596960346596,0.04229499644430709,0.1456950058424451,0.6628934975508761,103337.1479882641,-0.2279174937009357,0.8718383639273449,1.1050726753835807,1.972925558772223,0.17329476518084697,-0.22454214987789378,0.09384606541160201,0.841024992422442,88172.82687098214,-0.11033361257197237,1.1829696446829425,1.5877402443286512,1.5654040631838342,0.07844100319425695,-0.24122682171282261,0.11617515385866684,0.7020018228443377,96842.77037056223,-0.1856224972566286,0.6472962140494511,0.7536193520290301,1.7316987370594004,0.20131020173882297
5y,2014-10,2014-10-01,2019-09-30,1258,60,5.0,0.12896194197280386,0.6349288064279061,96155.76179159571,-0.20932704505270125,0.8738858291177486,1.1034134103505124,1.8322233749651653,0.15208825505566578,-0.024776232028892675,0.1072861204852189,0.5748866539875045,89899.82649961447,-0.19348878102255593,0.8161196726807376,1.021985569765336,1.6632135414950409,0.13629633205728692,0.042294996444307315,0.1496657617652084,0.6782341334160231,102496.88485188005,-0.22791749370093578,0.8909650967698655,1.1325948531699623,2.00621402483503,0.17349885465887577,-0.20503065246542995,0.0978227935614906,0.8739580269725428,87008.2385163418,-0.11033361257197179,1.2286297947087423,1.6444891713547507,1.593454009975725,0.07848332082408295,-0.20674763907254579,0.12488952973631573,0.7439023936965438,99011.38100864869,-0.18562249725662847,0.6859344443044355,0.8009590800990748,1.7994663857624842,0.2013093542388875
5y,2014-11,2014-11-03,2019-10-31,1258,60,4.99,0.13069882453548742,0.6414778978648232,97365.90152056441,-0.20932704505270144,0.8893754884383936,1.1182586375156922,1.846338454329175,0.1509808563112468,-0.00953847816441522,0.10697251416966114,0.5726987835045028,90491.8657884069,-0.19348878102255604,0.8192276253034089,1.0211715492290314,1.6608633267739337,0.13526251568036066,0.042294996444308064,0.153539427334898,0.6921213180192557,104395.0625867641,-0.22791749370093592,0.9153471251633407,1.159418206132183,2.04018661650551,0.17233522868364046,-0.14213289070265434,0.0941548652269546,0.8434280325956559,86496.58935914772,-0.1103336125719712,1.1896805269988375,1.5895971284908241,1.5670535221309856,0.07822138773297743,-0.0828378230549558,0.14400094917048278,0.8333361347982876,101592.61834868103,-0.18562249725662786,0.7732142344606864,0.9053513851785162,1.9573487934505542,0.2000557251811806
5y,2014-12,2014-12-01,2019-11-29,1259,60,4.99,0.1310237584023668,0.6428949410165704,101006.40177665399,-0.20932704505270144,0.8909784124795049,1.1223268067237062,1.849892322146032,0.15104215365647267,-0.009106864293197958,0.1087584877586587,0.5810623440205247,93384.50509967822,-0.19348878102255557,0.8309400067655337,1.036797638623828,1.674969344238703,0.13530344396375207,0.042294996444308425,0.15235348920321168,0.6876240580622672,108899.19495165297,-0.22791749370093592,0.9092653611919373,1.1529994581208194,2.030879790896695,0.17236063157247705,-0.13985586468371491,0.09229579759935813,0.828072360284995,87458.14840971418,-0.11033361257197136,1.1667063015955215,1.563821359370379,1.5543512617224038,0.07830952387614432,-0.07892872652056493,0.14324662491001372,0.8299677301949298,108620.7661985228,-0.1856224972566275,0.7694094965082224,0.903143919183451,1.95195106437613,0.20023236445659245
5y,2015-01,2015-01-02,2019-12-31,1258,60,4.99,0.14159698057424497,0.686717987301064,104830.61711587991,-0.2093270450527016,0.9574944138915644,1.1975276242006305,1.9369018158099178,0.1501300111841173,-0.0024720850726718258,0.11579713554273652,0.6130329783206959,96696.2220887089,-0.19348878102255584,0.8837291796621425,1.0943385361243647,1.728019146467383,0.1342209880941647,0.042294996444306926,0.16660124759047212,0.7409799383466499,113283.69073433873,-0.22791749370093592,0.9843284834529384,1.2395216219230945,2.1581471459080217,0.17157106928189064,-0.11673871384212475,0.09073257405090773,0.8149121792872966,86817.85564886576,-0.11033361257197154,1.151820000405589,1.5354750736884415,1.5427376016955312,0.07806098577729587,-0.022733442032050633,0.1641291625178003,0.9250899440771949,116967.30246486975,-0.185622497256629,0.8675897696108137,1.0102226506384726,2.135413703875971,0.19792477000234085
5y,2015-02,2015-02-02,2020-01-31,1259,60,4.99,0.15071989337689096,0.7242769591165811,103125.9277922946,-0.20932704505270103,1.014482810575365,1.259763780987101,2.016536850413622,0.1494463524380898,0.0036532040489805073,0.12234625282426514,0.6427246802707351,94121.94280478013,-0.19348878102255582,0.932270746922813,1.1447696738543982,1.7800630630067307,0.13339474109766616,0.04229499644430812,0.17842088042979798,0.7847642297227871,112624.34785283239,-0.22791749370093609,1.0463375476400554,1.3110192552176119,2.2710108421082675,0.170940531368652,-0.09526290876287113,0.09272081318609149,0.8314060288237751,88802.55194291686,-0.11033361257197258,1.1755194138844305,1.5652701818233854,1.557375225531426,0.07803531748669458,0.035392229274683995,0.1820740844787785,1.0058526631017983,114587.23389312497,-0.18562249725662797,0.9510746388771842,1.0988913373897655,2.3064030713829515,0.19631359681466168
5y,2015-03,2015-03-02,2020-02-28,1259,60,4.99,0.12012381465280897,0.5978315331384649,96129.70359054892,-0.20932704505270142,0.8198392173323695,0.9967412204631173,1.7625224342993981,0.1526425006581105,-0.010910324358128998,0.09195338787739038,0.5029609457021799,86804.37427162926,-0.1934887810225556,0.7132243656570997,0.8536703869456577,1.5519184518419733,0.13644696531954192,0.04229499644430851,0.14764660737806334,0.6711521514765905,106118.89663347545,-0.22791749370093595,0.8778552113862609,1.0818086954229886,1.989773084307861,0.17425119116736554,-0.14009377581941773,0.0860631627001247,0.7767555815753975,86613.15468163877,-0.11033361257197295,1.0836521703147683,1.4073021254575842,1.5105431480428662,0.07908649264806392,-0.09272761888927694,0.13673628301993435,0.800731930736371,105921.58373982782,-0.18562249725662744,0.7377614355668431,0.8322798519182868,1.897045465418584,0.201466020655046
5y,2015-04,2015-04-01,2020-03-31,1259,60,5.0,0.10136983598035787,0.371971119178425,85696.80012773337,-0.30858462382543345,0.6033775874318754,0.6778244764172155,1.6199420853861164,0.1902367112675685,0.0023510594938538354,0.0665598911905767,0.2386312429135811,75416.85050103611,-0.3371737660413767,0.4511890394252716,0.4925638299438515,1.3797969664696792,0.17832923195740216,0.03420860728403119,0.13581364841568888,0.5221016077896025,97016.02106992583,-0.28559372098884817,0.7173456427134968,0.8285232861042326,1.8893653339775054,0.20786205703969948,0.018293172109973388,0.07887586810676872,0.45472206771733603,83301.71475238231,-0.17763499388381157,0.822367422584753,0.9133591990036435,1.461256836895993,0.09822197414377577,0.019619765121892785,0.13816470790954272,0.598841000301726,100978.67870428468,-0.251385113704817,0.7356388148234702,0.8293757903656946,1.9089850990993982,0.2046380777067622
5y,2015-05,2015-05-01,2020-04-30,1259,60,5.0,0.12673460866047948,0.4499232168559128,96186.98372538289,-0.3085846238254336,0.705027995058331,0.8062110478215251,1.8151082465877162,0.19692748032271237,-0.028225629824656595,0.09025056715471402,0.30763168953102316,84205.19148181698,-0.3371737660413766,0.5591239541877221,0.6233517554935437,1.5398651576717817,0.1855140251744992,0.03420860728403102,0.1628021328668643,0.6090940561734816,109421.80516228422,-0.2855937209888481,0.8115242665432196,0.9518461568739746,2.1245607544103082,0.21435395724609646,-0.0880796204708092,0.09729490169381827,0.552180189615997,89594.38668834358,-0.17763499388381138,0.9612885167655978,1.0897771242036052,1.5902184703828246,0.10203650922121336,-0.24545452939547996,0.1345765030422077,0.5852319698577901,100033.339483862,-0.2513851137048171,0.7234446460724104,0.8107471284742577,1.8791062250148283,0.20335848234568232
5y,2015-06,2015-06-01,2020-05-29,1259,60,4.99,0.13530053558038557,0.47521354213683037,101956.26551225969,-0.3085846238254336,0.7403580324852141,0.8466040587666634,1.8851048893548636,0.19807118407940594,-0.03796533150182424,0.09764510742033794,0.32857627998687544,88495.70475218909,-0.33717376604137705,0.5920468504489674,0.6615207973955045,1.5927556943378702,0.18712590341630447,0.03420860728403108,0.17254492775349228,0.6390192399439231,116979.0393206124,-0.28559372098884805,0.8477884235907978,0.9942542965405972,2.2149969790971946,0.2152658345416825,-0.12056264842764763,0.10242861056824926,0.5786736140440976,92108.43143623491,-0.1776349938838117,1.0038548338185944,1.1395663488670347,1.627737319744143,0.10239795678467795,-0.3358651591237942,0.13457959625166804,0.5840725248929735,104160.42855897316,-0.251385113704817,0.7272257751631501,0.8086826369831476,1.8791318199734004,0.20190034937793508
5y,2015-07,2015-07-01,2020-06-30,1259,60,5.0,0.14952630632896713,0.5171404981274039,103959.70257970983,-0.30858462382543345,0.7962330371122049,0.901613943537983,2.006108496155818,0.20042072941147507,-0.033223444193844154,0.10604805144245866,0.35296973367841106,88839.4061047783,-0.33717376604137694,0.6256710670199663,0.6929511538856475,1.6546123767126057,0.19021517963075923,0.03420860728403091,0.19292855327744785,0.7008245036449121,121130.81771178984,-0.2855937209888477,0.9219383772515419,1.071737741220779,2.4141716363423478,0.2170981083928817,-0.10785696915964116,0.11169715630578314,0.6264410999722599,91770.95500775849,-0.17763499388381154,1.075681772224437,1.203297915800941,1.697266297878426,0.10344868141813494,-0.3177313113526732,0.1597051090836037,0.6774661827664863,108617.38602192258,-0.2513851137048168,0.8140814080919008,0.8792022019632121,2.0964403249896746,0.20919887334743778
5y,2015-08,2015-08-03,2020-07-31,1259,60,4.99,0.15662526300582957,0.53746095392303,113109.57072261217,-0.30858462382543345,0.8252501191520852,0.935909571878518,2.0687718832788233,0.2009720234364873,-0.021709110022998024,0.1137981868880138,0.373801334466301,95907.35178618775,-0.33717376604137705,0.6618956678637009,0.7338038585634137,1.7133527769614603,0.19041672247241345,0.03420860728403119,0.19923023941977847,0.7201431746082734,132807.03244656164,-0.2855937209888481,0.9424569009891113,1.0987726483931868,2.4785617865036618,0.21822575511437073,-0.06433674370997733,0.11624625332415484,0.6494228953615854,97627.41122896947,-0.17763499388381168,1.1154647911423485,1.2467125041434544,1.7322499086038834,0.10341898100380378,-0.21620069911102968,0.17752112939678044,0.740464734400659,125323.56475605642,-0.2513851137048169,0.878120157279134,0.9556929269165518,2.262361087392632,0.2119776091104427
5y,2015-09,2015-09-01,2020-08-31,1259,60,5.0,0.19247910005471813,0.6345990935638824,123488.40140859311,-0.3085846238254335,0.9884824451282779,1.1148298237639986,2.40963079352802,0.19810925680319866,-0.010606516482256412,0.143241554297739,0.44965832753860435,103008.33815183844,-0.33717376604137683,0.8080206477522951,0.8893334808547512,1.9519078119232318,0.18763504639368608,0.034208607284030745,0.2418684342699744,0.8405018589889056,147375.42408573395,-0.28559372098884767,1.1138629422701627,1.295249479279518,2.9512406620488294,0.21550412020841261,-0.02729006451255578,0.12957450015490313,0.7154485237004659,99264.61454953522,-0.1776349938838116,1.2459518768263071,1.3946806105715355,1.8380800399613835,0.102001286322097,-0.12379867766525621,0.23126191778771799,0.918550243255189,144743.2488465305,-0.2513851137048169,1.086572877757607,1.1893302491315387,2.827441984383573,0.21251207541718556
5y,2015-10,2015-10-01,2020-09-30,1259,60,5.0,0.18679781610577684,0.62000384988377,112300.5080283591,-0.30858462382543345,0.9592183019335485,1.075844804953248,2.352819151512405,0.19945788607352694,-0.026225678317785217,0.14042706330779264,0.44258100622259006,95327.80501592717,-0.3371737660413769,0.793555051151003,0.8720246100304686,1.9280181426635483,0.18804833316857922,0.03420860728403108,0.23301315663613043,0.8173170058457602,131662.35605722346,-0.285593720988848,1.071071825979427,1.233797812583628,2.8475907296144207,0.2179317943626296,-0.11710809273127942,0.12671308042591312,0.7017659808719416,95038.59469164905,-0.1776349938838116,1.2097796372940595,1.3538571231148766,1.8149349867424183,0.10304206805702244,-0.2900059155080257,0.2067874783183452,0.8484360640109241,129840.091086469,-0.2513851137048169,0.9539637332481475,1.0358330626207448,2.557584814106395,0.22357683944277726
5y,2015-11,2015-11-02,2020-10-30,1259,60,4.99,0.158019932125131,0.5413755118741539,108238.65596037099,-0.3085846238254336,0.8314003155287911,0.9343044198302906,2.0812647647059466,0.20093829116931833,-0.006096307829850822,0.11628793907838086,0.3796899770027564,92305.6636021705,-0.33717376604137683,0.6770361239659106,0.744821987133202,1.7325731267915605,0.1890910912172083,0.03420860728403091,0.19927471024186438,0.7216503821309137,126302.99284085687,-0.28559372098884783,0.9370702339839853,1.0824758018764522,2.4790210159244257,0.2199395631313094,-0.05415735489764806,0.10970243505297073,0.6164810029463719,91956.68342449868,-0.1776349938838116,1.055878627306142,1.1858701107274616,1.6821057836754438,0.10371324540137114,-0.06232218613617402,0.19317840241201356,0.809634261639097,122136.20256462132,-0.2513851137048169,0.8829128790863372,0.9674538833334744,2.4166988297882517,0.23052104657492187
5y,2015-12,2015-12-01,2020-11-30,1259,60,5.0,0.181492010272988,0.6069990355493442,120142.04314057705,-0.3085846238254336,0.9281961083647986,1.0464496482309058,2.300734589395685,0.20180064035969733,0.015178688481280345,0.138767561320422,0.4392408839468799,102413.42380611587,-0.33717376604137717,0.7803408227116301,0.8599350678109094,1.9140421106500678,0.18978951085126372,0.0342086072840313,0.22359998620641552,0.7931569163032229,140195.76527819107,-0.28559372098884805,1.0229382687724464,1.1877692203400336,2.740624535480515,0.22144115824986063,0.011032035358029546,0.1253105266376029,0.695507502609656,98351.47900122115,-0.17763499388381182,1.184069685453863,1.3368130322425051,1.803675663489526,0.10434054050193436,0.17411384455783052,0.23877867468769587,0.9619657503706076,146520.73798761473,-0.25138511370481675,1.033970304130476,1.149310852902004,2.9147383800383455,0.23387893111728958
5y,2016-01,2016-01-04,2020-12-31,1259,60,4.99,0.19528859841652868,0.6439041579619134,127431.69295033395,-0.30858462382543367,0.9902275548717806,1.1060796813548623,2.438127723536973,0.20065985983397336,0.026154509044758356,0.15109930203535704,0.47056314421775364,107716.22487715611,-0.33717376604137694,0.8410377358829076,0.9206812041286744,2.0198608049156244,0.18864973677977873,0.034208607284031245,0.2389105029511951,0.8359297830703013,150007.53941636946,-0.2855937209888479,1.0832075968216295,1.2469119379669238,2.916288380835785,0.22039754700110378,0.044888624703935065,0.13156318899856667,0.7262118938674914,99727.57138238473,-0.17763499388381163,1.2466232547913434,1.4002421082791767,1.8543044627204532,0.1034800568894368,0.3208332159377214,0.26506501199595345,1.0445447475011782,159630.24515752107,-0.25138511370481664,1.1280962215255645,1.2427580540451189,3.2371215967735063,0.23276649199768826
5y,2016-02,2016-02-01,2021-01-29,1259,60,4.99,0.20912941811432018,0.6803486887396935,126298.73153791012,-0.30858462382543334,1.0534624056391246,1.1753971513378474,2.582478207885597,0.19929058983124665,0.01619778208994882,0.1605443794768302,0.49413120514048353,105882.27546652888,-0.3371737660413771,0.8889321999975967,0.9690696518385064,2.1040311677326904,0.18742495699473094,0.03420860728403119,0.25745246689657475,0.8868619664920419,149949.87054812256,-0.2855937209888479,1.156820593417669,1.333941468028267,3.1409648641723966,0.21894683622951538,-0.012772920858549641,0.12873082699071303,0.7118822707952451,96639.47503201374,-0.1776349938838113,1.226452150711415,1.368678730205329,1.831231454764577,0.10310651153031575,0.20740988663997184,0.27365024898652357,1.0746386744018095,156120.15230634916,-0.2513851137048167,1.1440476725591193,1.263462615485048,3.3483747508123685,0.23613366106658665
5y,2016-03,2016-03-01,2021-02-26,1258,60,4.99,0.21449252152696707,0.694406971155937,123297.39899680622,-0.3085846238254334,1.0777229458743889,1.199738874280229,2.6381800029892735,0.1988296851210298,0.017464771704516213,0.16726922832936908,0.5109654156859302,105146.72916636926,-0.33717376604137683,0.9220087311267627,0.9998354903102407,2.1643230282227197,0.1868573774927042,0.034208607284031356,0.26132506236417186,0.8973673984874178,143927.33948101828,-0.28559372098884805,1.172442418491326,1.3476209794079559,3.186654001437139,0.21858855529799312,-0.023970943400786426,0.12438796366712901,0.6904478047187149,93944.22932995154,-0.1776349938838118,1.1840959361830017,1.3213791051017967,1.7954645837822258,0.10357918460869123,0.22644010682636395,0.27878983406868807,1.0938197015326199,157540.92841573214,-0.2513851137048167,1.1484714750905396,1.2795199553228493,3.413094108263503,0.23942256817538204
5y,2016-04,2016-04-01,2021-03-31,1259,60,5.0,0.20575096742196264,0.6718735951787472,126784.6770894303,-0.30858462382543356,1.0355440656225487,1.160296801504495,2.5466287890002977,0.2002134602565973,0.043114530787407235,0.1622995464554966,0.49861441775354975,108961.48539811595,-0.3371737660413768,0.897017885940008,0.9787959660843826,2.1199769696386497,0.1874206787530393,0.034208607284031134,0.24840443464112338,0.8632543438379198,146887.08159363584,-0.28559372098884805,1.1148112208046193,1.2904831553732732,3.029661801361398,0.22114956829956983,0.05179006637987715,0.11664657757139962,0.6520396770281203,93920.09794454285,-0.17763499388381157,1.1090230163441606,1.2471519352498133,1.7353558897465942,0.10443882798997645,0.5600787728258676,0.2915189654285306,1.1390421737958758,164243.4411799471,-0.2513851137048169,1.1666012871844964,1.318433254641928,3.5897405741872657,0.245446537321516
5y,2016-05,2016-05-02,2021-04-30,1259,60,4.99,0.22240646927852037,0.7164543806681364,130977.8107322212,-0.3085846238254336,1.1035093785200811,1.233817447656865,2.727294925058377,0.2003488233539627,0.048117093891074436,0.1734321136380106,0.5269356643009961,113089.32321264243,-0.33717376604137694,0.9476821216419044,1.0332925949568292,2.2233826923798334,0.18747729680292147,0.03420860728403069,0.2709723428709787,0.9261573671277206,150989.1045407932,-0.28559372098884783,1.19526702301314,1.3811981838618068,3.3133496031471075,0.22129342114070216,0.05399220480141809,0.12578691437460288,0.6981397807070159,96714.52546161627,-0.1776349938838115,1.1838314921149098,1.3310640450568736,1.8074936920213873,0.10475651011309531,0.6759250162577302,0.31908943676205315,1.2239843814242009,178718.62931924933,-0.25138511370481714,1.249259227814558,1.413120262553686,3.9892746194048376,0.24629912354981395
5y,2016-06,2016-06-01,2021-05-28,1258,60,4.99,0.2147002604266417,0.696310764413917,130043.57570989207,-0.30858462382543345,1.0694885757832049,1.1984887294917452,2.6404334937605265,0.2009098555773866,0.05810884309216635,0.17115679446836451,0.5213745676232513,112831.43317881478,-0.3371737660413767,0.9359066010555692,1.02098788806875,2.200546994503785,0.18783266010246716,0.03420860728403091,0.25739638564628575,0.8891923927512668,149259.20118182278,-0.28559372098884767,1.1431085227536586,1.3229349689938426,3.1374121658871035,0.2221554288730793,0.08402866038313839,0.12358741675503104,0.687557056708421,95389.18149856142,-0.17763499388381163,1.1578363054854401,1.3045578261911517,1.7890920764061595,0.10548485393361827,0.7937206218589168,0.3155052287384521,1.215908583640027,177442.20096681078,-0.25138511370481675,1.227137183136797,1.3946051124311947,3.9311327877460203,0.2490848796315357
5y,2016-07,2016-07-01,2021-06-30,1258,60,5.0,0.22710763644561904,0.728426322644311,131255.07089556335,-0.3085846238254335,1.1260212881810963,1.259871116880696,2.777844149111411,0.19962425676768142,0.06378384971567996,0.17555442934932186,0.531817739025223,112835.65894610202,-0.337173766041377,0.9608472615513473,1.0471999078520238,2.242106454449748,0.18662174217495248,0.034208607284031356,0.27838049017376454,0.9462649762222366,151961.24626327414,-0.2855937209888481,1.2230264210273505,1.4141756636922316,3.407643562128856,0.22096606496343948,0.08419039312134213,0.12356768623372894,0.6873327280572981,96613.43289450153,-0.177634993883812,1.1597828193216249,1.3060707797103694,1.788935246362508,0.1052734554354037,0.9376002337918723,0.3421643398894445,1.2959368209643691,180438.97861730875,-0.25138511370481675,1.3072168141486926,1.4851034274462178,4.345243795920728,0.2492159078481147
5y,2016-08,2016-08-01,2021-07-30,1259,60,4.99,0.2204732496881463,0.7109258895379642,133214.48043936657,-0.30858462382543356,1.098265240812076,1.231940891614915,2.70581412057623,0.19975210908852994,0.06149534647903332,0.1726533253397986,0.5246167066065826,114683.30779215247,-0.3371737660413766,0.9466251241118521,1.034474648235856,2.2160201982609236,0.18686065496172552,0.034208607284031134,0.2677207977797085,0.9169480504689713,154005.04028036693,-0.28559372098884794,1.1849092990691692,1.3732846728273156,3.27121623141587,0.2210081445834079,0.08099505834025789,0.12335367064198954,0.6862110625574658,99085.49266325367,-0.17763499388381163,1.1588054741394123,1.3027384314531147,1.7880599731510567,0.10519030210046668,0.8734310637280225,0.3292161442587418,1.2579036009588578,186471.0202928057,-0.2513851137048168,1.265904357409427,1.4439686615732892,4.144647295143892,0.2497963119456011
5y,2016-09,2016-09-01,2021-08-31,1258,60,5.0,0.22790711052156398,0.7307967564092795,136117.6571503293,-0.3085846238254333,1.1274357829230104,1.264402081079752,2.7868905217945272,0.20002260491035342,0.06983793190680498,0.1794285463163907,0.5418485346094978,117198.00372715201,-0.337173766041377,0.9764630854499172,1.0646343367038396,2.279236297801098,0.18710088866708754,0.03420860728403097,0.27582628502401474,0.939545072529801,157306.02371386136,-0.2855937209888479,1.2122820134813135,1.4065336064650413,3.3737905041751146,0.2213413795771531,0.09975161928589049,0.12765974847322914,0.7078058089324817,100276.33601774009,-0.17763499388381174,1.1943821749377428,1.3430308523468737,1.821697581109613,0.10526871815313348,1.0283126303498387,0.3456642169308197,1.3076254540346226,195037.75205276802,-0.2513851137048169,1.312033632767204,1.498323684727376,4.402103134524953,0.2505405084414717
5y,2016-10,2016-10-03,2021-09-30,1258,60,4.99,0.21211109955266827,0.6887905540370225,128769.20243241299,-0.30858462382543356,1.062747706532292,1.1933261128048995,2.6124567284441556,0.2000005953487966,0.05769217083734546,0.16819278402340587,0.5133999445398818,111720.01347604925,-0.337173766041377,0.9255484339753237,1.012323732054806,2.172885124497386,0.18702964256818266,0.03420860728403097,0.25516323102133165,0.8823560768968979,147690.67101981535,-0.2855937209888479,1.1382466441696395,1.321519563746468,3.109694369716141,0.2213890605598401,0.07472969437736188,0.11996363140629285,0.6691013711593763,96869.07688535503,-0.1776349938838118,1.1314772690834878,1.2783838393816715,1.7604718818712692,0.10504481284879964,0.7820674035680311,0.3128554018586771,1.2094507587248862,176445.34146007537,-0.2513851137048169,1.2129763385470014,1.3837921189038693,3.891761773284172,0.25065444958854943
5y,2016-11,2016-11-01,2021-10-29,1258,60,4.99,0.2336352425365391,0.7461360737371161,135851.2434860664,-0.30858462382543367,1.1489534616929573,1.2869213199883582,2.852398074563908,0.20039638446059554,0.07966115085466385,0.18832561866057107,0.564310095937241,116836.64176554112,-0.3371737660413769,1.0153990077977149,1.1083211479503916,2.3663695823180815,0.18738501692551923,0.03420860728403119,0.27809468430117157,0.9461751402501233,157312.12990033152,-0.28559372098884794,1.21801544774884,1.4099397734316883,3.4038420929660695,0.22185406557084866,0.12402657694531816,0.13773518713925315,0.7578850817422489,101713.64615921133,-0.1776349938838115,1.2792923541157628,1.4401121304045414,1.904413178048302,0.10523545413743167,1.1992986015793976,0.3577558351558354,1.3445894812969201,196241.40268589073,-0.25138511370481675,1.3420420246941582,1.5294035932512073,4.603140694545467,0.25186229150995243
5y,2016-12,2016-12-01,2021-11-30,1258,60,5.0,0.23007081098404303,0.7368871526604132,134469.061270686,-0.3085846238254337,1.1335634228808578,1.2654017020072463,2.8114918830019677,0.20059931382366808,0.06970847782617118,0.17784022169260671,0.538136888919691,114068.47261424945,-0.337173766041377,0.9671328044694522,1.0524573553601244,2.2639546675708035,0.18761191911216316,0.034208607284030634,0.2820491547413133,0.9570884373149383,157920.2276622644,-0.2855937209888478,1.2314728032502262,1.4223634640523086,3.456742244130635,0.22196060473828788,0.08969332959326337,0.14189543773493196,0.7784637351999862,101279.19090273976,-0.17763499388381152,1.3136062146202732,1.4762036711071629,1.9394310178887102,0.10526929554835593,1.0457738376006596,0.3517576325674845,1.327769974329535,193239.93996471594,-0.25138511370481714,1.3211661328434896,1.496725739460642,4.502516081731295,0.2526416607821216
5y,2017-01,2017-01-03,2021-12-31,1259,60,4.99,0.2328482775664924,0.7450070492832636,134973.38606102148,-0.3085846238254337,1.1390069344656593,1.2816529732792747,2.8456888433393415,0.2018404920056293,0.0750343651319425,0.1836302398912375,0.5532162858106239,117562.56678727164,-0.33717376604137694,0.9892307315928277,1.0846341581573085,2.3216124334130073,0.18856067908630997,0.034208607284031134,0.28151704352619733,0.9568327364915147,154274.14226663334,-0.28559372098884805,1.2226343972701603,1.4241644911760485,3.452983114081989,0.22350542581550753,0.09877761139174979,0.14370413146342154,0.7875107440371605,101954.22835777301,-0.17763499388381143,1.3260462761762994,1.4972970315381207,1.955856763237095,0.1054936533616707,1.1353584780796702,0.35655140865813983,1.3451322961487506,194069.65904107303,-0.2513851137048169,1.32141200866191,1.5146244641296307,4.588341592161659,0.25589765568862144
5y,2017-02,2017-02-01,2022-01-31,1259,60,5.0,0.20680344911284476,0.6771247320857655,122273.53902008048,-0.30858462382543356,1.0246660449488485,1.1645173763012877,2.5577539214407627,0.20392037167974494,0.058356994032276566,0.166713618976275,0.5112426368535175,108834.50189227886,-0.3371737660413771,0.9077480144815621,1.002236624599811,2.160506641681067,0.18989587691609972,0.034208607284030745,0.24569105345222386,0.8596931171604075,136743.90137149455,-0.2855937209888478,1.084742033641449,1.277785475998946,2.9969059523471917,0.22634225338731317,0.07251570422670084,0.12949371792087905,0.7176612130978357,95432.20902371738,-0.17763499388381176,1.1975723435619472,1.364062785542838,1.8374233981513575,0.10645014130846843,0.770222696886814,0.3040480474845004,1.190810399685385,161848.0570925203,-0.25138511370481703,1.15725773786815,1.3336793826281532,3.7671286492340057,0.2586735849157012
5y,2017-03,2017-03-01,2022-02-28,1259,60,5.0,0.18801082188909013,0.6279670521021745,116265.13636861883,-0.30858462382543345,0.9382936302043943,1.074246230368602,2.3648580501444116,0.20652487697854605,0.059013334855304356,0.15082593223733798,0.4715947047619913,104856.91403754483,-0.3371737660413768,0.8293307538959163,0.9244556057273912,2.01746540351299,0.19173214293911017,0.034208607284031134,0.22379147068022753,0.8002717624684215,128259.06222705745,-0.2855937209888479,0.9947958783034566,1.180142680437796,2.742767942388373,0.2297482281846983,0.09896747496593272,0.11735632793457129,0.6576566150958286,92671.7885465308,-0.1776349938838114,1.0832338472345198,1.2405328460920824,1.740873552630444,0.1078463612436434,0.7275852918025771,0.2828048055355319,1.1253778058982773,157224.1836426255,-0.25138511370481675,1.0937633532693893,1.2651840728635144,3.47035323419095,0.25865122181227235
5y,2017-04,2017-04-03,2022-03-31,1259,60,4.99,0.19519522932863054,0.64951535338851,119166.82355929019,-0.30858462382543345,0.9567178117299403,1.1099647953395035,2.43717636504382,0.20949798209758194,0.04873145548213653,0.1590675239955155,0.49400655662457427,107603.51775962819,-0.3371737660413769,0.8590473747100978,0.9653118920372997,2.0906882940442957,0.19389623442182258,0.03420860728403091,0.2297631932056634,0.8203781582837462,131246.4307740417,-0.28559372098884805,1.003286170874227,1.2106441670198616,2.8102892226661638,0.23352743977132392,0.07954041941835754,0.11783447441060879,0.6610364554884178,91749.40240218696,-0.1776349938838114,1.0730324803459625,1.2344849696576516,1.7445986103527718,0.10943117648200397,0.6021990255659535,0.27849464868779994,1.1112996435534483,153447.8048174545,-0.25138511370481714,1.0828265902925844,1.247265920112381,3.4124882482321173,0.25799531500175016
5y,2017-05,2017-05-01,2022-04-29,1260,60,4.99,0.1626731777747663,0.5622562691952707,103876.3133145945,-0.3085846238254335,0.8157633430575343,0.9491515733817988,2.1246542591578965,0.21268869311142535,0.07508143041475868,0.13558827505391835,0.4346708489488369,96985.46497209062,-0.3371737660413767,0.7466803607973439,0.8392176101913522,1.8884456878838216,0.19628158824477157,0.03420860728403069,0.1877370775051188,0.7018630200401856,110585.85650730487,-0.2855937209888478,0.8438653628931422,1.024520337440358,2.3637501538462797,0.23753513336597193,0.1920652257876082,0.0941900926365784,0.5422057384634938,82587.15476787552,-0.17763499388381135,0.8604727875893232,0.9865819439508872,1.5684254857958224,0.11193231723871569,0.8477259254974223,0.2628185079198775,1.0618441176330085,144842.473079352,-0.2513851137048171,1.0359305886807504,1.1913854067373442,3.211476079343702,0.25767344565807304
5y,2017-06,2017-06-01,2022-05-31,1259,60,5.0,0.15519359935716492,0.544612573122378,102808.95719699217,-0.3085846238254337,0.7731525865724441,0.9057461508904576,2.0560100798531122,0.21736856207467847,0.07631047032840432,0.13303298262926533,0.43020396633386526,96349.62696716118,-0.3371737660413771,0.725146513001406,0.8189279568560404,1.8663690057818132,0.2000333572512758,0.037607188084830434,0.17507580922866528,0.6611409346795905,109079.1813469921,-0.28899230178964763,0.7860343801078586,0.9597164252889261,2.2389860587668333,0.24307415216901362,0.21662076633398453,0.08928021407597142,0.48386280163855344,81432.49060243135,-0.1903390694663979,0.8049822174350612,0.9235069969550579,1.5330301493569556,0.11440997505105283,0.8270020852046822,0.2513862795570696,1.0248870439419764,144545.05501382754,-0.2513851137048172,1.0026551464418432,1.1517316513001365,3.0659881439715155,0.2569590820834545
5y,2017-07,2017-07-03,2022-06-30,1258,60,4.99,0.1364709087457605,0.49434635547297107,92103.05039929826,-0.30858462382543356,0.6897757392383693,0.8082670659245776,1.8938722336565639,0.22115547918739448,0.09888171074828755,0.11236112201602366,0.37769566670744636,87193.73013726647,-0.33717376604137683,0.6255916180314076,0.709697083404016,1.7016176329406938,0.20356581944303617,0.07684083248196877,0.15844932000851797,0.541536401950966,96705.21343134316,-0.32822594618678574,0.719990716785176,0.8776579500979266,2.083906523678228,0.24687304125058263,0.30494707055168857,0.07544072954692416,0.3415279595949822,76319.00762794433,-0.2331925477423324,0.6791293747573257,0.7781615173909613,1.4377444997607414,0.11727040234661146,1.0526916645275723,0.2573310307568055,1.042449622151834,139802.4852966691,-0.251385113704817,1.0249377873368646,1.1636069062917274,3.1365981882058005,0.25568021789604745
5y,2017-08,2017-08-01,2022-07-29,1258,60,4.99,0.15324910246741652,0.5431098802897185,100899.04239245482,-0.3085846238254335,0.751880362477305,0.8891781904025157,2.037624590027749,0.22290162965938315,0.06759269824137148,0.12755940239556396,0.41880072841071786,94537.3319863168,-0.3371737660413768,0.6889524527872464,0.7887646218280229,1.820888482293485,0.204961341305682,0.07684083248196916,0.17679399125892026,0.5910017158748736,107004.0964472355,-0.328225946186786,0.7791366231589086,0.9582383263509068,2.253933489229063,0.24897058054410168,0.2067260219850673,0.08687755207848835,0.3873562764664762,80391.12785592649,-0.2331925477423331,0.7644072257959238,0.8844035071120036,1.5157094131750832,0.11816816213262281,0.7247418602340563,0.24438668950029174,1.0007323779953166,137339.0408265173,-0.25138511370481686,0.9858626451439759,1.1119477210127557,2.9786753494631193,0.2551767468516926
5y,2017-09,2017-09-01,2022-08-31,1258,60,5.0,0.1397322921124391,0.5059508471695294,95269.26466859372,-0.30858462382543356,0.6958520930950369,0.8285689860814268,1.9211596226638794,0.2243704565916211,0.07999008134794727,0.11753693117213704,0.39308665646288526,89438.68168410532,-0.3371737660413768,0.6426672464155213,0.7402587921544083,1.7415116733939051,0.206231932745037,0.07684083248196993,0.1596620189567568,0.5475459738745303,100876.09316880592,-0.328225946186787,0.7171180911593172,0.8878657188290393,2.0948194633952983,0.25061255262043947,0.25783849902212086,0.07406430661704655,0.3373470633324301,76560.5704962323,-0.23319254774233217,0.6563393550914658,0.7681714053128816,1.4285819201922634,0.11985693157302817,0.8277081817807272,0.23965210030470407,0.9840874247991724,135665.9562886515,-0.2513851137048171,0.9749565901814381,1.0910005056959131,2.9225276451760256,0.2537394297038216
5y,2017-10,2017-10-02,2022-09-30,1259,60,4.99,0.11400650330554307,0.4337242257919212,84059.80642336828,-0.30858462382543383,0.5901443492139163,0.7063441555798772,1.7149543666608553,0.22679303332863535,0.10318110621501497,0.09158484699021874,0.32477099042010316,80037.00908364133,-0.337173766041377,0.5252367072907793,0.6098585726841983,1.5493033849655948,0.2084855388454617,0.08706385780437909,0.1342354984384948,0.4673584779226406,87737.8716770851,-0.3384489715091959,0.624923235790975,0.7752588406137232,1.8762862700256486,0.2531142820746838,0.34443917015822534,0.053879312346877706,0.22645437636179883,69265.58531518713,-0.26497652011587824,0.49001918509057524,0.580123507752718,1.299762362851363,0.12245457818609591,1.0224758030016947,0.23741660465350978,0.9763545832698606,131152.32664338476,-0.2513851137048168,0.9693624059492003,1.0759698916068396,2.8987620730273433,0.25319839765312224
5y,2017-11,2017-11-01,2022-10-31,1258,60,5.0,0.11959450906065161,0.45226778982897775,87712.21603766507,-0.30858462382543345,0.6069412450234711,0.7372478148817992,1.7575772728924368,0.2299446395133984,0.09056265061324864,0.10372167013705069,0.3594590211668479,85076.99917248407,-0.3371737660413767,0.5729740457265697,0.6766715357320174,1.6366570737688162,0.21152817096747042,0.10320287114629184,0.1330284455097761,0.44537780869086785,89884.00576326087,-0.35458798485110876,0.616143976114504,0.7734025649585364,1.8654069210921753,0.2563128518710838,0.3101913167907533,0.055707605054419185,0.22396638367696883,70037.70133511072,-0.2769915590233554,0.4968065140334221,0.5965905656995512,1.3107847987807468,0.1248711440593815,0.8729245260727241,0.22359109612302475,0.931105662573551,127911.62250540631,-0.2513851137048169,0.9263352929052573,1.0210808758739993,2.7383314471648994,0.25267967727230983
5y,2017-12,2017-12-01,2022-11-30,1258,60,5.0,0.12618148773204219,0.47388819811666616,91683.99765907625,-0.30858462382543367,0.6263085203318327,0.7732326178087826,1.8098072769839606,0.23348654313957848,0.07306653493546222,0.10903926841225142,0.3754521535165858,88911.20571092793,-0.33717376604137644,0.590664616750847,0.7072315339532935,1.6764009454889814,0.21432232942257196,0.103821698344986,0.1408707542821248,0.46698599380886474,93973.41625292547,-0.3552068120498028,0.636807889013752,0.8134948256490138,1.9307586051683157,0.2604813932026738,0.25981008805063655,0.0636929509507631,0.25250837528580117,73614.18079259197,-0.27699155902335404,0.5470704849613287,0.6733431865137105,1.3610327587109237,0.1278495010415565,0.7014059480795922,0.21393728921758703,0.8989181627950367,126376.47008503426,-0.2513851137048168,0.8966179770643885,0.9800592843989054,2.632164553247908,0.25203001762848604
5y,2018-01,2018-01-02,2022-12-30,1259,60,4.99,0.10661477250810947,0.41805026217954666,82003.7301265609,-0.3085846238254336,0.5494574214475019,0.6836113212332552,1.6588523334800258,0.23478413041532653,0.08866660280303562,0.09321010344465619,0.3335064934397709,81646.09624676482,-0.33717376604137655,0.5219732495270543,0.6299392296965867,1.5608623251106053,0.21543180707867457,0.10478706877494637,0.11750799864338557,0.40867348029215506,81833.6560574084,-0.3561721824797633,0.5556908494583293,0.7151721322487001,1.7420544719462905,0.26194083551878367,0.3164993544155671,0.05071837696173653,0.20885299488799436,69544.40245619416,-0.2769915590233539,0.44750162210980066,0.5571632376807314,1.2804020984963715,0.12927442896850036,0.8090476262665716,0.2061746014464212,0.8729510050478905,116794.5234585454,-0.2513851137048169,0.8721902038738963,0.9527391475013478,2.551102098212862,0.25160439395903417
5y,2018-02,2018-02-01,2023-01-31,1258,60,5.0,0.10930297153701818,0.42666965123456624,89350.56688728466,-0.3085846238254333,0.5584204935111352,0.6985288502321628,1.678391767664563,0.23577876412825813,0.05660894940500505,0.09463761776528123,0.3378825906009868,87625.6805542998,-0.33717376604137667,0.5268842902758005,0.639121409496517,1.5705080775996683,0.2162242216277062,0.10478706877494653,0.12146212611524665,0.4194663408438196,90490.02209844915,-0.3561721824797634,0.5677852942768034,0.7352277457671298,1.7722620592501674,0.26313158090055755,0.21302954473303315,0.06067657509995117,0.24325935380459823,75070.4632357868,-0.2769915590233553,0.5182512446101443,0.6486746335107344,1.3418743413373553,0.13001567937967423,0.4939086015504852,0.1780710755202517,0.7779703997642696,119748.40119721384,-0.25138511370481686,0.7808148390098365,0.8468379838862807,2.2661706608006527,0.2504693400188556
5y,2018-03,2018-03-01,2023-02-28,1258,60,5.0,0.11165374399345507,0.43249900964430277,88839.7383840461,-0.3085846238254334,0.5692499589809866,0.7159503107271946,1.6962225692350537,0.23445332246465284,0.0599494828665772,0.09717838080280927,0.3436099855717124,85950.73228200391,-0.337173766041377,0.5402354524824765,0.6591630239801538,1.5887901803416797,0.21445514608909436,0.10478706877494709,0.12357760150453934,0.4241454637347063,91208.41507018442,-0.3561721824797637,0.57587087175428,0.749900542813678,1.7890140575209066,0.2623310587789927,0.23875733213616912,0.060191009656852534,0.24135835001919992,72312.08696096549,-0.276991559023354,0.5162770487343283,0.6479354430750104,1.3388105449387762,0.1294929259765044,0.5300365464850811,0.18352708437111653,0.7894469691043314,118463.2561196653,-0.2513851137048166,0.8146282038904491,0.8954482157345975,2.3190506040059877,0.2436144674889054
5y,2018-04,2018-04-02,2023-03-31,1260,60,4.99,0.1329184084792734,0.493399294018762,93616.17400034075,-0.3085846238254334,0.651351260061148,0.818621173315171,1.8663503302412894,0.2337531910604127,0.058103523637235144,0.11034740661417941,0.37882091829289577,88135.07333437969,-0.33717376604137683,0.5964256711334812,0.7270385994055866,1.6876967447352005,0.21415656947382214,0.1047870687749472,0.15313383234474887,0.4963397033820958,98769.47642372259,-0.3561721824797641,0.6764944745140798,0.8805389419103485,2.0389124205601616,0.26132127026158064,0.2504646600184842,0.06911802811501455,0.2716622720592746,74952.17411132672,-0.2769915590233554,0.5808490016908252,0.7296611782375367,1.3967808260056005,0.12954856778006232,0.5681191029571679,0.211237355981984,0.875695547792737,123074.71976956735,-0.2513851137048169,0.9269591345325641,1.013075780866309,2.6070315235173296,0.23748277205735407
5y,2018-05,2018-05-01,2023-04-28,1258,60,4.99,0.13435645882805036,0.4970420894041006,92459.98773960854,-0.3085846238254337,0.6578894875927461,0.8254404503404182,1.876347274373173,0.23313877038132377,0.06089386382955175,0.11291366295463523,0.3853953341347212,88198.79241064041,-0.33717376604137683,0.6079950725980546,0.7400725688712799,1.705841316114007,0.21372738379227865,0.10478706877494576,0.1533998092411344,0.4964281458263845,96245.22354432319,-0.3561721824797628,0.678575365176798,0.882138909119782,2.0389542089984842,0.260566335321203,0.26039156419316734,0.07248802918798081,0.2829312808574862,74766.40354295248,-0.27699155902335526,0.6059018110185215,0.7600575500519458,1.4181463682209605,0.12934369093475817,0.5970701850724995,0.21429367307068614,0.8852519239119776,120360.53822847057,-0.25138511370481703,0.9389669293699653,1.027933707922215,2.6360243940709838,0.23700425285408233
5y,2018-06,2018-06-01,2023-05-31,1258,60,5.0,0.13435530988016708,0.4973411194242703,95247.59205939094,-0.30858462382543345,0.6571469198444743,0.8272293327452254,1.8763377870602738,0.23354263349020993,0.05788041582886594,0.10859425508406995,0.3739921564811062,87933.9609397459,-0.33717376604137667,0.589411503662883,0.7195289812458598,1.6730456076596965,0.21394279393432772,0.1047870687749472,0.15787495690712916,0.507741226086686,102440.90946358818,-0.3561721824797643,0.6924444405019312,0.9039873088490669,2.078753786011522,0.26116651395043156,0.24672712251845075,0.06549963908845813,0.2594764430218842,73584.10322565574,-0.27699155902335443,0.5542684297867022,0.6994648453445347,1.372612209570148,0.1296714382778845,0.5731490331472511,0.2157553727359951,0.8915695534559346,126764.26637451623,-0.2513851137048171,0.939171563020382,1.0374455807148317,2.651902819158773,0.23864363274637296
5y,2018-07,2018-07-02,2023-06-30,1258,60,4.99,0.14613871403799172,0.5310047228701901,99165.93913297061,-0.3085846238254335,0.7010067716438084,0.8834086971893245,1.9756762314827285,0.23374937202416318,0.0686130625052459,0.12050446774024226,0.4058057868908021,91426.379367321,-0.337173766041377,0.6390534364966567,0.7806641649787597,1.7647199331183556,0.21410895808252497,0.10478706877494659,0.16947092027332022,0.535956285346181,106821.59621793724,-0.35617218247976334,0.7300861507048549,0.9547400773888643,2.1847791249072577,0.26146601970356576,0.28284433562017697,0.0717767484490679,0.2808332047252691,75481.4658604847,-0.27699155902335454,0.5984607925286116,0.757944511805579,1.4134574264281066,0.12998082443079717,0.7193399118110873,0.23808398277856613,0.964760874341547,136042.95832916818,-0.25138511370481675,1.012930486325032,1.1235144530504624,2.904119036718345,0.23943056840376867
5y,2018-08,2018-08-01,2023-07-31,1257,60,5.0,0.14696658992519018,0.5333530629152309,100237.40303560025,-0.30858462382543345,0.7040816115963733,0.8859607474071128,1.9817318974957576,0.2337577797447012,0.06774162798049765,0.11966996790454787,0.4036228708343762,92747.3314912098,-0.33717376604137683,0.6354871831966958,0.7755233067329027,1.7573802561808136,0.2141523023880341,0.10478706877494653,0.17203297444185028,0.5420919281448652,107566.64874472345,-0.35617218247976346,0.7384978963545614,0.9631955099888371,2.207386794384371,0.26144700764228135,0.2805140200323968,0.07007420679857046,0.2752758743251985,75101.29107642718,-0.27699155902335537,0.5848603375481753,0.7421489165991791,1.4019073543879468,0.13037145570599287,0.7140900839449213,0.23977460242234794,0.9700876804428037,138399.23671625063,-0.2513851137048169,1.0190119163869582,1.1269632980650262,2.921476878329292,0.23931575080732534
5y,2018-09,2018-09-04,2023-08-31,1257,60,4.99,0.13337787327967887,0.49518461966561494,98015.11261150734,-0.3085846238254334,0.6519409978890522,0.826546674896796,1.8673525991568105,0.23438679279019478,0.055742298132117396,0.10899016269762751,0.3754560688195197,90559.36389646778,-0.3371737660413771,0.5899597689468188,0.724104885040883,1.675342536588009,0.21458062629077268,0.10478706877494665,0.15543640463335429,0.5026186526245955,105354.56363208743,-0.3561721824797635,0.6826058708456256,0.8973423956083643,2.0558113408046803,0.2622579003584723,0.23256092531169004,0.059903273845156146,0.24117521869546546,73351.36372614575,-0.2769915590233548,0.5091989480445716,0.6517659902637649,1.3366890167199927,0.13119331860522232,0.5446509116545735,0.21117870276547168,0.8793073339885309,132065.380901735,-0.25138511370481686,0.9151667961573157,1.0224924973771077,2.6004622524592538,0.24153495850628412
5y,2018-10,2018-10-01,2023-09-29,1258,60,4.99,0.12097737725902702,0.45971451716292294,95547.63526170001,-0.3085846238254332,0.6045656345577416,0.7683492040651924,1.768441160566064,0.2346491815559229,0.04411296465137404,0.09608012275887745,0.3408948017300406,88018.34850930529,-0.3371737660413768,0.5349406236773246,0.6590782302622236,1.5808668807131092,0.21486643383542756,0.10478706877494559,0.14361726698970156,0.47387439803209835,103049.30535860767,-0.3561721824797627,0.6431010704822828,0.8466912631377782,1.9540738573315757,0.2624484491089431,0.18843141388269036,0.04773561510588986,0.19972335961972298,69996.78597552399,-0.27699155902335443,0.42005777395486915,0.5388192489826836,1.2621117404303055,0.131700180747977,0.40638293776659307,0.1877302316410756,0.8025394037534409,125437.43167388136,-0.2513851137048171,0.8315324843649732,0.9299340400782689,2.3604567950981687,0.2426200576147366
5y,2018-11,2018-11-01,2023-10-31,1257,60,5.0,0.13445412390793599,0.49697915295111184,92603.32067434657,-0.3085846238254336,0.6590214929355874,0.8376964115348348,1.8762144025009053,0.2327088366714177,0.05058455610077561,0.10712774545544579,0.3698453187550277,85009.28172877245,-0.33717376604137655,0.5837800096289248,0.7200033790601965,1.6613552559130607,0.21361152646640294,0.10478706877494681,0.1596721627372828,0.5110396597520315,100272.08219040852,-0.3561721824797637,0.7007599824985526,0.9232631784606903,2.0936798140422366,0.25974387164434415,0.2166273022574262,0.05149143361577302,0.21278742439795445,66801.81541567555,-0.2769915590233555,0.4465198544638942,0.5714293316112105,1.2846035040254666,0.1319993273206617,0.4969232495059779,0.2102567188380584,0.8743772535120302,120540.32135697316,-0.25138511370481686,0.9173872847559789,1.03524837603234,2.5906030635482145,0.23959938070593
5y,2018-12,2018-12-03,2023-11-30,1258,60,4.99,0.15447188473436246,0.552748445668332,105289.6681649958,-0.3085846238254336,0.7369595923000484,0.9297924264418038,2.048432691436683,0.23145050686470883,0.03493408168109968,0.12245274986842891,0.4101293660481786,95837.41594649055,-0.337173766041377,0.6498045406504717,0.7959410854956401,1.780090907885366,0.2128099363174656,0.1047870687749462,0.1846077637343364,0.5695404902942117,114981.54390499994,-0.3561721824797633,0.7862657997026119,1.0281781751325851,2.3296407151476317,0.2579973331097565,0.1630971297263204,0.0674883599349001,0.2675685988464291,74049.93657556231,-0.27699155902335476,0.5591590538828506,0.7163858782499319,1.385449295580715,0.13254590590192725,0.3637504556344364,0.2195418454154361,0.9047896706768559,125915.46991991953,-0.2513851137048171,0.9493629294289323,1.0736593314057261,2.693391170782068,0.23958240541250456
5y,2019-01,2019-01-02,2023-12-29,1259,60,4.99,0.18654692852785915,0.6390261175567105,105453.87160033007,-0.3085846238254335,0.8650591876852491,1.0832392506083681,2.3503352594491234,0.2279539214287999,0.017266022730689112,0.15257479295994902,0.48682676812175396,95920.68317714577,-0.3371737660413769,0.7824541691735363,0.9505431135662349,2.0328290928375563,0.20978252948762682,0.10478706877494759,0.2186849326745426,0.6464346872385143,115256.97640752538,-0.35617218247976434,0.906148169888488,1.1766696488482393,2.6860640823394406,0.2540887473322376,0.09926160195353895,0.08641616058989943,0.3306054832672069,76517.43964451816,-0.2769915590233551,0.6956951173860173,0.8864683469845234,1.512997616094184,0.13163083359839306,0.19558507162176353,0.2359509554052317,0.9579429213091002,129530.75328465304,-0.25138511370481675,1.005409771842027,1.1323472854805714,2.881649153961204,0.23951685863845937
5y,2019-02,2019-02-01,2024-01-31,1259,60,5.0,0.17126579601634173,0.5961834052951047,105017.07088662391,-0.30858462382543317,0.8109919408755751,1.0138263191008212,2.2029511276189666,0.2268493958834313,0.035634232669332855,0.13853744760897135,0.4499168928177591,95549.11756745035,-0.33717376604137633,0.7261976541619333,0.8818264389121133,1.9121105482468495,0.20889653428041893,0.10478706877494703,0.2021503786611154,0.6071386289781329,114767.35647992596,-0.3561721824797638,0.8554121430208377,1.1084667975659739,2.508861522910188,0.2527973121672712,0.15496559518068476,0.07581310898991789,0.29517692623871183,75747.2558560315,-0.2769915590233552,0.6212367316809563,0.7948710082415705,1.4406491253243021,0.13161088650593883,0.3942101363984536,0.23778461133044826,0.9642097073641881,129716.80145668844,-0.25138511370481675,1.0103777382015224,1.1447394061846263,2.9030716593086416,0.23989836449928748
5y,2019-03,2019-03-01,2024-02-29,1260,60,5.0,0.17593195582673316,0.6093262609568865,108346.88894810849,-0.30858462382543383,0.8276181919698657,1.0377794477672662,2.2485935582669745,0.22719258330559414,0.0419990698008319,0.14274742455350542,0.46102310366299815,99143.84515275453,-0.33717376604137705,0.7432354918601347,0.9041681803990356,1.948728137313065,0.20914622323147822,0.10478706877494626,0.20727791932085515,0.6193985516178689,117701.89348947375,-0.3561721824797632,0.8712075306675451,1.13328257635264,2.564698324473214,0.25322615586839653,0.17650039587945776,0.07719433949966392,0.3000716217902773,76013.04977028549,-0.27699155902335515,0.6289113575590127,0.8079201738920475,1.4503416299872394,0.13216060632289717,0.4782438755953766,0.24927698912168705,1.0013547783932093,131708.60681613296,-0.2513851137048169,1.0477079265470028,1.1907639915223989,3.0429422000685906,0.24026322455616697
5y,2019-04,2019-04-01,2024-03-29,1260,60,4.99,0.17405650867092093,0.6040967039303643,107560.29951648727,-0.3085846238254332,0.8207727487959837,1.0310610271138683,2.2307196992418237,0.22712127615103364,0.04606772268837833,0.14529573018954078,0.4675315180295906,99765.3334159892,-0.3371737660413768,0.7543153908177579,0.9178032344008672,1.970553398994584,0.20898335708910978,0.10478706877494709,0.20074150884006903,0.6041756099473562,115265.66462163565,-0.3561721824797637,0.84964329824872,1.1081202764404834,2.49601747068166,0.2532716329776764,0.19494114894649706,0.07459891664856788,0.29141653514451327,76821.78898674906,-0.2769915590233551,0.6102223431351262,0.786125712894679,1.4329531516894412,0.13227952287054925,0.5169888721638629,0.24680923152844736,0.9920220064392911,130442.94561648855,-0.2513851137048166,1.044584447195217,1.1833546067912182,3.013006342845523,0.23873566714115188
5y,2019-05,2019-05-01,2024-04-30,1261,60,5.0,0.15280661085760516,0.5453851236584146,105578.8539033185,-0.3085846238254336,0.7387175775627557,0.9361927877855027,2.0371703980350886,0.22782382379390756,0.041617415823978376,0.12674074546995273,0.4193771227844242,97769.89309748149,-0.3371737660413771,0.6749807468564312,0.828016042221796,1.8168775100692252,0.2094918477888049,0.10478706877494587,0.17672572141903475,0.5480269716979035,113360.09578563081,-0.356172182479763,0.7680529153281598,1.0102489367865315,2.257650391793005,0.2541386910614349,0.17986159783200728,0.06151052536256718,0.24745351197618035,73565.45559661355,-0.2769915590233545,0.515803308622118,0.6683241629379388,1.3481071062340042,0.1328850221050082,0.42885961292984875,0.21834313724301313,0.9000173410316558,133523.44997258816,-0.25138511370481714,0.9479145131601671,1.0799842126044163,2.686510004722854,0.23868287537583133
5y,2019-06,2019-06-03,2024-05-31,1261,60,4.99,0.18323554535818465,0.6292957240531147,107265.94148992123,-0.30858462382543334,0.8552681950860517,1.0769497632746976,2.3208442903614053,0.2270527366709174,0.053081347088653974,0.15298973748292188,0.4873430686973966,99202.48557086506,-0.337173766041377,0.7866118073877717,0.9586897161443264,2.038790248971556,0.20889503092070819,0.10478706877494609,0.21145140323863565,0.6290852620126673,115337.41040100329,-0.35617218247976334,0.8848425686134054,1.1569718641733167,2.611322831714656,0.2532232045391119,0.23155787383768756,0.07266476566335478,0.2852898705699147,74958.28728813345,-0.2769915590233553,0.5938446181302879,0.7685216495512184,1.4204991095955508,0.13306997084781952,0.6250227713241503,0.2645327503272896,1.044926561659813,134432.74288161992,-0.25138511370481725,1.116400442451093,1.2642251299261897,3.2363456030388065,0.2352910053845157
5y,2019-07,2019-07-01,2024-06-28,1260,60,4.99,0.17772985533554908,0.6139419708360652,110566.6230744929,-0.3085846238254335,0.8355579142607213,1.0506205718857338,2.2658357387055363,0.22673838508096147,0.05017671075520069,0.144888704006102,0.466277459108901,101079.90658177297,-0.33717376604137705,0.7534421690687515,0.9166355207263697,1.9670543161014549,0.2086643585429665,0.10478706877494626,0.20871944195007108,0.6224224918149763,120262.82912459261,-0.356172182479763,0.877031365588595,1.145522143080607,2.58004653040937,0.25277268981760054,0.22049849622327022,0.06885219783386076,0.2725242425213608,76381.77945220993,-0.27699155902335376,0.5664523803364503,0.7349523255880618,1.3950451802249144,0.13326259616530173,0.5818636692979648,0.2588961527052718,1.0271039664783714,134961.08177062942,-0.25138511370481675,1.0975298618118652,1.2426599477296536,3.161910199707335,0.23525432553933848
5y,2019-08,2019-08-01,2024-07-31,1260,60,5.0,0.1727044933932409,0.6007844543251211,110304.22295442312,-0.30858462382543367,0.8142139275263038,1.024826636169055,2.2179050312284176,0.2276954969332635,0.05578875831135721,0.1442088223859741,0.46484780207904436,102332.3672542625,-0.33717376604137733,0.7492099282891446,0.9125427760638539,1.961220663228057,0.20919968909242648,0.10478706877494653,0.19908752160613186,0.6009767638866219,118217.44530821839,-0.3561721824797635,0.842011750686983,1.099873214098933,2.478873800694845,0.25421403613249216,0.24366819450590993,0.07047621566707085,0.27830759779852554,76505.10681129397,-0.2769915590233554,0.5757860431433166,0.7489033669237941,1.4056756180874064,0.13388455020795056,0.6328751445061886,0.25487627991748907,1.0139146170528888,137549.1047926229,-0.251385113704817,1.085679945192893,1.2257352426513717,3.111748945201034,0.23476812151073798
5y,2019-09,2019-09-03,2024-08-30,1260,60,4.99,0.18096543618807903,0.6231964755740664,110617.07040451559,-0.3085846238254335,0.8463055440529302,1.066277685107717,2.2971319145450075,0.22723335719083007,0.06204776912819798,0.15339504626553335,0.48815101325602406,103176.4652136963,-0.33717376604137683,0.7893244869710919,0.9608383912402221,2.0412227926888473,0.20852224687471993,0.1047870687749462,0.20634136774799017,0.617751737096347,117946.11369102108,-0.35617218247976323,0.86627503599036,1.1335179272179132,2.5547658622850733,0.25399090968924015,0.2869298245100772,0.06859117871584752,0.27198811847004434,78089.73720518193,-0.2769915590233549,0.5623203670181912,0.7319379766287963,1.3933426264937994,0.13397774185264272,0.7281712936671667,0.26838913687618815,1.0513148664002265,137798.06142431652,-0.25138511370481703,1.1532048605004372,1.3083748740421974,3.28293715595224,0.22917429182088092
5y,2019-10,2019-10-01,2024-09-30,1260,60,5.0,0.1826046250048583,0.6280837708277216,110516.21528550208,-0.3085846238254336,0.8509856003973878,1.070752668970675,2.3131184127352724,0.22775590334457468,0.059728128751658005,0.1530386454295758,0.4874573506411299,103369.26337575034,-0.3371737660413768,0.7868531295563634,0.9573909116375451,2.038071036238488,0.20887993518293366,0.10478706877494631,0.2100473868291366,0.6268770234911,117466.26080328888,-0.35617218247976334,0.8766497234782158,1.1444271414931297,2.5942503892655577,0.25469255464698864,0.28394188282430677,0.07182934074915215,0.28297211443095227,78813.72438348978,-0.2769915590233549,0.5845126417011146,0.7614252395720257,1.4145822595355766,0.13409613675463333,0.7066676625666415,0.2697755155807946,1.0550869486440169,135516.08893539564,-0.25138511370481703,1.1605916063025226,1.3089899683897648,3.300918051832199,0.22853271651544954
5y,2019-11,2019-11-01,2024-10-31,1260,60,5.0,0.17290641525046668,0.6013530489537847,106970.89063321061,-0.3085846238254338,0.8149053332900781,1.0240457573898265,2.2198151362710816,0.22771762168799725,0.05625554351248252,0.14595146965862926,0.46905736023725325,100313.73125093292,-0.33717376604137667,0.7577560107337704,0.9219339316707589,1.9762010676156492,0.20871340431529356,0.10478706877494659,0.19763531075268115,0.5979769971700197,113402.62606122407,-0.35617218247976346,0.8359175646174906,1.0903322816598966,2.4638993371940208,0.25478920550281836,0.2762172213046403,0.06372598689177233,0.2555773596473943,75755.76822214531,-0.27699155902335404,0.5278403691559548,0.6893266024788868,1.3619113713493953,0.13411776634857553,0.635650855347976,0.25389085426516367,1.0033946100272668,129353.30455535577,-0.25138511370481686,1.1121347859221309,1.2481300469897125,3.099550192541997,0.2268056635989138
5y,2019-12,2019-12-02,2024-11-29,1260,60,4.99,0.17697854390229817,0.6129805054573195,110587.3238536484,-0.30858462382543317,0.8287378643473386,1.0446132742483607,2.2586177094212956,0.22824630902781107,0.05029759061764216,0.1510886490585095,0.48259673377027495,104382.91133518032,-0.3371737660413767,0.778016832373579,0.9488720247396181,2.020895499361248,0.20914580692061271,0.10478706877494531,0.2005702147609414,0.6053076848173009,116465.52586520708,-0.3561721824797626,0.8440620329881743,1.104235331018241,2.4942376078152844,0.2554240692593395,0.2575129596148802,0.06869264713096968,0.27256363392895944,78692.58681828235,-0.2769915590233546,0.5614971642509903,0.7351288881048634,1.3940042785971256,0.13445807156615613,0.5681282509893473,0.25086780537858355,0.9937621063620563,130715.64182876327,-0.2513851137048173,1.1015749926030545,1.2365496984276767,3.0623658588046316,0.2267816551581652
5y,2020-01,2020-01-02,2024-12-31,1260,60,5.0,0.16626621206927683,0.5838920050872982,107756.8463926929,-0.30858462382543383,0.7868277012714185,0.9951572161174356,2.157687120664449,0.22899561677021912,0.03629811706689701,0.13818746370828539,0.44949933445642143,100908.82171304902,-0.33717376604137683,0.7227336819897513,0.883861794340251,1.9101566701322885,0.20970294758438174,0.10478706877494703,0.19214755438467135,0.586235580228626,114329.24449936638,-0.3561721824797639,0.8143455608671012,1.069878214581955,2.4079643947119442,0.25640319796794,0.2074490679573021,0.058007976339522704,0.23659821399189365,74127.1275890197,-0.27699155902335476,0.4850519402165794,0.6366375756607406,1.3256983303907968,0.13511070201367248,0.3895979381678507,0.22844567145156836,0.9217385505824567,124097.03240330325,-0.25138511370481686,1.0217946288244033,1.1482095884834946,2.797562332879795,0.22676900407166248
5y,2020-02,2020-02-03,2025-01-31,1259,60,4.99,0.16856784498019928,0.590586549906891,112987.14955703181,-0.30858462382543356,0.7944384938083989,1.0067347420032833,2.1777157452754237,0.2294021875321317,0.038692192600124686,0.14445133153177392,0.4659238785263137,106487.95933050099,-0.33717376604137667,0.7483438233458822,0.9163841341738389,1.9622489925793676,0.20992664589510776,0.10478706877494637,0.19028040220478615,0.5822873263810228,119064.28470498469,-0.35617218247976334,0.8068743870923977,1.062174489383391,2.3875156098725996,0.25703449159514064,0.22150615917798067,0.0555564653742977,0.22844816235846183,75890.29322912592,-0.27699155902335515,0.4667332073156962,0.6146539935792161,1.3101293334071629,0.13557683845042937,0.4137588812546613,0.22897259480491083,0.9222411907473073,132085.73084450705,-0.251385113704817,1.0283805462703783,1.1546267835896156,2.801274491127261,0.2254396073905541
5y,2020-03,2020-03-02,2025-02-28,1259,60,4.99,0.18088181874962994,0.6427137244481478,115130.37505359124,-0.29928097857308855,0.8445060800352505,1.079349948155263,2.2948042582183286,0.22776862943031395,0.0468747161196259,0.1605293761312554,0.602713624961951,110667.72266019571,-0.28319175438861216,0.8198594696801574,1.0119848005480607,2.103895276167673,0.20818632358235953,0.15367499281559374,0.19866734242884032,0.6008904301661943,118895.35485048038,-0.3561721824797631,0.8376111439859109,1.1112217782828229,2.4727548911525123,0.2555129041443329,0.26786795783377615,0.06318206554035788,0.2543252705909111,77764.12599299788,-0.2769915590233547,0.5204818884184489,0.6906902607394456,1.3581027364095823,0.1353475591899501,0.5223606384555284,0.24554205854846622,1.2059267555368323,130055.4353545397,-0.20249718966416938,1.105479101819687,1.266224154415417,2.9951155296080407,0.22089678451186942
5y,2020-04,2020-04-01,2025-03-31,1258,60,5.0,0.18908715185576286,0.6450907360991347,100357.02067125893,-0.2992809785730886,0.9699518915987806,1.3551924451647124,2.3739496237620776,0.1990442912070154,0.03967565624020808,0.1777760016974157,0.730577515998061,97948.16735808218,-0.2449633883725611,1.023746502076385,1.421487117010549,2.2633385204120806,0.17481353384330375,0.15367499281559424,0.19770426439780464,0.5816345013424591,102101.04888882037,-0.35617218247976284,0.8968834817597218,1.269580912652403,2.4610824137678042,0.23097986969523834,0.19437861192269223,0.06245857844001845,0.24568903183754695,72245.93452478577,-0.27699155902335565,0.5569323713927887,0.8183814266857411,1.3531664193899302,0.12219398882027738,0.4348016450259946,0.23737992063801272,1.1691421394994825,119937.84076850813,-0.2024971896641686,1.091262093682414,1.241754919323111,2.895884058793799,0.2169487962032139
5y,2020-05,2020-05-01,2025-04-30,1258,60,5.0,0.15954994536363154,0.5645048434973967,97488.82133192985,-0.2992809785730889,0.8263143875224492,1.1353635703725222,2.0938090134929177,0.20445675946379352,0.0691972765876947,0.14790280083985508,0.6289967938846541,94503.91150388142,-0.2449633883725616,0.8578499385705775,1.1618650844091922,1.9909031801531445,0.17961321552602286,0.15367499281559371,0.16867300414261321,0.5160704487282067,99871.76288091324,-0.35617218247976296,0.7777084235695365,1.0895026212205523,2.177347838439137,0.23634813828193182,0.31524659533472044,0.04418251265471351,0.18500608743846067,70813.77411964172,-0.27699155902335537,0.4046410937359054,0.5798774848592414,1.2408893550300935,0.12664340172487834,0.72426968123415,0.23787028073030791,1.1711363653462634,118040.10091201523,-0.20249718966416924,1.092955018904257,1.2452238440888121,2.901617519673287,0.21698223494493385
5y,2020-06,2020-06-01,2025-05-30,1259,60,4.99,0.16384354569168358,0.5766127745559839,102495.00636369095,-0.29928097857308844,0.8454674042157484,1.1650709707123,2.134084079015875,0.20411104504606292,0.05689331674942144,0.15109103908690824,0.6396724155071882,98990.00283788763,-0.2449633883725612,0.8767194033252953,1.1885561094971837,2.019788367548767,0.17873030043223712,0.15367499281559477,0.1741294599485208,0.5290759856388326,105408.24197715777,-0.356172182479764,0.7976391045692793,1.1202046812546265,2.229991842554168,0.2362498872273483,0.27088691262810494,0.044284111173803486,0.18533957698462214,71900.88273212734,-0.27699155902335393,0.4054919027599865,0.5794457607485031,1.2417056977951604,0.1266054834344903,0.5947075946029461,0.23102277669794224,1.1434008882624973,113272.96607818658,-0.20249718966416924,1.0685260171973843,1.216720435005812,2.824699437157114,0.2166867842300745
5y,2020-07,2020-07-01,2025-06-30,1257,60,5.0,0.16753450820131754,0.5856220421700948,104533.1029232034,-0.29928097857308805,0.8683488109150294,1.2122205704669313,2.1654481938533094,0.2018377127389036,0.06299476943401539,0.1581961718998126,0.6623833658533926,100583.82337517237,-0.24496338837256157,0.9248208538422243,1.2776031248085187,2.0804214111846733,0.1754498430987488,0.1536749928155941,0.17438927896681555,0.5285965925171613,107948.54539644753,-0.35617218247976284,0.8024515406770485,1.1345508014559684,2.229612001142607,0.23462027607218988,0.3205607087215814,0.04938862441220171,0.20261300825373119,73109.31738348375,-0.276991559023355,0.44582941933133574,0.6405380633971556,1.2718401121834702,0.1258824353017932,0.6638735705320351,0.23738404840083094,1.16079531719136,115741.39491341694,-0.20249718966416874,1.1230122493986299,1.3263501234480337,2.893485571674642,0.2093100851147889
5y,2020-08,2020-08-03,2025-07-31,1257,60,4.99,0.15800407768891178,0.5575324602668693,102661.95378813073,-0.2992809785730877,0.8308988814540441,1.1530009849229736,2.078700832370403,0.2008172883840361,0.052522665586232975,0.15022401146159403,0.6337022792032608,99439.58264604936,-0.24496338837256204,0.8880964804286465,1.2196599592617359,2.0099652402701436,0.17479391142066156,0.15367499281559518,0.1633886537180398,0.5011167964161666,105368.55490925057,-0.35617218247976384,0.7659140063710939,1.0754470279123067,2.1273633898662148,0.2330338152483611,0.2869872550129653,0.04008901540827714,0.17047104464827792,73019.1734653914,-0.2769915590233546,0.37510282706840553,0.5400145096529736,1.2166042472605345,0.125882923342658,0.5241801959530874,0.21591131930427276,1.070845869901622,110821.77038731783,-0.20249718966416866,1.0529012613840592,1.2332888115163128,2.651543585819302,0.2059483516369956
5y,2020-09,2020-09-01,2025-08-29,1257,60,4.99,0.14166570674043033,0.5100688416969905,105545.92268227428,-0.2992809785730876,0.759917994392033,1.0579684093941135,1.9364656255516668,0.2008820730779593,0.04398838604081723,0.13940118089969156,0.5952763579797415,102404.16611066797,-0.2449633883725616,0.8329778877339707,1.148766017943304,1.917381814463538,0.17505976547046884,0.15367499281559371,0.14158591511866514,0.4477803105965459,108149.32880677898,-0.35617218247976307,0.6852453853798713,0.9630486682956958,1.9357906277788584,0.2327442021491689,0.24593953501499966,0.03819419315157346,0.16390753921961265,74166.14049339676,-0.2769915590233553,0.3605255999488091,0.5201139848697203,1.2055887437081803,0.1259300444422497,0.40177482295494493,0.18557430115948237,0.9456775470841323,118078.3590072627,-0.20249718966416935,0.931184920394871,1.0940816263042186,2.3375654507338033,0.20564878298484177
5y,2020-10,2020-10-01,2025-09-30,1257,60,5.0,0.16236713720064389,0.5678735866583403,110520.9629318406,-0.29928097857308805,0.8605188741254238,1.201538617771393,2.1180622411175185,0.19750149337938405,0.0633921787825722,0.15559490785761865,0.6510854026088609,106123.29219664812,-0.2449633883725619,0.924619860972002,1.2762304619937066,2.057218453389721,0.1724947657681882,0.15367499281559466,0.16687219341352044,0.5065399488605632,114444.29744157684,-0.3561721824797635,0.7895657625677535,1.1150845185123905,2.1593277066053753,0.22849957236256552,0.37433319266572296,0.04889726239485914,0.20044889114886202,77157.56542347312,-0.2769915590233552,0.4447398417016559,0.6393379920961209,1.2688723643939064,0.12484298832186096,0.65206054839879,0.23026437219609264,1.117119047685537,130634.18041123248,-0.20249718966416885,1.1638989552334764,1.425808331873265,2.8113882550041653,0.19435833897733484
5y,2020-11,2020-11-02,2025-10-31,1258,60,4.99,0.17701022967877567,0.6088648198096368,108870.20439427282,-0.299280978573088,0.9288029962442148,1.2931978062709035,2.25600178622919,0.19618978387042427,0.07390977020822609,0.1668144093047772,0.6897318154913293,103390.61397138449,-0.24496338837256068,0.9861473041811231,1.3576896809268122,2.160116420666255,0.17133245902995606,0.1536749928155947,0.185011634121113,0.5488476787563354,114035.60295896241,-0.3561721824797635,0.8615795389568955,1.2138300128298602,2.333608353008307,0.22689057336281068,0.447458869702431,0.05874145254601304,0.23392565422823725,76523.27932562126,-0.27699155902335626,0.5213749932204583,0.7482929518331376,1.3296974644376458,0.12427798130479166,0.8228455252173053,0.2589214043293391,1.2264741828394838,126229.73561958158,-0.2024971896641688,1.3090384086593265,1.6273465379930319,3.156453878225612,0.1897252010160748
5y,2020-12,2020-12-01,2025-11-28,1257,60,4.99,0.15103405061843422,0.5341511525873243,105704.09604274982,-0.29928097857308833,0.815526053564077,1.1317059346845715,2.017035848028979,0.19602228396461266,0.05556455441825814,0.1434954777093702,0.6070292382699797,101461.40305278996,-0.24496338837256088,0.8697194941987032,1.1930211200523702,1.9519962981793646,0.17097459587798503,0.15367499281559432,0.1565069981821403,0.4801683811071997,109557.76410789642,-0.3561721824797633,0.75528772380708,1.0613350101523051,2.0653305086082288,0.22643373494100333,0.3583015679128664,0.044527934791432466,0.1850024964751466,76001.82355027202,-0.2769915590233555,0.41322830758000395,0.5921619923896622,1.2427250633026155,0.12400924375671542,0.544707958746113,0.21207155260039845,1.0382865546687734,119689.19993150259,-0.20249718966416896,1.1135892917199464,1.3500757480494863,2.6100384673543418,0.18880399708386778
5y,2021-01,2021-01-04,2025-12-31,1257,60,4.99,0.14039547797387053,0.5031573208934222,104675.37547682475,-0.29928097857308816,0.767903829301353,1.0683462820387895,1.9257424357899402,0.19609931560075816,0.04787707594798429,0.13469629607052847,0.5754552754560583,101034.4774210971,-0.2449633883725619,0.8246427552942844,1.1322751504145938,1.8782130644768091,0.17094126302276996,0.15367499281559568,0.14404090819827364,0.44979749821678844,107907.0144977303,-0.35617218247976434,0.707138522355222,0.9967346452949819,1.9566450007126683,0.22655441833408466,0.3169560893619148,0.03790977869518963,0.162129416531772,75255.10125967543,-0.2769915590233548,0.36163053996078187,0.5192144360366227,1.203942213320483,0.12418331663457584,0.44397913567587,0.19191798414625794,0.9555598652499611,118348.11278513733,-0.20249718966416866,1.0240946117171368,1.2444303648603747,2.4006241363885383,0.18894561601544152
5y,2021-02,2021-02-01,2026-01-30,1258,60,4.99,0.14420631334835488,0.5137136365887794,104886.07543617397,-0.29928097857308816,0.7876761481758727,1.0923880436212963,1.9591034908943639,0.19518773066910425,0.05666093745575118,0.14024947126642862,0.5948471836055704,100781.72390827147,-0.24496338837256246,0.8563604572542595,1.17313001635007,1.9255154942542192,0.17015706461634564,0.15367499281559502,0.14612532848017912,0.4542007097327274,108607.54552400782,-0.35617218247976346,0.7176108921278835,1.0072969028857341,1.975561049369217,0.2254336714283509,0.3682763616082093,0.04397586161916767,0.18306212795313836,75932.97131377133,-0.27699155902335565,0.409127559847016,0.5842930425056866,1.2396638847852128,0.12393851990521837,0.5380951979793309,0.2027862659359303,0.9977247598716714,120411.90964700781,-0.20249718966416844,1.0858872537360929,1.3233816579695319,2.513656247348548,0.18605657192977093
5y,2021-03,2021-03-01,2026-02-27,1258,60,4.99,0.13755166306922284,0.49409087147264374,101393.99066550362,-0.29928097857308894,0.7582933590122893,1.0579013725877324,1.9028801387441365,0.1950063227653384,0.05270743010744372,0.13203229353571566,0.5652263466965435,97616.96395534035,-0.24496338837256124,0.8142529697099464,1.1207504975636298,1.8572340184172005,0.17004514104941065,0.15367499281559532,0.1410756894724441,0.44159607540780643,104810.57350650177,-0.3561721824797642,0.6986462589209876,0.9867721763396111,1.932490589213404,0.2251271454532826,0.351615471168804,0.047972895764288204,0.19662401823432551,76522.73841143138,-0.2769915590233543,0.441309552857957,0.6311718618955154,1.26353926916145,0.12341267710942161,0.48863126826919445,0.1937831195798878,0.9596032922807667,114789.20386631489,-0.20249718966416885,1.0502617300897916,1.2970440435813748,2.4211218574825986,0.18501766208574147
5y,2021-04,2021-04-01,2026-03-31,1257,60,5.0,0.11901743883117777,0.4389604535121751,93778.14624149578,-0.29928097857308905,0.6748259587374593,0.9424215932143699,1.752277490563907,0.1946761418718943,0.036657631564444015,0.11017014670105163,0.48586428480280003,90287.59523337416,-0.24496338837256118,0.6982569537696621,0.9619274498751346,1.6842531626686983,0.1704515233997461,0.1536749928155932,0.12607675116280936,0.40352973572741796,96948.82876470091,-0.356172182479763,0.6424872516659578,0.9090863550894863,1.808115029699922,0.22370259689486038,0.28997443994755967,0.03626961647573901,0.15629423039095713,71579.86489069895,-0.2769915590233555,0.34939307902479555,0.501288558533202,1.1944820404913243,0.12390681195855738,0.3132873174745381,0.16273438272725338,0.8239607326186845,100717.17230503607,-0.20249718966416982,0.9324616916135174,1.1472654933412192,2.12140234717446,0.17893467822812092
5y,2021-05,2021-05-03,2026-04-30,1257,60,4.99,0.13454509389531943,0.48545315085711976,105551.26882426495,-0.2992809785730882,0.7437900579420248,1.040460914947826,1.8769649839769473,0.19533320254629205,-0.00603338790330743,0.1209800320946317,0.5269287887765715,98993.04384099448,-0.24496338837256165,0.7478607985061109,1.0311748986892264,1.7676608047178184,0.1725966406951655,0.1536749928155954,0.14616977100672113,0.45341981910457685,111924.37418921085,-0.3561721824797639,0.7208424468018287,1.0186834638071536,1.9748740649450711,0.22403720433857113,0.11176884919703889,0.039722180031920296,0.16876003416228047,75542.52245239222,-0.27699155902335426,0.37417983294576646,0.5373305650802621,1.2144654021757029,0.124926842249726,-0.05131305026785915,0.1401363831034137,0.7246343890760836,100523.98068242974,-0.2024971896641685,0.8326112959988676,1.0075854024298727,1.923561014677212,0.17623641190921113
5y,2021-06,2021-06-01,2026-05-29,1257,60,4.99,0.15252854992217846,0.5377971863083917,111444.65644321957,-0.2992809785730885,0.825486366131948,1.1532747170198696,2.030133103975455,0.19497895397887402,0.0014552460941177348,0.13108043497210597,0.5632836936476563,102757.12247851587,-0.24496338837256185,0.8013064859317344,1.1022194119794253,1.8485475383733367,0.1721986338978632,0.15367499281559568,0.1722394336151596,0.5163824218191599,120214.31404308089,-0.3561721824797638,0.8221984561577625,1.1614617564741077,2.209327055057923,0.22369423439810693,0.18142363342546297,0.045429511297762515,0.1884500640295913,76958.28380182062,-0.2769915590233549,0.418404652352022,0.6010216460074206,1.2480847549563177,0.12475740109526841,0.013714814555698673,0.17369467970927732,0.8667653782474999,111066.14589271294,-0.2024971896641681,1.0036220895832255,1.2270797701885585,2.223041869613622,0.17488410729003145
5y,2021-07,2021-07-01,2026-06-30,1256,60,5.0,0.14172079852143926,0.5084164466839838,109009.96483311123,-0.29928097857308905,0.7676792814626695,1.0744593331288026,1.9359133447776948,0.1982069535552974,-0.006111235753562871,0.12325346973559292,0.5388139831477974,99995.616657323,-0.24496338837256157,0.7427540831847267,1.026344640982501,1.7847919957419431,0.17770309447302526,0.15367499281559352,0.15787364112714508,0.48383633769001905,117946.89949560243,-0.3561721824797637,0.7591973778524406,1.0741204487774552,2.0763250432018094,0.22698846095272515,0.10270236532193511,0.03830617195501085,0.1649902030146259,75737.0677346479,-0.27699155902335565,0.3584992959870318,0.5199179611078013,1.2060575840589545,0.127478335573229,-0.05404880495852682,0.1517624053735822,0.7813213868158767,106084.67634659667,-0.20249718966417016,0.8618997431743757,1.0269094107562593,2.0222762382432826,0.1835658802635443
10y,2000-01,2000-01-03,2009-12-31,2515,120,9.99,-0.03225902469807018,0.0059071145763716,111314.05245739543,-0.688650555769097,0.014956060916947069,0.021188426212058704,0.7208980599638743,0.27199258939902815,0.12299506876651378,-0.010097829191209384,0.027114762850212106,109590.96135886638,-0.5518943319267764,0.06669144100565408,0.08971671114168561,0.9036707416025088,0.22438387449601066,0.4223135670299095,-0.06429815831760788,-0.008230818712837385,111986.58686984204,-0.8296390304284453,-0.019730033120851413,-0.027791865877606813,0.5151663784183789,0.3461022297693962,0.4107516766939756,0.025074988885333882,0.1102882482734068,129525.89518441191,-0.2992276996205309,0.25683506906504155,0.36436693153942495,1.2803920418130406,0.1284921835096911,1.2517864523804516,0.058696910448905903,0.1865813110460879,198692.48548072806,-0.4073254633985358,0.3910216435731242,0.40697530782591235,1.7669528307988305,0.19436090107155826
10y,2000-02,2000-02-01,2010-01-29,2514,120,9.99,-0.03413796826354032,0.0017102524476430932,104743.04537044674,-0.6886505557690973,0.0043875101361861716,0.006208550721234573,0.7071476562054716,0.26843614305553365,0.12244700174147194,-0.0087067033398468,0.029056239031399863,105964.21067366579,-0.5518943319267756,0.0719491047506431,0.09654806520853931,0.9164570542994868,0.22287940460295713,0.4223135670299097,-0.06883703630508886,-0.01648963046534162,103449.75384221868,-0.8296390304284456,-0.04021258118129982,-0.056595325225412614,0.4909015717554861,0.34020300685774524,0.40941923311910805,0.026816044189149624,0.11553964147525558,128083.7469497383,-0.29922769962053036,0.27115292002636626,0.3838158266684189,1.3021254444503358,0.12750244817669595,1.1927751212193036,0.05360996543638308,0.1732930604968261,177537.35212553502,-0.40732546339853587,0.3692066519378082,0.3816447444307503,1.6836766929747897,0.19118473570327307
10y,2000-03,2000-03-01,2010-02-26,2513,120,9.99,-0.038270871874157675,-0.004799515756473149,108180.2142098827,-0.688650555769097,-0.012346504240292681,-0.017425224095672712,0.6776390964115059,0.2677024304848431,0.13748526109683024,-0.004120819857844182,0.03733584367734025,107517.4416040321,-0.5518943319267762,0.09253741782019771,0.12390539118940005,0.9596576865493092,0.2226714445746161,0.42231356702990946,-0.08084463134748998,-0.03280440997985461,108382.98142599135,-0.8296390304284454,-0.08039363808371247,-0.11266848653451163,0.43142594210396934,0.33853199753349195,0.464088225509887,0.029377132481775536,0.12376701962510504,128548.90164088515,-0.29922769962053075,0.29098920628966396,0.41144440466761906,1.3347375235275871,0.1272711144290466,1.3008154561128058,0.056640629749340254,0.18062049897667984,188512.35082146534,-0.407325463398536,0.3836945874261745,0.3947732481183068,1.7322413982167753,0.19174450423830006
10y,2000-04,2000-04-03,2010-03-31,2513,120,9.99,-0.03766210858159802,-0.004658489713295592,117167.49138393467,-0.671139859411577,-0.01175481615835596,-0.016445656580689055,0.6819287246935813,0.2659759275800326,0.14164309671274788,-0.007451128037816002,0.030769078854029727,114822.78265333635,-0.5518943319267758,0.07669402109114747,0.10191611692037557,0.9281308881453264,0.2214159588524576,0.4341401137039939,-0.07633140548371908,-0.028618437870081122,118604.1236925088,-0.8118638964896147,-0.0691915994612592,-0.09629658368266865,0.4530223817563715,0.3357962044750681,0.49599873340278267,0.026186141637539295,0.11307504352451185,132419.5081689142,-0.2992276996205311,0.26742801585441617,0.37532581748156196,1.2940457058604666,0.1265207201654986,1.4263104049902593,0.0653116912290288,0.21622423948607425,220181.9241627911,-0.37772378278562074,0.4268071339415235,0.43660063492150775,1.8793327867466307,0.191358183061237
10y,2000-05,2000-05-01,2010-04-30,2515,120,10.0,-0.02737083176528643,0.00965272740679529,120724.81546865347,-0.668911911120714,0.024646464204400576,0.03441463068322618,0.7580747584065582,0.261977713462602,0.149376327844417,-0.0023497388764471827,0.039408469731822875,116943.02089747167,-0.5518943319267754,0.09895041929516299,0.1313941780023734,0.9767951105414785,0.21980009008374266,0.5203647684083015,-0.060699251692016065,-0.010982376095978968,123161.22706676445,-0.80453103438358,-0.026890149376830704,-0.037371041030483235,0.5352864785525097,0.32858361166637895,0.5800050850306443,0.030448783240170973,0.1264538822192841,135432.72247447452,-0.29922769962053075,0.3017578335850635,0.4238121099035043,1.34898042306576,0.12539361061490223,1.799561762909188,0.08867707615240095,0.35923776732841317,236547.30706135446,-0.28416626597527844,0.5531149356538136,0.5709579259106078,2.334848241461698,0.18456065522501716
10y,2000-06,2000-06-01,2010-05-28,2513,120,9.99,-0.028285581313784336,0.0075177094072272806,110588.38273306968,-0.6689119111207139,0.019333340218634955,0.027023183870795733,0.7511602863333419,0.2601043228935441,0.14619399330118166,-0.009026143768159467,0.027517072045920233,107341.60607045832,-0.5518943319267752,0.06887592358737146,0.09140675569808326,0.9135479652982231,0.22049092487448785,0.5851100994577877,-0.05563691286911665,-0.006375323188889553,113051.5543043876,-0.8045310343835802,-0.015856728634576427,-0.022161637406614455,0.5650418503287059,0.3234680669569237,0.5787132210188998,0.028363676747765076,0.11960085195161277,131179.3811578281,-0.2992276996205304,0.2858565394041266,0.4012288998625195,1.3216908225010175,0.12519527409356193,1.808725918006596,0.090557080432065,0.4727457336248353,200943.75758206745,-0.21942093492579254,0.5628564923843233,0.593752118754615,2.373767768335302,0.18429264343159263
10y,2000-07,2000-07-03,2010-06-30,2513,120,9.99,-0.040555828679704864,-0.011665614965485707,105076.34096715231,-0.6689119111207125,-0.030058376885232014,-0.041879782404354846,0.6617539478560202,0.2596037979946699,0.15914788517384737,-0.016216249303676267,0.014634500993190906,102177.55597709023,-0.5518943319267762,0.03650241889873183,0.04840454897185213,0.849559267590158,0.22126473785548056,0.5851100994577874,-0.07239635990384963,-0.029437317814330746,107108.97745257654,-0.80453103438358,-0.073687335459555,-0.10254009249757413,0.47264061748561187,0.3214017117451722,0.6181668736434148,0.026124970195880115,0.11237566334755947,130154.4184567253,-0.29922769962053064,0.2682882374000424,0.3764138895762469,1.2932766675087746,0.12533501864519717,1.8198045978037103,0.08675152526999774,0.4565538344362442,197905.60811070446,-0.2194209349257926,0.5444795381838599,0.5730248745903299,2.292445215289322,0.18398757376650635
10y,2000-08,2000-08-01,2010-07-30,2514,120,9.99,-0.031152450274874566,0.002647060983070268,111266.56875195378,-0.6689119111207137,0.0068384349002617705,0.009517137933970118,0.7292588424076086,0.2589262962744339,0.15119925290911485,-0.008100555879712146,0.029581645065686214,108023.2966145676,-0.5518943319267762,0.07373256116399313,0.09773188191442758,0.9220629514520531,0.2214210653080445,0.5851100994577876,-0.061724314156813564,-0.015890799052320055,113878.714030129,-0.8045310343835801,-0.03998383377276591,-0.05560345102349672,0.5296188349773067,0.3197452518285688,0.601658521018659,0.030653889780947186,0.12707571375683252,133655.18728603164,-0.29922769962053103,0.30349399564868307,0.4254072735365099,1.3515006410403456,0.12528937656186892,1.8215635595803104,0.08947493875230128,0.46649367449507817,194888.58644691916,-0.21942093492579245,0.5616746872458931,0.5884565078618348,2.351182394557617,0.1822380116443939
10y,2000-09,2000-09-01,2010-08-31,2513,120,10.0,-0.04518485562104635,-0.019159302509875843,107485.94305433426,-0.6689119111207141,-0.04949560634210552,-0.06896727366227438,0.6305953803602145,0.25892976376609356,0.16415244684882113,-0.01891783824747917,0.009878575507206857,104293.32061371427,-0.5518943319267755,0.024576745153200404,0.0326635820847891,0.826578680600302,0.2218328666368655,0.5851100994577875,-0.07856971487718267,-0.03863580125158987,109774.44055866153,-0.80453103438358,-0.09739373968527112,-0.13540521114113518,0.44219311530826266,0.3191550221362001,0.639229278064039,0.027112251093052375,0.11558832118126919,135111.6779545231,-0.2992276996205291,0.275965067484583,0.38719057138952484,1.3057389948612743,0.12533190437953637,1.8257837925848315,0.08558273197163846,0.4502576500645757,197797.12062787398,-0.21942093492579248,0.5418355383787679,0.5695656643431698,2.267976907893094,0.1823356858988393
10y,2000-10,2000-10-02,2010-09-30,2514,120,9.99,-0.025889062814787533,0.010964973409040275,120210.48939340783,-0.6301883953720475,0.02679805360220475,0.03722786037881109,0.769760149366015,0.25785451064892845,0.1535475557687599,-0.004826433127951946,0.03571137675545651,113760.33449937479,-0.551894331926776,0.08885106259841266,0.11786527990793809,0.9528803001626042,0.22181959157560116,0.5493397559580101,-0.05428355988618472,-0.007660262147362647,125571.67297754061,-0.7687606908838027,-0.01859962589822588,-0.025805391224001283,0.5730420717256632,0.31661434767455526,0.636006691328899,0.034742625765120216,0.1402704532771323,140660.45564156497,-0.29922769962053,0.3352534595767404,0.46910174314257364,1.4059512082101087,0.12519723170593453,1.9975988616823934,0.09926399588257517,0.5049659221251672,197326.73119107028,-0.2194209349257926,0.6174070654306731,0.6463140861481301,2.5706409334080567,0.1794603608254473
10y,2000-11,2000-11-01,2010-10-29,2513,120,9.99,-0.016938942030403026,0.024623415094863578,129649.06336525235,-0.6213936971731138,0.06003380428032315,0.08279169932927306,0.8433561662230216,0.2548703205843742,0.1494761493776131,-0.0006101924457687646,0.04290903888694952,119794.35877053508,-0.5518943319267756,0.1073209018515952,0.14170357460052566,0.993931655306992,0.22065837075129877,0.5390741333171845,-0.04053197661131658,0.009123875454521943,137897.99792301957,-0.7584950682429772,0.022227406146456262,0.030627888988228893,0.6619180231765625,0.3113460243592739,0.6409357335034784,0.03523138002995507,0.14156533540142266,142346.47444212253,-0.29922769962052975,0.34020173204282467,0.4750711232533907,1.4123963047823027,0.12451514989007796,2.1425425594078993,0.10894417276629653,0.5458791872102897,214808.07856832584,-0.21942093492579273,0.6631631396499347,0.6991344986452023,2.8044605825844617,0.18061516760029928
10y,2000-12,2000-12-01,2010-11-30,2513,120,10.0,-0.0004090187148971802,0.05281887799580139,130363.42252705705,-0.5950055473070623,0.1243493651286305,0.17218276269988664,0.9959286506037592,0.2527357126232791,0.12328914620324793,0.007195643191778123,0.05681340192897252,119860.97973922252,-0.5518943319267757,0.14240908924818743,0.18780635263676487,1.0741177398212642,0.22017551455183373,0.5108647531690227,-0.01533756604684311,0.04313388148160739,139181.46603859286,-0.7302856880948154,0.10257052987510795,0.14275466558485292,0.857156565041982,0.3071063038901233,0.5509123998707189,0.03917613499189243,0.1542006547391467,141170.73616452795,-0.2992276996205307,0.3711147242936064,0.5182697680356527,1.4669930515246448,0.12433111428117345,1.9223718857698198,0.10795158015640482,0.543289610463755,212483.79450388972,-0.2194209349257927,0.6534829297458269,0.6945066601066988,2.7795284508118017,0.18242116027390862
10y,2001-01,2001-01-02,2010-12-31,2515,120,9.99,0.009047874335692763,0.06940758202064397,136125.7291031221,-0.5740670358073574,0.16020684448321817,0.220466424639985,1.0940573900313482,0.24870725718164233,0.12201785587997127,0.014274199354395112,0.06894423325795222,126737.82577749359,-0.551894331926776,0.1739343393622519,0.22791396545135897,1.1519447555441782,0.21876031894343193,0.48455885647469654,-0.0031674212474973595,0.05914839985584839,143949.51355844887,-0.7039797914004892,0.138821526045575,0.19255601156870022,0.9688344421346826,0.2999482816412977,0.5666033252886119,0.041736490368174284,0.16210089919148826,143412.9385771057,-0.29922769962053086,0.39261640750467874,0.5463674181228305,1.50392587659305,0.1235431791548614,2.0984400998974975,0.11885043463247391,0.5884166444633958,233834.0726280636,-0.2194209349257926,0.7054248513341869,0.7540826764848777,3.0672745420321803,0.18302577519046206
10y,2001-02,2001-02-01,2011-01-31,2514,120,10.0,0.004219813878773904,0.059894347831285284,144483.0778269339,-0.5688799094951226,0.13928300715621655,0.19052489989292576,1.0429039628304806,0.2446292040156473,0.13277396378232242,0.012201286753219964,0.06491069368167729,132099.99120795407,-0.551894331926775,0.1643865477505847,0.2148163580159943,1.1286088426422063,0.21792442517076582,0.4726742141594062,-0.010018262997409266,0.046701004140010605,154831.6297198661,-0.6920951490851984,0.11092280427588917,0.15279459030268677,0.9044320493934546,0.2913876784283095,0.610525622978945,0.038976839043809886,0.15301013745729453,145182.158233715,-0.299227699620531,0.37225277911840615,0.5169928045496354,1.4644120222157262,0.12299403528537318,2.2699224130835427,0.12275570078491316,0.6051738511952072,241270.22875766622,-0.21942093492579223,0.7214484272548342,0.7742945619032184,3.1743544624769973,0.18405724817664693
10y,2001-03,2001-03-01,2011-02-28,2514,120,10.0,0.02799735803326331,0.10636844497112356,152654.30703330616,-0.5366133707124513,0.23487259014691073,0.32122870816661714,1.3171476501445036,0.2430199699236691,0.1056807080985478,0.025929569254054652,0.08910973793567817,138094.46258465297,-0.5518943319267757,0.22623109477780648,0.29443733255837395,1.290954002751368,0.2173846143231664,0.3876309969323054,0.02378981706560901,0.10703911294989657,165169.3591271129,-0.6070519318580979,0.22541127859272614,0.3122282009257757,1.2643430966766147,0.2882655238295102,0.5246772799811588,0.04793478622125713,0.18156194871236048,149887.11328702196,-0.2992276996205306,0.4429718335540093,0.6135327211054056,1.595358979657895,0.12264518900883209,2.104572214194694,0.1294705251641568,0.633407625040641,255071.15134244412,-0.21942093492579248,0.7500885585738849,0.8069153435155983,3.368915310871309,0.18528864583641455
10y,2001-04,2001-04-02,2011-03-31,2515,120,9.99,0.040431683603701085,0.1273225363443731,148290.17121622647,-0.5366133707124517,0.28486495969684483,0.39312106462475893,1.4852314986147854,0.23984338217000242,0.08495829564245239,0.03187679230642271,0.0990425298849962,135592.75656393688,-0.5518943319267763,0.2530377540805054,0.3300678639497604,1.3677541959134338,0.2160191907403156,0.38763099693230507,0.043225800641365275,0.13505424433238133,159201.929022929,-0.6070519318580977,0.2906609281905521,0.40899812682301456,1.5255222419109875,0.2820638482027408,0.4465766804528081,0.05139138741254912,0.192146624491882,147848.9225668753,-0.2992276996205314,0.4727665931855484,0.656894275765527,1.6489683411698228,0.12161517599867806,1.8069032482281877,0.12818409628381766,0.630135547850724,251437.3509152073,-0.2194209349257926,0.7372376086433602,0.7989050468382047,3.332425490139175,0.18754459813005583
10y,2001-05,2001-05-01,2011-04-29,2515,120,9.99,0.03029551066330849,0.10692938484867388,152811.39901920964,-0.5366133707124523,0.24424782312484677,0.33446847027284743,1.3469792202308752,0.23492425397186192,0.10536436901333679,0.026366819977809097,0.08876176799271465,139465.6142849801,-0.5518943319267765,0.2283502177906194,0.2964598522379403,1.2965873517945474,0.21452625323044983,0.38763099693230507,0.029088456490234504,0.10834716959949936,164431.47765151766,-0.6070519318580977,0.24124755395743527,0.3373054099616523,1.3313124365199902,0.2726343025568568,0.523616901815049,0.04879651753823233,0.18352091096632228,151469.84592701946,-0.29922769962053125,0.45493953420878536,0.6295578539657073,1.6087991419707433,0.12070733777011128,2.190590467420922,0.1344528255035713,0.6559343092878335,264552.94454248017,-0.2194209349257926,0.7648644557724843,0.8340731585116254,3.5219029039409118,0.18817153589452768
10y,2001-06,2001-06-01,2011-05-31,2514,120,10.0,0.03083601258822788,0.10721892356922064,150798.67798536876,-0.5366133707124522,0.2465650090166457,0.3369664591655492,1.3538850290580449,0.23334660587121694,0.10015756699717215,0.025795616328582183,0.08765799947822284,138359.99450958672,-0.551894331926776,0.22576937353221882,0.2928275639782613,1.289273436358832,0.2142804061648672,0.3686692747498108,0.031061067428003186,0.11340481749899763,161573.05863731616,-0.5880902096756034,0.2479601841035562,0.3468289284247684,1.3568367199565259,0.26896359648352336,0.4985473930018626,0.049751341332523014,0.1864746440237215,152554.4238951797,-0.29922769962053103,0.4631014272011195,0.6391152259043321,1.6231637097646097,0.12048846211942899,2.06445879483778,0.13121863442517534,0.6438410666517259,255905.92787744955,-0.21942093492579262,0.7465075771054188,0.82116020024139,3.421295514794306,0.18924417262598175
10y,2001-07,2001-07-02,2011-06-30,2515,120,9.99,0.028960577009297994,0.1036201486998398,149192.12466554763,-0.5366133707124516,0.23876837582486035,0.3264573734482146,1.3296622870288464,0.23287823220078657,0.09959178873379604,0.026515731872126747,0.0889949590141009,136097.89595855845,-0.5518943319267765,0.2290340515395667,0.2971862259504417,1.298466015096185,0.21444764706287828,0.3410523893394486,0.02672720025357367,0.11078511393304098,160667.55717330836,-0.5604733242652408,0.23209842111106896,0.3249409972509722,1.3011380960843593,0.26752487495570343,0.48523220986543214,0.04913535146202341,0.18450317158557306,149439.45514300076,-0.299227699620531,0.4582945654706451,0.6325101033700847,1.6139938961111069,0.12046501042303845,1.9767115821819947,0.1263189889873697,0.6260047864898418,244093.82031704782,-0.2194209349257922,0.7173306309765011,0.7938372511400997,3.277849678266354,0.19148569653666683
10y,2001-08,2001-08-01,2011-07-29,2514,120,9.99,0.033896638926036005,0.11207863143157062,151576.4998722513,-0.5366133707124521,0.2594446505050834,0.354547826705012,1.3945257613240953,0.23181396139888913,0.08848513717179696,0.025502106062210483,0.08712066466584115,134878.20859480218,-0.5518943319267761,0.2244355039607717,0.2912872249326446,1.285597951984674,0.21423259766946262,0.3237355723076751,0.037775657389997885,0.13293476633404366,167287.11577411447,-0.5431565072334675,0.2721604806907834,0.3810397190903128,1.447609345650318,0.26530076368409894,0.43993526052487625,0.050235977518918284,0.18799584344390902,151069.67022739747,-0.2992276996205313,0.4670825523378018,0.6446505015231114,1.6306549977189904,0.12043602033599177,1.8270050408573528,0.12626079456179484,0.6273807507217424,242764.95201988934,-0.21942093492579245,0.7120957412156597,0.7937581770937452,3.274614386507671,0.19331736297538044
10y,2001-09,2001-09-04,2011-08-31,2514,120,9.99,0.03815791346121644,0.12078199792654533,148522.38672359704,-0.5366133707124515,0.27677951086363844,0.3748962417187765,1.4529376017148101,0.23416919419544568,0.07214797148596985,0.025977202472431182,0.08942010416461964,129669.92539198807,-0.5518943319267755,0.22646812459246657,0.2908647084598108,1.2915520815116355,0.2179134425101212,0.3146192699229081,0.04603168775530575,0.15031831064382747,167095.6569902175,-0.5340402048487005,0.30197258033956975,0.42137517411212577,1.5666899448461,0.26583877687990554,0.36934687215873163,0.054905608639242987,0.20323413103147467,153777.88690755234,-0.2992276996205296,0.5007323754479321,0.6900572846313993,1.7044462443197335,0.12144867097623693,1.4809302295320712,0.1181796592412756,0.5958500615770815,225097.1928249804,-0.2194209349257924,0.6713194524983014,0.7473200668374776,3.0476201743781712,0.19475374518089808
10y,2001-10,2001-10-01,2011-09-30,2520,120,10.0,0.04853201205347313,0.13869501457602681,136816.21893694965,-0.536613370712452,0.31972269828362226,0.436079988719839,1.6062640581819865,0.23278171888388208,0.0505472949493051,0.02727037395143639,0.09155410063044937,120098.72544645818,-0.5518943319267761,0.23226211344441908,0.29920608162999524,1.3087226965311878,0.2175481332416714,0.3146192699229075,0.06580241746596616,0.18411162390023827,153203.36984341062,-0.5340402048487004,0.37336925043159835,0.5269557797806593,1.89132868677537,0.2633398685859992,0.29001869520650375,0.061023679627541405,0.22219033464819696,154349.32798726938,-0.29922769962053125,0.5516068296527552,0.7645133602958075,1.8082179024806593,0.1205306010379705,1.1147659471286828,0.11634971241527126,0.5882030594110639,220855.79525652583,-0.2194209349257929,0.6633879456381021,0.740193267404422,3.006094633904053,0.1945529249827455
10y,2001-11,2001-11-01,2011-10-31,2518,120,10.0,0.05012302142086433,0.14112046459696867,147208.24683860564,-0.5366133707124523,0.32661249493262146,0.4463519968588333,1.6301712200954475,0.23185618847652714,0.057178730572893244,0.036654964552331526,0.10840943500295243,130727.4545531051,-0.5518943319267758,0.27381793144561867,0.35326460838341694,1.4329077694731556,0.21850487435077362,0.31461926992290823,0.059703147636644305,0.1715670521252564,163153.94416818302,-0.5340402048487009,0.352882054472617,0.4993497801460643,1.7850170487528945,0.25964398727838817,0.31274976253338316,0.06539675218463503,0.23588897413011659,159794.2396819697,-0.29922769962053025,0.5862222730609439,0.8119840693839633,1.883195210802942,0.12040572038698974,1.2327897617764685,0.11688187820953755,0.5904522583107832,220627.72564674867,-0.2194209349257926,0.6656318170060002,0.7444051055351896,3.017806810529363,0.19463851221887998
10y,2001-12,2001-12-03,2011-11-30,2518,120,9.99,0.03633308019186354,0.1165857349232202,144805.62890474714,-0.536613370712452,0.26955663348899983,0.36840545990397944,1.428468281779763,0.23209024161036143,0.07264069477186874,0.028474842625637153,0.09448210429454419,129813.62659068541,-0.5518943319267758,0.23746576252550913,0.30670933656080257,1.323853580237739,0.2195859195620757,0.3146192699229081,0.04037136894879634,0.13665411311172254,159015.46016741171,-0.5340402048487006,0.28204519078970536,0.3993996450650578,1.4850719769454417,0.2587485727207994,0.3618642358159705,0.06132493551166074,0.2231482897570623,160303.82491172242,-0.2992276996205317,0.5538769802685675,0.7680039946883577,1.8125021646104273,0.12055411543892777,1.4298683552734703,0.11301206372066508,0.5761506768682672,212001.46431453284,-0.21942093492579254,0.6439094266056758,0.722972672678961,2.914940332218912,0.19633121515703716
10y,2002-01,2002-01-02,2011-12-30,2519,120,9.99,0.03715697949670127,0.11774483118431954,145106.49206402237,-0.5366133707124514,0.27311174461564025,0.37342004840123894,1.4400649083970347,0.2313465165502368,0.06961196110285428,0.02895438871827616,0.09537068925313033,131215.2858867658,-0.5518943319267763,0.23957572099913224,0.30961853832051967,1.330185004888806,0.21969898540321287,0.31461926992290756,0.04167543992263223,0.13806518309180332,158014.04368832533,-0.5340402048487003,0.2871042989759184,0.40727365952699063,1.504020931485053,0.2568138440414104,0.34860841578980806,0.06309380565482203,0.2286434682435776,163319.31036720026,-0.2992276996205315,0.5683524823290117,0.7875628246105418,1.8433611646223247,0.12037681045295477,1.3673021085658525,0.11128740102548651,0.5691974022976828,207716.5424627376,-0.21942093492579276,0.6357127147657264,0.7173267006157733,2.8713230400509056,0.19646268395861197
10y,2002-02,2002-02-01,2012-01-31,2518,120,10.0,0.044751798923243546,0.13099069895004428,156679.97163952264,-0.5366133707124523,0.30491207942531096,0.41558474588943517,1.5487466439643356,0.23052993055587165,0.06455394539565207,0.03466399200912451,0.10524018674348683,137555.4907678961,-0.5518943319267757,0.2648436860777374,0.34181422866546013,1.4056457923126369,0.21930469030550198,0.31461926992290756,0.05123954966263322,0.15448510746462338,175707.7231106965,-0.5340402048487001,0.32307546865304243,0.45684355777741065,1.6475730505329813,0.2553621876041624,0.33283870294616075,0.06646290704572211,0.23910171592499568,167445.44279164495,-0.29922769962053064,0.5958049119705915,0.8245543043550151,1.902110555173252,0.12008268981020001,1.3409774749438714,0.11579349505828529,0.5878037373877083,215021.5092997109,-0.21942093492579248,0.6559141715992032,0.7422917232732456,2.9885505254768527,0.19663616246623364
10y,2002-03,2002-03-01,2012-02-29,2519,120,10.0,0.05804100145028701,0.15406389752344607,162782.12818192504,-0.5366133707124519,0.3603902138596411,0.48934163910858347,1.757631174542033,0.22939786979718654,0.05381896105348849,0.04094028519954396,0.11596089154658551,142170.86715151358,-0.5518943319267752,0.29262679512856665,0.37628943173958984,1.4934442458257675,0.21870231925144862,0.31461926992290823,0.07173159488422942,0.18977473047986176,183617.75204428314,-0.5340402048487005,0.3997181723929369,0.564053131676638,1.99866934281227,0.2535469811989042,0.2990798777122035,0.06914461479838363,0.2473327819954984,168547.9548900093,-0.2992276996205307,0.6184252483001524,0.8532912117882738,1.950964216371721,0.11967302370122354,1.2630473690768043,0.1255505559377179,0.6279965993534932,233300.44455904854,-0.21942093492579226,0.6987980501051404,0.7948759306352438,3.261716711889074,0.19718944685038703
10y,2002-04,2002-04-01,2012-03-30,2521,120,10.0,0.05703565246944109,0.15191811080234185,172569.1677730656,-0.5366133707124524,0.3567445531075661,0.48303523047003666,1.7417745932947641,0.22851446167793932,0.06358091603189653,0.04079561071041149,0.11561275677704813,148333.77299632123,-0.5518943319267754,0.29207399656072686,0.3754161821633462,1.491844064859646,0.21845842462875828,0.31461926992290823,0.06995797357055333,0.1858222526228302,197855.85167724788,-0.5340402048487006,0.3942241796076689,0.5534124457845075,1.9669065659521854,0.2517261979082644,0.3381203751132624,0.06715340934243175,0.24103373205608772,169730.62275830374,-0.2992276996205306,0.6035305248571983,0.8322960317354104,1.9159341275420667,0.11950343222682856,1.5372238644630634,0.13353888960244986,0.6610108895189082,250580.91978176977,-0.21942093492579243,0.7323445547209313,0.8389737339159486,3.5041304304152487,0.19804834546716554
10y,2002-05,2002-05-01,2012-04-30,2519,120,10.0,0.06601732705806906,0.1674131890728715,171544.15620786184,-0.5366133707124525,0.3942458005530167,0.5338090684060882,1.8946651291421353,0.22786838962926093,0.050994218024701166,0.04638466164138877,0.12526714713455428,147139.4101647075,-0.5518943319267761,0.3166520969748891,0.40676188387595663,1.5733868248315044,0.2183286614573736,0.31461926992290823,0.08252193536833907,0.20698457137950518,197305.5549472166,-0.5340402048487005,0.4417135962787375,0.6223283245481636,2.209176422481301,0.2502483143631328,0.2860386911153032,0.07261955249063745,0.2580437043153569,171777.32421679606,-0.2992276996205309,0.647057353998435,0.8905451544129083,2.0152840934915055,0.11933072635170368,1.2907680326504463,0.13351615339304024,0.6624390091588138,243949.86347541361,-0.21942093492579226,0.7277522873940407,0.8383947842443472,3.499944455131747,0.199728656630441
10y,2002-06,2002-06-03,2012-05-31,2519,120,9.99,0.06193887025046574,0.15936307194708413,164163.3606817085,-0.5366133707124521,0.37893743318278245,0.5095991905482862,1.8234405421956836,0.22567407628838443,0.03894030931433945,0.04054071826166972,0.11489479904928704,140451.10436774007,-0.5518943319267765,0.2911931621189993,0.37323730283067574,1.4877237898351785,0.21775850745167702,0.3146192699229077,0.08054526484368818,0.20152587964150565,189473.09177018845,-0.5340402048487001,0.4380066555384368,0.6109955081361474,2.1691827461258777,0.24571070024898242,0.22362548264859466,0.07268088840589448,0.25803650607219414,172684.3423228171,-0.2992276996205303,0.6497695413782173,0.889976499704225,2.0164363382806676,0.11882931595459065,0.9210450731621256,0.11948557415802763,0.6071292859896155,214166.5800945244,-0.21942093492579243,0.6616321381870315,0.7682713886688058,3.0902278192880033,0.2013458353424365
10y,2002-07,2002-07-01,2012-06-29,2520,120,10.0,0.07752814895446214,0.18616617612725636,173632.33432234993,-0.5366133707124523,0.44434538717312017,0.5983628309346936,2.1100184040366377,0.2248234417821775,0.022316336278105364,0.052712245657675405,0.13587488707609738,148684.06625372363,-0.5518943319267758,0.344748477835149,0.44141619580020147,1.6714629288536722,0.2175167835384809,0.31461926992290734,0.09971589384898127,0.2337088807301718,200349.09115007322,-0.5340402048487,0.5113245514271779,0.7173310292800035,2.5870511663275013,0.24409142528309943,0.16079473697994606,0.07945938932218488,0.2789113581456661,177005.08292865127,-0.2992276996205305,0.7050738483072834,0.9648553629850893,2.1481424752141516,0.11836774870650589,0.5756147707965042,0.12203223012708664,0.617806496727343,217871.30995227594,-0.21942093492579262,0.672119288407124,0.7840063123247477,3.1626659371240056,0.20168991048658827
10y,2002-08,2002-08-01,2012-07-31,2519,120,10.0,0.0879547404753338,0.20239369504745452,174791.3346348601,-0.5366133707124523,0.49222399745811907,0.6613130087713092,2.322538957203416,0.22064581058871188,0.013242045033812433,0.06266510800577096,0.15167994003131471,149597.32822355826,-0.5518943319267761,0.39063454259107533,0.49821371349090837,1.835944135854582,0.21429569083937025,0.3146192699229077,0.11082307730248986,0.24998684638036295,201966.240266123,-0.5340402048487002,0.5598834014326091,0.7881850648658132,2.8593532067844523,0.23844790952696035,0.11774907451441508,0.08648463815786722,0.29970259962367185,178866.46220947918,-0.29922769962053053,0.7726220395244083,1.053236690769283,2.291358015197434,0.1160713969677681,0.3595889542018922,0.12406512233630229,0.6274013683057172,220425.6192992724,-0.2194209349257925,0.6776324759470241,0.799400880366749,3.2189421609863444,0.20315583991893021
10y,2002-09,2002-09-03,2012-08-31,2520,120,9.99,0.09243518665357109,0.20888344878466852,186851.8746007262,-0.5366133707124512,0.514722021917708,0.6884274161302054,2.4207882374828444,0.2177673516294649,0.013120068451894173,0.06455035933967324,0.15413495029452548,157334.62204158402,-0.5518943319267763,0.4006320852810447,0.507958674988709,1.8692272722618244,0.21232998689980057,0.31461926992290773,0.11810546964298196,0.26049180641149233,219574.05149013916,-0.5340402048487001,0.5931962995904895,0.8337672958307266,3.0537094986515965,0.23451443940806344,0.11423767666965445,0.08458598949127083,0.2934373118662005,182123.08009792762,-0.29922769962053136,0.7636247312299076,1.03585509103269,2.252370859268198,0.11498392891379515,0.3778537677425713,0.13122553809487614,0.6568981600462895,233521.93711358437,-0.21942093492579234,0.7074339762601439,0.8389122497403884,3.4315632663941678,0.20374651665781204
10y,2002-10,2002-10-01,2012-09-28,2519,120,9.99,0.10728341508149586,0.23353576547884897,181993.07124444045,-0.5366133707124524,0.5788379551041667,0.7727625924457592,2.7695698373151965,0.2164999948439211,0.0016703074140218543,0.07913825383339734,0.1783203794900966,157105.96430468193,-0.5518943319267765,0.46622470423894635,0.5913336353407673,2.1411131595276696,0.21108706984599776,0.3146192699229079,0.13328153795614472,0.2850400035453251,208337.24982828417,-0.5340402048487006,0.6536018553110949,0.9165932795014591,3.49270987459567,0.23289839318305827,0.06731491553049485,0.09046660449190269,0.3112943229809731,180414.2759458822,-0.29922769962053053,0.8141400047875796,1.1036439925653854,2.376700421455778,0.11441261161810934,0.05179998621315729,0.13495184537016658,0.6728587485599657,239636.3405309538,-0.21942093492579273,0.7209167708415898,0.8616492771296641,3.5445098608088275,0.2047938148389504
10y,2002-11,2002-11-01,2012-10-31,2517,120,10.0,0.08967468225086317,0.20235811160224085,170257.75450043214,-0.5366133707124526,0.509292613075767,0.6721305400313917,2.357895724352486,0.213213515315076,0.018629328183634497,0.06872654652107557,0.15970113958491058,151217.52580756557,-0.5518943319267761,0.4231482701745373,0.5314411142932748,1.9423268842979262,0.20829141922949232,0.3146192699229078,0.10827547905308244,0.2416259708633157,189378.44286072082,-0.5340402048487004,0.5632634585301195,0.7810168072121934,2.7921948636064067,0.22908992412422075,0.12036034873739965,0.08537561702457186,0.2951749239033835,175716.69814908385,-0.29922769962053,0.7805538899006295,1.051725632638737,2.2666112347452145,0.11315620177937853,0.5058352005672409,0.12690480723671693,0.6414411590518291,221607.18131672876,-0.21942093492579262,0.6836238072675191,0.8213334661051639,3.2980300641736475,0.20588168130306073
10y,2002-12,2002-12-02,2012-11-30,2518,120,10.0,0.08077089064347498,0.18653571524242296,175493.8778417843,-0.5366133707124524,0.4724388368039252,0.6210908636315157,2.173044710562885,0.21187411177214027,0.031375716823397015,0.06291605679047785,0.1495840649799905,153802.26255447624,-0.5518943319267763,0.3975453694399932,0.4980273425400291,1.8398370820021523,0.20766082051292614,0.31461926992290845,0.09626798711746254,0.22028401448406876,198035.1849426253,-0.5340402048487007,0.5185062524443372,0.7159050892185121,2.5052468349468904,0.22688351329494372,0.16670957465699576,0.08261859242069436,0.2866206378801187,177156.68614147895,-0.29922769962053086,0.7588520868016928,1.0213034709796727,2.210452552099714,0.11301917149375862,0.8160288919350855,0.12764370394085955,0.6450743240744311,221682.91930347838,-0.21942093492579232,0.685215827101333,0.827505328829012,3.321275726881976,0.20656675705201302
10y,2003-01,2003-01-02,2012-12-31,2517,120,10.0,0.09117522699024128,0.20404811172629644,175438.99132875964,-0.5366133707124516,0.518932983837425,0.6826549404406198,2.390528089477531,0.21100016462869933,0.016622897394729996,0.07010972616527122,0.1616109060754468,155540.9487156748,-0.5518943319267757,0.43059796154807894,0.5388535357629616,1.9675817084035419,0.20713554406975693,0.3146192699229077,0.11001676715399666,0.2430486428228776,195654.48600915182,-0.5340402048487002,0.5755271946912919,0.7970465540132167,2.836323429958928,0.22552843410110374,0.1037228475558668,0.08399324857059054,0.2907254021258059,176300.86359985924,-0.29922769962053053,0.7722033022047117,1.0380218695634107,2.237941809504039,0.11265568672263544,0.45396432450683166,0.12663966454872666,0.6416894369594911,218162.16720883106,-0.21942093492579254,0.6792500422471587,0.8272211813906466,3.29028775446576,0.20728757811166101
10y,2003-02,2003-02-03,2013-01-31,2517,120,9.99,0.09652678568627904,0.21268172623714685,180802.6014062783,-0.5366133707124525,0.5440887089029479,0.7132836343066908,2.5102445348690794,0.2097596515744201,0.0200520975110976,0.07815648257638674,0.1748576527407099,163327.21524338736,-0.551894331926776,0.467891370034882,0.583264848542598,2.1204542950966623,0.20625075310626872,0.314619269922908,0.11263112326140723,0.2467094562774081,197803.90047891106,-0.5340402048487006,0.5888145109886025,0.813687615313709,2.903756810799851,0.22375937771521545,0.1154853064195428,0.08762972224583221,0.3017973263027534,178245.26230827832,-0.29922769962053014,0.8039676576303121,1.0782022153620614,2.3140693726000645,0.11232556290557254,0.5671305672704037,0.13268322077250483,0.6663831037235252,228567.48070331482,-0.21942093492579262,0.7042998174081453,0.861092375977412,3.4708873780702545,0.20760818052723282
10y,2003-03,2003-03-03,2013-02-28,2517,120,9.99,0.09655488588350081,0.21257963399986213,181051.49806783185,-0.5366133707124522,0.5448316281975348,0.7125766419454809,2.5108871320928663,0.20937307608751185,0.02421512775014567,0.0809936346047413,0.17951513771807323,164489.7009325337,-0.5518943319267762,0.4810205314447505,0.5978180098189765,2.176851031299378,0.20596498595203666,0.3146192699229077,0.10978295872804833,0.24169109313760262,196991.133670243,-0.5340402048487003,0.5781871496789304,0.7972550240016971,2.830361896611825,0.2232369933523881,0.12917243672390688,0.08855544542420346,0.3045564891716411,179789.20003961885,-0.2992276996205303,0.8129625533239159,1.0873468248688567,2.3338172720449837,0.11209832148692422,0.6809796128289021,0.133998086478194,0.6726774060454823,229517.71744673018,-0.21942093492579265,0.7073595864028372,0.8687836242957937,3.511341509440727,0.2086626210702115
10y,2003-04,2003-04-01,2013-03-28,2516,120,9.99,0.09994803456142187,0.21774056653331936,181807.9312297647,-0.536613370712452,0.5622167035248501,0.7326586778009316,2.5886001932722746,0.20782466727817336,0.02787680197771958,0.08483759911179223,0.18548570288480176,166163.66045677784,-0.551894331926776,0.500049280413071,0.6192131776778015,2.254685355093456,0.20471683909036636,0.3146192699229079,0.11274825468880212,0.24589251788298258,196725.3610515334,-0.5340402048487004,0.5933724917795968,0.8150226642030223,2.9055794730127142,0.22130532244114737,0.14134906390518642,0.09118346952576073,0.31244694036507564,180005.30155306065,-0.29922769962053003,0.8374394628242976,1.116304434976741,2.389880742649492,0.11164123900204849,0.8142415695328489,0.1406250566665217,0.6994657913396086,239716.46266855518,-0.21942093492579254,0.7347215556847833,0.9027025426975411,3.719821042545563,0.20889197641860463
10y,2003-05,2003-05-01,2013-04-30,2517,120,10.0,0.09326550264722355,0.20623669626383756,181511.4496012289,-0.5366133707124517,0.5334774364165893,0.6936452848404225,2.4366627522114905,0.20744901507008995,0.03565811660704532,0.07806878085879276,0.17400215012197168,166259.83280412032,-0.5518943319267766,0.4699624605190384,0.580513061201186,2.1187321127471366,0.2043371725676332,0.31461926992290745,0.10620486449254707,0.23464139209067397,195978.06631301396,-0.5340402048487002,0.5674873218720167,0.7781159067087683,2.740525120801058,0.22081187062421803,0.1689156335975195,0.08862356714908493,0.3044975148997498,181899.28308979544,-0.29922769962053036,0.8180579319567796,1.086348589523962,2.335276444922849,0.1113785312314949,1.0217803477853753,0.1418629810995924,0.7057533275911881,238352.1692173948,-0.21942093492579273,0.7364029554695362,0.9064123476473954,3.762305468586433,0.2102884756462034
10y,2003-06,2003-06-02,2013-05-31,2518,120,10.0,0.08902755005119767,0.19874679533104006,185563.3322342403,-0.5366133707124523,0.5157100144729049,0.6697844703217073,2.3447400783368515,0.20680263087365472,0.03334256655678103,0.0747993706332939,0.16838358103075624,168990.94793060096,-0.5518943319267764,0.4554708616393887,0.5622156120803911,2.0560108601777323,0.20403049193075085,0.31461926992290723,0.10100752674365032,0.22539582313932607,201564.8092734037,-0.5340402048487002,0.5476774650827337,0.7492907947494838,2.615599286665696,0.21978342954677457,0.16193398770827616,0.08093850011303783,0.28074510684501947,178673.1034261166,-0.29922769962053153,0.755496689431567,1.0046610527340487,2.1764144133346117,0.11119401802298017,0.9084064778325551,0.13435009330043135,0.6738076219135266,248379.85316223538,-0.21942093492579293,0.7096114527910099,0.8725669056384513,3.524005764498251,0.2083499325988673
10y,2003-07,2003-07-01,2013-06-28,2517,120,9.99,0.08613442976032037,0.19373806308857086,179369.77767797906,-0.5366133707124521,0.5030369321057826,0.6523706031707246,2.282488626765383,0.20666958712963376,0.03112856393943053,0.07224744608968026,0.16412576695015824,165284.37370531412,-0.5518943319267756,0.4436617317671608,0.5475115086681624,2.007194923745589,0.20416473636825816,0.3146192699229079,0.09779137613452082,0.21973025358425446,192557.00447759288,-0.5340402048487005,0.5350214385913744,0.7303620653467107,2.5393102702923254,0.21932726648214726,0.15271868562444124,0.07876564885288961,0.2741136640311524,175591.0566359309,-0.2992276996205308,0.7359712726187337,0.9764708912709652,2.132451184388389,0.1114478297919762,0.8181006460409987,0.12891994007395136,0.6514837574439792,232807.16868708006,-0.21942093492579265,0.6877401242158157,0.8412732415803207,3.357410916333324,0.20785347562834391
10y,2003-08,2003-08-01,2013-07-31,2517,120,10.0,0.0879621288627086,0.19660601306282807,187086.22301283985,-0.5366133707124521,0.5122101236736898,0.6610150630946033,2.3211430331975262,0.2059729210646989,0.03485782594790576,0.07574410858392011,0.16988571869220837,172194.2961908895,-0.5518943319267762,0.46009628678564457,0.5652261073327016,2.073539320232468,0.20378118214463697,0.31461926992290745,0.09793317853507388,0.2195412713461173,201092.681777043,-0.5340402048487001,0.537157183367959,0.729763490039323,2.5425883109300953,0.21826733245436483,0.17271778986921527,0.0844352532667727,0.2914962288319327,177699.9062560226,-0.29922769962053,0.7853017408511963,1.0408518475885262,2.247073007070322,0.11107035864570496,0.9315993684422677,0.13279100448297965,0.6649154094590141,251605.01700566325,-0.2194209349257926,0.7098749732371743,0.8629166346171784,3.474187679372363,0.20552402365270886
10y,2003-09,2003-09-02,2013-08-30,2518,120,9.99,0.0822851466739769,0.18675610127805428,183991.74936639427,-0.5366133707124524,0.48713905040466376,0.6297627107652767,2.203659190059434,0.20572323430996572,0.02971878800379657,0.07025065756939841,0.1605772581242742,166806.59906050583,-0.5518943319267758,0.4350501678289429,0.5357595051035038,1.970702291001642,0.20370450386764324,0.31461926992290773,0.0921108741081289,0.209366190795341,200823.57880826798,-0.5340402048487001,0.5134865111706549,0.6986193195986817,2.4119239476502057,0.21774664180725947,0.15069830375119275,0.07996404404521562,0.27761913180393033,172025.3714566798,-0.2992276996205308,0.7490928353028543,0.9956913213643994,2.15688907960617,0.11089591338402498,0.7421577908702721,0.12182966211192547,0.6198686510851129,244171.6581716036,-0.21942093492579234,0.6641848149218477,0.8105515243022354,3.154081738520478,0.20478059102915402
10y,2003-10,2003-10-01,2013-09-30,2517,120,10.0,0.08875549915334813,0.19762931085600297,187224.8260486321,-0.536613370712452,0.5170626945105345,0.6660881534737432,2.3381047740632575,0.2051018798608339,0.03393396080939137,0.07480260946404904,0.16819326609737167,169153.45882108065,-0.5518943319267764,0.4561491675873499,0.5604265863143527,2.055484285132292,0.20349683135093313,0.3146192699229074,0.10056507653562896,0.22334676301466544,205114.53515838436,-0.5340402048487,0.5506493093009256,0.7467444905489175,2.604125138539579,0.21661000760006852,0.17373251106902432,0.08047615924144536,0.2792040123263707,174077.0359114911,-0.2992276996205302,0.7533644596291479,1.002070589040526,2.166465139171096,0.11089662283029428,0.9227402734515842,0.13449903734502033,0.6691046275077678,252201.04802002874,-0.21942093492579257,0.7243818203699499,0.8839066219342576,3.5268654119911633,0.20267703965285633
10y,2003-11,2003-11-03,2013-10-31,2517,120,9.99,0.08655296554824088,0.19378626130048215,194900.59115214183,-0.5366133707124522,0.5074516575231444,0.6537792957347734,2.2912888264738047,0.20492257209638332,0.03400772843018407,0.07406288917814141,0.16696735328644405,175794.32698843288,-0.5518943319267757,0.4526912219040626,0.5568648595104014,2.0413981200204523,0.20355671026272448,0.31461926992290784,0.0968994136746737,0.21689052771905631,213919.69022162628,-0.5340402048487004,0.5360068780958548,0.7257976813686826,2.518777859685145,0.21609473047118968,0.17413410806973662,0.08195135544846965,0.2838166683163337,178708.0167605123,-0.29922769962053025,0.7648488396516977,1.0183176120081125,2.1961910546413073,0.11103606931394924,0.8981313002032647,0.13090714210485777,0.6541358477690586,272053.2617470544,-0.21942093492579257,0.7101409861655914,0.866623831753226,3.4169091598884096,0.20211634320807115
10y,2003-12,2003-12-01,2013-11-29,2518,120,10.0,0.08909724805641095,0.1980338968194702,198386.7923889713,-0.5366133707124517,0.5193257311789905,0.6671727956597485,2.3462399577496265,0.20462617295385205,0.03594444343806269,0.0760060789594772,0.17020781716299374,178157.41068315617,-0.5518943319267761,0.46169816865795393,0.5672823841226793,2.0791927458673904,0.20345917726929016,0.31461926992290784,0.10007221133514599,0.22207793187958683,218767.05522956842,-0.5340402048487003,0.5502407192196938,0.7423906574405414,2.5934817869092104,0.21553938138481823,0.18451808999453334,0.08177552174303737,0.28327965787843845,177521.3189145434,-0.29922769962052964,0.763287487943979,1.0156791624882746,2.193312788663655,0.11105267899069382,0.9825998422613296,0.13601665477320868,0.6738956010134987,281295.911374158,-0.21942093492579245,0.7347588092142271,0.8932036584083982,3.57608162917054,0.2012453623725775
10y,2004-01,2004-01-02,2013-12-31,2517,120,10.0,0.087756347609238,0.19567378326117585,202067.71793604322,-0.5366133707124512,0.513555046456217,0.659354408611073,2.316761687938833,0.20445942284161556,0.03391166643935195,0.07350955125642056,0.1660077130080165,181227.92992250764,-0.5518943319267765,0.4502431459941577,0.5537114629084533,2.0309180104638798,0.20348719726305428,0.31461926992290856,0.0999367066081589,0.22167548407701312,223163.2306735975,-0.5340402048487009,0.5503311144992304,0.7411349224382262,2.589312579163938,0.21511344317528783,0.17656164091229598,0.07888589965780568,0.2743505818265039,177291.1066695034,-0.29922769962053014,0.7390012027244011,0.9843740754972655,2.134826603401262,0.11108681986829486,0.9174014292245718,0.13384837304751085,0.6646156824272612,291770.1222220875,-0.21942093492579232,0.7268927554115264,0.8829950456852337,3.50671400838851,0.20062188447864215
10y,2004-02,2004-02-02,2014-01-31,2518,120,10.0,0.08274904057308885,0.18707561903649533,195717.48172854504,-0.5366133707124514,0.49096896647091526,0.6309595369745876,2.21311532494994,0.20446766570782654,0.028201633337013643,0.06753741236526989,0.15592544830657454,173654.90597559063,-0.5518943319267765,0.4227360160725718,0.520438218436381,1.9213468713129946,0.20356526969958244,0.3146192699229077,0.09594029174879459,0.21481563532757966,218544.26019111948,-0.5340402048487003,0.5335526951478589,0.7189744401093313,2.4977741670560283,0.21501191342169668,0.15002840798910477,0.07711446289955504,0.26884210567722716,176352.05475458142,-0.29922769962053075,0.7244285029992005,0.9653785421682581,2.100692705948469,0.11104616191920474,0.7218717293670416,0.12414192508580824,0.625587580939295,274721.90394237416,-0.2194209349257926,0.6835811031369636,0.8301801551806709,3.21964589642307,0.20080574383601993
10y,2004-03,2004-03-01,2014-02-28,2518,120,10.0,0.08789468903843733,0.19595113515857546,205108.91296007126,-0.536613370712451,0.514023325038426,0.6592586413750186,2.3204819470484344,0.20456269980455402,0.031136461696654516,0.07085785048978255,0.1616146745657455,181430.22569079843,-0.5518943319267758,0.4378121698281923,0.5382023716410836,1.981902482470228,0.20372714372930129,0.3146192699229079,0.10296251501047471,0.22677276788558204,229779.70727339567,-0.5340402048487004,0.5633061053623124,0.7573426942599798,2.662378178206632,0.2149910577266495,0.16320725334269537,0.07840037306364867,0.2728311310099715,180862.6768014517,-0.29922769962053175,0.7351744845221593,0.9786226349521921,2.1258868001152003,0.11104660653456203,0.8538402688622955,0.13409897670712922,0.6661616839986345,300454.0882476556,-0.2194209349257925,0.7265133587050078,0.8788343423077092,3.5162184470689275,0.20119357443786698
10y,2004-04,2004-04-01,2014-03-31,2516,120,10.0,0.08872531261011174,0.19724377919209538,203412.18367981646,-0.5366133707124514,0.5182798320233182,0.66363318658764,2.336669004447496,0.2042210455906197,0.03366377224238115,0.07323496206068802,0.16555371377812828,183037.85342914186,-0.5518943319267763,0.448958282870619,0.5515697296393636,2.025167271967092,0.20351146141991852,0.3146192699229079,0.10221437000428124,0.22529978277417614,224056.44769297595,-0.5340402048487003,0.5609604567187808,0.7525109413601089,2.6423466851181927,0.21448774277044413,0.176718693100833,0.07957185984353488,0.2763789896079279,183259.13810231775,-0.2992276996205312,0.7462140014848041,0.9907799692096059,2.1477699141134523,0.11082645074907653,0.9257707791674883,0.1358781422466624,0.6721530771729245,294942.477010227,-0.21942093492579243,0.7376791498196138,0.8920630492885201,3.568117464285681,0.19993035812737295
10y,2004-05,2004-05-03,2014-04-30,2516,120,9.99,0.09161636264221196,0.20217085395417264,201172.62032929782,-0.5366133707124515,0.5313479352971999,0.6790931115812223,2.3993636892591406,0.20417428241154784,0.03402448933754387,0.07603672773534442,0.17028527170589092,182820.39511341174,-0.5518943319267754,0.46175530616478305,0.5666667117619895,2.0785752849551127,0.20352657567849228,0.31461926992290745,0.10521132471236094,0.2303116683323135,219363.79294630172,-0.5340402048487002,0.5739528050081963,0.7679869576778906,2.7149613722918193,0.21429582617594867,0.17510969460588677,0.08497148755941453,0.29297151795990156,184305.1405768254,-0.29922769962052886,0.7926764945715818,1.0515411670204724,2.2574651656699953,0.11059391059760924,0.9598721108805255,0.13923581404990482,0.6867697452033247,292873.9978022573,-0.21942093492579276,0.7490624996140831,0.9017279006063097,3.674833483172345,0.2011736799651542
10y,2004-06,2004-06-01,2014-05-30,2517,120,9.99,0.0915727807158615,0.2020370047495597,205777.74968348708,-0.5366133707124521,0.5314038928556455,0.6783051751268596,2.3992415175719928,0.2040176212197222,0.040874295764501856,0.07664797328918938,0.1712457606036648,185501.6546243987,-0.5518943319267761,0.46478601751953685,0.5697261612889839,2.091006784775172,0.20333994802173583,0.31461926992290784,0.10449855165182198,0.22905007993849608,226227.70347039535,-0.5340402048487002,0.5711631752605412,0.7634047298404133,2.698594533344376,0.2141628818334924,0.2030386917999949,0.08671324508326239,0.2982412869192614,187450.98486638267,-0.29922769962053036,0.8087672739599668,1.071151193716187,2.294666966185927,0.11034330528702198,1.1808280095977985,0.14537284741632384,0.7117770918790017,305722.52457212977,-0.21942093492579234,0.7742018670605361,0.9347895725317418,3.8794225429421747,0.20172877592226252
10y,2004-07,2004-07-01,2014-06-30,2517,120,10.0,0.09161065153777903,0.20199869676239832,213011.8914247002,-0.5366133707124523,0.5320125127422525,0.6769500229888671,2.400073044638558,0.20374558671650644,0.04159144880006238,0.0768746124664621,0.17157348974180237,190029.46342141138,-0.5518943319267763,0.466011160538263,0.5699817385613549,2.095407368218204,0.20319349516871243,0.3146192699229085,0.10435712830121746,0.2286344089684796,236731.26144528712,-0.5340402048487011,0.5713024265890831,0.7603484885473752,2.6951452697134544,0.21372212145146477,0.20788958842694638,0.08628470885718253,0.296850290300267,189343.77271964756,-0.2992276996205309,0.8064351195134908,1.0658438557593546,2.2856449127993845,0.11014628126788784,1.2037983046129654,0.14594857710127984,0.7132752277618694,325819.8148347432,-0.21942093492579257,0.7791920150160295,0.9362050863279106,3.89894357432642,0.20085872842485086
10y,2004-08,2004-08-02,2014-07-31,2518,120,9.99,0.09755759062338032,0.2120182901491641,212359.02451754277,-0.536613370712452,0.5591902813135575,0.7099804637953587,2.5348503486085927,0.20345820221048824,0.04072430444770392,0.07891630532243443,0.17497141734777386,186571.6817244383,-0.5518943319267764,0.4754658571777586,0.5808502514370476,2.136071361513593,0.20309709314696087,0.31461926992290784,0.11433537398376625,0.24525862282773986,239748.70919245182,-0.5340402048487005,0.6144639778845936,0.8157585904186471,2.9497555684364727,0.21315808556711877,0.2033777592524173,0.08713547947523592,0.29944194604996865,186590.58967312906,-0.29922769962053264,0.8139910811112355,1.0741913153419727,2.304351517774989,0.11007654354652976,1.2725277784356317,0.15505967843147017,0.7496287507796338,321739.22016372666,-0.21942093492579268,0.8178417371370109,0.9822765394719174,4.222283346872104,0.20111989138525177
10y,2004-09,2004-09-01,2014-08-29,2517,120,9.99,0.10367323882929425,0.22224379055609597,219508.29496320538,-0.5366133707124521,0.5871748725847877,0.7438051229909349,2.6785213703764934,0.20310642559555023,0.041790369808389904,0.0828741825831214,0.18155293255955793,192621.7212533987,-0.5518943319267758,0.4937164032854189,0.6022450083958226,2.214972572947025,0.20294653723785522,0.3146192699229075,0.12268506945087165,0.25900661309820516,248108.82511482562,-0.5340402048487002,0.6507147866273938,0.8616460270928514,3.176736267963653,0.21256616194790265,0.206140650215754,0.08976086950816042,0.30749289921355416,193124.30221477832,-0.2992276996205292,0.8361397938771942,1.1014628414679222,2.359759131884844,0.110041877632286,1.3995803479097262,0.16447543925926156,0.7870402202484055,346406.36877420475,-0.21942093492579268,0.8568554368431478,1.0311885560907168,4.576316615873379,0.20154286653924722
10y,2004-10,2004-10-01,2014-09-30,2517,120,10.0,0.10014255644203907,0.21625432667997474,214392.9260246354,-0.5366133707124524,0.5714686956950383,0.7242258168261748,2.594156703391643,0.20306442687950826,0.043332068019541925,0.08028838177067654,0.17722301690100292,188572.64441259304,-0.551894331926775,0.48191885624846403,0.5882493041226252,2.162707427053275,0.202956114388268,0.3146192699229069,0.11819950956454983,0.25144464144830303,241737.8621080613,-0.5340402048486996,0.6321798924064647,0.8371244886209885,3.052216696622017,0.21241034306865028,0.20982712570563467,0.0868629106903116,0.2986103923490597,188319.367012946,-0.2992276996205297,0.811595689012278,1.070375355703207,2.2978254467210912,0.11009484401541862,1.409849738407431,0.16153157758409176,0.7761634965002129,337243.6548560703,-0.2194209349257927,0.8420070181120993,1.0167585665502163,4.462066435029448,0.2022625897337538
10y,2004-11,2004-11-01,2014-10-31,2519,120,10.0,0.0993740105994918,0.21504617693436745,215961.55939885322,-0.5366133707124515,0.5675793042719786,0.7200212457446432,2.578050283903193,0.20331370963498027,0.04328129148331494,0.08135476149558563,0.17911734277700006,190227.80776743704,-0.5518943319267763,0.48638255815228243,0.5941195715138307,2.185481701274899,0.20324299169762067,0.3146192699229079,0.11555355353867247,0.24705904218601385,243180.66338078,-0.5340402048487002,0.6207728145462196,0.8227448169422467,2.983429540688105,0.21254065643191752,0.2048880528700212,0.08796476526384533,0.30204971595133034,191515.9757903377,-0.29922769962053,0.8198968462416646,1.0825794378380484,2.3227528878601964,0.11023538154763322,1.3813408407044019,0.15883484502198741,0.767034377803274,318157.3980873897,-0.2194209349257923,0.8256608674162408,0.9976873857331946,4.364770381392507,0.20384083458441404
10y,2004-12,2004-12-01,2014-11-28,2517,120,9.99,0.09778191116284884,0.21231205697523398,221193.02617320215,-0.5366133707124522,0.5605978298322392,0.7099765708659984,2.539091604363045,0.20322855793157152,0.04208331802294474,0.07964198791954913,0.17621887130951655,193328.80360943367,-0.5518943319267756,0.4786736394768313,0.5841055411878394,2.1498169075986837,0.20317433055338194,0.3146192699229078,0.11409201953759318,0.24455982832883288,251064.460692677,-0.5340402048487003,0.6148072195470046,0.8137276843174919,2.9420635465057514,0.21243208710971814,0.20096109932438522,0.08929051948838906,0.3060768511126592,194633.54670869422,-0.29922769962053103,0.8317343432107606,1.0956138485982823,2.349606045739948,0.11011529440035256,1.3186930949708224,0.15617533756053792,0.7561301320827037,332810.5740569114,-0.21942093492579248,0.8157683188713898,0.9831189509457583,4.260756641476574,0.20337977912244287
10y,2005-01,2005-01-03,2014-12-31,2517,120,9.99,0.09313695191847393,0.2045192574244421,219715.57111817997,-0.5366133707124524,0.5392311639540417,0.684643933447346,2.4338025448811544,0.20352638244678933,0.038789818423905276,0.0761653141544778,0.1705080017093502,193083.84047447334,-0.5518943319267763,0.4623197689501492,0.5658847831278906,2.081662843044405,0.2035439667770259,0.3146192699229079,0.10825842926640017,0.23480092954471304,248135.16275919677,-0.5340402048487004,0.5897387281819328,0.7821602717160933,2.7917658514500756,0.21262489729865658,0.18432646994522084,0.08749633245227018,0.30058457193816623,196038.00483192643,-0.2992276996205312,0.8164328249405979,1.0768306361774254,2.311236277011187,0.11016611196276149,1.1447096420309708,0.14704824769030544,0.7208776322223887,328637.04429386073,-0.21942093492579248,0.7740651981271537,0.9353799526513381,3.9364754934810464,0.20434408420896996
10y,2005-02,2005-02-01,2015-01-30,2517,120,9.99,0.09514489658952052,0.20803615788306248,212733.08236733943,-0.536613370712452,0.5478239021722622,0.6963713198462814,2.4788253961146878,0.20377895792614503,0.03775040635317772,0.07536816078276232,0.16929272967306452,185728.01913282767,-0.5518943319267763,0.45824410710047325,0.5621089319162308,2.066312761549816,0.2038906698313323,0.31461926992290756,0.11316958620335593,0.24312452265125695,241922.00833032877,-0.5340402048487001,0.6103531884363953,0.8091413060406015,2.9178235124141603,0.21272645468280385,0.177881054623222,0.08965951568281061,0.3072193603469159,198809.02923970946,-0.29922769962052925,0.8346265480374232,1.1005778904147114,2.3575679533251797,0.11014332421088548,1.1533968921588729,0.15091999255653366,0.7370003634702308,310040.70042494143,-0.21942093492579248,0.7882342430596173,0.9542302113889222,4.071220404573033,0.2051589489002394
10y,2005-03,2005-03-01,2015-02-27,2517,120,9.99,0.10110757231582124,0.21812217985735624,226255.4463842447,-0.5366133707124523,0.5746571647095736,0.729258787588142,2.616974673773743,0.20368192610903635,0.04032682176943503,0.07903427921778117,0.1754529973667643,196206.79770697883,-0.5518943319267762,0.474970812707214,0.5824317445836762,2.137760955884769,0.2038683476451228,0.31461926992290756,0.12150836663561049,0.2570275426986153,259063.01462961707,-0.5340402048487004,0.6458550347424121,0.8542421435057829,3.143636273094925,0.21252918096283252,0.18936930867415258,0.08980346749667212,0.30762114807710256,200079.58299105905,-0.2992276996205306,0.8365417322868713,1.1022704025211967,2.3606806089410064,0.1100348792427873,1.3300932928226095,0.16183518840504552,0.7797490141289208,346255.26977123227,-0.21942093492579284,0.8352243434165647,1.0106025999750627,4.473729565917535,0.2048470677803281
10y,2005-04,2005-04-01,2015-03-31,2517,120,10.0,0.10090327363292317,0.21783499361153139,222447.88579207103,-0.5366133707124512,0.5734694757111289,0.727807515516808,2.612128980554749,0.2038350341769388,0.04059908653428779,0.07931862177197169,0.17599789482946218,193184.26069562076,-0.5518943319267757,0.4760220103363682,0.5844260147287257,2.143394254907444,0.20404989365678505,0.3146192699229075,0.12080631983459633,0.2558872881364972,254446.98516264203,-0.5340402048487001,0.6427493226175499,0.8492143753276483,3.124036227926257,0.21260870290470227,0.18823961139206802,0.09067936340531402,0.3103784532003861,197947.70717865508,-0.29922769962053025,0.8425550041976382,1.1105818727541064,2.3796998592489182,0.11022880417329349,1.3331914260235216,0.16140540636888412,0.7788140730089864,333838.0649987858,-0.21942093492579257,0.8309889340096179,1.0052678599330267,4.457227653949778,0.20564426918231188
10y,2005-05,2005-05-02,2015-04-30,2517,120,9.99,0.10599302245212949,0.22630641509976857,221215.51719216927,-0.5366133707124516,0.5967610062359126,0.7553331278466023,2.7352876777489983,0.20349695598664932,0.04001522420151549,0.08242431673810602,0.1810862262949154,192793.8956906976,-0.5518943319267762,0.4905648315895616,0.6010346037478344,2.205798855384342,0.20372528857875818,0.3146192699229081,0.12795388860536638,0.2676533213438463,252017.37364436215,-0.5340402048487006,0.6734482161881807,0.8875277328376682,3.328824828432293,0.21224740243273862,0.1851853481511866,0.08937653942278967,0.3063188268107339,193946.65610070035,-0.29922769962053053,0.8328445936613272,1.0977255218392852,2.3514599497359088,0.11005543962780213,1.3864914140976032,0.16796911280688187,0.8044514406460799,338195.2993103988,-0.2194209349257925,0.8586335643393673,1.0366084161060447,4.715316242529896,0.2055748744748559
10y,2005-06,2005-06-01,2015-05-29,2516,120,9.99,0.10152107989380132,0.21880613710643174,224882.20049073413,-0.5366133707124524,0.5765829480234833,0.7312610286377136,2.625799578944075,0.20363817412177657,0.04923299613213272,0.08040664428888378,0.17772972592092082,194388.61126626984,-0.551894331926776,0.48130812522181887,0.5901529285978283,2.164409007285619,0.20379466543485028,0.31461926992290834,0.120948764389879,0.25604920367108147,258453.2019533448,-0.534040204848701,0.6437344706505967,0.8501712195539375,3.1265872342308674,0.21241765885498234,0.2212792690351526,0.08580995593390894,0.2954381556842337,192304.27511711727,-0.29922769962053114,0.8016306623452497,1.0594048914119567,2.2749438058207083,0.11027931422544775,1.6757190935990645,0.17018176052201173,0.8139097663292583,349015.51830933057,-0.2194209349257926,0.8650137396857493,1.0495138823267816,4.802306327829932,0.2064578094887588
10y,2005-07,2005-07-01,2015-06-30,2516,120,10.0,0.10077920928542139,0.2176002426455413,215724.78151978904,-0.5366133707124522,0.5730359923625171,0.7271135569498506,2.608196303637644,0.20376939883385456,0.046991693267509405,0.07802482453690174,0.1737775681737942,188019.60792048075,-0.551894331926776,0.47030567928762,0.5774874858866583,2.117238103296529,0.2039245093455126,0.3146192699229081,0.1219209677490849,0.25771008101459003,245840.0569346301,-0.5340402048487005,0.6476310732282534,0.8551999473897343,3.1537669314560697,0.21250917404344635,0.21086305118086512,0.08170311173500844,0.2827817370335392,185715.7860921012,-0.29922769962053103,0.767061095919942,1.0174650204808113,2.1904805049850635,0.11031211088311435,1.5967921231324107,0.1689126610165943,0.8093437967507255,328457.35433858715,-0.21942093492579243,0.8584941244091185,1.0414490645793224,4.75055905458848,0.2068586930419165
10y,2005-08,2005-08-01,2015-07-31,2518,120,10.0,0.09827565839710739,0.21338278467716004,222654.49363482997,-0.5366133707124521,0.5617306439254326,0.7136380351471171,2.55147005889983,0.20384156815347276,0.05150641848280557,0.0763208878473185,0.17093334065067126,191921.5375128396,-0.5518943319267757,0.46246729247972446,0.5685006303999395,2.0852790484812673,0.20398662430067988,0.31461926992290684,0.11858974518587506,0.2521738393666078,256590.48883084554,-0.5340402048486994,0.6334587550907825,0.837362725807786,3.064234931735316,0.21259627047624627,0.22883002812645037,0.08410859636823798,0.29018639606009405,190452.93069874265,-0.29922769962053064,0.7875597732011664,1.0438651941673862,2.2410395754161883,0.11025424445092208,1.7405517781591668,0.17009616366868063,0.8142854857232212,343956.0706805593,-0.21942093492579257,0.8622887832172329,1.0484151065569496,4.804786709894483,0.2072058526695231
10y,2005-09,2005-09-01,2015-08-31,2516,120,10.0,0.09238938843899502,0.20396324587755654,206782.07350327406,-0.536613370712452,0.5328386078723106,0.6768574519990762,2.4163818274030144,0.20540817285904453,0.05255279826971937,0.07063487641513677,0.16182314697902833,179209.75001564572,-0.5518943319267751,0.4350116648069614,0.534894380300291,1.9767118599399038,0.2053031787823681,0.31461926992290734,0.11249814495985122,0.24265875672797246,237009.5980238338,-0.5340402048487002,0.6044819418837756,0.798064197223695,2.89906561833694,0.21438114718115703,0.23596056855244196,0.07903786567443483,0.27477321096451207,182761.16264033015,-0.29922769962053075,0.7410371524650045,0.9786147689265934,2.1371866889755586,0.11095227217793317,1.6971041759776364,0.1650509432295706,0.7948973736102088,316796.0533945385,-0.21942093492579282,0.8404425104362175,1.0176148806297018,4.5961697943145765,0.20753010791550866
10y,2005-10,2005-10-03,2015-09-30,2516,120,9.99,0.08865545535447583,0.19793689364770317,201896.8718451265,-0.536613370712452,0.5147701725001369,0.6553644701082054,2.3351725092744298,0.206335932738251,0.054745764050948775,0.06701213809011586,0.15599662424926758,174971.43211046854,-0.5518943319267758,0.417626697035615,0.514260592834473,1.9109374258153002,0.20614978241091655,0.314619269922908,0.1086539687218262,0.23656929479720218,231410.30350636924,-0.5340402048487002,0.5866274541774157,0.7765331024804561,2.8005872817213544,0.2153624310535622,0.24853689160807224,0.07939401369047783,0.27596555281401125,181845.13835152454,-0.29922769962053136,0.7426500788748538,0.9806836282755359,2.144239957161704,0.11119171719223646,1.7309575428432233,0.16339973277277497,0.7879440295327375,321013.3052726214,-0.2194209349257922,0.8351643457854879,1.0056129099777247,4.531544824564578,0.2070148426495166
10y,2005-11,2005-11-01,2015-10-30,2517,120,9.99,0.10112994055531632,0.2191473474270571,218082.84401899544,-0.5366133707124522,0.5701440490293211,0.7242468973097047,2.6175057096930834,0.20625909712771234,0.048946567203343117,0.07832210719114907,0.1750608452685495,187190.26618984278,-0.5518943319267758,0.46894685761432187,0.5762564952661908,2.123710071082887,0.20602566512020945,0.31461926992290734,0.12231716129914338,0.25949301956449217,252383.7503924175,-0.5340402048487,0.643633345694506,0.8503261628493762,3.1663536758182755,0.21530846133445133,0.22527805784136845,0.08705253804613311,0.29954493263662213,188470.39028118693,-0.29922769962053136,0.8072057141343604,1.0610912980507872,2.30183288164865,0.11104002307759196,1.6835110533163173,0.1712637285024865,0.8183146009082936,312149.16245866386,-0.21942093492579262,0.8689114035358745,1.0430723640033477,4.849864729134593,0.20664403075394946
10y,2005-12,2005-12-01,2015-11-30,2516,120,10.0,0.09608288715088809,0.21065461489177076,218620.8409765868,-0.536613370712452,0.5475493252295969,0.6969727574473401,2.4992030252910853,0.2064473057396371,0.04660830133998739,0.07411101803026887,0.16804203143737567,187227.33794867143,-0.5518943319267762,0.44971344917362277,0.5540166332838138,2.041732637830931,0.2062234181480832,0.31461926992290756,0.11641341082976475,0.2496791814924138,253658.79387011065,-0.5340402048487,0.6188133081817598,0.8187090431263719,3.0025574103383295,0.21547487661900722,0.21490444525190366,0.08385042668090881,0.28971074631854765,186905.16643313743,-0.29922769962053086,0.7801740864599896,1.0268595801278284,2.234284434978111,0.11111555956645065,1.514307988070422,0.16302171216975214,0.7864213091108374,308506.3627572327,-0.21942093492579243,0.8337177534336635,1.0029132837112646,4.5168653984087515,0.2069732810414423
10y,2006-01,2006-01-03,2015-12-31,2517,120,9.99,0.09529103749384715,0.20951145458602274,212355.86079620745,-0.5366133707124517,0.5431870702421999,0.6932066768408104,2.482131292834973,0.20697592782932936,0.04479535395159773,0.07241303651590858,0.16537084825579515,182294.5179514891,-0.5518943319267757,0.44144276302833435,0.545627331946351,2.0102931552141885,0.20674760458682206,0.3146192699229081,0.11657088104703339,0.2501423313551813,245816.40015148872,-0.5340402048487005,0.6185529325647345,0.8194230709276749,3.008104382438129,0.21596544910774007,0.206230887235189,0.08146814733897534,0.2824896612353135,183627.73430976397,-0.29922769962053103,0.7582593964005492,0.9989964839744003,2.1864140061038166,0.11147732807438077,1.4476219746210544,0.16136623499863112,0.7805732271188246,291700.14092541643,-0.2194209349257924,0.8247838197999235,0.9936992899136552,4.455726357059183,0.20765939287461183
10y,2006-02,2006-02-01,2016-01-29,2516,120,9.99,0.08523479706426262,0.19268461326529135,199236.18618430293,-0.536613370712452,0.4972833783859327,0.6359047643581766,2.26294103236391,0.20792398118014024,0.04481206029556861,0.06443835437196976,0.15215852714574665,172389.79481512713,-0.5518943319267758,0.4045299306825914,0.5015927440982211,1.8654115626980274,0.2075876772439717,0.3146192699229079,0.10436282867137181,0.2299805329566121,228882.40987910476,-0.5340402048487003,0.5659194768431377,0.7499162137517041,2.6942226980923873,0.2170253118278972,0.21079213356116577,0.0796545003947764,0.2770364099459003,180999.12766281643,-0.2992276996205304,0.7408041996400123,0.9801319357463367,2.1494119734386277,0.11190131980829088,1.313547070959018,0.14917488896694042,0.7314926413051966,278234.5001708885,-0.21942093492579237,0.7767116104043035,0.9360758911920116,4.007769769051405,0.20664658168683175
10y,2006-03,2006-03-01,2016-02-29,2517,120,10.0,0.08516624512853466,0.19274907337176414,195849.18914014244,-0.5366133707124516,0.49633121645958445,0.6348135850005876,2.26224786946953,0.2083925542735761,0.046335902351499536,0.06371561234530576,0.15108987303134386,171018.20429013442,-0.5518943319267754,0.40085480326325346,0.49801143648911267,1.8532584264989853,0.20801957182180242,0.3146192699229073,0.10497002523942234,0.23121445589456313,222936.8211344387,-0.5340402048486997,0.5676532074947842,0.7514054977445196,2.710122316776191,0.21752332896145524,0.22054962217620544,0.08011503057135316,0.2784999275040589,182873.27144840368,-0.2992276996205318,0.7440450766943909,0.9850212537539335,2.159243614181867,0.11200247842746412,1.3747543209510855,0.15130592759092187,0.7390977000564585,273486.5529818445,-0.21942093492579245,0.7882028296709896,0.943471611409424,4.084876637727277,0.20575098469969366
10y,2006-04,2006-04-03,2016-03-31,2516,120,9.99,0.09033627085791984,0.20168430958144035,207927.53889346065,-0.5366133707124515,0.5188550090676164,0.6633262221662412,2.3714195552029365,0.20858716846310021,0.03759143272675458,0.06894647120529762,0.16005526893670244,181350.19874097544,-0.5518943319267757,0.42423606001549635,0.5268230196250085,1.9458078937662284,0.20821802776019369,0.3146192699229077,0.11007075614977757,0.2399059049940565,237042.09797702258,-0.5340402048487003,0.5885594510535606,0.7786698583870799,2.8365259767050315,0.2176830198174484,0.18595462413318065,0.08534537585076851,0.2946380246857411,189457.40516016824,-0.2992276996205299,0.7873680586912675,1.0397022116108878,2.265244224841062,0.11197286627805773,1.118882185939992,0.14766218887653215,0.7240624558757077,269539.7325518393,-0.21942093492579262,0.7745140751867412,0.9227471694220682,3.9554081626450235,0.20512791968900942
10y,2006-05,2006-05-01,2016-04-29,2518,120,10.0,0.0881304329390229,0.19790865006571362,206726.10801011242,-0.536613370712452,0.509144452976957,0.651745986636135,2.3255112772383466,0.20858604504863412,0.03786620815021169,0.06796821284645227,0.15839088962789497,182672.7597352886,-0.5518943319267763,0.4198514192985514,0.5218061720548574,1.9291083082851084,0.2082046890791026,0.3146192699229077,0.10659823096103804,0.23403822457667306,232771.88151889364,-0.5340402048487003,0.5741535814429264,0.7603698589698198,2.7513800838872458,0.21768708832442735,0.18671844054938613,0.08562774129153272,0.29547240622976056,189421.84387092595,-0.299227699620531,0.7902622862908277,1.04445819407533,2.2726164303973424,0.11187871413230628,1.099481692417744,0.14446443911124973,0.7113522391551764,271403.1922187827,-0.2194209349257926,0.7608720219923125,0.9078011517136831,3.8508617763049897,0.20514037691684478
10y,2006-06,2006-06-01,2016-05-31,2517,120,10.0,0.09720997448258162,0.21334162350387129,211862.07264732604,-0.5366133707124524,0.5492369138613205,0.7020485031065987,2.5259097562993693,0.20843822549513752,0.03316638871854671,0.07308218567397096,0.1669873718919884,184953.75971503323,-0.5518943319267758,0.4429848127770511,0.5498609894193285,2.0228569563802745,0.20804185920685211,0.3146192699229071,0.11978623437654945,0.25616901145407234,241517.11766023425,-0.5340402048486996,0.6288879767094314,0.8316454962231324,3.095752995213632,0.21753405442513374,0.16974429565835403,0.08921070691167654,0.3063842361816936,190766.64301564905,-0.299227699620531,0.8214690621956041,1.0849259981145514,2.347887099343529,0.11160329026586222,1.0478559927730022,0.15295262309509616,0.7444881694755394,271104.63239833957,-0.21942093492579254,0.7986322723677854,0.9511503096538338,4.143608987986634,0.20454506515645293
10y,2006-07,2006-07-03,2016-06-30,2517,120,9.99,0.09601697430755118,0.21135271465385963,209796.80581875952,-0.5366133707124524,0.5438825345229941,0.6922264758321368,2.4986118026264914,0.20852791810846397,0.03276968039628225,0.07317503409802395,0.16723622419041814,184689.8200104575,-0.5518943319267761,0.4431425282740939,0.5484446472123434,2.0246058294086016,0.20827773985718587,0.314619269922908,0.11727471970197878,0.2519148554627206,237457.87334508187,-0.5340402048487007,0.6188188426676203,0.8142109247475666,3.0270973580188065,0.21740233447933685,0.1662123535736756,0.09176139621919477,0.31417203476898764,195008.5827507082,-0.29922769962052964,0.8429997694655051,1.1110455171534768,2.403385506650755,0.11151720161042344,1.0132926010738719,0.15004440009826103,0.7333840552565083,261304.18627570666,-0.2194209349257927,0.7850311962412959,0.9356965932709032,4.040389959092678,0.20498524878314536
10y,2006-08,2006-08-01,2016-07-29,2517,120,9.99,0.10396292530727891,0.22468970287286938,218022.8236273227,-0.5366133707124516,0.5791371076019782,0.7344916356918864,2.68555173484797,0.20819163068696758,0.030176991005506526,0.0765491446282498,0.17285167076846844,189726.4262043142,-0.5518943319267764,0.45845722159921454,0.5661103818234073,2.089090464248893,0.20808017164268056,0.31461926992290834,0.12999761674106236,0.27291417193220496,249523.98212696158,-0.534040204848701,0.6720302901886382,0.8805040546619712,3.3895605771235657,0.216875849813075,0.15474969441889364,0.09380447540876435,0.3203784150042992,198682.1617086778,-0.2992276996205322,0.8605670835387278,1.1320305646365156,2.4486876575035086,0.1113987485270745,1.0207119296198948,0.1601746077465689,0.7737014276179079,282971.7646189833,-0.2194209349257926,0.8267799846075319,0.9866487056702523,4.4102725067434605,0.20533430146102166
10y,2006-09,2006-09-01,2016-08-31,2517,120,10.0,0.1008324158049907,0.21932310327754193,216228.9837849629,-0.536613370712452,0.5658144064696696,0.7167397777606151,2.610450213849298,0.20800408822956656,0.03260328991526018,0.0743537213718144,0.16913801431251993,188090.86193621467,-0.5518943319267754,0.44868474256084634,0.5541482575983815,2.046925912111128,0.20804431833286782,0.3146192699229079,0.12591412290317194,0.26596706904785417,247511.78395911952,-0.5340402048487003,0.6561593432069647,0.857567336343538,3.269185089423696,0.21646740156609084,0.16328266443562522,0.09071779939888946,0.3109361968870959,195911.13667855127,-0.2992276996205308,0.8350981743258463,1.1001500440305554,2.3805376096741577,0.11141291620999122,1.0785684019318178,0.15851741281843212,0.7672993868626792,280458.7737904441,-0.2194209349257924,0.8194420076425899,0.9799864135696463,4.347753491355514,0.2054587722659556
10y,2006-10,2006-10-02,2016-09-30,2518,120,10.0,0.09803226831257361,0.21463041283486295,215504.28595471103,-0.5366133707124519,0.5533310506040499,0.7012639752106086,2.545825831453396,0.20814582728186037,0.03520661937836422,0.07146856790954836,0.16435367091399228,186127.6644188263,-0.5518943319267757,0.43549861246214794,0.5384486061552849,1.9932254378375884,0.20828047854383178,0.3146192699229079,0.12322110372822115,0.26148076100040607,248415.55241912993,-0.5340402048487003,0.6450949247325971,0.8430345119842264,3.1933904964290503,0.21646618786612618,0.1704914476778444,0.08746135930059973,0.30106895910244985,192790.0732624058,-0.2992276996205303,0.806117588778415,1.0610773493822656,2.3112628712442365,0.11175562140492751,1.1535383089885358,0.15842772310658537,0.7680602084807854,277762.72691252216,-0.2194209349257924,0.8155863724104415,0.976007654577823,4.346928805417586,0.2066347535038772
10y,2006-11,2006-11-01,2016-10-31,2517,120,10.0,0.09205794129551537,0.20444053587306302,209747.5879795813,-0.5366133707124516,0.5271832642117478,0.6688106503307931,2.409913794409367,0.20809751088957187,0.030829259156235578,0.0663054960969891,0.155619113266009,181494.06198554777,-0.5518943319267756,0.41224619232117693,0.5106641925703589,1.8988233023984733,0.20833499047595536,0.31461926992290834,0.11642645348899827,0.25002938424281473,241301.16898858457,-0.5340402048487006,0.6174377551807211,0.8069057599998515,3.004220313717453,0.21625782106593872,0.15186110605526149,0.08202697722885532,0.28433955913693343,185612.8579778743,-0.29922769962053003,0.760983215842774,1.0033448948355563,2.1977247121111807,0.11180571452871443,0.9393723330900072,0.14725571264523385,0.7236532781027731,263108.40973123146,-0.21942093492579232,0.7692988612359826,0.9211478690573569,3.9435926468074602,0.20640181188922577
10y,2006-12,2006-12-01,2016-11-30,2517,120,10.0,0.09136110399636,0.20327299093511006,213227.0549113357,-0.5366133707124522,0.5240202932125353,0.6664368420609031,2.3945985185464655,0.20815797833281666,0.03293583426026725,0.06806700369780039,0.15863688921046734,186993.91373474518,-0.5518943319267763,0.42009805420788815,0.5210427541100473,1.9303876292262063,0.20840563081120067,0.3146192699229087,0.11314911894353052,0.24456437643722298,242184.00400557235,-0.5340402048487011,0.6036396818178725,0.7912661567483228,2.917287710600004,0.21636617609018557,0.16026030586025697,0.07845856945860596,0.273332655306888,182752.2084810176,-0.2992276996205313,0.7308924757345663,0.9657291826103054,2.12639596578388,0.11190250877388208,0.9862928419074857,0.14608495320379777,0.7191350417928426,270343.36010573583,-0.21942093492579243,0.7638999876781295,0.919246787343164,3.90358055250749,0.20656275134614976
10y,2007-01,2007-01-03,2016-12-30,2518,120,9.99,0.0933467819280498,0.20665398739996715,214681.73137616957,-0.5366133707124512,0.5327889547847067,0.6770779680097408,2.4393364625358287,0.2081373717566562,0.03362711075678115,0.06876469740534574,0.15982021757636294,189519.3258929501,-0.5518943319267763,0.42323331041448575,0.5248636571744768,1.9435323683170043,0.20840484441387191,0.3146192699229082,0.11647501978683139,0.2501360610665562,242220.01930327425,-0.5340402048487005,0.6175166841613418,0.8082456574865066,3.0068402232632994,0.21632243584390168,0.16325301715452634,0.07985303824052226,0.27768118757026944,183617.00152723244,-0.2992276996205294,0.7420102502503119,0.9804344635746566,2.1546748701718683,0.11197945440311462,1.0378200066528058,0.15010213054361254,0.7351173395466001,273741.6676302256,-0.21942093492579234,0.7807697013158681,0.9386798003288405,4.044660229916105,0.2065911800261068
10y,2007-02,2007-02-01,2017-01-31,2518,120,10.0,0.09509146882064634,0.20957740459785795,222022.7902330208,-0.5366133707124524,0.5406554600465661,0.6861582828067069,2.478511042624973,0.2080105461188494,0.03489350256637391,0.06906502224151323,0.16031580006883048,193065.3464533082,-0.5518943319267761,0.4246189373509298,0.5265906227996102,1.9489962949655015,0.2083689011335143,0.3146192699229086,0.11974905577105499,0.25549891636943506,254313.51844054132,-0.5340402048487009,0.6316452909136072,0.8245568393962386,3.096115845959799,0.21601790688441397,0.16948085398658996,0.08083430595400465,0.2807047923677466,185322.12654295136,-0.2992276996205313,0.7503182188454465,0.9913555413745245,2.1743190904400134,0.11194536822244115,1.1109566250619278,0.1546425583374289,0.7526667293066516,291910.35174958117,-0.21942093492579223,0.8011261449001972,0.9612954159564828,4.207072471021727,0.2061483556407685
10y,2007-03,2007-03-01,2017-02-28,2518,120,10.0,0.10157817655567758,0.22040737002934685,229641.72042044488,-0.5366133707124522,0.5698459743171256,0.723439803330268,2.6291767310706193,0.20755352690355935,0.040820080222286004,0.07532648835520162,0.1707438614774317,199407.86785574685,-0.5518943319267757,0.45312470026638324,0.5619996993909739,2.0661084708130115,0.20796166994491275,0.314619269922908,0.1264654557585474,0.2664865170633795,263478.73336777027,-0.5340402048487007,0.6604156870297714,0.8619112207923921,3.2867624928533288,0.21549232847875774,0.19997678244073747,0.08383731022995833,0.289909721546426,190003.50537066866,-0.29922769962053064,0.7762194181574279,1.0259193478635216,2.2354423736785947,0.11175837275739443,1.4039400116534533,0.1672855359808334,0.8003216525086094,310187.6948014015,-0.21942093492579273,0.8603924694705088,1.0450312195770373,4.690702504506782,0.2041014205329626
10y,2007-04,2007-04-02,2017-03-31,2519,120,10.0,0.10178546105164354,0.22063190306137348,228321.81126961266,-0.5366133707124522,0.5713268879203443,0.7237160148801313,2.6351377364645288,0.20722642622234402,0.040034108961289894,0.07419093307295732,0.16872500689268374,197104.14331169744,-0.5518943319267755,0.4483608854312824,0.5558084584830777,2.044991389915517,0.20768621435120702,0.31461926992290745,0.1280847612657936,0.2690240961525702,263480.31660556135,-0.5340402048487001,0.667888981417219,0.8686891345693701,3.3358738635292102,0.21511012670653262,0.2000061196513977,0.08359026970221906,0.28909988036518647,187463.50557012073,-0.2992276996205306,0.7749389401476038,1.0233438251441456,2.2310669969657146,0.1116303332824755,1.3913110582874726,0.1681188702270835,0.8024358173460759,305290.3137996678,-0.2194209349257926,0.8678951010686167,1.051641716767692,4.727184921816683,0.20287154178336367
10y,2007-05,2007-05-01,2017-04-28,2518,120,9.99,0.09847389874705703,0.215012071895076,229769.57536913358,-0.5366133707124522,0.5568277457914708,0.706021276386488,2.556075580597158,0.20720654370318228,0.03712685625420775,0.0706297136570273,0.1627116363318294,197013.71194288039,-0.5518943319267762,0.4323491206788081,0.5368400071140998,1.9776876035627322,0.20770165945770394,0.3146192699229078,0.12504758085223933,0.263944688390712,267008.8898631571,-0.5340402048487003,0.6554926636262486,0.8527405423397435,3.245658206986629,0.21503989789468286,0.1879625905664687,0.08174167555953193,0.2833895715310963,188468.85405106525,-0.2992276996205313,0.7596732616465677,1.003806798907785,2.1926271943307007,0.11162431780460583,1.243812678013494,0.16217443710644708,0.7789574422814012,308421.58759855264,-0.21942093492579248,0.8434552541927173,1.0225106988272221,4.489470885000123,0.20264213116601967
10y,2007-06,2007-06-01,2017-05-31,2518,120,10.0,0.09780369985554427,0.21386545287497,235044.8048684423,-0.5366133707124521,0.5539230081742113,0.701127671266457,2.540535551617286,0.20718233374066533,0.035383399370574775,0.0685591260129721,0.15919630513452318,199740.66878135054,-0.5518943319267762,0.42304497099833077,0.5250753615497288,1.939800279269673,0.2076836849285594,0.31461926992290745,0.12585536386618612,0.26527325721679046,275499.3932658046,-0.5340402048487,0.6589216790537531,0.8549028416523577,3.269018816993818,0.2149976076494819,0.181066622371315,0.08231880720127482,0.28516022878935826,191277.87429238443,-0.2992276996205312,0.7646486082279927,1.0094808866916019,2.204344109605323,0.11159091688095,1.1844661983691176,0.1612387632367609,0.775142402211488,321742.2479659473,-0.21942093492579248,0.8399883014250681,1.0141287090329731,4.4534850153629355,0.2024819516001816
10y,2007-07,2007-07-02,2017-06-30,2519,120,10.0,0.09738440285678629,0.21309965880437293,232894.83662373124,-0.5366133707124524,0.5523104411430018,0.6987182358056533,2.5317899919648976,0.20704320919958952,0.03809115374565342,0.07078717989449257,0.16284065305462472,201672.08081235236,-0.5518943319267764,0.43345588632247717,0.5369497194860976,1.9811335806601063,0.20733559345700314,0.31461926992290845,0.12262839841801099,0.2599681030169013,267690.3080614799,-0.5340402048487007,0.6452119848689051,0.8372587735302851,3.178051214728728,0.2151748917334238,0.19396347085078647,0.08443483464669854,0.29154042165738353,192023.46223320684,-0.2992276996205312,0.7845690708656012,1.0348597367896184,2.248510401095945,0.11119093647509141,1.258200160406961,0.1607195521636644,0.7726925016377063,316201.16447023355,-0.2194209349257923,0.8391754557196915,1.0130630314120672,4.436251375135689,0.2020374999815624
10y,2007-08,2007-08-01,2017-07-31,2518,120,10.0,0.1025660730276623,0.22174446782130391,237738.87232405646,-0.5366133707124523,0.5757029277012667,0.7270278761341218,2.652831724064985,0.2066882772153861,0.04426043291754933,0.07642031993180343,0.17216841060982366,204500.917273843,-0.5518943319267761,0.45935648681456187,0.5677601121575379,2.087204730305501,0.20685191714896087,0.31461926992290756,0.12732788846522292,0.2677014228113356,275036.56454194896,-0.5340402048487002,0.6651128252028118,0.8624044969264811,3.3119930158843562,0.21494597196026188,0.22496848987408447,0.08610534907571754,0.2966281137176486,192252.14739799945,-0.2992276996205325,0.7993839659651679,1.05276987782003,2.2826263587742446,0.11103468657060513,1.5543700285791493,0.17158832138277225,0.8138995470859647,328370.03059667,-0.21942093492579265,0.8900813150768963,1.0765353000571916,4.8663630444635055,0.20064076903114525
10y,2007-09,2007-09-04,2017-08-31,2518,120,9.99,0.1016155126314664,0.21983821103962337,236998.18369523904,-0.5366133707124517,0.5728978114713594,0.7219385998414574,2.630067273245573,0.20591477411022563,0.04471439381744147,0.07536105454905262,0.17005051184997608,202733.13678113685,-0.5518943319267754,0.45565816869669956,0.5621559971697022,2.0667721868135147,0.2059656121159505,0.3146192699229077,0.12650694784109962,0.2660592441420046,275692.6098744384,-0.5340402048487001,0.6631638435247622,0.8573676430254243,3.2879723742122304,0.2142552472225983,0.22826064176465277,0.08609517115412202,0.296396537322534,193191.96458996763,-0.29922769962053075,0.8026577605067172,1.0566831618109345,2.2824126320331932,0.11049547939650228,1.5631811614836848,0.17122134165854108,0.8117023630016623,326134.113279724,-0.21942093492579237,0.891424485289415,1.0747243584299162,4.851153535695915,0.19979762089828082
10y,2007-10,2007-10-01,2017-09-29,2519,120,10.0,0.09760232524621837,0.21290071774437597,235816.97522964646,-0.5366133707124523,0.5557640485820206,0.6993365387897884,2.5368202044632358,0.20556452341132223,0.04414643866345003,0.07339147089820419,0.16658813037891865,205526.25573353952,-0.5518943319267754,0.4472010408002188,0.5499823151793976,2.0298284943880605,0.20558772573044262,0.3146192699229076,0.12036915028054285,0.25569554012904855,269097.1436388402,-0.5340402048487001,0.6382889176942055,0.8249350116314932,3.114695111562936,0.21393399578783842,0.22589334741139122,0.08374454778844242,0.28906865092300893,192139.3874272178,-0.2992276996205306,0.7844475019376759,1.031831231528759,2.234244291892809,0.11026531059687704,1.4687346997141093,0.16451558894399287,0.785109676765488,320024.95378204086,-0.21942093492579245,0.8641822651055967,1.040438178518929,4.583429811277045,0.19934394195664273
10y,2007-11,2007-11-01,2017-10-31,2518,120,10.0,0.09690850582028077,0.2137311129373472,245927.58094992966,-0.5312101254510638,0.5533135945784128,0.6948152956468332,2.5199111545738155,0.20519309922748327,0.04475169356712572,0.0744765967024621,0.17234880796157678,211368.9358982657,-0.5389296102549873,0.45249866924843957,0.5551507583577303,2.049849659949103,0.20526883771153662,0.3116366893822531,0.11784239844445032,0.25268140515765514,284696.42651608604,-0.5310576243080458,0.628669226258784,0.8106994150611815,3.0438399013841946,0.21344831451095417,0.23163346367218163,0.08358362898808047,0.28852843321707106,194047.69839678457,-0.2992276996205304,0.7838258963736965,1.029207232123204,2.2302197835512176,0.11014652583703186,1.4618556774169948,0.16259409201157604,0.7763608218374464,348698.5350417867,-0.2194209349257927,0.8603026899309656,1.0347949529223335,4.505695578801189,0.19801148986410685
10y,2007-12,2007-12-03,2017-11-30,2518,120,9.99,0.10565233166895727,0.232203706800093,251254.55698115288,-0.5219095226407887,0.594731325499612,0.7429374568582606,2.7279705778295282,0.20377155292711624,0.0530306319455478,0.08198823335500638,0.18478257114127672,217516.85253644479,-0.5389296102549879,0.4882649151599793,0.5961167580653952,2.197625930895561,0.20395649155838694,0.2926730363861608,0.12790211212778702,0.2788430649359227,288729.57785195357,-0.5120939713119536,0.6743067110452877,0.8659425664844839,3.328888484145003,0.2117639497825542,0.2727830864363896,0.0860589208035969,0.2959570580469876,197710.1009085592,-0.29922769962053114,0.8080021971406516,1.0551689274821083,2.2816515551969374,0.1096018673949774,1.939507744992166,0.18093274407333482,0.8458815712197039,360924.58073358116,-0.21942093492579273,0.9470897974816773,1.1415371522661992,5.268396229137169,0.19597310169220433
10y,2008-01,2008-01-02,2017-12-29,2518,120,9.99,0.10731564284582107,0.24390849923382452,258043.6313207034,-0.5025440169322781,0.6032483664993249,0.7517868834477155,2.7692552707291407,0.20319119582568623,0.0539782460564,0.08452293944421996,0.19627205148539317,222320.554956002,-0.5187373078593668,0.5005352681169771,0.6098020127444073,2.2496126856077843,0.2034095139361361,0.27455233089258746,0.12865971299955592,0.29016930320053397,298316.9679677759,-0.49397326581837986,0.678830350102153,0.8698617174218592,3.3512981508466595,0.21115125203320934,0.2783876889544862,0.0885562246458993,0.31243259310525395,201073.34658258953,-0.29075966976098744,0.8297629771911808,1.080761109295998,2.3346199282973994,0.10948041801209703,1.99360641347684,0.18263795905595592,0.8518240190101736,367640.658045223,-0.21942093492579237,0.9572180390566392,1.153020815899631,5.3449045643235,0.1952617011142628
10y,2008-02,2008-02-01,2018-01-31,2518,120,10.0,0.12559245653892104,0.27886596861985247,277642.0374779035,-0.49752566368725126,0.6862915948071749,0.853323797492426,3.2613991363203656,0.20216330371401742,0.049767838296589595,0.09731794708743857,0.2202115344355463,235188.9089089557,-0.5148144842137643,0.5597559973632464,0.6790326490354798,2.5293255097738028,0.20253126014260212,0.27424734699463227,0.15269248372330235,0.3324456334888811,326654.3151320943,-0.4936682819204249,0.7824532315451554,1.0027346279242209,4.136612344056133,0.20974782657911734,0.25795509202825195,0.09379245698577376,0.3329491413843629,204954.94738326644,-0.2871250404115589,0.8765103401618646,1.1382886660945102,2.4492901351976544,0.1090666376592032,2.174008172559331,0.20246032201989195,0.9280405471173513,413236.7990828948,-0.2194209349257926,1.0404083235734074,1.2537518543715034,6.310620516615464,0.19572269837109374
10y,2008-03,2008-03-03,2018-02-28,2517,120,9.99,0.12708043725021323,0.2818796232131265,268841.3176830804,-0.4975256636872516,0.6907555781525222,0.8576355678163669,3.303167577836705,0.20302745436252845,0.03809780552017461,0.0961664136868976,0.21848989445833697,226060.0501589316,-0.5148144842137646,0.5532125650735215,0.6692120511275056,2.5020166321111614,0.20332467015918174,0.2742473469946318,0.1569776476353686,0.3403154244850562,318472.12817611283,-0.4936682819204246,0.7978969586821271,1.0209604860998502,4.290380574645589,0.21055717669866206,0.19020957456877452,0.09197270681388026,0.32738822955243513,196945.8355308692,-0.28712504041155884,0.8569568945617164,1.1089492568997406,2.4080357688521623,0.10969205013349927,1.6393080402097793,0.1950754531555432,0.9047371195627533,388134.5959775573,-0.21942093492579276,0.9881065332509016,1.1757630924914075,5.929688614855368,0.2009077543323155
10y,2008-04,2008-04-01,2018-03-29,2518,120,9.99,0.12257666852429439,0.27359620523400613,254172.24141815768,-0.4975256636872517,0.6724038349980445,0.8309039251795127,3.175130478465015,0.202439555675286,0.03747550165470459,0.09406475763234323,0.21450134577718447,216498.8065744848,-0.5148144842137639,0.5449192010863321,0.6563781706800464,2.455389650415276,0.20265096085675305,0.2742473469946325,0.14996593677869363,0.32777853757144637,297092.61151406576,-0.49366828192042495,0.7704411079694391,0.9812433045970073,4.039876938572786,0.21002756189861044,0.17202517665519435,0.09092400105307008,0.3239389606289966,194118.86793505127,-0.28712504041155934,0.8500331454524743,1.0947016272035308,2.3858602957965296,0.10942042396707864,1.5259518786053397,0.18744143843339822,0.8789687868813508,359526.4855130292,-0.21942093492579245,0.9424662846246334,1.120919102144258,5.565828817178126,0.20463772140656444
10y,2008-05,2008-05-01,2018-04-30,2517,120,10.0,0.11627341283690251,0.2622534590634429,251836.6579265052,-0.497525663687252,0.6447240210865168,0.795728152322863,3.0001095396198845,0.20237779578141066,0.0463777536057246,0.0895775204933904,0.20650011942658186,215932.00699957702,-0.5148144842137644,0.5247184499375276,0.6314860307927044,2.3557966310213954,0.20260246706654503,0.2742473469946317,0.1417975571748562,0.3132597449351328,292242.26210248907,-0.4936682819204246,0.7369607145539468,0.9361908717427879,3.7601529470521573,0.20984347879460413,0.20335087792491124,0.0883967287466152,0.31590979050971846,192310.60536069216,-0.28712504041155856,0.8279562220037164,1.066237810474294,2.3304207301358804,0.10955363213165485,1.8363122073283122,0.1881753107805808,0.8831436175135865,357001.2176670943,-0.21942093492579293,0.9403115924788581,1.122182012581749,5.5964651543804695,0.20608083509609074
10y,2008-06,2008-06-02,2018-05-31,2518,120,9.99,0.11658761315310695,0.26298546527607347,266845.137121343,-0.49692682853109504,0.6469321753813998,0.7980472234182607,3.009871504645323,0.20200654439913793,0.05364627571185343,0.09052388221697694,0.21129662152888146,224769.6725522776,-0.506991251084274,0.5294200669603613,0.6372250943490938,2.37713101130589,0.2023450662039765,0.2742473469946325,0.1414588042370486,0.3124436662610665,315274.81220223795,-0.49366828192042483,0.7368272225135565,0.9345654838241404,3.7509941651505194,0.209334730323677,0.23037111325467763,0.09099343473412214,0.33967379578983664,197851.93134615748,-0.2740076916375162,0.850719577263195,1.0933445659990049,2.3873780455407076,0.10940530250114519,2.1843593385237643,0.19510507994890203,0.9100087416552055,381266.22039008077,-0.21942093492579237,0.9671983357682341,1.1602687141668775,5.935353503674284,0.20644676639774157
10y,2008-07,2008-07-01,2018-06-29,2518,120,9.99,0.1281142091777383,0.3022600312764456,267589.3638326107,-0.46579790218198025,0.6998139003706157,0.8624491732725292,3.335148635835065,0.20118504134808662,0.04743320182597155,0.10072212670885694,0.24658498636206463,225432.5062989643,-0.47165198098843114,0.5766604722016808,0.6929487305623019,2.608832475834671,0.20168245077668093,0.25048086647832624,0.1543808889216869,0.35173706329812454,316085.3680671802,-0.4699018014041185,0.7935944855828518,1.0061960118112108,4.197555513784977,0.20826994474765365,0.1989843838422748,0.09617842680894784,0.37556389527683054,198352.4382185231,-0.2603631379201495,0.8962525786645722,1.1496993406820388,2.503202532999722,0.1091020506847388,2.079258883111997,0.20181409074765844,0.9359798755008604,382325.8187768511,-0.21942093492579232,0.9925788694251266,1.189246657962915,6.276814396896974,0.20690907864386837
10y,2008-08,2008-08-01,2018-07-31,2517,120,10.0,0.13190914257927155,0.30918191791721333,273516.82325138105,-0.4657979021819808,0.7182550691408566,0.8829149853472972,3.4472681272210504,0.20050855879194138,0.05145930929697995,0.10577926370885082,0.25596071493283296,231700.49556411395,-0.4716519809884306,0.6010143892091129,0.7196076755727384,2.730011978915585,0.20086770037594162,0.2504808664783258,0.15689743840982273,0.35604928256001084,321334.6724172488,-0.4699018014041185,0.8061554986844144,1.0215212871973731,4.287410669742218,0.20753837136461586,0.20913680235506105,0.09865479007519329,0.384085693799265,199401.61893572108,-0.2603631379201491,0.919580298055451,1.176541764185034,2.5593288486511043,0.10874717159477904,2.334345763530483,0.20835674770680268,0.9615987756869675,399139.13708311704,-0.2194209349257927,1.0152923010394754,1.2226311151839637,6.621756433272701,0.20781690373177408
10y,2008-09,2008-09-02,2018-08-31,2519,120,9.99,0.13507233950194375,0.3287766653594793,294659.13161300385,-0.44606556233270045,0.7342253328504404,0.8980305479042947,3.548273254729288,0.19974242450351357,0.055870326287398964,0.10747169838297377,0.26520684843593306,243911.29589060828,-0.4604238447713875,0.6101327830012807,0.7277115822657684,2.7742809679743403,0.20013275834142255,0.21905962940310156,0.1616089753528711,0.39044909476512424,354801.1706549209,-0.43848056432889415,0.8282382606520976,1.0441954674922487,4.470348854638576,0.20670904442342844,0.22181081612153564,0.09896639111250027,0.392182789102469,205891.97625323746,-0.2556030232692893,0.9251276695449809,1.1788566974369197,2.5685112520116875,0.10835597060682144,2.6791686174318254,0.21747930164027007,0.9962463130439964,427123.24512753735,-0.2194209349257926,1.0500490767736332,1.2691428785506549,7.149517472070402,0.20817817210615208
10y,2008-10,2008-10-01,2018-09-28,2517,120,9.99,0.15068074153920374,0.4315084546902712,309132.4431312863,-0.3695090890060906,0.8158895610243587,1.0152680886824197,4.062775198344954,0.19542632190420645,0.03631419502355726,0.11924761881804646,0.3226283269186823,256706.72008341542,-0.4083840994187899,0.6738805795051197,0.8151915668140989,3.0809123032737347,0.19551873543000062,0.11668337941291776,0.18127509329011038,0.5567804555397398,371099.1682325909,-0.33610431433871046,0.9237159283373589,1.1871382526962462,5.280185125743013,0.2025907614078008,0.12489436027506062,0.10355862779400526,0.4714689899616911,209372.07268167878,-0.22106790428465484,0.9774928377995362,1.2642307774504147,2.6757444652388074,0.10662652197090448,1.8646188937799897,0.21758928831366764,0.9970996067439302,422855.6102209105,-0.2194209349257927,1.0486102886124196,1.2744145188268146,7.1448040195230025,0.20864236246947515
10y,2008-11,2008-11-03,2018-10-31,2517,120,9.99,0.16142173253662384,0.6000947889643388,292298.05536652065,-0.2767493210965805,0.918265520218982,1.141363737274125,4.45785351127293,0.18085817422380385,0.012074925614674159,0.13152192449904598,0.440896437691232,242659.85677278318,-0.3161744065927177,0.7851538841083636,0.9501876293092262,3.43550739891834,0.1775450295507027,0.023245889273131204,0.1905605651605684,0.7943050392627157,351426.94048209954,-0.24266682419892371,1.0090710360469148,1.300325512417847,5.709697896091755,0.1910187434159224,-0.030009474067556385,0.10932453745075077,0.5377800228925722,196046.00584154794,-0.20146750171053698,1.1327275102964234,1.5065407008748766,2.818706010738349,0.09564983343050355,0.6054886600996525,0.20263549077524257,0.9434588697603519,370237.2464514597,-0.2194209349257925,0.9790615619793585,1.1879322030280361,6.315186556191407,0.2114418901793352
10y,2008-12,2008-12-01,2018-11-30,2519,120,10.0,0.17349947407505595,0.77438446442902,290197.9929315132,-0.22604849370828636,1.0112126003922812,1.2859479705951213,4.949408127919979,0.17310745699506833,-0.001997544347614344,0.1417038565684101,0.5405806604314347,244461.98071478028,-0.2713166219445831,0.8740356029440797,1.0860870282633048,3.7610256374729496,0.1678061147426879,-0.03656378765450943,0.2046625632886263,1.112498843110164,343685.9272237911,-0.18285714727128322,1.0986818672278067,1.4390021152705947,6.431810605077088,0.18515675088642153,-0.11919814462550382,0.10932388707366436,0.5356188468258221,194943.87951864072,-0.20146750171053757,1.1859738250860272,1.6106437496651018,2.821011421525987,0.09098834110546242,-0.10581687752115876,0.20266501894101197,0.9434893928185284,367189.2609713999,-0.21942093492579265,0.9794837226023029,1.1879706353592228,6.325993727555929,0.21135759572889426
10y,2009-01,2009-01-02,2018-12-31,2516,120,9.99,0.1611505596656797,0.7257247869347963,267691.3230728675,-0.22604849370828617,0.9605737686157247,1.2353952635367575,4.444832316397921,0.1707822973031913,0.008315916776563181,0.13028748683393987,0.5015372688716917,227641.43422973886,-0.2713166219445835,0.8262776595234562,1.0441176947042605,3.3966040876008337,0.16468483203098971,0.008496558775144103,0.1913650812790848,0.8425092307707602,313443.88613364176,-0.2279174937009364,1.045915325031046,1.3773454901936553,5.744359440488609,0.18359286617344064,-0.0792105828250812,0.09926734935521231,0.48963533793137953,193803.71669297168,-0.20146750171053698,1.104953290878122,1.504723228145079,2.5726508700313,0.08927581744549083,0.41311741465394114,0.19968099805564798,0.9324326538121505,354176.93519139657,-0.2194209349257923,0.9667047422059648,1.1786104951574075,6.1574768551425505,0.21164191683587386
10y,2009-02,2009-02-02,2019-01-31,2517,120,9.99,0.177005906905654,0.8466489374853778,296961.9566091462,-0.2093270450527016,1.0518875087098951,1.363244952312944,5.092649898961647,0.16848429020531488,-0.003901746303335063,0.14879461187674825,0.6965713504136667,253874.00839668233,-0.21802501941807764,0.9378842768134557,1.1973213268199798,3.9967476498838277,0.16192827404678098,0.008496558775142937,0.20440288299334064,0.8888438314763705,345380.87000365165,-0.22791749370093553,1.1143821255513404,1.4737942806051751,6.408498622366633,0.18178957981886432,-0.14427802313538052,0.11620363126340227,0.8738523483931253,206722.0428841018,-0.13020830289584986,1.3002502060397911,1.8288065840507985,2.9982368407088815,0.08750841240961874,-0.20436756356453678,0.20050113669000558,0.9355044361768793,351997.785292273,-0.2194209349257926,0.9701041024159599,1.1828022154080136,6.204131058802096,0.2115950829420802
10y,2009-03,2009-03-02,2019-02-28,2517,120,9.99,0.1905683582572406,0.8995102133443483,292681.769683073,-0.20932704505270155,1.1334549575861488,1.478682770914572,5.710071203966026,0.1661220092548639,-0.014091740288201704,0.16566051039811258,0.8579803510300494,252101.27566829618,-0.1934887810225565,1.0427931007249909,1.342274454604326,4.623047061874091,0.15919703740530408,0.008496558775143381,0.21452105852826375,0.9239047614414028,337852.75494736695,-0.22791749370093606,1.171805114504106,1.5568085805028036,6.966997780507178,0.17970057908067605,-0.20194846701676827,0.12584982999580863,1.1080681471272285,203526.50849839902,-0.11033361257197151,1.422211177227006,2.020427193053345,3.2673209923037434,0.0859627343717352,-0.7665728490057582,0.20042931824006205,0.9352220016502485,349000.2029668675,-0.21942093492579268,0.9698566474873377,1.1817354581616692,6.20042493150142,0.21158517240347924
10y,2009-04,2009-04-01,2019-03-29,2516,120,9.99,0.18339129679097899,0.8668815822602783,286367.8514530744,-0.2093270450527018,1.125187370672334,1.44830775847227,5.371838428543945,0.16127248203712571,-0.0008636230216361174,0.1585053248863244,0.82152987972019,246077.93775244197,-0.19348878102255548,1.0362292412209522,1.3211712237140836,4.344762971016176,0.15339927564037184,0.008496558775143659,0.20737481519682577,0.8949146541479597,331294.74475644383,-0.2279174937009364,1.1610691506245572,1.520687869508022,6.563296812912249,0.17567145328073389,-0.1712198166037212,0.12201766748243537,1.0745062923529793,206869.7511567144,-0.11033361257197166,1.437793587326559,2.0052108089174627,3.156481937855114,0.08245561950728934,-0.04672176174680143,0.20651119217518965,0.9593040178654552,362512.46427045664,-0.21942093492579273,0.989849334020836,1.2088665551623985,6.516575051165447,0.21264992281509865
10y,2009-05,2009-05-01,2019-04-30,2516,120,10.0,0.17605860783633553,0.8357234751831883,292648.62718874024,-0.20932704505270108,1.0976139416711441,1.4068802232528226,5.0486089111067685,0.15938165405854945,0.017622823793048692,0.1521783819512461,0.7914260001367726,249180.65913557968,-0.19348878102255598,1.01325757079378,1.2871417615487668,4.113587319026126,0.15112845583384943,0.008496558775143465,0.19903299580780343,0.863237814051626,341927.85125916474,-0.22791749370093578,1.130369734002443,1.4739645143208486,6.124350771440274,0.17405543790514813,-0.10221642533337949,0.1205012729200019,1.0614480294361779,207462.74771539468,-0.11033361257197172,1.4390353265129454,2.002770698444212,3.114147790260965,0.08138326661436586,0.9604152055648809,0.21665581960085212,0.9977721675469372,385853.92096452025,-0.21942093492579232,1.0281533086690635,1.2568599790271036,7.084765977005155,0.21293721471313373
10y,2009-06,2009-06-01,2019-05-31,2518,120,10.0,0.16183847784065764,0.7770507947617538,267514.8463653685,-0.20932704505270158,1.0250565140474845,1.3088038026085433,4.476519945855507,0.15868173558652812,0.012100824547034428,0.1379879555004726,0.7263271048531793,231493.25037064738,-0.19348878102255604,0.9381247921295637,1.1846801340228785,3.6385732130704396,0.14980538551024092,0.008496558775143243,0.18485477405745443,0.8107291121208907,307411.3393369708,-0.22791749370093597,1.0639524318384979,1.385059991571306,5.4458613954289445,0.1736725644638848,-0.11889077803165993,0.11674737244237443,1.0299114656233685,203225.6926711425,-0.11033361257197132,1.422845411803565,1.985886756952484,3.0141773243981698,0.07986380789426754,0.581965019774823,0.19695559860448886,0.9251617432666814,330613.11830054194,-0.21942093492579273,0.9450616538068379,1.156182904778655,6.0278264152037675,0.2148006469709571
10y,2009-07,2009-07-01,2019-06-28,2516,120,9.99,0.16851291711049177,0.8041078397101816,277055.95461132564,-0.2093270450527016,1.0635976549805959,1.35935625685734,4.7343638088858455,0.1582567592190814,0.012753319062336788,0.14587425875669346,0.7614879077254625,239897.94458213105,-0.19348878102255604,0.988208800054638,1.248978331554201,3.8943138774707204,0.14909740433506563,0.008496558775143465,0.19025480230401337,0.830579811480673,318158.9192094799,-0.22791749370093628,1.090931485674148,1.420190549066269,5.691133718885134,0.17352480099544446,-0.12201790434917281,0.12140169862220263,1.0673308154683798,207944.22726628574,-0.11033361257197162,1.4821061428747218,2.0637733913928744,3.139223490928612,0.07945616125144749,0.6389796504041101,0.20300812136635016,0.9480680415737255,332578.87376435735,-0.21942093492579282,0.9689135813249753,1.1832055821314553,6.330113369289244,0.21470023752882042
10y,2009-08,2009-08-03,2019-07-31,2516,120,9.99,0.16180042139067652,0.7759604582845121,277600.1447966721,-0.20932704505270164,1.031654880814111,1.3186382011679207,4.469731780694788,0.15744558847262843,0.01169915912195929,0.13935700961611608,0.731256174986264,238897.90648988233,-0.19348878102255584,0.9551497203700879,1.2059668186051966,3.678738549486468,0.1481337039584606,0.00849655877514327,0.18336812617676923,0.8045418134870098,320893.5315381816,-0.22791749370093592,1.061270374344521,1.381128469332869,5.370788392963358,0.17278269340253707,-0.12140995486790862,0.1173120631727127,1.0338557255579495,206695.7554022695,-0.11033361257197162,1.4444006909904115,2.011447973890526,3.026775448438896,0.07897326399145475,0.5543040194571427,0.19506728529872852,0.9173462221133685,333993.75204433186,-0.21942093492579265,0.9398604194766125,1.1491665606911177,5.925092412420501,0.21416474354654738
10y,2009-09,2009-09-01,2019-08-30,2517,120,9.99,0.1566872594424713,0.7555388902926844,266406.15211177716,-0.20932704505270183,0.9989994737580176,1.273311831707703,4.279637151918444,0.15831311975813323,0.006611365829024107,0.13325042514141816,0.7040453569524984,230647.71718515127,-0.1934887810225558,0.9150186564108226,1.1520349554063283,3.4882866813081437,0.14887661245692374,0.00849655877514377,0.17929460415764464,0.790130524117207,306034.02779724327,-0.2279174937009364,1.0365769200720234,1.3456989961054362,5.192427816315844,0.17373005829696503,-0.13813039902032276,0.11746728932920147,1.0352196445513628,210316.7155025241,-0.11033361257197111,1.443644253698002,2.0087432538686216,3.032312586029314,0.07911888465336381,0.2981873190181883,0.18590596998666875,0.883976284058522,310958.80185226264,-0.21942093492579262,0.8984465210517006,1.0922474603125274,5.490615135334032,0.21588697619230632
10y,2009-10,2009-10-01,2019-09-30,2516,120,10.0,0.1532051404053827,0.7409562744556064,270239.87594603375,-0.20932704505270155,0.9811186402368579,1.2507403411351676,4.150334035668455,0.15808708660107246,0.003932271756660555,0.13154043533564908,0.695927509042487,234845.01277226166,-0.19348878102255565,0.9069177343438034,1.140304893318028,3.4343841708940777,0.14847450910431567,0.008496558775143381,0.17397357019994097,0.770235784163881,309351.46899546817,-0.22791749370093595,1.010782629686343,1.3139887260775398,4.959952408555417,0.17367750921865566,-0.14158670380882954,0.11417353053821988,1.0082460663109662,210524.1208127868,-0.1103336125719715,1.4112315658915944,1.9604686391419057,2.942951356847945,0.07882719855921487,0.1683900413686521,0.17790584195660153,0.8524177968126141,318776.5720492346,-0.21942093492579257,0.8691959258775134,1.0569064340488126,5.1283424499240695,0.21518544249408436
10y,2009-11,2009-11-02,2019-10-31,2517,120,9.99,0.15980232650234139,0.7677484856182301,271325.432594087,-0.209327045052701,1.020624666688886,1.3029692125233998,4.3961578701081505,0.15746290196917131,0.0076429409273446325,0.13617047372140867,0.7164125512752042,233869.06630005423,-0.1934887810225553,0.9387901066112887,1.179972344800204,3.5791091808677065,0.1476557861861806,0.008496558775144547,0.18261368452551463,0.8020588918052448,313169.32319614943,-0.2279174937009369,1.055461819928658,1.3761274797843743,5.340252888522685,0.17319740891542484,-0.13229329015782731,0.11750490818688109,1.0350805629509696,208468.95371014773,-0.11033361257197219,1.4548833684019233,2.0232861704240834,3.0333323346648595,0.07849713612360254,0.35490269270241637,0.19025662545285926,0.8983265342976713,321012.8445252747,-0.21942093492579234,0.9231685297708307,1.1276559198801492,5.695155581225102,0.2135164291975738
10y,2009-12,2009-12-01,2019-11-29,2517,120,9.99,0.15713959555658952,0.7563759526018874,276359.2570976066,-0.2093270450527015,1.0088139275200674,1.2839346808183725,4.296382659240188,0.15694662691294553,0.003617392938009667,0.13341820200291243,0.7034573597251502,239214.32425624644,-0.19348878102255562,0.9252350181405437,1.1596786209918446,3.4934483484069974,0.14710976602259274,0.008496558775143909,0.1800523490843784,0.792167271795707,317528.1235799067,-0.22791749370093617,1.0454243793570475,1.3588630396438317,5.225847957159121,0.17270381554582284,-0.14379839561068897,0.11515199554581179,1.015703682666805,212188.7339963956,-0.11033361257197165,1.4345177804271445,1.9869448249161823,2.9701416238058758,0.0781212043101446,0.16222747641427926,0.18366974202238806,0.871692721781387,332243.28335026384,-0.21942093492579226,0.9016259837463585,1.0966831219782227,5.3880754335734,0.21213633527567796
10y,2010-01,2010-01-04,2019-12-31,2516,120,9.99,0.1570354176765587,0.7558622539116421,288235.69190605514,-0.20932704505270103,1.008844284296906,1.282214725575531,4.290036920146413,0.1568353159560877,0.005602886902168258,0.13457866673407493,0.7086547491580508,247189.1864026918,-0.19348878102255582,0.9328560071867593,1.1676851971983875,3.5275708308407268,0.14698596838534944,0.008496558775143798,0.17864173911168968,0.7868113924210975,334450.12669618166,-0.22791749370093659,1.0391899226636379,1.3481308559953171,5.160420856698704,0.17256526133000719,-0.1340940594469564,0.11731867590389822,1.0333159908501939,212434.80730779388,-0.11033361257197133,1.4590781693476416,2.0211264621899674,3.026954306379348,0.07813802481183169,0.2502172802030769,0.18424462601385794,0.8735587316459146,362595.78686187876,-0.2194209349257928,0.9050958632166815,1.0989773142960035,5.410638136901781,0.21177543882381938
10y,2010-02,2010-02-01,2020-01-31,2518,120,10.0,0.16464534952583576,0.7868807089567303,286438.2697947492,-0.20932704505270117,1.0530763767842501,1.3375236110238757,4.585763169005327,0.1564135491462393,0.009767709049213424,0.13862969394951397,0.7268003443359256,242903.4229994027,-0.19348878102255582,0.9591798008767884,1.1996759849320513,3.6591277678602006,0.14661246258916624,0.00849655877514266,0.18996245028529768,0.8283836027311784,336078.103268527,-0.22791749370093567,1.0974004770443293,1.423900578262726,5.685034473178985,0.17204577408782654,-0.12707959954947678,0.12180653769928562,1.0694773686946477,216209.31049586702,-0.11033361257197223,1.51523495259075,2.0993077070653623,3.1534321599762403,0.07787525060076805,0.4838710247206741,0.1997301593345111,0.9317564216917585,360993.0843326575,-0.219420934925793,0.9703208774948525,1.1806572578000167,6.168905497899659,0.21070026412144438
10y,2010-03,2010-03-01,2020-02-28,2518,120,10.0,0.1518590169135423,0.7349745983266404,258690.3155084675,-0.20932704505270147,0.9766188700465694,1.2286079342881617,4.106822829056277,0.15753336902979928,0.003700294786950664,0.1258036846046109,0.6689343373098267,218148.81352494622,-0.19348878102255596,0.8773822699906493,1.0868320090318326,3.267519765067888,0.14751983706211552,0.008496558775143964,0.17722911491369397,0.7821638844306109,305170.930884748,-0.2279174937009368,1.0283597403241023,1.322137878680952,5.105609033997005,0.17335259755173812,-0.13693755991682055,0.11729175954725313,1.0331953793881854,208242.5718642198,-0.11033361257197132,1.4564486744546368,1.9894330782479264,3.0288912620680257,0.07826995945686346,0.16263856151247147,0.18092940970064464,0.8609449900428487,315046.70722743135,-0.21942093492579284,0.8914221804072817,1.0756631999345079,5.268247595509476,0.21191906459918747
10y,2010-04,2010-04-01,2020-03-31,2517,120,10.0,0.1323835623756333,0.45405803416022317,230019.2775400495,-0.30858462382543356,0.7909934466286834,0.9415558607390148,3.4617267575377046,0.17713841785091647,0.0031413264244077865,0.10436765578322049,0.33691996762051657,188858.89476583712,-0.3371737660413767,0.6732137667666371,0.7840486385850629,2.6954018943976235,0.16874368877326715,0.0342086072840308,0.15976473425585258,0.583451486322611,278535.1858316042,-0.2855937209888479,0.8710909053385482,1.0676308837046053,4.394734863232177,0.19128896877942703,-0.058790005643649224,0.11005988445950843,0.610261459213289,197852.88503741543,-0.1776349938838114,1.2184197768520084,1.4767817451370961,2.8374240472100842,0.08897080680597436,0.12035133564163747,0.16290606068026037,0.6922282824066338,299207.57133516844,-0.2513851137048171,0.8123008996948989,0.9818154706423322,4.5150861988738145,0.21422589282843638
10y,2010-05,2010-05-03,2020-04-30,2517,120,9.99,0.14485585868633621,0.49150046202332404,266212.7709473755,-0.30858462382543345,0.8401897785148775,1.010656421731699,3.86196821394268,0.18051812704932654,-0.01347777196965283,0.11594839264588286,0.36959665608961784,216868.95670488998,-0.337173766041377,0.7236438375865967,0.8525255116935951,2.991396065681162,0.17220943505253483,0.03420860728403119,0.17309967505101653,0.625786425899508,324738.9783362617,-0.28559372098884783,0.9178226049446575,1.1356828940487853,4.926332594186558,0.19472245829871318,-0.11520586995061832,0.11607725925532897,0.641735391235792,214003.2903945134,-0.17763499388381146,1.2524155280564069,1.537694629131576,2.9948481252106824,0.0910198410539518,-0.5370006456109646,0.1596219030813637,0.6798662135563738,314665.59167402703,-0.25138511370481664,0.8026167349940392,0.9699233253797864,4.3893319485755935,0.2129388012326973
10y,2010-06,2010-06-01,2020-05-29,2517,120,9.99,0.1604461650067952,0.5344505971398276,284445.6082314628,-0.3085846238254333,0.9216047058034785,1.104967188759485,4.420594012098616,0.1789522508219916,-0.008552409474799294,0.13049251122023975,0.40738464490617066,229419.5391290192,-0.3371737660413768,0.8034497837364852,0.9448313062212705,3.404417063089081,0.17096204110186625,0.0342086072840313,0.1897442143203627,0.6739891105673763,350473.5704581625,-0.2855937209888483,0.997358687710039,1.2299969448850185,5.670714178138008,0.19299682287307937,-0.0850659047465091,0.12157611891477504,0.6693477490660317,217738.2220859778,-0.17763499388381193,1.308221605036309,1.6041411663530927,3.145533652876782,0.09088642387020342,-0.39424635504008076,0.1811918048455634,0.7474233313457745,323220.19194134657,-0.251385113704817,0.9122927829635299,1.102872855257729,5.276467823097927,0.2059548235442983
10y,2010-07,2010-07-01,2020-06-30,2517,120,10.0,0.17173420613077717,0.565883110714804,286434.3819417392,-0.30858462382543345,0.9755312892996845,1.1613915980729002,4.8693578195066545,0.17900279444081424,-0.01314848171070615,0.13852385980636028,0.42859802755173537,226724.96335902743,-0.33717376604137655,0.8434364942542717,0.9843629026550968,3.6538492466872623,0.17133715703788138,0.0342086072840308,0.20443390671339023,0.7168702516350433,359602.8967237558,-0.28559372098884767,1.0618516437238434,1.3021322991689548,6.410147586961833,0.1928081421173642,-0.12357209006143566,0.12398512694057406,0.6815470007272937,216743.74784898094,-0.1776349938838116,1.3288767098871774,1.615986107862753,3.2136705471109184,0.09110446168930268,-0.6656330435914146,0.19128542500268408,0.7850496374038758,342829.4672460435,-0.25138511370481686,0.9382795536624078,1.114505161068823,5.744514543370419,0.2103315494751843
10y,2010-08,2010-08-02,2020-07-31,2518,120,10.0,0.1712133032565204,0.5642913090759498,307901.6832843658,-0.30858462382543356,0.9742088861701454,1.1599695349881542,4.8508208627002505,0.17874156539848207,0.001985732071827062,0.13745776761650097,0.4255476197118462,241824.27113410534,-0.3371737660413769,0.8400623771351978,0.9797485286419914,3.621670014367404,0.170800999394233,0.03420860728403102,0.20444404869164678,0.7170316924374414,389515.34003063536,-0.2855937209888479,1.06102108025174,1.3026627221241007,6.4154206380644005,0.1930025264545673,-0.06954482989925648,0.12566886175748904,0.6898362662997892,226359.2884486714,-0.1776349938838117,1.3491296334829916,1.638147374237832,3.2636118923442865,0.0908282331836716,0.10647208111947126,0.20642978076347385,0.8368949410457356,385240.95951852656,-0.25138511370481686,0.9914762503524834,1.1854046220343306,6.521892719183872,0.21219159797218967
10y,2010-09,2010-09-01,2020-08-31,2517,120,10.0,0.18723960378524906,0.6081493505371222,320701.8070647147,-0.3085846238254336,1.0520857304116025,1.2489679204136868,5.552600035725692,0.17837475895786567,0.003035989083553181,0.15051501339824047,0.45913069900230924,249560.38944614434,-0.33717376604137694,0.9093752799071767,1.0563533759676331,4.056934486282985,0.17023425895590671,0.0342086072840308,0.22355800742683085,0.772160709552686,409256.7101519703,-0.28559372098884805,1.1429665399347457,1.4011091017752744,7.502439225137878,0.19294025025013498,-0.0779151404268692,0.12731861669473088,0.6980930552255908,226446.5767133328,-0.1776349938838117,1.3650356180962997,1.6561664863188457,3.3101462875597036,0.09084433691794039,0.18802196734246657,0.22659399651038403,0.9038517016923271,443454.8548580549,-0.25138511370481725,1.0650513995078765,1.2765671461924906,7.6904611924803445,0.21333699285049185
10y,2010-10,2010-10-01,2020-09-30,2517,120,10.0,0.16922848554952497,0.5593970573143475,298225.82364135,-0.30858462382543367,0.960297239903644,1.1360238355878112,4.7663458060336295,0.17975822831451985,0.012299351059088304,0.13632772019155648,0.4227117414870221,235637.7470324879,-0.33717376604137705,0.8334463647761384,0.9659449001030659,3.584059864397046,0.1710095764415155,0.03420860728403108,0.2014863739774777,0.7098032494265952,374659.1963448417,-0.28559372098884794,1.0395445785344404,1.2667634559685295,6.255175002225292,0.19500400017429426,-0.043997182825800674,0.12041655891920344,0.663873475014218,220391.0946156927,-0.17763499388381154,1.2879749638605251,1.5606665691065433,3.1132022528680174,0.09156013430595353,0.6698056604811562,0.213785725036566,0.8669725549235245,384189.3582079915,-0.25138511370481686,0.9955473957086397,1.181958517438706,6.9249806627064485,0.21891875287692483
10y,2010-11,2010-11-01,2020-10-30,2518,120,10.0,0.16012506347663336,0.5346283223428534,287702.7737523587,-0.3085846238254335,0.9128086200244572,1.08184518580912,4.410990795138762,0.18073676794613497,0.005409663476953153,0.12915778684054335,0.40430566711363475,228106.2038843359,-0.337173766041377,0.7937521027823315,0.9217855012323823,3.3661049367366447,0.17174287026734156,0.03420860728403091,0.1903434047840824,0.6780082362811116,360165.79748787393,-0.2855937209888476,0.9867273336255648,1.2029584629033017,5.703246292200029,0.19623951669518405,-0.06797417314994625,0.11670181947373703,0.6453448653632593,213241.9021102344,-0.1776349938838115,1.247439699448418,1.508214533177006,3.0129490197876927,0.09189689189981719,0.26434177532647496,0.19575306826103556,0.8097413539994125,360028.8933997186,-0.2513851137048167,0.9187531604756185,1.087745461738084,5.967588067526504,0.22155779278218488
10y,2010-12,2010-12-01,2020-11-30,2517,120,10.0,0.17256661753261437,0.5694092157594488,311294.4069462624,-0.30858462382543367,0.9704013288817255,1.1521995251264783,4.904019548333902,0.1810703710086126,0.014514458430879618,0.14094670603181392,0.4352391595875052,246094.98510568126,-0.33717376604137655,0.8533614387712039,0.9920634722340308,3.732259723680267,0.17196842967045356,0.03420860728403102,0.20338183066771864,0.7166496168762718,390789.3469361764,-0.2855937209888478,1.03927974148868,1.2698515679021254,6.354440476408421,0.1969350720103072,-0.0405205537689437,0.1251465063363535,0.6878137474480729,225197.3117842444,-0.17763499388381146,1.3284053097491264,1.6094956882559317,3.2469913239393016,0.09197478354269295,0.808377280305641,0.21789628909859826,0.8834597334678844,411456.7802317224,-0.25138511370481675,0.9987591877197364,1.1902632411108003,7.162817756714062,0.22236453820114635
10y,2011-01,2011-01-03,2020-12-31,2517,120,9.99,0.17088642263544185,0.5647678661457448,319173.0202650074,-0.3085846238254337,0.9624229248108062,1.142504899508473,4.834282753406347,0.18108325875294107,0.01122547943568919,0.13771471478861397,0.42680806418133715,251637.96896535705,-0.337173766041377,0.8369615718952315,0.9747680465214097,3.6279950622434525,0.17194156483311668,0.034208607284031356,0.20333068829961554,0.7165734455264688,401791.45067129756,-0.2855937209888481,1.0386288577505836,1.2681553806858408,6.351743641077456,0.19703754150729394,-0.05239892396416401,0.12429160286852636,0.6834440757010515,227327.32409324433,-0.17763499388381168,1.3224291845065197,1.599966118900851,3.222433532162595,0.09180346715683442,0.6172660132513306,0.21455616773530473,0.8725794196760844,434073.59405649285,-0.25138511370481675,0.9862299337864195,1.1744751657066388,6.9690096543287865,0.22241616190820188
10y,2011-02,2011-02-01,2021-01-29,2516,120,9.99,0.16753799327103613,0.5557562682935914,312236.34187479794,-0.30858462382543345,0.9446309559868387,1.1239910154883097,4.695073830724365,0.18155009414321374,0.00817524483062071,0.13398731651876683,0.4172701544233882,244843.20687348495,-0.3371737660413769,0.8164107025250172,0.9517565047392537,3.5092569917633494,0.1723306039331221,0.0342086072840308,0.2003765718713708,0.708359861190044,395221.5551857956,-0.2855937209888479,1.0237157376045705,1.2537407271258039,6.19321415354569,0.19761650732241828,-0.06395335879385966,0.1218391909589649,0.6713158025906352,219414.34901617598,-0.17763499388381152,1.2943367796158953,1.5678827957457222,3.15147255175878,0.09213149186928121,0.43424343664618004,0.20855181670199152,0.8539732250641294,416587.6265049482,-0.2513851137048171,0.9597623788107108,1.144952888445462,6.62745759019187,0.2236763609651291
10y,2011-03,2011-03-01,2021-02-26,2516,120,9.99,0.165257262048623,0.5495621520068853,314049.5034058502,-0.30858462382543383,0.9328304291349828,1.1115468608225147,4.604302697343242,0.18179770368661613,0.006783595884670923,0.13322413597224725,0.41534454222176037,249902.35145218202,-0.33717376604137683,0.8119799123537135,0.9473367269755064,3.4857481204607996,0.17247136459286835,0.03420860728403119,0.19648102741233942,0.6972477395384127,391763.9412623645,-0.28559372098884817,1.0056309603250524,1.2327066313883221,5.995446939205781,0.19801456423087194,-0.06768853787134599,0.11796353161896933,0.6519996984599384,216352.35563411965,-0.17763499388381165,1.252558630366633,1.5152854454680966,3.0444418039444656,0.09246510274275739,0.3481548059881634,0.20326462329701034,0.8371447984828075,421944.0301632551,-0.251385113704817,0.9379424224537064,1.1195824956547191,6.343601745193944,0.22436957249834122
10y,2011-04,2011-04-01,2021-03-31,2516,120,10.0,0.16906341754018017,0.5604182095593282,318313.66869488225,-0.30858462382543345,0.9487433688210153,1.1324175454689094,4.756679746083232,0.1822794741603232,0.011213128399949035,0.1382609706602116,0.4285083936733738,257243.47628014706,-0.33717376604137683,0.8376563356872649,0.9784346555640105,3.64355827485603,0.17248337142540748,0.034208607284030745,0.19891049208779155,0.7051663992859568,390816.0966580004,-0.28559372098884805,1.01107840221806,1.2412623900262973,6.118106396316037,0.19918445043092714,-0.05242920169063525,0.11842515914556984,0.6545338979053981,214333.29609473524,-0.17763499388381157,1.251994084470346,1.5168848483493826,3.057016211279408,0.09286635327862573,0.5959134817050149,0.21012362048774058,0.8610186335616059,431460.1186883731,-0.2513851137048173,0.9586492005274246,1.1480319949007798,6.714019878021052,0.22578359944468415
10y,2011-05,2011-05-02,2021-04-30,2517,120,10.0,0.17202716483388203,0.5687161875571105,334597.7307698121,-0.3085846238254337,0.9620063778653887,1.1498806273156819,4.881531438012193,0.18242817806484715,0.012694232715981801,0.14082733491568056,0.43522504374249465,269832.5133751034,-0.337173766041377,0.8504586827461146,0.9939983239080535,3.7283613430771867,0.17254978995609577,0.034208607284031356,0.20228537117429912,0.7151686452353311,411713.71195911587,-0.285593720988848,1.0242980664007078,1.2588620110018236,6.296847240239412,0.19940257745972295,-0.049552305836627175,0.11992682096043117,0.6621515914827136,221252.01856239565,-0.17763499388381168,1.264965164134355,1.5355176308749199,3.0996372059071136,0.09298382061270358,0.6964679173020052,0.21497960389028092,0.8774067089826755,476069.236213321,-0.25138511370481664,0.9747457605640806,1.1705926998991183,6.993315157541417,0.22628155384367898
10y,2011-06,2011-06-01,2021-05-28,2516,120,9.99,0.17318294590869932,0.5720965413961195,332956.09918421734,-0.3085846238254335,0.9660829969274819,1.155001896206653,4.926702843511902,0.1827381255855028,0.014800114480320037,0.14292548716213727,0.44077685835719466,271015.09081780724,-0.3371737660413769,0.8603455935060583,1.0050020376554063,3.795406143934689,0.17274266810681974,0.034208607284030856,0.2024302992734177,0.71591909658584,405913.7092607742,-0.2855937209888478,1.0229764542816564,1.2572933113418268,6.299822598826608,0.19986970165847998,-0.04266760147065529,0.11957580933072598,0.6606024438358759,221788.07527501317,-0.1776349938838117,1.256447127877316,1.525922099203691,3.0885627827685385,0.0933951842992911,0.8184206915975603,0.21723041375373775,0.8854926877620659,474027.8413636083,-0.2513851137048169,0.9803088528110011,1.1762150334223245,7.118243290424168,0.2270709678480962
10y,2011-07,2011-07-01,2021-06-30,2516,120,10.0,0.18021212696289068,0.5911500752085277,344114.6524457957,-0.30858462382543345,1.0011927362052109,1.1939945729532828,5.229479979433987,0.18220250405932856,0.019043781527335657,0.14742087212376176,0.4521728768283315,276722.2879846316,-0.337173766041377,0.8851103175797499,1.0314511387411793,3.947112241239726,0.17225065480974383,0.03420860728403058,0.2121088990693043,0.7436396523280758,424407.9482410431,-0.2855937209888477,1.0654205647315833,1.3056075373266396,6.824806454937581,0.19933801018448882,-0.030238983047745416,0.12504528841802065,0.6879859919009798,226555.01573518725,-0.1776349938838116,1.3102317329179993,1.5900321134987307,3.242558573038468,0.0932738723945462,1.1493660723703885,0.23115268059663996,0.9295565563714772,505035.69519525644,-0.25138511370481714,1.035181581683838,1.2408514537943134,7.974172527307969,0.2257349674232041
10y,2011-08,2011-08-01,2021-07-30,2517,120,10.0,0.1834454750625143,0.5998061946306781,356477.17676530883,-0.3085846238254335,1.017891466907905,1.211937414429053,5.377887612011891,0.1818376270512727,0.023194621669067494,0.15246144122145933,0.465034851746963,286330.0601441358,-0.33717376604137655,0.9117951396181521,1.0607200669936228,4.126011082689062,0.17196576894419674,0.034208607284030856,0.21343598254502272,0.7471606337621852,440159.22443669505,-0.28559372098884794,1.072879253851151,1.3128716314787074,6.905076436295505,0.19888946944082941,-0.014846632819993655,0.12769442770411055,0.7010279207505693,231105.8973001527,-0.17763499388381143,1.3406958078462188,1.6226862019045734,3.321184618684188,0.09288243439423956,1.4375309826755123,0.2366306042140902,0.9464553182026754,536728.6485018309,-0.2513851137048171,1.0580326210311572,1.2674378521308278,8.342607418971017,0.22487470901514095
10y,2011-09,2011-09-01,2021-08-31,2516,120,10.0,0.194191592058911,0.6261655056772789,373372.103370381,-0.30858462382543356,1.0928489097820282,1.3131803960978092,5.881887236246421,0.17680856456216326,0.028574696032601432,0.162481691616851,0.48803226410504547,299447.3822886919,-0.3371737660413769,0.9873025641524366,1.1615574602599266,4.495969355862775,0.16666793181000164,0.03420860728403119,0.22492764325830894,0.7769723257131341,461606.8852782718,-0.2855937209888477,1.142300768691161,1.406998936835207,7.580638338261383,0.1942556843938942,-0.021332287710404962,0.12846314657575797,0.7040103984361853,232395.27590067545,-0.17763499388381146,1.3707663900946094,1.6607712120779377,3.3422633852860426,0.09123136059071311,1.9625599071275976,0.2535023392909104,0.9997858771527968,569635.0171602999,-0.25138511370481653,1.120968480980756,1.3494842949369381,9.54319824538898,0.22420905732213908
10y,2011-10,2011-10-03,2021-09-30,2516,120,9.99,0.19481154760305253,0.6271366760179112,338465.7379225465,-0.30858462382543345,1.102263518034946,1.32428968875183,5.912445335085448,0.17557029883482397,0.018704531505312705,0.16530536783428906,0.494403866762367,273448.3300026138,-0.3371737660413769,1.0103209629272931,1.1912102515866658,4.606200845018795,0.16499708490526768,0.03420860728403097,0.22325158731891315,0.7715486742762026,415561.09946432157,-0.2855937209888479,1.139706163914519,1.4022578983393459,7.477712100034334,0.19333883046988598,-0.0647502597568752,0.12287328084241089,0.6760399470123413,218519.41191482835,-0.17763499388381152,1.316389023003499,1.592668012556331,3.180596501736065,0.09122557979004836,1.2232798094009043,0.24195611882422585,0.964072957765732,506649.270459609,-0.2513851137048169,1.0749559041576437,1.2941376192769012,8.700991909435238,0.22545444810370216
10y,2011-11,2011-11-01,2021-10-29,2516,120,9.99,0.19127812340938233,0.6166906821555336,362241.17955285055,-0.3085846238254334,1.0932148531140615,1.306879651178177,5.740174653684414,0.1740748962818565,0.03764042587036687,0.16113676009903144,0.48288585386717553,290604.3055893128,-0.33717376604137683,0.9978223042993262,1.1695727878993711,4.444304941802478,0.1631717804011524,0.0342086072840308,0.22040549032107326,0.7625730764271009,448071.11263561295,-0.285593720988848,1.1335675647549086,1.387778385190118,7.305811217957491,0.1921244830870024,-0.005658834159597559,0.12295893236284905,0.67639539247811,227752.35998416433,-0.17763499388381185,1.319185346706685,1.5914996849313705,3.1830196044132,0.09108006824502936,2.588428742253442,0.25804591619144013,1.0162650328319913,580252.9989994286,-0.2513851137048172,1.127908730595311,1.363256889076897,9.894239960210934,0.22650228152579385
10y,2011-12,2011-12-01,2021-11-30,2516,120,10.0,0.1938498399067463,0.6227370039145771,360717.72769809107,-0.3085846238254336,1.114756017718117,1.3279842857045987,5.865102836826387,0.17238486363008781,0.03731134532023672,0.16067219555497436,0.4807889984615015,284909.4757767695,-0.3371737660413769,1.0051622979098012,1.1728272449813764,4.426583615332755,0.16127687799236698,0.03420860728403058,0.22617146308504577,0.7781147643524916,453351.7056678403,-0.28559372098884767,1.1655182760373899,1.4227191390678386,7.657843211543212,0.19066598566203818,-0.017704271594202847,0.12280001292673992,0.6753782633362192,226275.49390871634,-0.17763499388381174,1.3234949714515245,1.5909999741050587,3.178525051664381,0.09064697355473318,2.6717010027956496,0.2634828084052825,1.033241344053385,582471.4840425402,-0.2513851137048171,1.147814004443187,1.3870441999209038,10.329544214338862,0.22629231892442425
10y,2012-01,2012-01-03,2021-12-31,2517,120,9.99,0.19683242760940534,0.6309140198618344,359646.9920905669,-0.3085846238254336,1.1283906536695365,1.3464918719761314,6.017339405940659,0.1725380876313726,0.042814847589403904,0.16465698461609946,0.49088746753790075,291313.8744888676,-0.337173766041377,1.027237946543408,1.200880029266593,4.58344773766329,0.16112564444217992,0.0342086072840313,0.22807981244180975,0.7838630137354664,440549.4739336559,-0.2855937209888481,1.1713828105461395,1.4314421161395914,7.784015682281644,0.19111289052796507,-0.006625691637914821,0.12249339889158062,0.6739078930981055,227314.86196649668,-0.17763499388381146,1.3186710952815588,1.588378039904068,3.171323391546491,0.09078050235352599,3.1771350411244965,0.27089466003121365,1.0584623382880831,593349.1660852439,-0.2513851137048168,1.1647571189082246,1.4175524042044223,10.96115072340614,0.22844391413741733
10y,2012-02,2012-02-01,2022-01-31,2517,120,10.0,0.1806660265377762,0.5874305976495011,325818.66175647563,-0.30858462382543367,1.0439574079772802,1.250835349058921,5.2530557646296545,0.17363931575565392,0.04139315523982545,0.15311075599199375,0.4616494443477706,270120.2845406599,-0.3371737660413766,0.9619523577092949,1.128349326069843,4.149288877818338,0.16181267241998537,0.03420860728403102,0.2070689148082292,0.724413749505627,389840.54314856813,-0.28559372098884794,1.0740088494972937,1.3170790119539957,6.5516042755756345,0.19263157687539756,0.006555371991013859,0.11413294697276521,0.6320957153624623,214283.65852697665,-0.17763499388381174,1.2291304393783806,1.486948601775374,2.943143238522379,0.09135101933459575,2.6233983829864123,0.24846207004805465,0.9890895994118537,495562.95988741226,-0.2513851137048169,1.0805642214883076,1.3169771512551414,9.175002658562047,0.23010423301813085
10y,2012-03,2012-03-01,2022-02-28,2516,120,10.0,0.17014260620725508,0.559203348961801,307095.9874815786,-0.3085846238254335,0.98575457915469,1.1823222129656312,4.8007022664492505,0.17505529137818052,0.04214452680394887,0.14483818577375485,0.4407622801960635,257620.18151644658,-0.3371737660413767,0.9128394544921582,1.073682340004974,3.8593007295921837,0.16280352170510606,0.03420860728403069,0.19418088276832068,0.6880740638817557,363033.693039572,-0.2855937209888478,1.0103420565331709,1.23863499132331,5.881360617895094,0.1944981216502068,0.028971247931031563,0.10974938316816574,0.6103076686030686,207701.48947060798,-0.17763499388381165,1.1764758363944452,1.4225381118670977,2.828337731548385,0.09214978805837658,2.433702044069207,0.23632540957226955,0.9498730996949616,473373.691690563,-0.2513851137048171,1.0393133044642024,1.2661014009396037,8.315062661964301,0.22975166020323906
10y,2012-04,2012-04-02,2022-03-31,2517,120,9.99,0.1701029162120673,0.5599914905644126,318148.93410989543,-0.3085846238254333,0.9783021324454114,1.181011801504651,4.8020693316889185,0.1766374187791166,0.03391096924429404,0.14537782170340385,0.4426918016387592,265836.01257656945,-0.3371737660413767,0.910692376298312,1.0756867879569072,3.879590826699008,0.16390173656761642,0.03420860728403091,0.19350998748453985,0.6874992359373698,377568.0182779652,-0.2855937209888478,0.9989791242737682,1.2343599061910002,5.8525614200335525,0.19654611412533898,0.011676018989169368,0.10950666955323696,0.6095230908851677,205623.35999989335,-0.17763499388381168,1.1641282841773863,1.4105224638096188,2.8233317463025625,0.09300747348299158,1.8898437329367086,0.2274209567288339,0.9203407440017304,472638.9782025547,-0.25138511370481686,1.0106551432629376,1.22573343090426,7.742405152970261,0.22892077888318713
10y,2012-05,2012-05-01,2022-04-29,2517,120,9.99,0.1573253344391501,0.5252584413887376,286492.75404354255,-0.30858462382543345,0.9099226769427059,1.093463027952121,4.303275781937766,0.1781323651496192,0.0488822065268717,0.13565320754394672,0.41793487845904836,245490.30295507063,-0.33717376604137705,0.8540248842162884,1.004635754677488,3.5628671698351653,0.1650030104911958,0.034208607284031134,0.17756124533384887,0.6416691499013294,331490.7304958783,-0.285593720988848,0.9236170497595907,1.1359581584751963,5.1167005388944675,0.19841197194418578,0.08806265042318373,0.09740001161610912,0.548455338919426,186190.60773447403,-0.17763499388381154,1.0324409131926748,1.2396482912617377,2.5302828350225335,0.09436361880819279,2.564338286542659,0.22644345186072057,0.9159770001968052,476400.5942109651,-0.25138511370481686,1.0116797001827744,1.220650253316842,7.681038825437127,0.2276046285240977
10y,2012-06,2012-06-01,2022-05-31,2516,120,10.0,0.16445277303354056,0.5465805678061663,278527.42899301194,-0.3085846238254336,0.9342241177623662,1.1172623123944885,4.572663477115727,0.18054164487932917,0.057148315562317586,0.14303579200468475,0.43809479572078397,240973.8015622676,-0.337173766041377,0.8851445059137731,1.037150421356125,3.7990648987115585,0.16688130714183536,0.03760718808483099,0.18438127497971424,0.656137358964083,319163.95319715305,-0.2889923017896482,0.9419841550477659,1.1516528047975865,5.416874747566128,0.2012970649677179,0.12865491544148622,0.09691149220348527,0.5102025820401075,182919.4627471734,-0.1903390694663979,1.0143012968627332,1.2106574962371648,2.5181304305332426,0.09574224641655943,3.2543285309731456,0.24152959054203182,0.963382495339039,465791.20919261064,-0.2513851137048172,1.070639070489252,1.2830177935377416,8.671203278539274,0.22620136403332014
10y,2012-07,2012-07-02,2022-06-30,2516,120,9.99,0.14958861929978018,0.505801387623926,251386.531679611,-0.3085846238254334,0.8575294135560163,1.0220991499716585,4.022199112270852,0.1820142008692926,0.06967195275987592,0.12871946983843574,0.40129471318313065,218635.56277336023,-0.3371737660413767,0.8050313127761576,0.9416626812397679,3.3498508132483424,0.16807551158456951,0.07684083248196932,0.16896691906793437,0.5388331244950575,286562.73518500815,-0.3282259461867862,0.8712454694697459,1.0606427018358675,4.75276110624906,0.2029956175632246,0.1903279137491799,0.0886596380405591,0.38471262379868554,170740.94132225917,-0.23319254774233233,0.9217673349333603,1.092071300956906,2.3352620872779557,0.09732620531485715,3.718961741812632,0.2386388718278103,0.9537963670200227,457774.5934440862,-0.25138511370481686,1.0615733832189258,1.2668400093651162,8.471722848061692,0.22586305569148055
10y,2012-08,2012-08-01,2022-07-29,2515,120,9.99,0.1603464186772494,0.5364238338598993,272928.9924789798,-0.3085846238254337,0.9058664177871255,1.0812772660963152,4.411590170919108,0.18273350654395637,0.05479800586702521,0.13744008486638837,0.4243706976412334,235082.6051573313,-0.3371737660413769,0.8488888161730906,0.9947934520677415,3.6155602232342052,0.16855760565483216,0.07684083248196816,0.18179649353104677,0.5727080074804126,314040.8157078774,-0.3282259461867852,0.9215891160686245,1.1243107530070742,5.296483594480024,0.20397118885897245,0.13723365224111483,0.09304988512635859,0.4021997782251409,180240.08486958532,-0.23319254774233308,0.9584045550966438,1.1417256555138429,2.4301504587535514,0.09786054384545818,3.0296465787617946,0.23659449939807198,0.9461223670286487,442393.17251151486,-0.25138511370481703,1.0588227683097393,1.2514167710867445,8.326130173241818,0.22462784701338365
10y,2012-09,2012-09-04,2022-08-31,2515,120,9.99,0.15053277159405787,0.5094824656703043,256802.79745233333,-0.30858462382543356,0.8556792252812201,1.0247006261522766,4.053046834414401,0.18373527178114576,0.059181781910373044,0.12989736960427334,0.4050282983870913,222065.83964814036,-0.3371737660413766,0.806404354049695,0.9473930702471011,3.3832774569883473,0.16935042083377705,0.07684083248196977,0.1696346264864832,0.5419193557821936,294396.3666535426,-0.32822594618678663,0.8669708258969556,1.0615275712495402,4.776963975766662,0.20516491212322,0.16576713957600042,0.08717831582013158,0.37951312570520046,171345.0233972692,-0.23319254774233314,0.8952682770094587,1.0700059195078762,2.302966193890417,0.09885263999353908,3.0410147246912915,0.22881640839685624,0.9205020198661128,433247.1690794755,-0.25138511370481686,1.032737965472956,1.214776655682153,7.817978700457954,0.22406507039138762
10y,2012-10,2012-10-01,2022-09-30,2517,120,10.0,0.13644087773794222,0.47028361378819705,232172.83824261854,-0.3085846238254336,0.784516656489122,0.9380338320660226,3.587626282178239,0.1849830603999528,0.06950448745802529,0.11606782142966976,0.36906844586931686,201306.43528049166,-0.33717376604137717,0.7299057171841435,0.8569445683304348,2.9945951845403904,0.1704880437172976,0.08706385780437775,0.15529465637704343,0.48989478545037435,265596.9019441463,-0.3384489715091949,0.8030177934933982,0.9808526755096744,4.228451011566801,0.20647660316727465,0.21868256133962505,0.07659971756117745,0.29764187707145784,156120.71576376297,-0.2649765201158796,0.7859198251037653,0.941268633946886,2.0900708926661506,0.10035134158467159,3.3503473004722784,0.22479914383506872,0.9065789666779002,441430.9289541902,-0.25138511370481714,1.0217003548330232,1.1928788376057324,7.578798312039079,0.22305997599263377
10y,2012-11,2012-11-01,2022-10-31,2517,120,10.0,0.14730491155500092,0.5021423839732231,243397.50766224627,-0.30858462382543356,0.8300915375582987,0.9984719965179338,3.9452821292115723,0.18667027870320965,0.06770797356241376,0.1269037842396512,0.398542923154706,215669.29279126273,-0.337173766041377,0.7808800081831216,0.9243350127804535,3.298000160629076,0.17208561740730177,0.10320287114629328,0.1661552816767078,0.4950213388500999,272411.05124104954,-0.35458798485111026,0.8429721293332457,1.0332247003842225,4.642683918065824,0.20822588659009528,0.21532516109829025,0.08036171922886526,0.29783317128169046,158450.21943528668,-0.2769915590233552,0.8108725629186917,0.9755899438461724,2.164174322282261,0.10173888994990898,3.515317903280428,0.23386325523912155,0.9350937877273491,436367.0219607169,-0.251385113704817,1.058297290431536,1.2289926082479485,8.158001821346252,0.22211968251062514
10y,2012-12,2012-12-03,2022-11-30,2517,120,9.99,0.15246391221906452,0.517736847356694,254567.24543006186,-0.30858462382543367,0.8478297802978205,1.02877861347654,4.126099444207504,0.18844069174594208,0.06234068843874119,0.13238426711719686,0.41358094862030864,225291.73412913445,-0.33717376604137683,0.8043389617715649,0.9588489593446186,3.461748276087701,0.17337049756005546,0.103821698344986,0.170947037462007,0.5069796198889878,285304.70043726463,-0.3552068120498029,0.8557260234813975,1.0587192260246534,4.836782982822103,0.21044424221475483,0.20301022770573085,0.0858111264947623,0.316633798633176,167358.66811888144,-0.2769915590233551,0.8475741063879042,1.0343604818511423,2.2757116356488063,0.10347754710990559,3.2832911211411853,0.2332877259007482,0.9326403546436631,434258.21575299656,-0.2513851137048169,1.0587362511871283,1.2228830574269154,8.120074103963288,0.2214450495436558
10y,2013-01,2013-01-02,2022-12-30,2518,120,9.99,0.1431861095584186,0.49189036539344283,230493.61637361496,-0.3085846238254334,0.8030037757028454,0.9746832660244689,3.8080982348567725,0.18902750891231293,0.07206934822264222,0.12462051684286513,0.3934161729516877,207438.8288697997,-0.33717376604137705,0.7630026911099016,0.9109912694074588,3.233368572466151,0.1738520901711992,0.10478706877494709,0.16012256466553887,0.47990832100029646,254170.39498415834,-0.3561721824797642,0.8097014892421688,1.0016563025499812,4.410895862457582,0.21110248202810505,0.2473291544719598,0.08119378010861822,0.30159408834728635,158138.16031473342,-0.27699155902335443,0.8001120101927431,0.9800326648324398,2.1815557229490814,0.10440915229283708,3.644073105250299,0.23219191288818108,0.9285646916318983,413284.7829102526,-0.2513851137048171,1.0570306437141286,1.2160714577479486,8.05496896770788,0.22083308745710598
10y,2013-02,2013-02-01,2023-01-31,2517,120,10.0,0.14817104965311945,0.5063411313091627,247218.40517897153,-0.3085846238254337,0.8241574253788824,1.0027419216349802,3.9751320321794563,0.1895864585100978,0.0578647288052645,0.12591974090260938,0.397059082992847,218030.6115007067,-0.3371737660413769,0.768211640649127,0.9192706526876007,3.269348022158642,0.17427216572832596,0.10478706877494787,0.16890903277008928,0.501499773136492,278252.0822689329,-0.35617218247976457,0.8434737470114534,1.0460400988270366,4.75335481392538,0.21176743122593678,0.19450586028564498,0.0865864135595682,0.31975001504687356,167522.46499073037,-0.2769915590233546,0.844219317793738,1.0386551689167969,2.291993425428474,0.10491119226818474,2.948371232837932,0.22677376157535378,0.910805307139306,410561.74908533966,-0.2513851137048167,1.0379796072970984,1.191113496782254,7.701726046763312,0.22058515802096046
10y,2013-03,2013-03-01,2023-02-28,2517,120,10.0,0.14558830326126304,0.499303619057324,238968.88958803134,-0.30858462382543367,0.8108570428360593,0.9890836639683166,3.88671759384881,0.19001798260588537,0.05318121280484811,0.12162829213081139,0.38580386904712427,208628.21268358655,-0.3371737660413769,0.745803831258808,0.894277990999363,3.146995448501248,0.17441978443633369,0.10478706877494665,0.16808568081990938,0.4999601434430612,271736.867433603,-0.3561721824797636,0.8379396218815528,1.0425276485195958,4.720018824073943,0.21251160679472228,0.18032784886609943,0.08126359704394281,0.30224029843160244,159820.9555930638,-0.2769915590233548,0.7935370013475049,0.9765325789183908,2.1822870264525127,0.10549982082762624,2.6432792873262247,0.2212668936247575,0.8927206153447973,384009.3877350554,-0.251385113704817,1.0182674707476522,1.1701988721429522,7.363298111400168,0.22039069286020743
10y,2013-04,2013-04-01,2023-03-31,2520,120,10.0,0.14854799123461104,0.5080330384401025,250062.85415681903,-0.3085846238254334,0.8224727185630072,1.0067147751161845,3.9947671128313864,0.19060958560648136,0.044752841356549666,0.12095134556262344,0.3843346640209295,212808.52702133957,-0.33717376604137667,0.7403229713634569,0.8903600717806496,3.1323308389098217,0.17504193588579567,0.10478706877494692,0.17482065395971413,0.5164771733349208,291663.39043063595,-0.35617218247976373,0.8631252901581707,1.0778515288868638,5.008592864028125,0.21312641875430116,0.1497464532050501,0.08297149192510034,0.3080914336536793,163704.52251412554,-0.276991559023355,0.8058512044610818,0.9958295937425105,2.219066127891483,0.10589886328524381,2.270542134013475,0.2195734953162638,0.8869756529974856,392940.58029216813,-0.2513851137048168,1.0128717433632208,1.1630410442200045,7.2791349980416,0.22013890390682764
10y,2013-05,2013-05-01,2023-04-28,2517,120,9.99,0.1474071051277659,0.5047851682875247,248248.77821358445,-0.3085846238254338,0.8173779944168097,1.0009456762460982,3.9487935212749874,0.19057148875142346,0.04417685364027135,0.12074693013864835,0.38375282392617466,213210.0834026677,-0.3371737660413767,0.7395220678747453,0.8898737912533213,3.122383216522023,0.174966225475934,0.10478706877494692,0.17269678347879114,0.5114001222582151,286847.17178583366,-0.3561721824797639,0.8545816241748175,1.067916311317181,4.909459704825044,0.21314113539593937,0.14948405375762597,0.08089952332551142,0.3012056088056915,165189.93046060958,-0.27699155902335443,0.7872490942877372,0.9755865986304135,2.1749588619096096,0.10597841493250824,2.193510573865951,0.2168736371190625,0.8778220865476691,386534.74618612963,-0.251385113704817,1.0040656779324435,1.1552883588512817,7.102970278690995,0.2197778590478151
10y,2013-06,2013-06-03,2023-05-31,2517,120,9.99,0.14860003504344022,0.5083257823831446,257786.0427524131,-0.3085846238254334,0.821903325563493,1.0090529510841861,3.9899913706277927,0.19085154598921752,0.04137072136835562,0.11864725359801209,0.3782515345469114,213619.56513695093,-0.33717376604137694,0.728408595747705,0.8783144715420167,3.064445675211693,0.1750892221187986,0.10478706877494648,0.17732715834816082,0.5227430872466016,308793.6425535573,-0.3561721824797635,0.8716613068617838,1.0926076034601082,5.106550248056407,0.21359964563662162,0.13686447091625498,0.08127227796174519,0.30252385871452986,163689.97126286614,-0.2769915590233551,0.7892709366608676,0.9810888040747933,2.1824620289623877,0.1061695691236435,2.1034948866775087,0.21869787971651644,0.8843467076395052,414568.5400652887,-0.25138511370481703,1.0085257777780388,1.1654913591050604,7.210045134733916,0.22043224134957612
10y,2013-07,2013-07-01,2023-06-30,2518,120,10.0,0.15765542884083894,0.5336524245129244,266531.70671919506,-0.3085846238254337,0.8638431090445334,1.0595293177070735,4.318058578883215,0.19063291811634037,0.04862539416222322,0.12674475544202046,0.3994310400738697,221613.84748208537,-0.3371737660413769,0.771066706549226,0.9284370408085562,3.294914419391717,0.17466409444424993,0.10478706877494676,0.18735319203113132,0.54657889319931,318131.0246366495,-0.356172182479764,0.9113230034179485,1.1416946425387273,5.561697155688763,0.2136193167055284,0.16308458105940926,0.08736503979765553,0.32266253186894184,167669.7060826307,-0.27699155902335465,0.8449880910791798,1.051164848613012,2.3092181599998978,0.10577048207467123,2.744059815416354,0.23597858619335454,0.9399407608700816,437674.9572711581,-0.25138511370481725,1.0744075844773577,1.2438202199297739,8.305756971105117,0.21992316366796597
10y,2013-08,2013-08-01,2023-07-31,2516,120,10.0,0.15538579238418393,0.5273976915112155,275335.5706886035,-0.30858462382543356,0.8529330276813225,1.0477015814271962,4.229359096557559,0.19080843742657466,0.04622495529495918,0.12480198200376535,0.3943499415233995,229403.99489769424,-0.33717376604137694,0.7609268175369728,0.9170758774447837,3.2355640257165112,0.17474013513156375,0.10478706877494498,0.18474099478645445,0.5405508656535223,327761.4585918723,-0.356172182479762,0.9001519374402223,1.1291765570337888,5.4333231719711925,0.21388520487845444,0.1543154759411176,0.08597246748481124,0.3180914215957899,169248.77491236356,-0.2769915590233542,0.8318519083320844,1.0345159063507998,2.278345562045439,0.10591865919552468,2.5287822464768945,0.23096595008141363,0.9240981464803527,465515.3762745823,-0.25138511370481703,1.0544674133813399,1.2224574571487619,7.962105418448087,0.22030507029368296
10y,2013-09,2013-09-03,2023-08-31,2517,120,9.99,0.15550212411436504,0.5278540304869944,265386.86843882455,-0.30858462382543345,0.852729378368578,1.0491712693187958,4.236041545107291,0.1910191457742442,0.04711272394505284,0.12633448313257722,0.39842772676606414,221964.92020531985,-0.33717376604137705,0.7684733881237824,0.9266751260472592,3.281396542173718,0.17481331065608716,0.10478706877494687,0.18336034250950228,0.537481328281425,314636.92014066543,-0.3561721824797636,0.8935993618065249,1.12394584296948,5.374024819291398,0.21423011913202963,0.15624982699991385,0.08592594366161066,0.31803646552113657,163416.58506810816,-0.27699155902335454,0.8296612022906938,1.0321622196332825,2.278116324200815,0.1061799878887323,2.562837243813263,0.23047306645455512,0.9231523843457279,431756.3566806331,-0.25138511370481675,1.0498491888064387,1.2203379510969923,7.936862063104661,0.22104771769120238
10y,2013-10,2013-10-01,2023-09-29,2517,120,9.99,0.14490559461626118,0.49811718563104446,246014.37861277928,-0.30858462382543367,0.8037733562493313,0.9909802275931747,3.8636442972166583,0.19123712319379016,0.038526107086152006,0.11698297656115164,0.37375671116522374,206473.4124631997,-0.3371737660413769,0.7203538696034734,0.8697419326871677,3.0192116596327256,0.17494312615574237,0.1047870687749467,0.17148122716030745,0.5093088672677802,290701.94366868056,-0.3561721824797636,0.8456268436000389,1.0659768470378492,4.8588675092912155,0.21451737510932203,0.12624778489518085,0.07651858525402555,0.286715978923224,150886.97693768304,-0.276991559023355,0.7461275140094501,0.9280196358005588,2.0884982278225253,0.10644012518997567,1.8537894812775493,0.21000733424645945,0.8569190834076373,376523.6257990859,-0.2513851137048169,0.9718746284952198,1.1302815090029878,6.712656990568765,0.2216507097749758
10y,2013-11,2013-11-01,2023-10-31,2516,120,10.0,0.13717278604359762,0.4762785136368323,236599.97745072527,-0.3085846238254337,0.7676698157455037,0.9473667507666933,3.608929889414347,0.19145239652809604,0.03279734205339868,0.10953734344990695,0.3539733080280977,199008.7069941692,-0.3371737660413767,0.6817713433512487,0.8243476469618304,2.8229468356563245,0.17505944553094627,0.10478706877494592,0.16345706080630218,0.49019532455339726,278958.7909331887,-0.356172182479763,0.8126708643279001,1.0259225559336105,4.5337747513046605,0.2148396678795086,0.10811871421134078,0.06909393673017572,0.26192886512807245,144553.6783347431,-0.2769915590233557,0.6782501377764348,0.8421201086658617,1.9484896157177498,0.10696950971937393,1.4503439250399683,0.19625440285970086,0.8112783525733165,354957.63913261297,-0.2513851137048171,0.9207895785392409,1.069713379811586,5.984118676344629,0.2214874121744944
10y,2013-12,2013-12-02,2023-11-30,2518,120,9.99,0.14433051244573214,0.4967093335253085,256225.0483394449,-0.3085846238254334,0.8000066998024904,0.987750639208382,3.846361394256792,0.19159447398919385,0.022676176427494088,0.11592704800805742,0.3710750623586042,214204.52250920504,-0.33717376604137683,0.7142034629178697,0.8633880145819777,2.992126703845601,0.17518365949714979,0.10478706877494642,0.17140654357858032,0.5094079727121799,303972.4703331346,-0.3561721824797631,0.8439727738672652,1.066414701346492,4.858823891184091,0.21497962378822424,0.07054145862727967,0.07841245423693066,0.2935009929432502,157677.15377630855,-0.2769915590233545,0.7557367808539611,0.9421338073872657,2.1261247833038976,0.10757356221089279,1.0259902525088123,0.1940827200060744,0.8034995286751802,360269.01813510637,-0.2513851137048167,0.9145142324945449,1.059402621770158,5.884814143692903,0.22086897415123788
10y,2014-01,2014-01-02,2023-12-29,2517,120,9.99,0.14657041029406725,0.5031040821790761,268610.16925499815,-0.3085846238254332,0.809940165502687,0.999278290893856,3.920127074429884,0.1916810531897927,0.018854472595182914,0.11765305616895261,0.3756752507406497,223983.89638562902,-0.3371737660413769,0.7229480629026979,0.8728764292699726,3.037351239545979,0.17521015077097143,0.10478706877494698,0.17418007519110867,0.5161338752169993,319412.14555986965,-0.3561721824797637,0.8545803358598765,1.0797967337340717,4.971837091405785,0.2151143913261295,0.056952774959140084,0.08372517517842826,0.31131878661127277,165873.34846542592,-0.27699155902335504,0.8002590986699378,0.9986269150111459,2.2324200691876976,0.10775594579310344,0.8574798031974051,0.1930345477862916,0.7997266188393504,378720.8070920137,-0.2513851137048167,0.9115331108190166,1.0529704709224799,5.82931689460319,0.22055081118124598
10y,2014-02,2014-02-03,2024-01-31,2517,120,9.99,0.1516974487423961,0.5175508229460636,267053.30468437826,-0.30858462382543345,0.8333352650025184,1.0269231705766393,4.098772641553783,0.19164942696727458,0.022475971594090538,0.1234515037670787,0.3909739614270165,223088.16238691896,-0.3371737660413768,0.7528437608375653,0.9084216512855552,3.1984639612312575,0.17510427774788473,0.10478706877494653,0.17858835865244127,0.5266842786940676,316998.806485504,-0.3561721824797633,0.8719008295286999,1.100315066145834,5.16145234106693,0.21515094683606006,0.0735111318001701,0.08329930320815704,0.30995653108606397,163570.58061564065,-0.2769915590233551,0.795666280158853,0.9955110334709856,2.223673220035731,0.1079037090246668,1.071811002219686,0.2010643302465318,0.8255074969514079,368789.5653834351,-0.25138511370481675,0.94541196132887,1.0892892172933493,6.233263343286616,0.21950250734464802
10y,2014-03,2014-03-03,2024-02-29,2518,120,9.99,0.15207421896857043,0.5186343854923334,279748.6568592192,-0.3085846238254339,0.8349016467986707,1.0311258929971447,4.114495968199551,0.19169035941389112,0.017669887006380947,0.12411493079078251,0.39270979644963216,232621.10737272154,-0.3371737660413768,0.7563050798379432,0.91417971183102,3.218873451982741,0.17507675746226292,0.10478706877494626,0.1786582378235435,0.5269186132484439,333879.4573147382,-0.3561721824797634,0.8718143631685839,1.1029258303691158,5.167879616127268,0.21526802080641785,0.05816744087968384,0.08232494884663555,0.3068240046156047,165724.86558219724,-0.27699155902335676,0.7854319389949851,0.9853990322876374,2.204469099581784,0.10820499544876364,0.8284468332855646,0.19632812482992446,0.8090743215053323,385953.0882412908,-0.25138511370481714,0.9299818040482677,1.0718064064184465,5.996326449412833,0.21870238688746374
10y,2014-04,2014-04-01,2024-03-29,2518,120,9.99,0.15553307615750867,0.5283849680518389,283031.71094231925,-0.3085846238254337,0.850383915013345,1.0499686062717117,4.239606410783044,0.1917386649990102,0.01993619116882006,0.1264591095573726,0.398885090318745,237407.10614161822,-0.33717376604137683,0.7682506679777723,0.9283677610406479,3.286577477204151,0.1750647200536079,0.10478706877494676,0.18327522313638878,0.5379683605497224,334989.73112541344,-0.35617218247976373,0.8896493405502067,1.1248386464171476,5.3737525278460065,0.2153762795615108,0.06870918709154794,0.08367956839087709,0.3113913769703812,167741.35414338217,-0.27699155902335454,0.7961773314300942,1.0002458517162194,2.232193616128192,0.10833363318511932,0.9763655031642644,0.20321141430520884,0.8313694696100267,396851.2805684584,-0.251385113704817,0.9583585276417547,1.1003460032960746,6.350118031010271,0.21807486720330435
10y,2014-05,2014-05-01,2024-04-30,2519,120,10.0,0.15017207029145707,0.5132701265367865,265931.25036195834,-0.3085846238254336,0.8262978040997191,1.022637643115379,4.049366182135505,0.19168303259713432,0.020863880760314535,0.12100067782983315,0.3844865525599975,224850.47197169546,-0.33717376604137683,0.7403921169200163,0.8970137552655009,3.1322895621347273,0.17509475851554054,0.10478706877494709,0.1780420296447427,0.5254081259647109,312122.4959590846,-0.356172182479764,0.8695723694103559,1.1018773414340681,5.144290303672714,0.21520435273759653,0.07740853186965879,0.07740909866526136,0.29054975249452897,158486.57162039928,-0.276991559023355,0.7408854145419352,0.9319341842981085,2.1070648079423773,0.10862655322627388,0.9868093161305005,0.19890591040505723,0.8157614242262682,372391.1407272118,-0.2513851137048169,0.9469809012800147,1.0904846001331694,6.131099619803215,0.21655165178931754
10y,2014-06,2014-06-02,2024-05-31,2520,120,10.0,0.15253972072634636,0.5199592259760456,276453.0735658342,-0.30858462382543334,0.8369140275702058,1.0359666530077358,4.135795124700894,0.19171792665277296,0.01698693359864545,0.12391317161589299,0.3922114844116674,233305.97383663128,-0.337173766041377,0.7550524101193872,0.9149495947551588,3.2160856722899642,0.17514469394627943,0.10478706877494631,0.17983054822472755,0.5296860066597748,325040.6377505462,-0.35617218247976307,0.8765430866224893,1.1108158035586582,5.226324453551927,0.21523120072505278,0.06388771510147573,0.07889783438600584,0.29562597917817623,163606.8112857274,-0.27699155902335465,0.7522420493060932,0.9488545325738595,2.1369935611621407,0.10885578775595514,0.8031469916330449,0.196817481823373,0.8084336969609915,379646.9167190202,-0.25138511370481675,0.940430801723965,1.0809483825063664,6.029471445184972,0.21610117029428788
10y,2014-07,2014-07-01,2024-06-28,2518,120,9.99,0.15506140566746285,0.5271647020072552,287380.8119996131,-0.3085846238254335,0.8476661456950336,1.0507993847950046,4.22234643574013,0.19190918746621907,0.011262132350714271,0.1252573991904411,0.3958091408211197,240114.2296771373,-0.33717376604137683,0.7615533255126171,0.923163504354891,3.251711541921729,0.17524243434223902,0.10478706877494676,0.1835745796687256,0.5387657804875182,341129.2397338825,-0.35617218247976357,0.8903479898461323,1.1305737128011837,5.387352244381392,0.21552627295178722,0.042561233571696166,0.0805731963920151,0.3013210496591418,167384.58364282918,-0.2769915590233546,0.7650986154613523,0.966649896703956,2.1690762039608207,0.1090884045860038,0.5346970866804002,0.19483671201943986,0.8018012918624674,388226.68929611315,-0.2513851137048168,0.9329092234178284,1.07198928398341,5.9220493310617925,0.21605629343557356
10y,2014-08,2014-08-01,2024-07-31,2518,120,10.0,0.15489417858525512,0.5269978537241261,280670.2477373783,-0.30858462382543345,0.845270306824243,1.048004196063754,4.216242247586468,0.19239222428061056,0.01699609682752934,0.1281400908665793,0.40352033891008554,238727.03555444095,-0.33717376604137683,0.7753775650198595,0.9404942984523053,3.335913271795406,0.17547125230676683,0.10478706877494715,0.18018296266560596,0.5311767899299189,327195.67814025434,-0.35617218247976395,0.8746645570603339,1.1102134499735035,5.235068653200186,0.21630051775252632,0.06913651821717037,0.08305938169055427,0.30976512533406775,167628.99069890066,-0.2769915590233555,0.7839090801531877,0.9924955579129621,2.219461769215204,0.10945443441040568,0.804011685667267,0.1971790594931353,0.8091263161357337,380326.646893417,-0.2513851137048168,0.9438010752775042,1.0843751126528927,6.039080338867453,0.21551396402418266
10y,2014-09,2014-09-02,2024-08-30,2519,120,9.99,0.15174740431067368,0.5187181680180298,284266.69030052394,-0.30858462382543345,0.8280848279673874,1.0297410891389918,4.105149147606718,0.19329958156843047,0.014241566187607635,0.12632607741218238,0.3991049315430337,243670.87945570075,-0.33717376604137694,0.7638981714916195,0.927979317789493,3.2842512696035597,0.17615922885544819,0.10478706877494592,0.17563922247322283,0.5210097750826357,328786.21089383384,-0.356172182479763,0.8535727524545638,1.0878023185309493,5.040362866380982,0.21740289641491428,0.06124307087519021,0.0811398694760177,0.30348363310878096,171718.75817547785,-0.27699155902335426,0.7658074806325472,0.9726360507388209,2.1811442089206285,0.10976963113945873,0.6446952604268743,0.18988078866083047,0.7849419157305735,387976.87843430863,-0.2513851137048171,0.914815823329754,1.0516627857209664,5.685058126807856,0.21569665467677457
10y,2014-10,2014-10-01,2024-09-30,2518,120,10.0,0.15549333280082922,0.5294708790390841,285908.9733533305,-0.3085846238254337,0.8437021756462946,1.0482325841538302,4.238149624875876,0.19365432109931416,0.015702267571966688,0.12994900257781916,0.40874197747879043,244717.60802712402,-0.33717376604137667,0.7814367061623609,0.9480608890655572,3.3897473460006764,0.17636370393009,0.10478706877494709,0.17949421919066433,0.5305188936101349,331175.68035653245,-0.3561721824797641,0.8671295361040151,1.1042195089827942,5.204621514878297,0.21790985581329067,0.06949972633368495,0.0847378881555465,0.31552134740079324,172456.91601523015,-0.27699155902335454,0.7954721271210075,1.0095937876052425,2.2540717738974756,0.10986777153085636,0.7352695615503144,0.19519648676263102,0.8023927073668159,396888.56517230184,-0.25138511370481703,0.9366292624377001,1.074737162223736,5.939891076428611,0.21535690808158978
10y,2014-11,2014-11-03,2024-10-31,2518,120,9.99,0.15162602904083777,0.518314411858319,278215.1528467722,-0.30858462382543356,0.827885011330078,1.0255648721682598,4.09853004759925,0.1931957404925532,0.022331756862019825,0.12630886019287857,0.3989074135324679,239093.39688465602,-0.3371737660413766,0.76479636651906,0.925897754465335,3.2821998795343363,0.17586526402412636,0.10478706877494648,0.17539810952472834,0.5204971354021068,320902.92208284955,-0.3561721824797636,0.8523480458991551,1.0825483741870223,5.026814452160043,0.21750105673682424,0.0993043528911538,0.07882106513170006,0.29573743770280336,165520.04007838893,-0.2769915590233553,0.7461330332048393,0.9470474355598169,2.1341880113033094,0.1097884295231075,1.0400863774514573,0.19772986638674817,0.809518671712268,383090.71653058997,-0.25138511370481714,0.9516523987903089,1.0900978383046587,6.0669008296115,0.2138395737700455
10y,2014-12,2014-12-01,2024-11-29,2519,120,10.0,0.15378149735306113,0.5245778624790064,292848.65809304407,-0.3085846238254336,0.8364970456084998,1.0388121887902988,4.178199559321514,0.19351731510597145,0.01964412232474899,0.12973372665353144,0.4080506771257606,251862.68503061234,-0.33717376604137694,0.7811759054524652,0.9474634313750119,3.3849380093400603,0.17612420273323276,0.10478706877494703,0.17622437859582907,0.522694781726305,337666.12133685296,-0.35617218247976384,0.8545052348784988,1.0875259149834842,5.06549675140659,0.2178679937574789,0.08964950499509872,0.0804250848407213,0.30119282836449757,171467.16159140793,-0.27699155902335537,0.7583257846828451,0.9652658780737872,2.1667723092838775,0.11001587019783081,0.9120915461962555,0.19586850092057806,0.8033803006375817,402911.393584989,-0.2513851137048168,0.9441547398735975,1.082875075843345,5.977588297602845,0.2139033356449879
10y,2015-01,2015-01-02,2024-12-31,2518,120,10.0,0.15387546780520922,0.5249089773299334,289302.169184475,-0.3085846238254336,0.8365967102538306,1.0369936725122295,4.179228101964661,0.19361639524353946,0.016565269494159596,0.12694558574522175,0.4006844266187119,245484.26031224095,-0.3371737660413768,0.7673876173841888,0.9284757610358415,3.3007872987409743,0.1760521984674187,0.10478706877494715,0.1793153747913423,0.5302418627750926,338036.2278717476,-0.356172182479764,0.8657473083601902,1.1004568572320228,5.1967414858957195,0.218143792863133,0.08221010083627744,0.07423267612355611,0.28056550095089683,162201.32185984505,-0.2769915590233551,0.7043199447483102,0.895194136398218,2.045204662798868,0.11033945026834197,0.7772114571830171,0.1958806442855019,0.8025067634000482,394272.6349628037,-0.25138511370481686,0.9479574091964676,1.0829843133854178,5.973952943078737,0.21281362644468205
10y,2015-02,2015-02-02,2025-01-31,2518,120,10.0,0.15960953168697212,0.540948346441058,288399.73268353345,-0.30858462382543367,0.8624072683506215,1.066794485185055,4.391444050073871,0.19356091735492847,0.020959459521840973,0.1333449004978262,0.4173772577779362,246428.75388915103,-0.3371737660413768,0.800312584116017,0.9658203844088151,3.492926952112705,0.1758421205140123,0.10478706877494653,0.18433579677577017,0.5422321888851387,334585.9544130255,-0.3561721824797635,0.8849631124208506,1.123268778080507,5.422073835723406,0.21823284995200545,0.10525011494249947,0.07397789512058295,0.2798104098704064,164091.61766863323,-0.2769915590233548,0.7008017933311662,0.8916562991596129,2.040362966090309,0.11059492483967215,1.038794254399229,0.20529525629761114,0.8324808570167197,388869.66824464494,-0.251385113704817,0.99021322736335,1.1265436390384864,6.460868090122635,0.21134164755147283
10y,2015-03,2015-03-02,2025-02-28,2518,120,10.0,0.150101668319798,0.514436359029353,282247.03170571884,-0.3085846238254334,0.81890801406352,1.0150253352176635,4.044643987435597,0.19385223688980166,0.017016571036258643,0.1257193184794152,0.3974224214998287,242808.8987360755,-0.337173766041377,0.7614066285761627,0.9199392212135331,3.2650738998277786,0.17599060677599138,0.1047870687749467,0.17287957988590552,0.5151830915667921,325292.6464345491,-0.3561721824797636,0.8391949564240158,1.0674244889464344,4.920221126505886,0.2186546578901306,0.0899914163864961,0.07456171373579634,0.2818645505863671,165770.1565261664,-0.2769915590233553,0.7044813404571677,0.8980327806955818,2.051472782821755,0.1108249385990403,0.7616492073418497,0.18989615092216416,0.7813323425640799,382346.36136407644,-0.2513851137048169,0.9291863728105119,1.0578230409751832,5.681870333847736,0.2113842018395345
10y,2015-04,2015-04-01,2025-03-31,2517,120,10.0,0.14437094069009837,0.4987559827036023,259942.9095627503,-0.30858462382543345,0.7906302640510954,0.9795030691861755,3.845660904118721,0.1946654894219038,0.020380003505283906,0.12076721147412539,0.38464707086277367,226467.40269422883,-0.3371737660413767,0.7345001543594901,0.887337945669127,3.1229476245585577,0.1765730077928744,0.10478706877494631,0.1663362184821935,0.5001063022014242,295771.0584252253,-0.3561721824797633,0.8108168850457131,1.0308135062965247,4.64988379663458,0.2196845630773005,0.10747020814631625,0.07063901684152274,0.2686605219034731,158652.92958587184,-0.2769915590233551,0.6714380861913909,0.8565105607618028,1.9773236817916053,0.11083180763871513,0.8783157203222629,0.1867162219874774,0.770239443378948,352042.42867137364,-0.251385113704817,0.9182870931920294,1.0412727038262213,5.5281995169568425,0.21085642114460293
10y,2015-05,2015-05-01,2025-04-30,2517,120,10.0,0.14301800176076274,0.4986849047194305,257283.97816719502,-0.3085846238254336,0.7667936381880255,0.9525989329291803,3.800490007170672,0.20068827656670407,0.019345314631201926,0.11869390748760678,0.3822754628087822,222240.72571311033,-0.3371737660413766,0.7060352589213997,0.8550003723878561,3.0657224394157687,0.1825592360038162,0.10478706877494637,0.16573270640689874,0.5022282446503282,295228.10650665784,-0.35617218247976346,0.7930112778086486,1.011425507307434,4.62590776624789,0.22557022202053875,0.1207220772179195,0.0704198861595593,0.26959352070530523,156494.1179035127,-0.27699155902335537,0.6494520104383371,0.8270421852719929,1.9732851720702866,0.1149817513881541,0.8265397775822789,0.18507802103810067,0.7642351057888842,349156.12150444405,-0.2513851137048171,0.913733355026568,1.0336308547464728,5.452447543830169,0.2102553528434622
10y,2015-06,2015-06-01,2025-05-30,2518,120,10.0,0.1494834495352868,0.5172208900215373,276993.4353205116,-0.3085846238254336,0.7937636318721946,0.9876584434066551,4.022972331647185,0.201075493223971,0.008480878944057135,0.12405046472528869,0.39665545046188083,236056.18598428543,-0.33717376604137705,0.7310467867640172,0.8865907547411285,3.21702942377069,0.18294562601811043,0.10478706877494731,0.17333692637221,0.5207341410537313,322209.7601096197,-0.3561721824797643,0.8208254227287906,1.048573790970503,4.939425194668859,0.22595671427213396,0.08262132178015491,0.0729625723760523,0.27822180360404064,160549.67194266536,-0.27699155902335515,0.6693849280909685,0.8522568000007632,2.021170704440124,0.11512821382811282,0.3685573995540219,0.18181780531626712,0.7525557083285239,352017.73428921617,-0.251385113704817,0.9034467445089455,1.0178903351341138,5.307982594222881,0.20939950634301266
10y,2015-07,2015-07-01,2025-06-30,2516,120,10.0,0.15848825941160571,0.5425329888913103,287008.77559997665,-0.30858462382543345,0.8325471354920039,1.0345782367494718,4.34412401967439,0.20109052226931962,0.014254251291906161,0.13180108963302906,0.4170511742265375,244148.21210544513,-0.33717376604137694,0.7685928122897345,0.9312802116149322,3.442291015724069,0.1829560630771699,0.10478706877494592,0.18362998721727708,0.5452867211069219,334405.7881982688,-0.35617218247976273,0.8594483949900134,1.0963895456138775,5.382666053207005,0.22597745561691673,0.10916321213139979,0.08011843808482899,0.3022543333085766,164475.65298681988,-0.2769915590233544,0.7267891726590173,0.9216730178304179,2.1586513586989287,0.11519420232748356,0.6833537790275033,0.19788423850918324,0.8061559892005513,376260.2246206718,-0.2513851137048168,0.9686116071214131,1.0906562366249846,6.066019832234509,0.20922278188598795
10y,2015-08,2015-08-03,2025-07-31,2516,120,9.99,0.15731391699047514,0.5390907723136084,297719.7288819892,-0.30858462382543345,0.8282357710961272,1.0276879837420279,4.300357835756182,0.20085479157944944,0.015359261942636593,0.13185009907870948,0.41706484876865574,252754.61536764674,-0.33717376604137705,0.7695078451953352,0.9312444220647315,3.4437795260128587,0.18274449912477317,0.10478706877494642,0.18118775204416604,0.5393091602049052,347629.90816436376,-0.35617218247976334,0.851063997325571,1.084132938935058,5.272801604129295,0.22570208729911453,0.11319757515593065,0.07752525937838861,0.2935711097722705,166751.16308047893,-0.27699155902335443,0.7059476766220971,0.8957701809555573,2.1074625961241646,0.11518802607175012,0.7259474259538328,0.19654701398680263,0.8014808031972763,395333.6742449246,-0.2513851137048169,0.9642615724815017,1.0851312410826628,5.998749030083128,0.20894780896999865
10y,2015-09,2015-09-01,2025-08-29,2516,120,9.99,0.16681601852427885,0.5647004370840126,302015.8430823173,-0.3085846238254335,0.8736291535259482,1.0842759776223707,4.666167201937788,0.19946435080414493,0.017508608170238915,0.14132127869410271,0.44107599633944905,258079.1675168843,-0.33717376604137683,0.8197268182191599,0.9924364255871506,3.742552542090925,0.1814253864712078,0.10478706877494642,0.1907117214248888,0.5609547823639571,350355.042570292,-0.35617218247976334,0.8909431939986145,1.1354073338703132,5.712984013913997,0.22425278115693417,0.11931964805963968,0.08295721466026529,0.311479949306839,168033.31964957056,-0.2769915590233542,0.752930930923743,0.9582359284947389,2.2159686062121295,0.1145886205752847,0.8963466827352766,0.2082203295951277,0.8402212574775373,402157.8244935642,-0.2513851137048169,1.0102628420582542,1.1423528352587746,6.609330696649273,0.20907342877014926
10y,2015-10,2015-10-01,2025-09-30,2516,120,10.0,0.17452866681751011,0.5854057150099715,302641.72055605607,-0.30858462382543345,0.9103157347309951,1.1258055926760486,4.983417404996574,0.19844455660759672,0.018946891521099296,0.1479799065846119,0.45779159294188554,257927.11396423652,-0.3371737660413769,0.8555816215781394,1.0336306861811178,3.9663545015576314,0.18040980727190556,0.10478706877494681,0.199513161473184,0.5810085667223123,351976.481149746,-0.35617218247976373,0.926997506578648,1.1764454776071507,6.148881559529022,0.22323586393742723,0.12215890451298295,0.08714005454146201,0.3253452992074842,170341.12860284568,-0.27699155902335637,0.7873854425530877,1.0006311787732696,2.3029208478490704,0.11445207998282923,1.0414823480267081,0.21846005299428328,0.8741316858070574,433184.92955399817,-0.2513851137048169,1.049156411091631,1.19099641457795,7.19036390755573,0.2094479821182721
10y,2015-11,2015-11-02,2025-10-31,2517,120,10.0,0.16747269690371125,0.5659319472922137,310408.69474014087,-0.3085846238254336,0.8796093894854212,1.0864629526946008,4.69533702679249,0.19854028294096263,0.03347143425355026,0.14126155825017106,0.4403727507223357,261869.44903941554,-0.33717376604137683,0.8230595565884562,0.9922928831450613,3.7425596611875207,0.18040266665331242,0.10478706877494687,0.19212467448365156,0.5637544569339963,364717.59380387166,-0.3561721824797638,0.8988216092902701,1.139769454416637,5.785064150044376,0.22339655971047098,0.1715453051511573,0.08393261415834585,0.3146698692396423,172728.5087816288,-0.2769915590233545,0.7616279440314299,0.9683020133824837,2.2366917954691345,0.11444025700659792,1.8431342437440303,0.22559610873720182,0.8987599933034665,456312.7369460668,-0.2513851137048169,1.0703669144414274,1.2202465198264623,7.628198393788407,0.2110817141875474
10y,2015-12,2015-12-01,2025-11-28,2516,120,9.99,0.1661757021645065,0.5625582768520786,307390.121267753,-0.3085846238254336,0.8727973514477015,1.0789418898109615,4.64066414361133,0.19889706809299915,0.035755729401184766,0.14112719179741773,0.440129089924374,261844.52757459012,-0.33717376604137717,0.8217109736848808,0.9903388730709809,3.7362031145483563,0.18059875983970403,0.1047870687749472,0.18960723939037427,0.5581392805758911,357688.3869753197,-0.35617218247976395,0.887821895965849,1.1277014639132303,5.660295465768154,0.22391167259299863,0.17585224769037588,0.08419919122287123,0.3156198613949887,172561.85220741306,-0.27699155902335443,0.7629309750670119,0.9708481086233957,2.241472953087406,0.11458970775023794,1.947283828405979,0.22536296879155904,0.8992160884930896,451296.9308842979,-0.25138511370481675,1.063674143656225,1.2134795434351293,7.607579294174133,0.21251765872020123
10y,2016-01,2016-01-04,2025-12-31,2516,120,9.99,0.16754128567265036,0.5660077605910019,309485.0671179664,-0.30858462382543367,0.8805229991998682,1.08545457980361,4.695206021091064,0.19836085149730928,0.03740723390131184,0.14287489087641747,0.44434223335002165,263499.9527226432,-0.33717376604137694,0.8324034477088735,1.0001167485763856,3.793728952217153,0.17998549218198537,0.10478706877494703,0.1905687958439899,0.5601280766781181,360436.08442904014,-0.3561721824797637,0.8927703994318325,1.131525324004638,5.706141080998772,0.223463994399459,0.18313531412098316,0.08376249984317852,0.3140456187656231,169514.1052307744,-0.2769915590233555,0.7610419234898603,0.9672267212168092,2.2324754190177085,0.11430117429989815,2.064971156640305,0.22797602974530173,0.9072456539935845,450556.51322019316,-0.25138511370481664,1.0759057135528156,1.223669922884058,7.771112237639077,0.21197773096144287
10y,2016-02,2016-02-01,2026-01-30,2517,120,10.0,0.1762329061794503,0.5893232590102795,311714.08352279675,-0.30858462382543334,0.9221004998590535,1.1344487574951971,5.059342072227266,0.1972193879312102,0.03720405937542326,0.15035620154609664,0.4631620145874448,265317.77900947107,-0.3371737660413771,0.8725901422491171,1.0451896548329502,4.051344613863104,0.1789684219251424,0.10478706877494676,0.20052122089726532,0.5827128615036159,363300.4199565938,-0.35617218247976346,0.934104825105557,1.1829637384226275,6.205167843096271,0.22218717435413912,0.17670266868893258,0.08554331183784303,0.3198508330620947,169513.05042820945,-0.2769915590233545,0.7771743505141574,0.982528535225405,2.2701114991543463,0.11399756161043607,2.211495267747372,0.23772528027268858,0.9392196677814485,461071.3137448763,-0.2513851137048167,1.1108074937944896,1.2630412255180365,8.416663110843643,0.2125533400684111
10y,2016-03,2016-03-01,2026-02-27,2516,120,9.99,0.17539269508030197,0.5868006464559753,297250.743175058,-0.3085846238254334,0.9196462762446057,1.1317060051110575,5.020140330120239,0.19689924422526078,0.03586093438615645,0.1495157509661884,0.4608067499679358,255590.87307403973,-0.33717376604137683,0.8698619052439507,1.0410198218515325,4.019654354858963,0.17861679695054852,0.10478706877494703,0.19969469665664152,0.5805713538621144,343001.05568594683,-0.35617218247976373,0.932045459385213,1.1813043912597334,6.158178868856514,0.22185974311456544,0.16478344761662567,0.08550822670616043,0.31970448042701777,168825.5375670427,-0.27699155902335476,0.777307057821001,0.9827309918880819,2.268640007997466,0.11392594672750789,2.1053378783053587,0.23555563104279797,0.9334024457644202,447837.7059188721,-0.2513851137048167,1.0968289070018387,1.2562498388157841,8.263516747161873,0.21392897147672407
10y,2016-04,2016-04-01,2026-03-31,2516,120,10.0,0.1616094131263357,0.548897657241807,281090.08008622716,-0.30858462382543356,0.8578806651920853,1.0600676808886218,4.462400303787243,0.19744165354361862,0.03977457460537526,0.13595656870988093,0.42586007905832257,240214.37121298685,-0.3371737660413768,0.8016575346564869,0.9633598664136285,3.5705779158986988,0.17911494678871995,0.10478706877494665,0.18571263689630446,0.5479762797184913,326675.30953127,-0.35617218247976357,0.8775485919697082,1.1163845891980457,5.477977037949273,0.22240809144983914,0.17759281968462426,0.07573957655116415,0.2873280767886266,159675.7490860013,-0.2769915590233549,0.6946058368751328,0.8827172380498765,2.072851444163151,0.11457930198068739,2.1373070418790157,0.22548721150167972,0.9015708117379615,408798.5430318255,-0.2513851137048169,1.0551414116543325,1.214229563037688,7.615284079828289,0.21479725704855565
10y,2016-05,2016-05-02,2026-04-30,2516,120,9.99,0.1776915962459562,0.5937333321174082,311876.1629565725,-0.3085846238254336,0.9261148276267046,1.1439163225531517,5.119037075312602,0.19783397423145693,0.01941553417471109,0.1469271054246042,0.45493718686998497,262017.8792616555,-0.33717376604137694,0.8513916819366114,1.0240973032755385,3.930186439207816,0.18016723426321074,0.10478706877494665,0.20700860384830766,0.5981406739731139,368144.67423265416,-0.3561721824797638,0.9568522342323965,1.2152273787939225,6.543448199351271,0.22264782550236303,0.10421548365752564,0.0819332810661979,0.3083497982773684,167583.2729112164,-0.2769915590233552,0.740904256091611,0.9427421504454627,2.1951385536107964,0.1152784460976623,1.1301649353771497,0.22642413802301875,0.9041025116631927,403576.2329695206,-0.25138511370481714,1.0610677178899222,1.215084088386429,7.673613134728421,0.21419736823888638
10y,2016-06,2016-06-01,2026-05-29,2515,120,9.99,0.18321848192334245,0.608981577782316,334528.8002943382,-0.30858462382543345,0.9494110637263558,1.1721420876024455,5.360431444528811,0.19793570801565766,0.02851830752308393,0.15095216057329686,0.46532793187596233,273363.41052817716,-0.3371737660413767,0.8708893400590194,1.0463418911163664,4.067815729764828,0.18015649522616808,0.10478706877494603,0.2140884346266505,0.6147260839796964,406264.3440236358,-0.3561721824797628,0.9823049238506334,1.2477207250143902,6.931569580962261,0.22289242947089116,0.13570581220539313,0.08381968899162717,0.3147407784102716,170573.10900193988,-0.27699155902335504,0.7546926312527505,0.9615435154177461,2.2329385457756783,0.11551794106611361,1.8075032012080747,0.24260674214973443,0.957158144087652,462157.08803123713,-0.25138511370481675,1.1180107360560265,1.2840931417931174,8.739072782170336,0.2152173508939434
10y,2016-07,2016-07-01,2026-06-30,2514,120,10.0,0.18367846111348807,0.6108507670755895,323505.43187779235,-0.3085846238254335,0.9477510083936034,1.1723598608070973,5.377665557977426,0.1988910088220282,0.0267157273301164,0.14912723408623552,0.46169419107037,264796.35074903636,-0.337173766041377,0.8544422981481608,1.0313789739456185,4.001693653503263,0.18219038254544637,0.10478706877494648,0.2166838813239833,0.6214048992805553,391077.76586303057,-0.35617218247976323,0.988192085850605,1.2575707808010808,7.075375666353561,0.22397177871533075,0.1175654168253224,0.08012985735102984,0.30299842622890955,167670.13384257784,-0.27699155902335487,0.7179654015429714,0.9197539201715823,2.1575589212658777,0.11689700685074783,1.7119076115109975,0.2433996086540997,0.9629208101837882,430468.5169181616,-0.25138511370481675,1.1057575026759274,1.265559122271244,8.787283277864558,0.21891233545419528
