Date,adj_close
2000-05-19,88.33496856689453
2000-05-22,87.78556823730469
2000-05-23,86.4513168334961
2000-05-24,87.74636840820312
2000-05-25,86.94189453125
2000-05-26,86.54940795898438
2000-05-30,89.39452362060547
2000-05-31,89.64962005615234
2000-06-01,91.08198547363281
2000-06-02,92.88713836669922
2000-06-05,92.27886962890625
2000-06-06,91.80796813964844
2000-06-07,92.41618347167969
2000-06-08,92.08261108398438
2000-06-09,91.74907684326172
2000-06-12,90.9544448852539
2000-06-13,92.14151000976562
2000-06-14,92.71052551269531
2000-06-15,92.71052551269531
2000-06-16,92.33771514892578
2000-06-19,93.25013732910156
2000-06-20,92.73994445800781
2000-06-21,92.91291046142578
2000-06-22,91.39104461669922
2000-06-23,90.73319244384766
2000-06-26,91.78378295898438
2000-06-27,91.27324676513672
2000-06-28,91.6954116821289
2000-06-29,90.58592224121094
2000-06-30,91.42044830322266
2000-07-03,92.46124267578125
2000-07-05,91.17503356933594
2000-07-06,91.62670135498047
2000-07-07,92.98160552978516
2000-07-10,92.82456970214844
2000-07-11,93.177978515625
2000-07-12,93.68853759765625
2000-07-13,94.00276947021484
2000-07-14,94.8766860961914
2000-07-17,94.81769561767578
2000-07-18,94.14016723632812
2000-07-19,93.25657653808594
2000-07-20,94.52315521240234
2000-07-21,92.82456970214844
2000-07-24,92.11759948730469
2000-07-25,92.63802337646484
2000-07-26,91.74451446533203
2000-07-27,91.36162567138672
2000-07-28,89.3684310913086
2000-07-31,89.82002258300781
2000-08-01,90.52699279785156
2000-08-02,90.71361541748047
2000-08-03,91.35173797607422
2000-08-04,91.90164947509766
2000-08-07,93.18783569335938
2000-08-08,93.36457824707031
2000-08-09,92.88347625732422
2000-08-10,92.00962829589844
2000-08-11,92.56925964355469
2000-08-14,93.894775390625
2000-08-15,93.64934539794922
2000-08-16,93.00123596191406
2000-08-17,94.2089614868164
2000-08-18,94.02242279052734
2000-08-21,93.90459442138672
2000-08-22,94.5329818725586
2000-08-23,94.7784423828125
2000-08-24,94.9355697631836
2000-08-25,94.98463439941406
2000-08-28,95.37736511230469
2000-08-29,95.30860137939453
2000-08-30,94.51335144042969
2000-08-31,95.68177032470703
2000-09-01,95.70140838623047
2000-09-05,95.1122817993164
2000-09-06,94.16964721679688
2000-09-07,94.84718322753906
2000-09-08,94.19914245605469
2000-09-11,93.96349334716797
2000-09-12,93.31548309326172
2000-09-13,93.5118408203125
2000-09-14,93.27619934082031
2000-09-15,92.1568603515625
2000-09-18,91.11610412597656
2000-09-19,91.96054077148438
2000-09-20,91.27910614013672
2000-09-21,91.1905517578125
2000-09-22,91.44633483886719
2000-09-25,90.62001037597656
2000-09-26,89.79364776611328
2000-09-27,89.84284973144531
2000-09-28,91.93817901611328
2000-09-29,90.47247314453125
2000-10-02,90.58060455322266
2000-10-03,89.65595245361328
2000-10-04,90.45278930664062
2000-10-05,90.83644104003906
2000-10-06,88.81978607177734
2000-10-09,88.34757995605469
2000-10-10,86.88186645507812
2000-10-11,86.09488677978516
2000-10-12,83.98968505859375
2000-10-13,86.48838806152344
2000-10-16,86.92121124267578
2000-10-17,84.99313354492188
2000-10-18,84.84557342529297
2000-10-19,87.62947845458984
2000-10-20,88.27873992919922
2000-10-23,88.56403350830078
2000-10-24,87.87545776367188
2000-10-25,85.99651336669922
2000-10-26,86.12442016601562
2000-10-27,87.66887664794922
2000-10-30,88.33779907226562
2000-10-31,90.11833953857422
2000-11-01,89.70515441894531
2000-11-02,89.9609146118164
2000-11-03,89.95108032226562
2000-11-06,90.63966369628906
2000-11-07,90.56098175048828
2000-11-08,88.6230239868164
2000-11-09,88.09187316894531
2000-11-10,86.11454010009766
2000-11-13,85.21941375732422
2000-11-14,87.33439636230469
2000-11-15,87.76721954345703
2000-11-16,86.60643005371094
2000-11-17,86.07521057128906
2000-11-20,84.74720001220703
2000-11-21,85.35711669921875
2000-11-22,83.2617416381836
2000-11-24,84.71768951416016
2000-11-27,85.41608428955078
2000-11-28,84.30455017089844
2000-11-29,84.1471176147461
2000-11-30,83.3011245727539
2000-12-01,83.0650634765625
2000-12-04,83.86188507080078
2000-12-05,86.68514251708984
2000-12-06,85.3866195678711
2000-12-07,84.36354064941406
2000-12-08,84.64884185791016
2000-12-11,87.31472778320312
2000-12-12,86.68514251708984
2000-12-13,85.7584457397461
2000-12-14,84.6333999633789
2000-12-15,82.5807113647461
2000-12-18,83.45904541015625
2000-12-19,82.10704803466797
2000-12-20,79.77801513671875
2000-12-21,80.2911605834961
2000-12-22,82.81755065917969
2000-12-26,83.26165008544922
2000-12-27,84.30776977539062
2000-12-28,84.2188949584961
2000-12-29,82.96563720703125
2001-01-02,81.27806091308594
2001-01-03,85.32421112060547
2001-01-04,84.3570785522461
2001-01-05,81.91951751708984
2001-01-08,82.04782104492188
2001-01-09,82.06755828857422
2001-01-10,83.22216796875
2001-01-11,83.66626739501953
2001-01-12,83.44915008544922
2001-01-16,83.7945785522461
2001-01-17,84.20902252197266
2001-01-18,85.16627502441406
2001-01-19,84.8702621459961
2001-01-22,84.95906829833984
2001-01-23,85.84723663330078
2001-01-24,86.24193572998047
2001-01-25,85.77812957763672
2001-01-26,85.74853515625
2001-01-29,86.21237182617188
2001-01-30,87.01451110839844
2001-01-31,86.46500396728516
2001-02-01,87.02083587646484
2001-02-02,85.25865936279297
2001-02-05,85.52396392822266
2001-02-06,85.54290008544922
2001-02-07,84.9428939819336
2001-02-08,84.15971374511719
2001-02-09,83.30706024169922
2001-02-12,84.12178039550781
2001-02-13,83.6544189453125
2001-02-14,83.29439544677734
2001-02-15,84.00183868408203
2001-02-16,82.39125061035156
2001-02-20,81.07121276855469
2001-02-21,79.40380096435547
2001-02-22,79.23326110839844
2001-02-23,78.79118347167969
2001-02-26,80.18067169189453
2001-02-27,79.90278625488281
2001-02-28,78.36170196533203
2001-03-01,78.65851593017578
2001-03-02,78.08380126953125
2001-03-05,78.66484832763672
2001-03-06,79.59962463378906
2001-03-07,79.92804718017578
2001-03-08,80.1617202758789
2001-03-09,77.98273468017578
2001-03-12,74.53563690185547
2001-03-13,75.76335144042969
2001-03-14,73.95343780517578
2001-03-15,74.295166015625
2001-03-16,72.92821502685547
2001-03-19,74.24456024169922
2001-03-20,72.42829132080078
2001-03-21,71.18798828125
2001-03-22,70.69429779052734
2001-03-23,72.42198944091797
2001-03-26,73.27630615234375
2001-03-27,74.85210418701172
2001-03-28,72.97891998291016
2001-03-29,72.99154663085938
2001-03-30,73.86485290527344
2001-04-02,72.30169677734375
2001-04-03,69.8210220336914
2001-04-04,69.99821472167969
2001-04-05,72.77005767822266
2001-04-06,71.74482727050781
2001-04-09,71.93470001220703
2001-04-10,73.93449401855469
2001-04-11,73.97877502441406
2001-04-12,75.03559875488281
2001-04-16,74.5799331665039
2001-04-17,75.3836441040039
2001-04-18,78.62379455566406
2001-04-19,79.4275131225586
2001-04-20,79.00983428955078
2001-04-23,77.44668579101562
2001-04-24,76.89616394042969
2001-04-25,77.95299530029297
2001-04-26,78.301025390625
2001-04-27,79.5666732788086
2001-04-30,79.23133087158203
2001-05-01,80.48433685302734
2001-05-02,80.33878326416016
2001-05-03,79.3705062866211
2001-05-04,80.52861785888672
2001-05-07,79.8641357421875
2001-05-08,79.95906066894531
2001-05-09,79.64266204833984
2001-05-10,79.89580535888672
2001-05-11,79.20599365234375
2001-05-14,79.32624816894531
2001-05-15,79.30725860595703
2001-05-16,81.60448455810547
2001-05-17,81.8638916015625
2001-05-18,82.12969970703125
2001-05-21,83.32575988769531
2001-05-22,83.09161376953125
2001-05-23,81.87657928466797
2001-05-24,82.1233901977539
2001-05-25,81.1108169555664
2001-05-29,80.48433685302734
2001-05-30,79.30094146728516
2001-05-31,79.5666732788086
2001-06-01,80.3008041381836
2001-06-04,80.42103576660156
2001-06-05,81.54119873046875
2001-06-06,80.72480010986328
2001-06-07,81.08553314208984
2001-06-08,80.46536254882812
2001-06-11,79.81301879882812
2001-06-12,79.69877624511719
2001-06-13,79.04513549804688
2001-06-14,77.17308807373047
2001-06-15,77.31901550292969
2001-06-18,76.75424194335938
2001-06-19,77.0080795288086
2001-06-20,77.59825134277344
2001-06-21,78.4866943359375
2001-06-22,77.97901916503906
2001-06-25,77.52208709716797
2001-06-26,77.115966796875
2001-06-27,76.98268127441406
2001-06-28,77.9345932006836
2001-06-29,77.85844421386719
2001-07-02,78.63265228271484
2001-07-03,78.68975830078125
2001-07-05,77.42056274414062
2001-07-06,75.42796325683594
2001-07-09,75.94832611083984
2001-07-10,75.08529663085938
2001-07-11,75.05986785888672
2001-07-12,76.90021514892578
2001-07-13,77.42056274414062
2001-07-16,76.61463928222656
2001-07-17,77.23021697998047
2001-07-18,76.71614837646484
2001-07-19,77.0334701538086
2001-07-20,76.9446029663086
2001-07-23,75.51676940917969
2001-07-24,74.67277526855469
2001-07-25,75.67546081542969
2001-07-26,76.6400375366211
2001-07-27,76.6907730102539
2001-07-30,76.6400375366211
2001-07-31,76.97631072998047
2001-08-01,77.4776611328125
2001-08-02,77.72517395019531
2001-08-03,77.37613677978516
2001-08-06,76.36712646484375
2001-08-07,76.67808532714844
2001-08-08,75.22486114501953
2001-08-09,75.37715148925781
2001-08-10,75.84674072265625
2001-08-13,75.8404312133789
2001-08-14,75.70720672607422
2001-08-15,74.98370361328125
2001-08-16,75.24390411376953
2001-08-17,74.11430358886719
2001-08-20,74.52679443359375
2001-08-21,73.61300659179688
2001-08-22,74.27294921875
2001-08-23,74.03184509277344
2001-08-24,75.32006072998047
2001-08-27,75.11064910888672
2001-08-28,74.02547454833984
2001-08-29,73.28934478759766
2001-08-30,71.82344055175781
2001-08-31,72.48975372314453
2001-09-04,72.0138168334961
2001-09-05,72.0582046508789
2001-09-06,70.54788208007812
2001-09-07,69.03755950927734
2001-09-10,69.837158203125
2001-09-17,66.2517318725586
2001-09-18,65.7440185546875
2001-09-19,64.7603759765625
2001-09-20,62.856597900390625
2001-09-21,61.71434020996094
2001-09-24,63.8782958984375
2001-09-25,64.57002258300781
2001-09-26,64.25273895263672
2001-09-27,64.88733673095703
2001-09-28,66.2517318725586
2001-10-01,66.40400695800781
2001-10-02,67.20851135253906
2001-10-03,68.38690948486328
2001-10-04,68.46336364746094
2001-10-05,68.29138946533203
2001-10-08,67.83915710449219
2001-10-09,67.48881530761719
2001-10-10,68.94747924804688
2001-10-11,70.04948425292969
2001-10-12,69.73098754882812
2001-10-15,69.53987121582031
2001-10-16,70.01763153076172
2001-10-17,68.73725891113281
2001-10-18,68.399658203125
2001-10-19,68.33599090576172
2001-10-22,69.70552062988281
2001-10-23,69.19593811035156
2001-10-24,69.2022933959961
2001-10-25,70.10047149658203
2001-10-26,70.5272216796875
2001-10-29,68.46336364746094
2001-10-30,67.6162109375
2001-10-31,67.43148803710938
2001-11-01,69.05579376220703
2001-11-02,69.53987121582031
2001-11-05,70.44440460205078
2001-11-06,71.51456451416016
2001-11-07,71.38713836669922
2001-11-08,71.45086669921875
2001-11-09,71.72476959228516
2001-11-12,71.34254455566406
2001-11-13,72.84587097167969
2001-11-14,72.9732437133789
2001-11-15,73.17707824707031
2001-11-16,72.78853607177734
2001-11-19,73.69307708740234
2001-11-20,73.0942611694336
2001-11-21,72.52737426757812
2001-11-23,73.69307708740234
2001-11-26,73.87776947021484
2001-11-27,73.5146484375
2001-11-28,72.12606048583984
2001-11-29,72.82675170898438
2001-11-30,72.66749572753906
2001-12-03,72.18340301513672
2001-12-04,73.36178588867188
2001-12-05,74.81417083740234
2001-12-06,74.71857452392578
2001-12-07,74.14530944824219
2001-12-10,72.84587097167969
2001-12-11,72.59107971191406
2001-12-12,72.77579498291016
2001-12-13,71.38080596923828
2001-12-14,71.94769287109375
2001-12-17,72.73992919921875
2001-12-18,73.19993591308594
2001-12-19,73.685546875
2001-12-20,72.95079040527344
2001-12-21,73.37247467041016
2001-12-24,73.24470520019531
2001-12-26,73.66633605957031
2001-12-27,74.0880355834961
2001-12-28,74.13917541503906
2001-12-31,73.046630859375
2002-01-02,73.76221466064453
2002-01-03,74.61192321777344
2002-01-04,75.1358413696289
2002-01-07,74.56723022460938
2002-01-08,74.26054382324219
2002-01-09,73.87718200683594
2002-01-10,74.18390655517578
2002-01-11,73.45553588867188
2002-01-14,72.97635650634766
2002-01-15,73.53854370117188
2002-01-16,72.069091796875
2002-01-17,72.62496185302734
2002-01-18,72.2352066040039
2002-01-22,71.80717468261719
2002-01-23,72.19688415527344
2002-01-24,72.57383728027344
2002-01-25,72.56104278564453
2002-01-28,72.54190063476562
2002-01-29,70.4398422241211
2002-01-30,71.45574188232422
2002-01-31,72.28633880615234
2002-02-01,71.87101745605469
2002-02-04,70.1715316772461
2002-02-05,69.76263427734375
2002-02-06,69.44316101074219
2002-02-07,69.01509094238281
2002-02-08,70.37601470947266
2002-02-11,71.2640609741211
2002-02-12,70.97015380859375
2002-02-13,71.71769714355469
2002-02-14,71.55795288085938
2002-02-15,70.78487396240234
2002-02-19,69.4942626953125
2002-02-20,70.62516021728516
2002-02-21,69.14288330078125
2002-02-22,70.04371643066406
2002-02-25,71.18099975585938
2002-02-26,71.0468521118164
2002-02-27,71.32154846191406
2002-02-28,70.94461822509766
2002-03-01,72.68244171142578
2002-03-04,73.90275573730469
2002-03-05,73.73026275634766
2002-03-06,74.58001708984375
2002-03-07,74.39471435546875
2002-03-08,74.69501495361328
2002-03-11,74.869873046875
2002-03-12,74.8954849243164
2002-03-13,74.10765838623047
2002-03-14,74.0244140625
2002-03-15,74.76097106933594
2002-03-18,74.74815368652344
2002-03-19,75.2541732788086
2002-03-20,73.95394134521484
2002-03-21,73.83222198486328
2002-03-22,73.67852020263672
2002-03-25,72.71771240234375
2002-03-26,72.99958801269531
2002-03-27,73.50555419921875
2002-03-28,73.33263397216797
2002-04-01,73.56321716308594
2002-04-02,72.98672485351562
2002-04-03,72.42951965332031
2002-04-04,72.19891357421875
2002-04-05,72.12205505371094
2002-04-08,72.18609619140625
2002-04-09,71.76978302001953
2002-04-10,72.64727020263672
2002-04-11,70.92430877685547
2002-04-12,71.37267303466797
2002-04-15,70.87301635742188
2002-04-16,72.4807357788086
2002-04-17,72.39747619628906
2002-04-18,72.0516128540039
2002-04-19,72.32062530517578
2002-04-22,71.16767883300781
2002-04-23,70.82823944091797
2002-04-24,70.10443878173828
2002-04-25,70.20053100585938
2002-04-26,68.8554458618164
2002-04-29,68.4775161743164
2002-04-30,69.14366912841797
2002-05-01,69.9122543334961
2002-05-02,69.66887664794922
2002-05-03,68.93870544433594
2002-05-06,67.61283111572266
2002-05-07,67.29899597167969
2002-05-08,69.81622314453125
2002-05-09,68.98351287841797
2002-05-10,67.71531677246094
2002-05-13,69.11803436279297
2002-05-14,70.57844543457031
2002-05-15,70.12368774414062
2002-05-16,70.66167449951172
2002-05-17,71.07162475585938
2002-05-20,70.2966079711914
2002-05-21,69.540771484375
2002-05-22,69.84822082519531
2002-05-23,70.5464096069336
2002-05-24,69.6561050415039
2002-05-28,69.16926574707031
2002-05-29,68.66327667236328
2002-05-30,68.60562896728516
2002-05-31,68.58639526367188
2002-06-03,66.79938507080078
2002-06-04,67.0491943359375
2002-06-05,67.61283111572266
2002-06-06,66.24211120605469
2002-06-07,66.1140365600586
2002-06-10,66.44709777832031
2002-06-11,65.25575256347656
2002-06-12,65.71050262451172
2002-06-13,64.98028564453125
2002-06-14,64.99312591552734
2002-06-17,66.75652313232422
2002-06-18,66.81442260742188
2002-06-19,65.5736312866211
2002-06-20,64.86004638671875
2002-06-21,63.79286193847656
2002-06-24,64.1978759765625
2002-06-25,62.687129974365234
2002-06-26,62.789955139160156
2002-06-27,63.72216033935547
2002-06-28,63.65785598754883
2002-07-01,62.42353057861328
2002-07-02,61.09919738769531
2002-07-03,61.49137496948242
2002-07-05,63.74147033691406
2002-07-08,63.02139663696289
2002-07-09,61.35634231567383
2002-07-10,59.27346420288086
2002-07-11,59.819889068603516
2002-07-12,59.20271682739258
2002-07-15,59.26700973510742
2002-07-16,58.11625289916992
2002-07-17,58.36053466796875
2002-07-18,56.48975372314453
2002-07-19,54.516136169433594
2002-07-22,52.780357360839844
2002-07-23,51.333900451660156
2002-07-24,54.43253707885742
2002-07-25,54.078941345214844
2002-07-26,55.126853942871094
2002-07-29,57.61478042602539
2002-07-30,58.45053482055664
2002-07-31,58.7141227722168
2002-08-01,56.894779205322266
2002-08-02,55.63475036621094
2002-08-05,53.82183837890625
2002-08-06,55.43544006347656
2002-08-07,56.5283088684082
2002-08-08,58.418399810791016
2002-08-09,58.66268539428711
2002-08-12,58.309112548828125
2002-08-13,57.061920166015625
2002-08-14,59.30557632446289
2002-08-15,60.15419006347656
2002-08-16,59.909889221191406
2002-08-19,61.337059020996094
2002-08-20,60.610618591308594
2002-08-21,61.52350997924805
2002-08-22,62.192073822021484
2002-08-23,60.758460998535156
2002-08-26,61.24707794189453
2002-08-27,60.37275695800781
2002-08-28,59.23487091064453
2002-08-29,59.228424072265625
2002-08-30,58.990596771240234
2002-09-03,56.68263626098633
2002-09-04,57.55050277709961
2002-09-05,56.81764602661133
2002-09-06,57.685508728027344
2002-09-09,58.41195297241211
2002-09-10,58.96482467651367
2002-09-11,58.64340591430664
2002-09-12,57.56334686279297
2002-09-13,57.53120422363281
2002-09-16,57.77271270751953
2002-09-17,56.41667938232422
2002-09-18,55.79035186767578
2002-09-19,54.54411697387695
2002-09-20,54.59576416015625
2002-09-23,53.96941375732422
2002-09-24,53.19454574584961
2002-09-25,54.44081497192383
2002-09-26,55.35771560668945
2002-09-27,53.549678802490234
2002-09-30,52.8781623840332
2002-10-01,55.370635986328125
2002-10-02,53.659454345703125
2002-10-03,53.07830810546875
2002-10-04,52.23889923095703
2002-10-07,50.85707473754883
2002-10-08,51.786869049072266
2002-10-09,50.45669174194336
2002-10-10,52.09037399291992
2002-10-11,54.21481704711914
2002-10-14,54.60868453979492
2002-10-15,57.35300827026367
2002-10-16,55.9517822265625
2002-10-17,56.991397857666016
2002-10-18,57.307769775390625
2002-10-21,58.23763656616211
2002-10-22,57.81146240234375
2002-10-23,58.269927978515625
2002-10-24,57.023681640625
2002-10-25,58.17953872680664
2002-10-28,57.850196838378906
2002-10-29,57.1528205871582
2002-10-30,57.72105026245117
2002-10-31,57.27548599243164
2002-11-01,58.347434997558594
2002-11-04,58.851078033447266
2002-11-05,59.32892608642578
2002-11-06,59.94877624511719
2002-11-07,58.521751403808594
2002-11-08,57.88251495361328
2002-11-11,56.99785232543945
2002-11-12,57.35300827026367
2002-11-13,57.23031234741211
2002-11-14,58.625099182128906
2002-11-15,59.05770492553711
2002-11-18,58.476524353027344
2002-11-19,58.34095764160156
2002-11-20,59.05770492553711
2002-11-21,60.801151275634766
2002-11-22,60.42661666870117
2002-11-25,60.620357513427734
2002-11-26,59.26432800292969
2002-11-27,60.891571044921875
2002-11-29,60.55579376220703
2002-12-02,60.78178405761719
2002-12-03,59.98752212524414
2002-12-04,59.69699478149414
2002-12-05,58.94150161743164
2002-12-06,59.432247161865234
2002-12-09,57.75334548950195
2002-12-10,58.52821350097656
2002-12-11,58.73486328125
2002-12-12,58.63152313232422
2002-12-13,57.68876266479492
2002-12-16,59.20241165161133
2002-12-17,58.715824127197266
2002-12-18,58.04106521606445
2002-12-19,57.56747055053711
2002-12-20,58.29412841796875
2002-12-23,58.46277618408203
2002-12-24,58.047576904296875
2002-12-26,57.98915481567383
2002-12-27,56.69157028198242
2002-12-30,57.17818069458008
2002-12-31,57.320926666259766
2003-01-02,59.14404296875
2003-01-03,59.28029251098633
2003-01-06,60.38322067260742
2003-01-07,60.019901275634766
2003-01-08,59.319210052490234
2003-01-09,60.26642608642578
2003-01-10,60.40266036987305
2003-01-13,60.38322067260742
2003-01-14,60.4156494140625
2003-01-15,59.79930877685547
2003-01-16,59.45545196533203
2003-01-17,58.89748764038086
2003-01-21,57.794551849365234
2003-01-22,57.113277435302734
2003-01-23,57.56747055053711
2003-01-24,55.99089431762695
2003-01-27,55.166900634765625
2003-01-28,55.685970306396484
2003-01-29,56.133644104003906
2003-01-30,54.82307815551758
2003-01-31,55.90654754638672
2003-02-03,55.919525146484375
2003-02-04,55.34210205078125
2003-02-05,55.03070068359375
2003-02-06,54.42080307006836
2003-02-07,54.21318054199219
2003-02-10,54.46623229980469
2003-02-11,54.16127014160156
2003-02-12,53.330810546875
2003-02-13,53.38920593261719
2003-02-14,54.51161193847656
2003-02-18,55.6275634765625
2003-02-19,55.18638610839844
2003-02-20,54.67384719848633
2003-02-21,55.30314636230469
2003-02-24,54.232669830322266
2003-02-25,54.85550308227539
2003-02-26,54.051002502441406
2003-02-27,54.72574234008789
2003-02-28,55.127967834472656
2003-03-03,54.55705642700195
2003-03-04,53.70063400268555
2003-03-05,54.1937141418457
2003-03-06,53.68767166137695
2003-03-07,54.1418342590332
2003-03-10,52.76408767700195
2003-03-11,52.275543212890625
2003-03-12,52.6273078918457
2003-03-13,54.373077392578125
2003-03-14,54.490318298339844
2003-03-17,56.301231384277344
2003-03-18,56.659488677978516
2003-03-19,57.069889068603516
2003-03-20,57.23929214477539
2003-03-21,58.39876174926758
2003-03-24,56.477115631103516
2003-03-25,57.063392639160156
2003-03-26,56.679080963134766
2003-03-27,56.659488677978516
2003-03-28,56.509700775146484
2003-03-31,55.24595260620117
2003-04-01,56.03416442871094
2003-04-02,57.408634185791016
2003-04-03,57.23273849487305
2003-04-04,57.50634002685547
2003-04-07,57.50634002685547
2003-04-08,57.48029708862305
2003-04-09,56.76372146606445
2003-04-10,56.97218322753906
2003-04-11,56.809329986572266
2003-04-14,58.00139236450195
2003-04-15,58.41831588745117
2003-04-16,57.44771957397461
2003-04-17,58.34667205810547
2003-04-21,58.38576126098633
2003-04-22,59.53875732421875
2003-04-23,59.98170852661133
2003-04-24,59.4801139831543
2003-04-25,58.84170913696289
2003-04-28,59.805809020996094
2003-04-29,60.00123596191406
2003-04-30,59.936100006103516
2003-05-01,59.92306137084961
2003-05-02,60.70474624633789
2003-05-05,60.613555908203125
2003-05-06,61.14122009277344
2003-05-07,60.79597091674805
2003-05-08,60.25528335571289
2003-05-09,61.082576751708984
2003-05-12,61.81867980957031
2003-05-13,61.70140075683594
2003-05-14,61.584197998046875
2003-05-15,61.98802185058594
2003-05-16,61.85127639770508
2003-05-19,60.405113220214844
2003-05-20,60.20318603515625
2003-05-21,60.39860153198242
2003-05-22,60.919715881347656
2003-05-23,61.08910369873047
2003-05-27,62.18998718261719
2003-05-28,62.36587142944336
2003-05-29,62.20301055908203
2003-05-30,63.18011474609375
2003-06-02,63.44721221923828
2003-06-03,63.64260482788086
2003-06-04,64.6392593383789
2003-06-05,64.93891906738281
2003-06-06,64.76304626464844
2003-06-09,64.05953216552734
2003-06-10,64.6783447265625
2003-06-11,65.36235809326172
2003-06-12,65.59685516357422
2003-06-13,64.86724853515625
2003-06-16,66.27102661132812
2003-06-17,66.27102661132812
2003-06-18,66.19908905029297
2003-06-19,65.172607421875
2003-06-20,65.00260162353516
2003-06-23,64.37492370605469
2003-06-24,64.46646881103516
2003-06-25,63.806114196777344
2003-06-26,64.59070587158203
2003-06-27,63.930335998535156
2003-06-30,63.930335998535156
2003-07-01,64.47954559326172
2003-07-02,65.25104522705078
2003-07-03,64.56456756591797
2003-07-07,65.8721923828125
2003-07-08,66.1860122680664
2003-07-09,65.78063201904297
2003-07-10,64.96990203857422
2003-07-11,65.55180358886719
2003-07-14,65.83950805664062
2003-07-15,65.71527862548828
2003-07-16,65.40143585205078
2003-07-17,64.46646881103516
2003-07-18,65.12030029296875
2003-07-21,64.2376480102539
2003-07-22,64.87185668945312
2003-07-23,64.93724822998047
2003-07-24,64.45993041992188
2003-07-25,65.55180358886719
2003-07-28,65.3360366821289
2003-07-29,65.04838562011719
2003-07-30,64.83915710449219
2003-07-31,65.02877807617188
2003-08-01,64.42070007324219
2003-08-04,64.46646881103516
2003-08-05,63.12617111206055
2003-08-06,63.46611785888672
2003-08-07,64.10034942626953
2003-08-08,64.27035522460938
2003-08-11,64.55799865722656
2003-08-12,65.14644622802734
2003-08-13,64.80646514892578
2003-08-14,65.04838562011719
2003-08-15,65.08758544921875
2003-08-18,65.6956558227539
2003-08-19,65.92448425292969
2003-08-20,65.71527862548828
2003-08-21,65.9310302734375
2003-08-22,65.30989074707031
2003-08-25,65.31640625
2003-08-26,65.51912689208984
2003-08-27,65.52567291259766
2003-08-28,65.87869262695312
2003-08-29,66.25140380859375
2003-09-02,67.28443908691406
2003-09-03,67.5982894897461
2003-09-04,67.67017364501953
2003-09-05,67.31058502197266
2003-09-08,67.8336410522461
2003-09-09,67.33674621582031
2003-09-10,66.73521423339844
2003-09-11,66.84638214111328
2003-09-12,67.0621337890625
2003-09-15,66.78048706054688
2003-09-16,67.7652816772461
2003-09-17,67.6404800415039
2003-09-18,68.42832946777344
2003-09-19,68.11321258544922
2003-09-22,67.37134552001953
2003-09-23,67.6404800415039
2003-09-24,66.4062728881836
2003-09-25,65.84169006347656
2003-09-26,65.64469146728516
2003-09-29,66.26184844970703
2003-09-30,65.58560943603516
2003-10-01,67.0168228149414
2003-10-02,67.2860107421875
2003-10-03,67.88341522216797
2003-10-06,68.211669921875
2003-10-07,68.46115112304688
2003-10-08,68.2839126586914
2003-10-09,68.51367950439453
2003-10-10,68.44805908203125
2003-10-13,68.93385314941406
2003-10-14,69.15047454833984
2003-10-15,68.94695281982422
2003-10-16,69.26213836669922
2003-10-17,68.49398040771484
2003-10-20,68.96006774902344
2003-10-21,68.90101623535156
2003-10-22,68.02787017822266
2003-10-23,67.86373901367188
2003-10-24,68.00162506103516
2003-10-27,68.03445434570312
2003-10-28,68.94039916992188
2003-10-29,69.0914306640625
2003-10-30,69.23583984375
2003-10-31,69.13079071044922
2003-11-03,69.61006164550781
2003-11-04,69.43283081054688
2003-11-05,69.53782653808594
2003-11-06,69.91861724853516
2003-11-07,69.39340209960938
2003-11-10,69.11764526367188
2003-11-11,68.99951934814453
2003-11-12,69.8135757446289
2003-11-13,69.88577270507812
2003-11-14,69.27522277832031
2003-11-17,68.93385314941406
2003-11-18,68.23137664794922
2003-11-19,68.81570434570312
2003-11-20,68.19856262207031
2003-11-21,68.48741149902344
2003-11-24,69.30149841308594
2003-11-25,69.61006164550781
2003-11-26,69.85298156738281
2003-11-28,69.9711685180664
2003-12-01,70.66047668457031
2003-12-02,70.50946807861328
2003-12-03,70.4044418334961
2003-12-04,70.65392303466797
2003-12-05,70.1680908203125
2003-12-08,70.61454010009766
2003-12-09,70.07615661621094
2003-12-10,70.13526153564453
2003-12-11,70.90994262695312
2003-12-12,71.0346908569336
2003-12-15,70.67452239990234
2003-12-16,71.32862854003906
2003-12-17,71.53386688232422
2003-12-18,72.32830047607422
2003-12-19,72.10322570800781
2003-12-22,72.63285827636719
2003-12-23,72.66595458984375
2003-12-24,72.59310150146484
2003-12-26,72.68582916259766
2003-12-29,73.6126937866211
2003-12-30,73.6391830444336
2003-12-31,73.63256072998047
2004-01-02,73.71858978271484
2004-01-05,74.44024658203125
2004-01-06,74.55939483642578
2004-01-07,74.81763458251953
2004-01-08,75.08243560791016
2004-01-09,74.46671295166016
2004-01-12,75.00959777832031
2004-01-13,74.55939483642578
2004-01-14,75.21481323242188
2004-01-15,75.35384368896484
2004-01-16,75.69153594970703
2004-01-20,75.63851928710938
2004-01-21,76.17481231689453
2004-01-22,76.06227111816406
2004-01-23,75.72455596923828
2004-01-26,76.77723693847656
2004-01-27,75.99600982666016
2004-01-28,75.10224914550781
2004-01-29,75.20157623291016
2004-01-30,75.21481323242188
2004-02-02,75.49288177490234
2004-02-03,75.45977783203125
2004-02-04,74.77787780761719
2004-02-05,74.94340515136719
2004-02-06,75.81063079833984
2004-02-09,75.86363983154297
2004-02-10,76.04901885986328
2004-02-11,76.87654876708984
2004-02-12,76.60511779785156
2004-02-13,76.25423431396484
2004-02-17,76.98249816894531
2004-02-18,76.55215454101562
2004-02-19,76.35355377197266
2004-02-20,76.13506317138672
2004-02-23,75.91658020019531
2004-02-24,75.81063079833984
2004-02-25,76.10857391357422
2004-02-26,76.06886291503906
2004-02-27,76.16157531738281
2004-03-01,76.9361343383789
2004-03-02,76.52567291259766
2004-03-03,76.61174011230469
2004-03-04,76.86332702636719
2004-03-05,77.10828399658203
2004-03-08,76.12181091308594
2004-03-09,75.86363983154297
2004-03-10,74.61234283447266
2004-03-11,73.56636810302734
2004-03-12,74.55280303955078
2004-03-15,73.71198272705078
2004-03-16,74.05624389648438
2004-03-17,74.81763458251953
2004-03-18,74.85070037841797
2004-03-19,73.86424255371094
2004-03-22,72.91754913330078
2004-03-23,72.79837036132812
2004-03-24,72.75861358642578
2004-03-25,73.79144287109375
2004-03-26,73.81128692626953
2004-03-29,74.83373260498047
2004-03-30,75.1260757446289
2004-03-31,75.2257080078125
2004-04-01,75.63099670410156
2004-04-02,76.208984375
2004-04-05,76.63417053222656
2004-04-06,76.4282455444336
2004-04-07,76.21562194824219
2004-04-08,76.04292297363281
2004-04-12,76.28868865966797
2004-04-13,75.29879760742188
2004-04-14,75.38516235351562
2004-04-15,75.04632568359375
2004-04-16,75.64425659179688
2004-04-19,75.69743347167969
2004-04-20,74.40188598632812
2004-04-21,74.8802719116211
2004-04-22,75.89006805419922
2004-04-23,76.06279754638672
2004-04-26,75.94986724853516
2004-04-27,75.97647094726562
2004-04-28,74.99983215332031
2004-04-29,74.32221984863281
2004-04-30,73.8172607421875
2004-05-03,74.53477478027344
2004-05-04,74.69424438476562
2004-05-05,74.87358856201172
2004-05-06,74.35541534423828
2004-05-07,73.14625549316406
2004-05-10,72.33573913574219
2004-05-11,72.92039489746094
2004-05-12,73.40535736083984
2004-05-13,73.0931167602539
2004-05-14,73.1263427734375
2004-05-17,72.49519348144531
2004-05-18,72.82738494873047
2004-05-19,72.57488250732422
2004-05-20,72.86724090576172
2004-05-21,73.02669525146484
2004-05-24,73.29242706298828
2004-05-25,74.27570343017578
2004-05-26,74.58794403076172
2004-05-27,75.02639770507812
2004-05-28,75.05294799804688
2004-06-01,74.8935317993164
2004-06-02,75.20580291748047
2004-06-03,74.56133270263672
2004-06-04,75.07960510253906
2004-06-07,76.19570922851562
2004-06-08,76.36842346191406
2004-06-09,75.66419982910156
2004-06-10,75.98970031738281
2004-06-14,75.239013671875
2004-06-15,75.77050018310547
2004-06-16,75.73728942871094
2004-06-17,75.65090942382812
2004-06-18,75.84359741210938
2004-06-21,75.49144744873047
2004-06-22,75.90999603271484
2004-06-23,76.53451538085938
2004-06-24,76.30864715576172
2004-06-25,75.89006805419922
2004-06-28,75.6600570678711
2004-06-29,75.99341583251953
2004-06-30,76.38679504394531
2004-07-01,75.32672119140625
2004-07-02,75.33338928222656
2004-07-06,74.63330841064453
2004-07-07,74.85330963134766
2004-07-08,74.35995483398438
2004-07-09,74.47998809814453
2004-07-12,74.55329132080078
2004-07-13,74.61993408203125
2004-07-14,74.43325805664062
2004-07-15,73.8398666381836
2004-07-16,73.8465576171875
2004-07-19,73.58658599853516
2004-07-20,74.48662567138672
2004-07-21,73.07315826416016
2004-07-22,73.34651184082031
2004-07-23,72.71977233886719
2004-07-26,72.52648162841797
2004-07-27,73.20652770996094
2004-07-28,73.41985321044922
2004-07-29,73.73323822021484
2004-07-30,73.99324035644531
2004-08-02,74.04656982421875
2004-08-03,73.53321838378906
2004-08-04,73.48654174804688
2004-08-05,72.26643371582031
2004-08-06,71.30634307861328
2004-08-09,71.37299346923828
2004-08-10,72.10639190673828
2004-08-11,72.153076171875
2004-08-12,71.35968017578125
2004-08-13,71.51304626464844
2004-08-16,72.20643615722656
2004-08-17,72.65979766845703
2004-08-18,73.41985321044922
2004-08-19,73.19316864013672
2004-08-20,73.64654541015625
2004-08-23,73.53321838378906
2004-08-24,73.50653839111328
2004-08-25,74.04656982421875
2004-08-26,74.08661651611328
2004-08-27,74.33992004394531
2004-08-30,73.76655578613281
2004-08-31,74.13993072509766
2004-09-01,74.2332534790039
2004-09-02,75.07998657226562
2004-09-03,74.80000305175781
2004-09-07,75.3133544921875
2004-09-08,75.08670043945312
2004-09-09,74.98664093017578
2004-09-10,75.35340118408203
2004-09-13,75.72675323486328
2004-09-14,75.8333740234375
2004-09-15,75.22004699707031
2004-09-16,75.49335479736328
2004-09-17,75.72010040283203
2004-09-20,75.34001922607422
2004-09-21,75.67339324951172
2004-09-22,74.72662353515625
2004-09-23,74.33329010009766
2004-09-24,74.65330505371094
2004-09-27,74.20072937011719
2004-09-28,74.58903503417969
2004-09-29,74.9104232788086
2004-09-30,74.85014343261719
2004-10-01,76.1155014038086
2004-10-04,76.25609588623047
2004-10-05,76.2828598022461
2004-10-06,76.72471618652344
2004-10-07,76.02174377441406
2004-10-08,75.34557342529297
2004-10-11,75.62676239013672
2004-10-12,75.42588806152344
2004-10-13,74.74300384521484
2004-10-14,74.14715576171875
2004-10-15,74.48860168457031
2004-10-18,74.75638580322266
2004-10-19,74.1405029296875
2004-10-20,74.04672241210938
2004-10-21,74.44174194335938
2004-10-22,73.65843200683594
2004-10-25,73.59817504882812
2004-10-26,74.74967956542969
2004-10-27,75.65352630615234
2004-10-28,75.84769439697266
2004-10-29,75.7874526977539
2004-11-01,76.00836944580078
2004-11-02,76.05522155761719
2004-11-03,76.97245025634766
2004-11-04,78.07713317871094
2004-11-05,78.52567291259766
2004-11-08,78.4319839477539
2004-11-09,78.34491729736328
2004-11-10,78.34491729736328
2004-11-11,78.94744873046875
2004-11-12,79.61029052734375
2004-11-15,79.73075103759766
2004-11-16,79.22199249267578
2004-11-17,79.5768051147461
2004-11-18,79.73075103759766
2004-11-19,78.83366394042969
2004-11-22,79.29559326171875
2004-11-23,79.39602661132812
2004-11-24,79.60358428955078
2004-11-26,79.5232162475586
2004-11-29,79.18180084228516
2004-11-30,79.14832305908203
2004-12-01,80.08563995361328
2004-12-02,80.15925598144531
2004-12-03,80.07225799560547
2004-12-06,80.11908721923828
2004-12-07,79.30229949951172
2004-12-08,79.79102325439453
2004-12-09,80.05884552001953
2004-12-10,80.19941711425781
2004-12-13,80.90910339355469
2004-12-14,81.19698333740234
2004-12-15,81.25053405761719
2004-12-16,81.21041107177734
2004-12-17,80.57433319091797
2004-12-20,80.6681137084961
2004-12-21,81.30411529541016
2004-12-22,81.51167297363281
2004-12-23,81.5719223022461
2004-12-27,81.3663101196289
2004-12-28,81.85843658447266
2004-12-29,81.9595718383789
2004-12-30,81.80448913574219
2004-12-31,81.57527160644531
2005-01-03,81.21124267578125
2005-01-04,80.23363494873047
2005-01-05,79.74825286865234
2005-01-06,80.07186126708984
2005-01-07,79.92355346679688
2005-01-10,80.32805633544922
2005-01-11,79.78196716308594
2005-01-12,80.09208679199219
2005-01-13,79.43141174316406
2005-01-14,79.8696060180664
2005-01-18,80.71907806396484
2005-01-19,79.82914733886719
2005-01-20,79.35052490234375
2005-01-21,78.81118774414062
2005-01-24,78.71003723144531
2005-01-25,78.87855529785156
2005-01-26,79.14152526855469
2005-01-27,79.26284790039062
2005-01-28,79.04036712646484
2005-01-31,79.74825286865234
2005-02-01,80.26065826416016
2005-02-02,80.5168685913086
2005-02-03,80.3213119506836
2005-02-04,81.15054321289062
2005-02-07,81.04266357421875
2005-02-08,81.1438217163086
2005-02-09,80.5168685913086
2005-02-10,80.88760375976562
2005-02-11,81.4539566040039
2005-02-14,81.44721984863281
2005-02-15,81.81798553466797
2005-02-16,81.81126403808594
2005-02-17,81.1438217163086
2005-02-18,81.23820495605469
2005-02-22,80.06511688232422
2005-02-23,80.65841674804688
2005-02-24,81.1438217163086
2005-02-25,81.9595718383789
2005-02-28,81.40673065185547
2005-03-01,81.86517333984375
2005-03-02,81.84495544433594
2005-03-03,81.85843658447266
2005-03-04,82.8224868774414
2005-03-07,82.91014099121094
2005-03-08,82.55956268310547
2005-03-09,81.69666290283203
2005-03-10,81.89214324951172
2005-03-11,81.31233215332031
2005-03-14,81.77078247070312
2005-03-15,81.12359619140625
2005-03-16,80.41571807861328
2005-03-17,80.6112289428711
2005-03-18,80.28759002685547
2005-03-21,80.0516357421875
2005-03-22,79.20891571044922
2005-03-23,79.34375762939453
2005-03-24,79.36398315429688
2005-03-28,79.53429412841797
2005-03-29,79.04579162597656
2005-03-30,80.12451934814453
2005-03-31,79.9345474243164
2005-04-01,79.54106903076172
2005-04-04,79.76494598388672
2005-04-05,80.04989624023438
2005-04-06,80.4298324584961
2005-04-07,80.802978515625
2005-04-08,79.96849060058594
2005-04-11,80.05669403076172
2005-04-12,80.51126098632812
2005-04-13,79.53429412841797
2005-04-14,78.51665496826172
2005-04-15,77.39037322998047
2005-04-18,77.61428833007812
2005-04-19,78.2316665649414
2005-04-20,77.11222839355469
2005-04-21,78.63194274902344
2005-04-22,78.34703826904297
2005-04-25,78.86940002441406
2005-04-26,78.1163330078125
2005-04-27,78.40804290771484
2005-04-28,77.39037322998047
2005-04-29,78.49625396728516
2005-05-02,78.8354721069336
2005-05-03,79.05259704589844
2005-05-04,79.6089096069336
2005-05-05,79.58853912353516
2005-05-06,79.41213989257812
2005-05-09,79.88027954101562
2005-05-10,79.04579162597656
2005-05-11,79.52749633789062
2005-05-12,78.63194274902344
2005-05-13,78.47589874267578
2005-05-16,79.18148040771484
2005-05-17,79.70389556884766
2005-05-18,80.55873107910156
2005-05-19,80.87757873535156
2005-05-20,80.7826156616211
2005-05-23,81.19649505615234
2005-05-24,81.04044342041016
2005-05-25,80.90476989746094
2005-05-26,81.37287139892578
2005-05-27,81.51534271240234
2005-05-31,80.96578979492188
2005-06-01,81.72563171386719
2005-06-02,81.88848114013672
2005-06-03,81.4000473022461
2005-06-06,81.43392944335938
2005-06-07,81.4610824584961
2005-06-08,81.27787780761719
2005-06-09,81.63746643066406
2005-06-10,81.50853729248047
2005-06-13,81.82062530517578
2005-06-14,81.94276428222656
2005-06-15,82.07847595214844
2005-06-16,82.32949829101562
2005-06-17,82.62798309326172
2005-06-20,82.66865539550781
2005-06-21,82.68022918701172
2005-06-22,82.76876068115234
2005-06-23,81.63215637207031
2005-06-24,80.99236297607422
2005-06-27,81.12166595458984
2005-06-28,81.83629608154297
2005-06-29,81.59806823730469
2005-06-30,81.06724548339844
2005-07-01,81.35301971435547
2005-07-05,82.00646209716797
2005-07-06,81.33267974853516
2005-07-07,81.59806823730469
2005-07-08,82.57818603515625
2005-07-11,82.98655700683594
2005-07-12,83.19071960449219
2005-07-13,83.36087036132812
2005-07-14,83.57868194580078
2005-07-15,83.61952209472656
2005-07-18,83.31324005126953
2005-07-19,83.7352294921875
2005-07-20,84.02107238769531
2005-07-21,83.55823516845703
2005-07-22,84.08233642578125
2005-07-25,83.87814331054688
2005-07-26,83.94622802734375
2005-07-27,84.21163940429688
2005-07-28,84.78334045410156
2005-07-29,84.19120788574219
2005-08-01,84.10274505615234
2005-08-02,84.66767120361328
2005-08-03,84.85143280029297
2005-08-04,84.17762756347656
2005-08-05,83.61273193359375
2005-08-08,83.42894744873047
2005-08-09,83.93939208984375
2005-08-10,84.00064086914062
2005-08-11,84.21845245361328
2005-08-12,83.69440460205078
2005-08-15,84.19120788574219
2005-08-16,83.13629913330078
2005-08-17,83.23837280273438
2005-08-18,83.12947082519531
2005-08-19,83.29964447021484
2005-08-22,83.32684326171875
2005-08-23,83.1702880859375
2005-08-24,82.48970031738281
2005-08-25,82.72789001464844
2005-08-26,82.1493911743164
2005-08-29,82.83002471923828
2005-08-30,82.31952667236328
2005-08-31,83.37450408935547
2005-09-01,83.30644226074219
2005-09-02,83.05461883544922
2005-09-06,84.15716552734375
2005-09-07,84.39537048339844
2005-09-08,84.08911895751953
2005-09-09,84.80377197265625
2005-09-12,84.63361358642578
2005-09-13,84.20481872558594
2005-09-14,83.8985595703125
2005-09-15,83.7828369140625
2005-09-16,84.39537048339844
2005-09-19,84.12315368652344
2005-09-20,83.38133239746094
2005-09-21,82.70068359375
2005-09-22,83.05461883544922
2005-09-23,83.04095458984375
2005-09-26,83.077880859375
2005-09-27,83.20775604248047
2005-09-28,83.17359161376953
2005-09-29,83.82284545898438
2005-09-30,84.06204223632812
2005-10-03,83.72034454345703
2005-10-04,82.90018463134766
2005-10-05,81.7383804321289
2005-10-06,81.46500396728516
2005-10-07,81.80670928955078
2005-10-10,81.05490112304688
2005-10-11,81.0207748413086
2005-10-12,80.40568542480469
2005-10-13,80.37153625488281
2005-10-14,81.1232681274414
2005-10-17,81.43081665039062
2005-10-18,80.5081787109375
2005-10-19,81.8750991821289
2005-10-20,80.5081787109375
2005-10-21,80.74739074707031
2005-10-24,82.080078125
2005-10-25,81.84088134765625
2005-10-26,81.60851287841797
2005-10-27,80.74739074707031
2005-10-28,81.86824035644531
2005-10-31,82.25777435302734
2005-11-01,82.29878997802734
2005-11-02,83.10523223876953
2005-11-03,83.5152587890625
2005-11-04,83.5152587890625
2005-11-07,83.5426254272461
2005-11-08,83.56317138671875
2005-11-09,83.5973129272461
2005-11-10,84.39009094238281
2005-11-11,84.62246704101562
2005-11-14,84.61561584472656
2005-11-15,84.21237182617188
2005-11-16,84.44479370117188
2005-11-17,85.087158203125
2005-11-18,85.44940185546875
2005-11-21,86.00981903076172
2005-11-22,86.31735229492188
2005-11-23,86.81627655029297
2005-11-25,86.87775421142578
2005-11-28,86.31735229492188
2005-11-29,86.26952362060547
2005-11-30,85.6817398071289
2005-12-01,86.62492370605469
2005-12-02,86.76158142089844
2005-12-05,86.49506378173828
2005-12-06,86.67276000976562
2005-12-07,86.25585174560547
2005-12-08,86.09867095947266
2005-12-09,86.29686737060547
2005-12-12,86.48823547363281
2005-12-13,87.03495025634766
2005-12-14,87.42452239990234
2005-12-15,87.08966064453125
2005-12-16,86.8709487915039
2005-12-19,86.37203979492188
2005-12-20,86.50186920166016
2005-12-21,86.6522216796875
2005-12-22,87.03495025634766
2005-12-23,87.11319732666016
2005-12-27,86.18682098388672
2005-12-28,86.3927001953125
2005-12-29,85.98097229003906
2005-12-30,85.5486831665039
2006-01-03,87.03083801269531
2006-01-04,87.48372650146484
2006-01-05,87.5523681640625
2006-01-06,88.27971649169922
2006-01-09,88.50616455078125
2006-01-10,88.62281799316406
2006-01-11,88.89047241210938
2006-01-12,88.4787368774414
2006-01-13,88.38265991210938
2006-01-17,88.17681884765625
2006-01-18,87.8337173461914
2006-01-19,88.21109771728516
2006-01-20,86.60538482666016
2006-01-23,86.90733337402344
2006-01-24,86.98966979980469
2006-01-25,87.0445785522461
2006-01-26,87.55923461914062
2006-01-27,88.34835052490234
2006-01-30,88.2659912109375
2006-01-31,87.66214752197266
2006-02-01,88.27971649169922
2006-02-02,87.25044250488281
2006-02-03,86.7906723022461
2006-02-06,86.99655151367188
2006-02-07,86.0495834350586
2006-02-08,87.01710510253906
2006-02-09,86.87303924560547
2006-02-10,87.05829620361328
2006-02-13,86.88675689697266
2006-02-14,87.75133514404297
2006-02-15,88.06016540527344
2006-02-16,88.739501953125
2006-02-17,88.5610580444336
2006-02-21,88.31404113769531
2006-02-22,88.79436492919922
2006-02-23,88.69145202636719
2006-02-24,88.9041748046875
2006-02-27,89.00025177001953
2006-02-28,88.1287841796875
2006-03-01,88.9041748046875
2006-03-02,88.84931945800781
2006-03-03,88.5473403930664
2006-03-06,88.06016540527344
2006-03-07,87.93663787841797
2006-03-08,88.15625
2006-03-09,87.6278305053711
2006-03-10,88.34835052490234
2006-03-13,88.5542221069336
2006-03-14,89.43257141113281
2006-03-15,89.83740234375
2006-03-16,90.01582336425781
2006-03-17,90.13245391845703
2006-03-20,89.96094512939453
2006-03-21,89.41885375976562
2006-03-22,89.94034576416016
2006-03-23,89.78937530517578
2006-03-24,89.84427642822266
2006-03-27,89.7326889038086
2006-03-28,89.16775512695312
2006-03-29,89.7326889038086
2006-03-30,89.65003204345703
2006-03-31,89.50534057617188
2006-04-03,89.49156188964844
2006-04-04,90.11158752441406
2006-04-05,90.43533325195312
2006-04-06,90.25626373291016
2006-04-07,89.4157485961914
2006-04-10,89.56043243408203
2006-04-11,88.8026123046875
2006-04-12,88.91973876953125
2006-04-13,88.8783950805664
2006-04-17,88.7337417602539
2006-04-18,90.18047332763672
2006-04-19,90.35269165039062
2006-04-20,90.4560775756836
2006-04-21,90.44224548339844
2006-04-24,90.35962677001953
2006-04-25,89.97377014160156
2006-04-26,89.97377014160156
2006-04-27,90.33890533447266
2006-04-28,90.66273498535156
2006-05-01,89.99445343017578
2006-05-02,90.66273498535156
2006-05-03,90.25626373291016
2006-05-04,90.64205932617188
2006-05-05,91.42051696777344
2006-05-08,91.39298248291016
2006-05-09,91.55146789550781
2006-05-10,91.46185302734375
2006-05-11,90.33890533447266
2006-05-12,89.2228775024414
2006-05-15,89.39511108398438
2006-05-16,89.21598815917969
2006-05-17,87.52813720703125
2006-05-18,87.08032989501953
2006-05-19,87.69345092773438
2006-05-22,87.04585266113281
2006-05-23,86.42581939697266
2006-05-24,87.04585266113281
2006-05-25,88.093017578125
2006-05-26,88.56148529052734
2006-05-30,87.01143646240234
2006-05-31,88.01033782958984
2006-06-01,88.8852767944336
2006-06-02,89.0230484008789
2006-06-05,87.7279052734375
2006-06-06,87.43852233886719
2006-06-07,86.83917999267578
2006-06-08,86.80472564697266
2006-06-09,86.52919006347656
2006-06-12,85.46131896972656
2006-06-13,84.56570434570312
2006-06-14,85.22019958496094
2006-06-15,86.99077606201172
2006-06-16,86.47406768798828
2006-06-19,85.70246887207031
2006-06-20,86.00558471679688
2006-06-21,86.73582458496094
2006-06-22,86.28803253173828
2006-06-23,86.25205993652344
2006-06-26,86.63257598876953
2006-06-27,85.87155151367188
2006-06-28,86.5011215209961
2006-06-29,88.1754150390625
2006-06-30,88.24458312988281
2006-07-03,88.62506866455078
2006-07-05,88.07852172851562
2006-07-06,88.29991912841797
2006-07-07,87.80177307128906
2006-07-10,87.87096405029297
2006-07-11,88.3137435913086
2006-07-12,87.41435241699219
2006-07-13,85.96145629882812
2006-07-14,85.65016174316406
2006-07-17,85.47721099853516
2006-07-18,85.91997528076172
2006-07-19,87.08917236328125
2006-07-20,86.5080337524414
2006-07-21,85.97532653808594
2006-07-24,87.44202423095703
2006-07-25,87.78103637695312
2006-07-26,87.94709777832031
2006-07-27,87.82948303222656
2006-07-28,88.72190856933594
2006-07-31,88.59048461914062
2006-08-01,88.23070526123047
2006-08-02,88.76345825195312
2006-08-03,88.90182495117188
2006-08-04,88.73578643798828
2006-08-07,88.6803970336914
2006-08-08,88.33450317382812
2006-08-09,87.96092224121094
2006-08-10,88.27918243408203
2006-08-11,88.0854263305664
2006-08-14,88.15462493896484
2006-08-15,89.16474151611328
2006-08-16,89.93956756591797
2006-08-17,90.0987319946289
2006-08-18,90.5760726928711
2006-08-21,90.24397277832031
2006-08-22,90.23017120361328
2006-08-23,89.85655975341797
2006-08-24,89.90498352050781
2006-08-25,90.00877380371094
2006-08-28,90.43079376220703
2006-08-29,90.54839324951172
2006-08-30,90.59681701660156
2006-08-31,90.5414810180664
2006-09-01,91.0880126953125
2006-09-05,91.29556274414062
2006-09-06,90.46534729003906
2006-09-07,90.0987319946289
2006-09-08,90.29938507080078
2006-09-11,90.41001892089844
2006-09-12,91.25410461425781
2006-09-13,91.62770080566406
2006-09-14,91.66917419433594
2006-09-15,91.89058685302734
2006-09-18,92.00128936767578
2006-09-19,91.76607513427734
2006-09-20,92.20195770263672
2006-09-21,91.81448364257812
2006-09-22,91.53082275390625
2006-09-25,92.20881652832031
2006-09-26,93.00444030761719
2006-09-27,93.10803985595703
2006-09-28,93.12886047363281
2006-09-29,92.9620590209961
2006-10-02,92.60760498046875
2006-10-03,92.82303619384766
2006-10-04,93.94207000732422
2006-10-05,94.10887908935547
2006-10-06,93.95594787597656
2006-10-09,94.04631805419922
2006-10-10,94.17835235595703
2006-10-11,94.02545928955078
2006-10-12,94.90819549560547
2006-10-13,95.11671447753906
2006-10-16,95.27655792236328
2006-10-17,94.94291687011719
2006-10-18,95.1097412109375
2006-10-19,95.20703125
2006-10-20,95.23484802246094
2006-10-23,95.69356536865234
2006-10-24,95.99242401123047
2006-10-25,96.35382843017578
2006-10-26,96.57627868652344
2006-10-27,96.04804992675781
2006-10-30,95.95075988769531
2006-10-31,95.94377136230469
2006-11-01,95.2487564086914
2006-11-02,95.14447021484375
2006-11-03,95.01239013671875
2006-11-06,96.13143920898438
2006-11-07,96.48593139648438
2006-11-08,96.65276336669922
2006-11-09,96.16619873046875
2006-11-10,96.27738952636719
2006-11-13,96.48593139648438
2006-11-14,97.18098449707031
2006-11-15,97.43814849853516
2006-11-16,97.7231216430664
2006-11-17,97.75088500976562
2006-11-20,97.81348419189453
2006-11-21,97.89690399169922
2006-11-22,98.09149169921875
2006-11-24,97.6883316040039
2006-11-27,96.34689331054688
2006-11-28,96.75006103515625
2006-11-29,97.75088500976562
2006-11-30,97.82736206054688
2006-12-01,97.59796142578125
2006-12-04,98.36944580078125
2006-12-05,98.7726058959961
2006-12-06,98.70307922363281
2006-12-07,98.31390380859375
2006-12-08,98.4250717163086
2006-12-11,98.75872802734375
2006-12-12,98.61270904541016
2006-12-13,98.76568603515625
2006-12-14,99.55106353759766
2006-12-15,99.56494903564453
2006-12-18,99.36341857910156
2006-12-19,99.4815444946289
2006-12-20,99.51629638671875
2006-12-21,99.15869140625
2006-12-22,98.48815155029297
2006-12-26,99.11677551269531
2006-12-27,99.69656372070312
2006-12-28,99.53584289550781
2006-12-29,99.18660736083984
2007-01-03,98.92118072509766
2007-01-04,99.18660736083984
2007-01-05,98.42523193359375
2007-01-08,98.83737182617188
2007-01-09,98.75357818603516
2007-01-10,99.01898193359375
2007-01-11,99.53584289550781
2007-01-12,100.28325653076172
2007-01-16,100.0806655883789
2007-01-17,100.0806655883789
2007-01-18,99.78038024902344
2007-01-19,100.03881072998047
2007-01-22,99.68255615234375
2007-01-23,100.02478790283203
2007-01-24,100.73731231689453
2007-01-25,99.64066314697266
2007-01-26,99.51487731933594
2007-01-29,99.4450454711914
2007-01-30,99.94099426269531
2007-01-31,100.60453796386719
2007-02-01,101.21923065185547
2007-02-02,101.33100891113281
2007-02-05,101.49168395996094
2007-02-06,101.37992858886719
2007-02-07,101.63134765625
2007-02-08,101.44973754882812
2007-02-09,100.75825500488281
2007-02-12,100.44393920898438
2007-02-13,101.21226501464844
2007-02-14,101.8827896118164
2007-02-15,102.0504150390625
2007-02-16,102.08538818359375
2007-02-20,102.2320785522461
2007-02-21,102.15525817871094
2007-02-22,102.06444549560547
2007-02-23,101.74311828613281
2007-02-26,101.65232849121094
2007-02-27,97.65690612792969
2007-02-28,98.69768524169922
2007-03-01,98.34842681884766
2007-03-02,97.1400375366211
2007-03-05,96.12019348144531
2007-03-06,97.81055450439453
2007-03-07,97.61503601074219
2007-03-08,98.48815155029297
2007-03-09,98.48815155029297
2007-03-12,98.7116470336914
2007-03-13,96.7907943725586
2007-03-14,97.53815460205078
2007-03-15,97.61503601074219
2007-03-16,97.32168579101562
2007-03-19,98.50904846191406
2007-03-20,99.04692840576172
2007-03-21,100.6674575805664
2007-03-22,100.6674575805664
2007-03-23,100.80712890625
2007-03-26,100.6253890991211
2007-03-27,100.32369995117188
2007-03-28,99.65718078613281
2007-03-29,99.75537109375
2007-03-30,99.86766052246094
2007-04-02,99.90975952148438
2007-04-03,101.00430297851562
2007-04-04,101.03234100341797
2007-04-05,101.41120910644531
2007-04-09,101.53754425048828
2007-04-10,101.64979553222656
2007-04-11,101.13761138916016
2007-04-12,101.73396301269531
2007-04-13,102.07073974609375
2007-04-16,103.08802795410156
2007-04-17,103.32666015625
2007-04-18,103.55813598632812
2007-04-19,103.4739761352539
2007-04-20,104.38607788085938
2007-04-23,104.02120208740234
2007-04-24,104.11944580078125
2007-04-25,105.03853607177734
2007-04-26,105.1578369140625
2007-04-27,105.143798828125
2007-04-30,104.17560577392578
2007-05-01,104.43511199951172
2007-05-02,105.12974548339844
2007-05-03,105.58583068847656
2007-05-04,106.07697296142578
2007-05-07,106.09098815917969
2007-05-08,105.9085464477539
2007-05-09,106.25232696533203
2007-05-10,105.05255126953125
2007-05-11,106.00679016113281
2007-05-14,105.8173599243164
2007-05-15,105.75419616699219
2007-05-16,106.54703521728516
2007-05-17,106.31551361083984
2007-05-18,107.21357727050781
2007-05-21,107.21357727050781
2007-05-22,107.03116607666016
2007-05-23,107.09430694580078
2007-05-24,106.18214416503906
2007-05-25,106.63121032714844
2007-05-29,107.01011657714844
2007-05-30,107.81696319580078
2007-05-31,107.73272705078125
2007-06-01,108.19581604003906
2007-06-04,108.28005981445312
2007-06-05,107.89409637451172
2007-06-06,106.7364273071289
2007-06-07,104.7789306640625
2007-06-08,106.13309478759766
2007-06-11,106.3084945678711
2007-06-12,105.11573791503906
2007-06-13,106.7435073852539
2007-06-14,107.38896942138672
2007-06-15,107.95729064941406
2007-06-18,107.901123046875
2007-06-19,108.08361053466797
2007-06-20,106.53998565673828
2007-06-21,107.17847442626953
2007-06-22,106.0628890991211
2007-06-25,105.78929901123047
2007-06-26,104.70176696777344
2007-06-27,106.21027374267578
2007-06-28,106.15412139892578
2007-06-29,106.06745147705078
2007-07-02,107.1386489868164
2007-07-03,107.56849670410156
2007-07-05,107.46980285644531
2007-07-06,107.99839782714844
2007-07-09,107.96314239501953
2007-07-10,106.44795989990234
2007-07-11,107.29365539550781
2007-07-12,109.1188735961914
2007-07-13,109.30209350585938
2007-07-16,109.2668685913086
2007-07-17,109.1823501586914
2007-07-18,109.03434753417969
2007-07-19,109.38662719726562
2007-07-20,108.38600158691406
2007-07-23,108.77356719970703
2007-07-24,106.80037689208984
2007-07-25,106.9976577758789
2007-07-26,104.60160827636719
2007-07-27,102.48745727539062
2007-07-30,104.05895233154297
2007-07-31,102.68478393554688
2007-08-01,103.24857330322266
2007-08-02,104.0871810913086
2007-08-03,101.40924072265625
2007-08-06,103.14997100830078
2007-08-07,104.21405792236328
2007-08-08,105.72209930419922
2007-08-09,102.57200622558594
2007-08-10,102.09281921386719
2007-08-13,102.51568603515625
2007-08-14,101.0568618774414
2007-08-15,99.54171752929688
2007-08-16,100.45787811279297
2007-08-17,102.1844253540039
2007-08-20,102.0576171875
2007-08-21,102.15621948242188
2007-08-22,103.52342224121094
2007-08-23,103.38248443603516
2007-08-24,104.68620300292969
2007-08-27,103.62911224365234
2007-08-28,101.46566772460938
2007-08-29,103.55863189697266
2007-08-30,103.14286041259766
2007-08-31,104.03079986572266
2007-09-04,105.3556900024414
2007-09-05,104.34089660644531
2007-09-06,104.61572265625
2007-09-07,103.1710433959961
2007-09-10,102.81867980957031
2007-09-11,104.09420776367188
2007-09-12,104.33385467529297
2007-09-13,105.08085632324219
2007-09-14,105.13011932373047
2007-09-17,104.54524230957031
2007-09-18,107.50507354736328
2007-09-19,108.13935089111328
2007-09-20,107.61076354980469
2007-09-21,107.71648406982422
2007-09-24,107.53326416015625
2007-09-25,107.38526916503906
2007-09-26,107.9919662475586
2007-09-27,108.57951354980469
2007-09-28,108.28929138183594
2007-10-01,109.38656616210938
2007-10-02,109.31575012207031
2007-10-03,109.08920288085938
2007-10-04,109.1812744140625
2007-10-05,110.53338623046875
2007-10-08,109.91746520996094
2007-10-09,110.99348449707031
2007-10-10,110.75992584228516
2007-10-11,110.29264831542969
2007-10-12,110.92981719970703
2007-10-15,109.90331268310547
2007-10-16,109.1175765991211
2007-10-17,109.46443939208984
2007-10-18,108.99015808105469
2007-10-19,106.3637466430664
2007-10-22,106.75312042236328
2007-10-23,107.666259765625
2007-10-24,107.39728546142578
2007-10-25,107.76542663574219
2007-10-26,108.94756317138672
2007-10-29,109.30162048339844
2007-10-30,108.46625518798828
2007-10-31,109.81835174560547
2007-11-01,107.10710906982422
2007-11-02,107.20623779296875
2007-11-05,106.342529296875
2007-11-06,107.85037994384766
2007-11-07,104.96208953857422
2007-11-08,104.33915710449219
2007-11-09,102.90918731689453
2007-11-12,101.95346069335938
2007-11-13,104.93376922607422
2007-11-14,104.60810089111328
2007-11-15,103.12862396240234
2007-11-16,103.49674987792969
2007-11-19,101.96764373779297
2007-11-20,102.50563049316406
2007-11-21,100.42436981201172
2007-11-23,102.20128631591797
2007-11-26,99.89342498779297
2007-11-27,101.21723937988281
2007-11-28,104.34626770019531
2007-11-29,104.40287017822266
2007-11-30,105.30189514160156
2007-12-03,104.60108947753906
2007-12-04,103.75154113769531
2007-12-05,105.6133804321289
2007-12-06,107.02210998535156
2007-12-07,106.91592407226562
2007-12-10,107.8928451538086
2007-12-11,105.04704284667969
2007-12-12,105.7054443359375
2007-12-13,105.83992767333984
2007-12-14,104.27543640136719
2007-12-17,102.87379455566406
2007-12-18,103.5250473022461
2007-12-19,103.40469360351562
2007-12-20,104.1338119506836
2007-12-21,105.50719451904297
2007-12-24,106.30005645751953
2007-12-26,106.66104888916016
2007-12-27,105.42134857177734
2007-12-28,105.04411315917969
2007-12-31,104.43212890625
2008-01-02,103.12971496582031
2008-01-03,102.9945297241211
2008-01-04,100.48937225341797
2008-01-07,100.93772888183594
2008-01-08,99.07315826416016
2008-01-09,100.38265228271484
2008-01-10,101.08721923828125
2008-01-11,99.86310577392578
2008-01-14,100.88079833984375
2008-01-15,98.38279724121094
2008-01-16,97.75653076171875
2008-01-17,95.00945281982422
2008-01-18,94.504150390625
2008-01-22,93.37967681884766
2008-01-23,95.40798950195312
2008-01-24,96.23352813720703
2008-01-25,94.80307006835938
2008-01-28,96.4683837890625
2008-01-29,96.98082733154297
2008-01-30,96.49683380126953
2008-01-31,97.88461303710938
2008-02-01,99.42185974121094
2008-02-04,98.42549896240234
2008-02-05,95.37238311767578
2008-02-06,94.63936614990234
2008-02-07,95.35104370117188
2008-02-08,94.92403411865234
2008-02-11,95.48628234863281
2008-02-12,96.22642517089844
2008-02-13,97.42201232910156
2008-02-14,96.24069213867188
2008-02-15,96.29045867919922
2008-02-19,96.2975845336914
2008-02-20,97.04486083984375
2008-02-21,95.92745971679688
2008-02-22,96.73171997070312
2008-02-25,97.92021179199219
2008-02-26,98.63899993896484
2008-02-27,98.48953247070312
2008-02-28,97.6355209350586
2008-02-29,95.1873550415039
2008-03-03,95.15179443359375
2008-03-04,94.76033020019531
2008-03-05,95.50050354003906
2008-03-06,93.25871276855469
2008-03-07,92.51144409179688
2008-03-10,91.18771362304688
2008-03-11,94.37602996826172
2008-03-12,93.62167358398438
2008-03-13,94.04154968261719
2008-03-14,92.14847564697266
2008-03-17,91.20906829833984
2008-03-18,95.09485626220703
2008-03-19,92.9171142578125
2008-03-20,94.8956069946289
2008-03-24,96.50396728515625
2008-03-25,96.79655456542969
2008-03-26,95.45887756347656
2008-03-27,94.95816802978516
2008-03-28,94.14983367919922
2008-03-31,94.58621215820312
2008-04-01,98.06983184814453
2008-04-02,97.86952209472656
2008-04-03,98.0053939819336
2008-04-04,98.1484603881836
2008-04-07,98.16993713378906
2008-04-08,97.82656860351562
2008-04-09,97.0325927734375
2008-04-10,97.39740753173828
2008-04-11,95.50896453857422
2008-04-14,95.13701629638672
2008-04-15,95.65203094482422
2008-04-16,97.5833969116211
2008-04-17,97.73357391357422
2008-04-18,99.5648193359375
2008-04-21,99.39311981201172
2008-04-22,98.6563720703125
2008-04-23,98.78511047363281
2008-04-24,99.407470703125
2008-04-25,100.12271881103516
2008-04-28,100.0226058959961
2008-04-29,99.5934066772461
2008-04-30,99.14990234375
2008-05-01,100.96681213378906
2008-05-02,101.27442932128906
2008-05-05,100.7951889038086
2008-05-06,101.64637756347656
2008-05-07,99.8079833984375
2008-05-08,100.20140075683594
2008-05-09,99.50755310058594
2008-05-12,100.62345123291016
2008-05-13,100.57341766357422
2008-05-14,100.97398376464844
2008-05-15,102.13996887207031
2008-05-16,102.17568969726562
2008-05-19,102.36170196533203
2008-05-20,101.51049041748047
2008-05-21,99.8294448852539
2008-05-22,99.95820617675781
2008-05-23,98.75648498535156
2008-05-27,99.407470703125
2008-05-28,99.89388275146484
2008-05-29,100.34452819824219
2008-05-30,100.42317962646484
2008-06-02,99.4432144165039
2008-06-03,98.9353256225586
2008-06-04,98.9353256225586
2008-06-05,100.73075866699219
2008-06-06,97.68351745605469
2008-06-09,97.86952209472656
2008-06-10,97.49756622314453
2008-06-11,95.80221557617188
2008-06-12,96.26719665527344
2008-06-13,97.72645568847656
2008-06-16,97.70500183105469
2008-06-17,97.00396728515625
2008-06-18,96.21711730957031
2008-06-19,96.50326538085938
2008-06-20,94.77936553955078
2008-06-23,94.76504516601562
2008-06-24,94.48616027832031
2008-06-25,95.04679107666016
2008-06-26,92.23648834228516
2008-06-27,92.04242706298828
2008-06-30,91.99931335449219
2008-07-01,92.40898132324219
2008-07-02,90.74872589111328
2008-07-03,90.79898071289062
2008-07-07,90.051513671875
2008-07-08,91.63274383544922
2008-07-09,89.61310577392578
2008-07-10,90.28870391845703
2008-07-11,89.31121063232422
2008-07-14,88.47747802734375
2008-07-15,87.41370391845703
2008-07-16,89.57713317871094
2008-07-17,90.67683410644531
2008-07-18,90.60498046875
2008-07-21,90.71994018554688
2008-07-22,91.89149475097656
2008-07-23,92.30836486816406
2008-07-24,90.31025695800781
2008-07-25,90.48274230957031
2008-07-28,89.02368927001953
2008-07-29,90.8924560546875
2008-07-30,92.47369384765625
2008-07-31,91.31647491455078
2008-08-01,90.79181671142578
2008-08-04,89.94373321533203
2008-08-05,92.46648406982422
2008-08-06,92.9552230834961
2008-08-07,91.38835906982422
2008-08-08,93.32180786132812
2008-08-11,94.06929016113281
2008-08-12,93.09181213378906
2008-08-13,92.75397491455078
2008-08-14,93.26431274414062
2008-08-15,93.64518737792969
2008-08-18,92.3874282836914
2008-08-19,91.46025848388672
2008-08-20,91.9705581665039
2008-08-21,92.15744018554688
2008-08-22,93.24993133544922
2008-08-25,91.5321044921875
2008-08-26,91.74057006835938
2008-08-27,92.51681518554688
2008-08-28,93.83211517333984
2008-08-29,92.6749267578125
2008-09-02,92.25084686279297
2008-09-03,92.1861801147461
2008-09-04,89.33273315429688
2008-09-05,89.76400756835938
2008-09-08,91.61119842529297
2008-09-09,88.50623321533203
2008-09-10,88.96617126464844
2008-09-11,90.31744384765625
2008-09-12,90.53302764892578
2008-09-15,86.62309265136719
2008-09-16,87.715576171875
2008-09-17,83.7337646484375
2008-09-18,86.80992889404297
2008-09-19,90.53302764892578
2008-09-22,87.40653228759766
2008-09-23,85.83248138427734
2008-09-24,85.81808471679688
2008-09-25,87.57390594482422
2008-09-26,87.72571563720703
2008-09-29,81.2127685546875
2008-09-30,84.44392395019531
2008-10-01,83.7789535522461
2008-10-02,80.69232177734375
2008-10-03,79.6948013305664
2008-10-06,77.04916381835938
2008-10-07,72.5746841430664
2008-10-08,71.1144790649414
2008-10-09,66.42314910888672
2008-10-10,66.14122772216797
2008-10-13,72.94332122802734
2008-10-14,72.24939727783203
2008-10-15,65.62802124023438
2008-10-16,68.46163177490234
2008-10-17,68.10022735595703
2008-10-20,71.38197326660156
2008-10-21,69.08326721191406
2008-10-22,65.30272674560547
2008-10-23,65.85212707519531
2008-10-24,63.343814849853516
2008-10-27,61.28367614746094
2008-10-28,68.08573150634766
2008-10-29,66.71232604980469
2008-10-30,69.1555404663086
2008-10-31,70.39888000488281
2008-11-03,70.1169662475586
2008-11-04,72.75536346435547
2008-11-05,69.29290008544922
2008-11-06,65.70755004882812
2008-11-07,67.39904022216797
2008-11-10,66.84242248535156
2008-11-11,65.19432067871094
2008-11-12,62.02820587158203
2008-11-13,66.25694274902344
2008-11-14,63.423301696777344
2008-11-17,61.78242492675781
2008-11-18,62.346248626708984
2008-11-19,58.82593536376953
2008-11-20,54.929786682128906
2008-11-21,58.16817855834961
2008-11-24,61.363155364990234
2008-11-25,62.3535041809082
2008-11-26,64.49312591552734
2008-11-28,65.14373779296875
2008-12-01,59.447601318359375
2008-12-02,61.7896614074707
2008-12-03,63.37272262573242
2008-12-04,61.4932975769043
2008-12-05,63.763057708740234
2008-12-08,66.01111602783203
2008-12-09,64.79674530029297
2008-12-10,65.46176147460938
2008-12-11,63.763057708740234
2008-12-12,64.0955810546875
2008-12-15,63.408878326416016
2008-12-16,66.53885650634766
2008-12-17,65.88102722167969
2008-12-18,64.67391967773438
2008-12-19,64.50038146972656
2008-12-22,63.64019012451172
2008-12-23,62.86671829223633
2008-12-24,63.26154327392578
2008-12-26,63.66214370727539
2008-12-29,63.552886962890625
2008-12-30,64.92955017089844
2008-12-31,65.78178405761719
2009-01-02,67.93059539794922
2009-01-05,67.7557144165039
2009-01-06,68.18551635742188
2009-01-07,66.18240356445312
2009-01-08,66.47373962402344
2009-01-09,65.01696014404297
2009-01-12,63.52375411987305
2009-01-13,63.5747184753418
2009-01-14,61.56433868408203
2009-01-15,61.69548416137695
2009-01-16,62.08149719238281
2009-01-20,58.81098175048828
2009-01-21,61.36767578125
2009-01-22,60.47174072265625
2009-01-23,60.61743927001953
2009-01-26,61.112754821777344
2009-01-27,61.724578857421875
2009-01-28,63.7786865234375
2009-01-29,61.717323303222656
2009-01-30,60.435340881347656
2009-02-02,60.25324630737305
2009-02-03,61.134605407714844
2009-02-04,60.850521087646484
2009-02-05,61.77556228637695
2009-02-06,63.50187683105469
2009-02-09,63.64756774902344
2009-02-10,60.62472152709961
2009-02-11,61.0325927734375
2009-02-12,61.134605407714844
2009-02-13,60.44989013671875
2009-02-17,57.79848861694336
2009-02-18,57.71110153198242
2009-02-19,57.11381912231445
2009-02-20,56.545684814453125
2009-02-23,54.571693420410156
2009-02-24,56.596641540527344
2009-02-25,56.06492233276367
2009-02-26,55.19813919067383
2009-02-27,54.05455017089844
2009-03-02,51.56340789794922
2009-03-03,51.11907958984375
2009-03-04,52.408348083496094
2009-03-05,50.2304573059082
2009-03-06,50.22315216064453
2009-03-09,49.66957473754883
2009-03-10,52.714290618896484
2009-03-11,52.969234466552734
2009-03-12,55.11799240112305
2009-03-13,55.56234359741211
2009-03-16,55.423946380615234
2009-03-17,57.08469009399414
2009-03-18,58.25014877319336
2009-03-19,57.60187530517578
2009-03-20,56.378150939941406
2009-03-23,60.486305236816406
2009-03-24,59.328155517578125
2009-03-25,59.82468795776367
2009-03-26,61.09347915649414
2009-03-27,59.99337387084961
2009-03-30,57.93244934082031
2009-03-31,58.394527435302734
2009-04-01,59.59732437133789
2009-04-02,61.33551788330078
2009-04-03,61.93693161010742
2009-04-06,61.42354202270508
2009-04-07,59.99337387084961
2009-04-08,60.65342330932617
2009-04-09,63.07371520996094
2009-04-13,63.147037506103516
2009-04-14,62.02492141723633
2009-04-15,62.69234085083008
2009-04-16,63.63841247558594
2009-04-17,64.01248168945312
2009-04-20,61.37955093383789
2009-04-21,62.57499313354492
2009-04-22,62.1716194152832
2009-04-23,62.78035354614258
2009-04-24,63.711769104003906
2009-04-27,63.154388427734375
2009-04-28,62.94901657104492
2009-04-29,64.24718475341797
2009-04-30,64.31318664550781
2009-05-01,64.62854766845703
2009-05-04,66.850830078125
2009-05-05,66.57209014892578
2009-05-06,67.72357940673828
2009-05-07,66.7701187133789
2009-05-08,68.37629699707031
2009-05-11,67.04149627685547
2009-05-12,66.91680145263672
2009-05-13,65.30328369140625
2009-05-14,65.75066375732422
2009-05-15,65.2299575805664
2009-05-18,67.06348419189453
2009-05-19,66.98284149169922
2009-05-20,66.56475830078125
2009-05-21,65.56732177734375
2009-05-22,65.43529510498047
2009-05-26,67.18083190917969
2009-05-27,65.92670440673828
2009-05-28,66.83614349365234
2009-05-29,68.06825256347656
2009-06-01,69.68912506103516
2009-06-02,69.77713775634766
2009-06-03,68.89703369140625
2009-06-04,69.54244995117188
2009-06-05,69.57178497314453
2009-06-08,69.2930679321289
2009-06-09,69.61576080322266
2009-06-10,69.42509460449219
2009-06-11,69.73309326171875
2009-06-12,69.96044921875
2009-06-15,68.33965301513672
2009-06-16,67.43022155761719
2009-06-17,67.3055191040039
2009-06-18,67.7015380859375
2009-06-19,68.09024047851562
2009-06-22,66.02936553955078
2009-06-23,66.09574127197266
2009-06-24,66.64875793457031
2009-06-25,68.06443786621094
2009-06-26,67.84326934814453
2009-06-29,68.5584716796875
2009-06-30,68.09396362304688
2009-07-01,68.3004150390625
2009-07-02,66.41280364990234
2009-07-06,66.4349136352539
2009-07-07,65.12984466552734
2009-07-08,65.1003189086914
2009-07-09,65.26253509521484
2009-07-10,65.0708236694336
2009-07-13,66.64875793457031
2009-07-14,67.06903839111328
2009-07-15,69.01560974121094
2009-07-16,69.63500213623047
2009-07-17,69.66452026367188
2009-07-20,70.29121398925781
2009-07-21,70.63044738769531
2009-07-22,70.66729736328125
2009-07-23,72.23046112060547
2009-07-24,72.54751586914062
2009-07-27,72.75395202636719
2009-07-28,72.56229400634766
2009-07-29,72.20832061767578
2009-07-30,72.96043395996094
2009-07-31,73.12265014648438
2009-08-03,74.22869110107422
2009-08-04,74.45724487304688
2009-08-05,74.24343872070312
2009-08-06,73.90425872802734
2009-08-07,74.83329010009766
2009-08-10,74.7226791381836
2009-08-11,73.73466491699219
2009-08-12,74.56046295166016
2009-08-13,75.12086486816406
2009-08-14,74.50883483886719
2009-08-17,72.68021392822266
2009-08-18,73.38069915771484
2009-08-19,73.95587158203125
2009-08-20,74.7005844116211
2009-08-21,76.15314483642578
2009-08-24,76.145751953125
2009-08-25,76.31535339355469
2009-08-26,76.28585815429688
2009-08-27,76.5218505859375
2009-08-28,76.48495483398438
2009-08-31,75.7992172241211
2009-09-01,74.10332489013672
2009-09-02,73.81574249267578
2009-09-03,74.41299438476562
2009-09-04,75.4747543334961
2009-09-08,76.145751953125
2009-09-09,76.72828674316406
2009-09-10,77.48773956298828
2009-09-11,77.52462005615234
2009-09-14,77.94490814208984
2009-09-15,78.18821716308594
2009-09-16,79.3827133178711
2009-09-17,79.28685760498047
2009-09-18,79.33849334716797
2009-09-21,79.10991668701172
2009-09-22,79.58918762207031
2009-09-23,78.95565032958984
2009-09-24,78.03688049316406
2009-09-25,77.69603729248047
2009-09-28,79.0001220703125
2009-09-29,78.77781677246094
2009-09-30,78.5481185913086
2009-10-01,76.55500793457031
2009-10-02,76.20673370361328
2009-10-05,77.31817626953125
2009-10-06,78.39253997802734
2009-10-07,78.62223815917969
2009-10-08,79.222412109375
2009-10-09,79.68920135498047
2009-10-12,80.04484558105469
2009-10-13,79.89668273925781
2009-10-14,81.28224182128906
2009-10-15,81.55638885498047
2009-10-16,80.94883728027344
2009-10-19,81.63052368164062
2009-10-20,81.23037719726562
2009-10-21,80.43756866455078
2009-10-22,81.23780822753906
2009-10-23,80.36347198486328
2009-10-26,79.4224624633789
2009-10-27,79.11127471923828
2009-10-28,77.62195587158203
2009-10-29,79.25202178955078
2009-10-30,77.03662109375
2009-11-02,77.52562713623047
2009-11-03,77.77754974365234
2009-11-04,77.87386322021484
2009-11-05,79.40023040771484
2009-11-06,79.65958404541016
2009-11-09,81.44528198242188
2009-11-10,81.42303466796875
2009-11-11,81.86019897460938
2009-11-12,81.03775787353516
2009-11-13,81.51933288574219
2009-11-16,82.65298461914062
2009-11-17,82.72709655761719
2009-11-18,82.70489501953125
2009-11-19,81.6008529663086
2009-11-20,81.42303466796875
2009-11-23,82.42328643798828
2009-11-24,82.46036529541016
2009-11-25,82.77154541015625
2009-11-27,81.48229217529297
2009-11-30,81.7268295288086
2009-12-01,82.67522430419922
2009-12-02,82.76415252685547
2009-12-03,82.06768035888672
2009-12-04,82.51224517822266
2009-12-07,82.38627624511719
2009-12-08,81.51933288574219
2009-12-09,81.76387786865234
2009-12-10,82.24549865722656
2009-12-11,82.59375
2009-12-14,83.15682983398438
2009-12-15,82.7567367553711
2009-12-16,82.912353515625
2009-12-17,81.86019897460938
2009-12-18,82.37885284423828
2009-12-21,83.14201354980469
2009-12-22,83.46807098388672
2009-12-23,83.67552185058594
2009-12-24,84.12095642089844
2009-12-28,84.26996612548828
2009-12-29,84.1582260131836
2009-12-30,84.0911636352539
2009-12-31,83.28665924072266
2010-01-04,84.65728759765625
2010-01-05,84.90309143066406
2010-01-06,84.97015380859375
2010-01-07,85.34257507324219
2010-01-08,85.63312530517578
2010-01-11,85.75228881835938
2010-01-12,84.96267700195312
2010-01-13,85.63312530517578
2010-01-14,85.88636779785156
2010-01-15,84.91801452636719
2010-01-19,85.96829986572266
2010-01-20,85.1191177368164
2010-01-21,83.45053100585938
2010-01-22,81.6479263305664
2010-01-25,82.05763244628906
2010-01-26,81.67028045654297
2010-01-27,82.08741760253906
2010-01-28,81.10415649414062
2010-01-29,80.19537353515625
2010-02-01,81.4616928100586
2010-02-02,82.48223114013672
2010-02-03,82.06507873535156
2010-02-04,79.55477905273438
2010-02-05,79.72608184814453
2010-02-08,79.10782623291016
2010-02-09,80.1357650756836
2010-02-10,79.94957733154297
2010-02-11,80.76893615722656
2010-02-12,80.73914337158203
2010-02-16,82.01290130615234
2010-02-17,82.37791442871094
2010-02-18,82.89933776855469
2010-02-19,83.0706558227539
2010-02-22,83.078125
2010-02-23,82.0352554321289
2010-02-24,82.78761291503906
2010-02-25,82.7205581665039
2010-02-26,82.7205581665039
2010-03-01,83.59207153320312
2010-03-02,83.80812072753906
2010-03-03,83.93474578857422
2010-03-04,84.1656723022461
2010-03-05,85.37983703613281
2010-03-08,85.40963745117188
2010-03-09,85.50645446777344
2010-03-10,85.88636779785156
2010-03-11,86.27372741699219
2010-03-12,86.26624298095703
2010-03-15,86.31840515136719
2010-03-16,87.01860809326172
2010-03-17,87.51023864746094
2010-03-18,87.47297668457031
2010-03-19,87.01860809326172
2010-03-22,87.48788452148438
2010-03-23,88.1210708618164
2010-03-24,87.68901824951172
2010-03-25,87.52967071533203
2010-03-26,87.56708526611328
2010-03-29,88.05330657958984
2010-03-30,88.09819030761719
2010-03-31,87.77655029296875
2010-04-01,88.42733001708984
2010-04-05,89.13796997070312
2010-04-06,89.3100357055664
2010-04-07,88.83877563476562
2010-04-08,89.10807037353516
2010-04-09,89.69156646728516
2010-04-12,89.86359405517578
2010-04-13,89.94587707519531
2010-04-14,90.92581939697266
2010-04-15,91.02308654785156
2010-04-16,89.6092758178711
2010-04-19,89.90850067138672
2010-04-20,90.72383117675781
2010-04-21,90.55928802490234
2010-04-22,90.79118347167969
2010-04-23,91.36717987060547
2010-04-26,91.052978515625
2010-04-27,88.92105102539062
2010-04-28,89.5868148803711
2010-04-29,90.68647766113281
2010-04-30,89.19780731201172
2010-05-03,90.33485412597656
2010-05-04,88.24031829833984
2010-05-05,87.69422912597656
2010-05-06,84.67961883544922
2010-05-07,83.37796783447266
2010-05-10,87.15564727783203
2010-05-11,86.89385986328125
2010-05-12,88.09819030761719
2010-05-13,87.05093383789062
2010-05-14,85.48747253417969
2010-05-17,85.4949722290039
2010-05-18,84.38037872314453
2010-05-19,83.88664245605469
2010-05-20,80.73736572265625
2010-05-21,81.8370132446289
2010-05-24,80.84207916259766
2010-05-25,80.90939331054688
2010-05-26,80.38577270507812
2010-05-27,83.1236572265625
2010-05-28,82.06140899658203
2010-06-01,80.67000579833984
2010-06-02,82.77952575683594
2010-06-03,83.06378936767578
2010-06-04,80.14639282226562
2010-06-07,79.18143463134766
2010-06-08,79.93694305419922
2010-06-09,79.532958984375
2010-06-10,81.9492416381836
2010-06-11,82.27833557128906
2010-06-14,82.19606018066406
2010-06-15,84.02131652832031
2010-06-16,84.0138168334961
2010-06-17,84.16344451904297
2010-06-18,84.23824310302734
2010-06-21,83.9839096069336
2010-06-22,82.62992095947266
2010-06-23,82.34137725830078
2010-06-24,81.03388214111328
2010-06-25,81.35697937011719
2010-06-28,81.06395721435547
2010-06-29,78.584228515625
2010-06-30,77.7426528930664
2010-07-01,77.55477905273438
2010-07-02,77.09640502929688
2010-07-06,77.58486938476562
2010-07-07,80.02699279785156
2010-07-08,80.80094146728516
2010-07-09,81.38705444335938
2010-07-12,81.46973419189453
2010-07-13,82.71710968017578
2010-07-14,82.68706512451172
2010-07-15,82.73210906982422
2010-07-16,80.44026184082031
2010-07-19,80.93621826171875
2010-07-20,81.80036163330078
2010-07-21,80.7708969116211
2010-07-22,82.53675842285156
2010-07-23,83.24308776855469
2010-07-26,84.14481353759766
2010-07-27,84.10722351074219
2010-07-28,83.55870056152344
2010-07-29,83.15290069580078
2010-07-30,83.17546081542969
2010-08-02,85.0089340209961
2010-08-03,84.59567260742188
2010-08-04,85.20430755615234
2010-08-05,85.10663604736328
2010-08-06,84.74594116210938
2010-08-09,85.20430755615234
2010-08-10,84.7760009765625
2010-08-11,82.43156433105469
2010-08-12,81.90557098388672
2010-08-13,81.67263793945312
2010-08-16,81.65007781982422
2010-08-17,82.63442993164062
2010-08-18,82.77723693847656
2010-08-19,81.37955474853516
2010-08-20,81.07898712158203
2010-08-23,80.7784194946289
2010-08-24,79.61369323730469
2010-08-25,79.8691635131836
2010-08-26,79.35073852539062
2010-08-27,80.56800079345703
2010-08-30,79.433349609375
2010-08-31,79.49347686767578
2010-09-01,81.77778625488281
2010-09-02,82.5517807006836
2010-09-03,83.62630462646484
2010-09-07,82.7245864868164
2010-09-08,83.23553466796875
2010-09-09,83.63385009765625
2010-09-10,84.10722351074219
2010-09-13,85.03148651123047
2010-09-14,84.9638671875
2010-09-15,85.2794418334961
2010-09-16,85.22686004638672
2010-09-17,85.24189758300781
2010-09-20,86.60945892333984
2010-09-21,86.3990707397461
2010-09-22,86.01586151123047
2010-09-23,85.30950927734375
2010-09-24,86.9990234375
2010-09-27,86.59854888916016
2010-09-28,86.98390197753906
2010-09-29,86.76478576660156
2010-09-30,86.50788879394531
2010-10-01,86.89320373535156
2010-10-04,86.24346160888672
2010-10-05,87.94349670410156
2010-10-06,87.9586410522461
2010-10-07,87.87550354003906
2010-10-08,88.3439712524414
2010-10-11,88.44221496582031
2010-10-12,88.7142105102539
2010-10-13,89.3715591430664
2010-10-14,89.14491271972656
2010-10-15,89.25068664550781
2010-10-18,89.65872192382812
2010-10-19,88.49507904052734
2010-10-20,89.32624816894531
2010-10-21,89.55291748046875
2010-10-22,89.7493896484375
2010-10-25,89.95339965820312
2010-10-26,90.01386260986328
2010-10-27,89.74183654785156
2010-10-28,89.8098373413086
2010-10-29,89.83248901367188
2010-11-01,89.85517883300781
2010-11-02,90.57298278808594
2010-11-03,90.97341918945312
2010-11-04,92.65840911865234
2010-11-05,93.05133056640625
2010-11-08,92.87753295898438
2010-11-09,92.1748275756836
2010-11-10,92.5602035522461
2010-11-11,92.22017669677734
2010-11-12,91.12454223632812
2010-11-15,91.00364685058594
2010-11-16,89.54534149169922
2010-11-17,89.63606262207031
2010-11-18,90.95829772949219
2010-11-19,91.16236114501953
2010-11-22,91.10187530517578
2010-11-23,89.78715515136719
2010-11-24,91.13211059570312
2010-11-26,90.14227294921875
2010-11-29,90.3463134765625
2010-11-30,89.7720947265625
2010-12-01,91.7290267944336
2010-12-02,92.90019989013672
2010-12-03,93.14955139160156
2010-12-06,93.0362319946289
2010-12-07,93.10421752929688
2010-12-08,93.4442138671875
2010-12-09,93.86736297607422
2010-12-10,94.39628601074219
2010-12-13,94.42652893066406
2010-12-14,94.52474975585938
2010-12-15,94.10918426513672
2010-12-16,94.59278106689453
2010-12-17,94.75141143798828
2010-12-20,94.94032287597656
2010-12-21,95.52967834472656
2010-12-22,95.86969757080078
2010-12-23,95.7375717163086
2010-12-27,95.79071044921875
2010-12-28,95.89701080322266
2010-12-29,95.98814392089844
2010-12-30,95.85147857666016
2010-12-31,95.85906982421875
2011-01-03,96.8233642578125
2011-01-04,96.76258850097656
2011-01-05,97.25611114501953
2011-01-06,97.07391357421875
2011-01-07,96.89928436279297
2011-01-10,96.80056762695312
2011-01-11,97.1270523071289
2011-01-12,98.015380859375
2011-01-13,97.87875366210938
2011-01-14,98.48615264892578
2011-01-18,98.73670959472656
2011-01-19,97.7420654296875
2011-01-20,97.62059783935547
2011-01-21,97.83320617675781
2011-01-24,98.41024780273438
2011-01-25,98.39503479003906
2011-01-26,98.8658218383789
2011-01-27,99.1011734008789
2011-01-28,97.2940902709961
2011-01-31,98.06095886230469
2011-02-01,99.64789581298828
2011-02-02,99.45044708251953
2011-02-03,99.65544891357422
2011-02-04,99.94397735595703
2011-02-07,100.57422637939453
2011-02-08,101.06011962890625
2011-02-09,100.80196380615234
2011-02-10,100.84750366210938
2011-02-11,101.43974304199219
2011-02-14,101.6751480102539
2011-02-15,101.36386108398438
2011-02-16,101.9788589477539
2011-02-17,102.3205337524414
2011-02-18,102.53312683105469
2011-02-22,100.49066925048828
2011-02-23,99.8604736328125
2011-02-24,99.79972839355469
2011-02-25,100.81714630126953
2011-02-28,101.45494842529297
2011-03-01,99.79972839355469
2011-03-02,99.95915985107422
2011-03-03,101.6827392578125
2011-03-04,100.95381164550781
2011-03-07,100.19452667236328
2011-03-08,101.01456451416016
2011-03-09,100.885498046875
2011-03-10,99.04043579101562
2011-03-11,99.7845458984375
2011-03-14,99.11637878417969
2011-03-15,98.015380859375
2011-03-16,96.17796325683594
2011-03-17,97.39281463623047
2011-03-18,97.78002166748047
2011-03-21,99.29098510742188
2011-03-22,98.94175720214844
2011-03-23,99.21510314941406
2011-03-24,100.17935943603516
2011-03-25,100.47608184814453
2011-03-28,100.25483703613281
2011-03-29,100.9337158203125
2011-03-30,101.5973129272461
2011-03-31,101.452392578125
2011-04-01,101.91004180908203
2011-04-04,102.05494689941406
2011-04-05,101.94055938720703
2011-04-06,102.27615356445312
2011-04-07,102.03968811035156
2011-04-08,101.67353057861328
2011-04-11,101.37612915039062
2011-04-12,100.59810638427734
2011-04-13,100.59049224853516
2011-04-14,100.67437744140625
2011-04-15,101.10916137695312
2011-04-18,99.91930389404297
2011-04-19,100.46844482421875
2011-04-20,101.91767120361328
2011-04-21,102.36766815185547
2011-04-25,102.29141998291016
2011-04-26,103.14569091796875
2011-04-27,103.80929565429688
2011-04-28,104.16773986816406
2011-04-29,104.4499740600586
2011-05-02,104.28976440429688
2011-05-03,103.87786102294922
2011-05-04,103.18379974365234
2011-05-05,102.3066635131836
2011-05-06,102.6727523803711
2011-05-09,103.10751342773438
2011-05-10,103.9923095703125
2011-05-11,102.9168472290039
2011-05-12,103.36686706542969
2011-05-13,102.58888244628906
2011-05-16,101.9328842163086
2011-05-17,101.91004180908203
2011-05-18,102.8405532836914
2011-05-19,103.03888702392578
2011-05-20,102.27615356445312
2011-05-23,101.04048919677734
2011-05-24,101.00238037109375
2011-05-25,101.29985809326172
2011-05-26,101.79559326171875
2011-05-27,102.20750427246094
2011-05-31,103.20670318603516
2011-06-01,100.9337158203125
2011-06-02,100.80403137207031
2011-06-03,99.82774353027344
2011-06-06,98.77515411376953
2011-06-07,98.68364715576172
2011-06-08,98.27936553955078
2011-06-09,99.01925659179688
2011-06-10,97.66154479980469
2011-06-13,97.73783111572266
2011-06-14,98.96583557128906
2011-06-15,97.21151733398438
2011-06-16,97.38694763183594
2011-06-17,97.69969177246094
2011-06-20,98.23360443115234
2011-06-21,99.53791809082031
2011-06-22,98.93534851074219
2011-06-23,98.66327667236328
2011-06-24,97.54447174072266
2011-06-27,98.36443328857422
2011-06-28,99.64417266845703
2011-06-29,100.55609130859375
2011-06-30,101.47567749023438
2011-07-01,102.95462799072266
2011-07-05,102.91633605957031
2011-07-06,103.00829315185547
2011-07-07,104.14246368408203
2011-07-08,103.33783721923828
2011-07-11,101.52931213378906
2011-07-12,101.04655456542969
2011-07-13,101.40668487548828
2011-07-14,100.70169830322266
2011-07-15,101.27641296386719
2011-07-18,100.4028091430664
2011-07-19,102.08104705810547
2011-07-20,102.0274429321289
2011-07-21,103.42211151123047
2011-07-22,103.4910888671875
2011-07-25,102.94698333740234
2011-07-26,102.53318786621094
2011-07-27,100.44882202148438
2011-07-28,100.14228820800781
2011-07-29,99.4755859375
2011-08-01,99.00811767578125
2011-08-02,96.54823303222656
2011-08-03,97.05402374267578
2011-08-04,92.4714584350586
2011-08-05,92.28754425048828
2011-08-08,86.31023406982422
2011-08-09,90.7548828125
2011-08-10,86.2872543334961
2011-08-11,90.25676727294922
2011-08-12,90.86984252929688
2011-08-15,92.74734497070312
2011-08-16,91.96564483642578
2011-08-17,92.0576171875
2011-08-18,88.0114974975586
2011-08-19,86.68578338623047
2011-08-22,86.68578338623047
2011-08-23,89.52879333496094
2011-08-24,90.81620025634766
2011-08-25,89.39851379394531
2011-08-26,90.74722290039062
2011-08-29,93.32972717285156
2011-08-30,93.52129364013672
2011-08-31,93.9810791015625
2011-09-01,93.023193359375
2011-09-02,90.59398651123047
2011-09-06,89.95795440673828
2011-09-07,92.47913360595703
2011-09-08,91.53653717041016
2011-09-09,89.09198760986328
2011-09-12,89.70507049560547
2011-09-13,90.43305206298828
2011-09-14,91.70514678955078
2011-09-15,93.36038208007812
2011-09-16,93.91212463378906
2011-09-19,93.00020599365234
2011-09-20,92.89289855957031
2011-09-21,90.01158142089844
2011-09-22,87.26048278808594
2011-09-23,87.67427825927734
2011-09-26,89.83958435058594
2011-09-27,90.85677337646484
2011-09-28,88.96882629394531
2011-09-29,89.74710083007812
2011-09-30,87.6049575805664
2011-10-03,84.96195220947266
2011-10-04,86.7342300415039
2011-10-05,88.46028900146484
2011-10-06,90.07845306396484
2011-10-07,89.43885803222656
2011-10-10,92.45177459716797
2011-10-11,92.52884674072266
2011-10-12,93.29168701171875
2011-10-13,93.13756561279297
2011-10-14,94.7326431274414
2011-10-17,92.97574615478516
2011-10-18,94.8250961303711
2011-10-19,93.63072204589844
2011-10-20,94.07764434814453
2011-10-21,95.8037109375
2011-10-24,97.05199432373047
2011-10-25,95.16413116455078
2011-10-26,96.12732696533203
2011-10-27,99.4484634399414
2011-10-28,99.44076538085938
2011-10-31,96.93643188476562
2011-11-01,94.3627700805664
2011-11-02,95.84992980957031
2011-11-03,97.59911346435547
2011-11-04,96.99805450439453
2011-11-07,97.5914077758789
2011-11-08,98.86284637451172
2011-11-09,95.21809387207031
2011-11-10,96.14276885986328
2011-11-11,97.93814849853516
2011-11-14,96.99805450439453
2011-11-15,97.5374755859375
2011-11-16,95.91929626464844
2011-11-17,94.39360046386719
2011-11-18,94.27030181884766
2011-11-21,92.50570678710938
2011-11-22,92.13585662841797
2011-11-23,90.10157775878906
2011-11-25,89.87810516357422
2011-11-28,92.49800872802734
2011-11-29,92.82936096191406
2011-11-30,96.62821960449219
2011-12-01,96.59740447998047
2011-12-02,96.58197784423828
2011-12-05,97.57598114013672
2011-12-06,97.62992095947266
2011-12-07,97.93814849853516
2011-12-08,95.86537170410156
2011-12-09,97.44500732421875
2011-12-12,96.04258728027344
2011-12-13,95.15643310546875
2011-12-14,94.10847473144531
2011-12-15,94.46290588378906
2011-12-16,94.60934448242188
2011-12-19,93.60761260986328
2011-12-20,96.4124526977539
2011-12-21,96.56657409667969
2011-12-22,97.53571319580078
2011-12-23,98.31103515625
2011-12-27,98.373046875
2011-12-28,97.18682098388672
2011-12-29,98.1094741821289
2011-12-30,97.65971374511719
2012-01-03,99.2569580078125
2012-01-04,99.34222412109375
2012-01-05,99.66788482666016
2012-01-06,99.45076751708984
2012-01-09,99.57482147216797
2012-01-10,100.47418212890625
2012-01-11,100.5517349243164
2012-01-12,100.7920913696289
2012-01-13,100.4044418334961
2012-01-17,100.59825134277344
2012-01-18,101.72247314453125
2012-01-19,102.29622650146484
2012-01-20,102.2729263305664
2012-01-23,102.36598205566406
2012-01-24,102.2729263305664
2012-01-25,103.12579345703125
2012-01-26,102.59857940673828
2012-01-27,102.53655242919922
2012-01-30,102.1799087524414
2012-01-31,102.16439056396484
2012-02-01,103.02500915527344
2012-02-02,103.24983978271484
2012-02-03,104.69974517822266
2012-02-06,104.56786346435547
2012-02-07,104.84700775146484
2012-02-08,105.15715789794922
2012-02-09,105.30445861816406
2012-02-10,104.57569122314453
2012-02-13,105.30445861816406
2012-02-14,105.18818664550781
2012-02-15,104.7229995727539
2012-02-16,105.84716796875
2012-02-17,106.10304260253906
2012-02-21,106.18054962158203
2012-02-22,105.82395935058594
2012-02-23,106.32785034179688
2012-02-24,106.50621795654297
2012-02-27,106.73878479003906
2012-02-28,107.033447265625
2012-02-29,106.46746826171875
2012-03-01,107.1574935913086
2012-03-02,106.87838745117188
2012-03-05,106.43643188476562
2012-03-06,104.7927474975586
2012-03-07,105.57582092285156
2012-03-08,106.61477661132812
2012-03-09,107.033447265625
2012-03-12,107.04894256591797
2012-03-13,108.9794921875
2012-03-14,108.83995819091797
2012-03-15,109.49121856689453
2012-03-16,109.63853454589844
2012-03-19,110.08821868896484
2012-03-20,109.75482177734375
2012-03-21,109.55323028564453
2012-03-22,108.8011703491211
2012-03-23,109.17333984375
2012-03-26,110.63905334472656
2012-03-27,110.33534240722656
2012-03-28,109.8135757446289
2012-03-29,109.58765411376953
2012-03-30,109.97708129882812
2012-04-02,110.84152221679688
2012-04-03,110.42095184326172
2012-04-04,109.24498748779297
2012-04-05,109.26834869384766
2012-04-09,108.01443481445312
2012-04-10,106.23094177246094
2012-04-11,106.96304321289062
2012-04-12,108.48953247070312
2012-04-13,107.15773010253906
2012-04-16,107.07208251953125
2012-04-17,108.66866302490234
2012-04-18,108.34153747558594
2012-04-19,107.69514465332031
2012-04-20,107.78857421875
2012-04-23,106.91629028320312
2012-04-24,107.31348419189453
2012-04-25,108.82441711425781
2012-04-26,109.5487060546875
2012-04-27,109.743408203125
2012-04-30,109.25276947021484
2012-05-01,109.97708129882812
2012-05-02,109.68889617919922
2012-05-03,108.87113189697266
2012-05-04,107.07990264892578
2012-05-07,107.1265869140625
2012-05-08,106.69046783447266
2012-05-09,106.05180358886719
2012-05-10,106.30106353759766
2012-05-11,105.94276428222656
2012-05-14,104.84461212158203
2012-05-15,104.22938537597656
2012-05-16,103.83998107910156
2012-05-17,102.29792785644531
2012-05-18,101.41783142089844
2012-05-21,103.1390380859375
2012-05-22,103.31815338134766
2012-05-23,103.3804702758789
2012-05-24,103.4583511352539
2012-05-25,103.24028778076172
2012-05-29,104.47859191894531
2012-05-30,102.95211791992188
2012-05-31,102.68733978271484
2012-06-01,100.28075408935547
2012-06-04,100.15615844726562
2012-06-05,100.7247085571289
2012-06-06,103.08452606201172
2012-06-07,103.2169189453125
2012-06-08,103.98796844482422
2012-06-11,103.22470092773438
2012-06-12,103.9489974975586
2012-06-13,103.24806213378906
2012-06-14,104.2994613647461
2012-06-15,105.29637908935547
2012-06-18,105.53778839111328
2012-06-19,106.63253021240234
2012-06-20,106.41343688964844
2012-06-21,104.08937072753906
2012-06-22,104.8249740600586
2012-06-25,103.1190414428711
2012-06-26,103.65116882324219
2012-06-27,104.6292953491211
2012-06-28,104.37892150878906
2012-06-29,107.00811767578125
2012-07-02,107.23504638671875
2012-07-03,107.9627914428711
2012-07-05,107.46981048583984
2012-07-06,106.38213348388672
2012-07-09,106.29605865478516
2012-07-10,105.39617156982422
2012-07-11,105.35704803466797
2012-07-12,104.87187957763672
2012-07-13,106.65599822998047
2012-07-16,106.40560913085938
2012-07-17,107.1255111694336
2012-07-18,107.99409484863281
2012-07-19,108.21319580078125
2012-07-20,107.21155548095703
2012-07-23,106.16303253173828
2012-07-24,105.27876281738281
2012-07-25,105.23965454101562
2012-07-26,106.94554138183594
2012-07-27,109.02700805664062
2012-07-30,108.95658874511719
2012-07-31,108.33837127685547
2012-08-01,108.1114501953125
2012-08-02,107.36026763916016
2012-08-03,109.44952392578125
2012-08-06,109.70777893066406
2012-08-07,110.26337432861328
2012-08-08,110.4198989868164
2012-08-09,110.49028015136719
2012-08-10,110.63115692138672
2012-08-13,110.58418273925781
2012-08-14,110.64680480957031
2012-08-15,110.77202606201172
2012-08-16,111.55449676513672
2012-08-17,111.73446655273438
2012-08-20,111.76580810546875
2012-08-21,111.40579223632812
2012-08-22,111.4293212890625
2012-08-23,110.53723907470703
2012-08-24,111.2492904663086
2012-08-27,111.20236206054688
2012-08-28,111.08505249023438
2012-08-29,111.194580078125
2012-08-30,110.39640045166016
2012-08-31,111.02240753173828
2012-09-04,110.55287170410156
2012-09-05,110.70941925048828
2012-09-06,112.9552230834961
2012-09-07,113.46383666992188
2012-09-10,112.75958251953125
2012-09-11,113.04129028320312
2012-09-12,113.49514770507812
2012-09-13,115.28711700439453
2012-09-14,115.71748352050781
2012-09-17,115.35752868652344
2012-09-18,115.24794006347656
2012-09-19,115.33405303955078
2012-09-20,115.28711700439453
2012-09-21,115.161865234375
2012-09-24,115.04450225830078
2012-09-25,113.89421844482422
2012-09-26,113.24121856689453
2012-09-27,114.32696533203125
2012-09-28,113.61096954345703
2012-10-01,114.02010345458984
2012-10-02,114.18533325195312
2012-10-03,114.60234832763672
2012-10-04,115.50711822509766
2012-10-05,115.42060089111328
2012-10-08,115.04293060302734
2012-10-09,113.9571762084961
2012-10-10,113.24121856689453
2012-10-11,113.31199645996094
2012-10-12,112.83209991455078
2012-10-15,113.76836395263672
2012-10-16,115.02722930908203
2012-10-17,115.48352813720703
2012-10-18,115.2396240234375
2012-10-19,113.18612670898438
2012-10-22,113.31199645996094
2012-10-23,111.68338012695312
2012-10-24,111.40013122558594
2012-10-25,111.73846435546875
2012-10-26,111.66759490966797
2012-10-31,111.31361389160156
2012-11-01,112.8714370727539
2012-11-02,111.80140686035156
2012-11-05,112.0453109741211
2012-11-06,112.91075897216797
2012-11-07,110.34584045410156
2012-11-08,109.03192138671875
2012-11-09,109.04768371582031
2012-11-12,109.26007080078125
2012-11-13,108.8273696899414
2012-11-14,107.4583969116211
2012-11-15,107.22234344482422
2012-11-16,107.66289520263672
2012-11-19,109.94458770751953
2012-11-20,109.9839096069336
2012-11-21,110.21207427978516
2012-11-23,111.58897399902344
2012-11-26,111.54960632324219
2012-11-27,110.88086700439453
2012-11-28,111.73058319091797
2012-11-29,112.28131103515625
2012-11-30,112.28131103515625
2012-12-03,111.75420379638672
2012-12-04,111.56538391113281
2012-12-05,111.7699203491211
2012-12-06,112.1161117553711
2012-12-07,112.50950622558594
2012-12-10,112.61178588867188
2012-12-11,113.26483154296875
2012-12-12,113.42214965820312
2012-12-13,112.71409606933594
2012-12-14,112.32067108154297
2012-12-17,113.56376647949219
2012-12-18,114.9091796875
2012-12-19,114.04606628417969
2012-12-20,114.6795654296875
2012-12-21,113.63433074951172
2012-12-24,113.27796936035156
2012-12-26,112.74748992919922
2012-12-27,112.63667297363281
2012-12-28,111.3618392944336
2012-12-31,113.34135437011719
2013-01-02,116.10485076904297
2013-01-03,115.95435333251953
2013-01-04,116.5245132446289
2013-01-07,116.16026306152344
2013-01-08,115.84349060058594
2013-01-09,116.1523208618164
2013-01-10,117.03128051757812
2013-01-11,117.08668518066406
2013-01-14,116.9837417602539
2013-01-15,117.03128051757812
2013-01-16,116.9837417602539
2013-01-17,117.77560424804688
2013-01-18,118.0843734741211
2013-01-22,118.66238403320312
2013-01-23,118.88409423828125
2013-01-24,118.91577911376953
2013-01-25,119.50174713134766
2013-01-28,119.50174713134766
2013-01-29,119.89762878417969
2013-01-30,119.45426177978516
2013-01-31,119.13750457763672
2013-02-01,120.380615234375
2013-02-04,119.06623077392578
2013-02-05,120.1668701171875
2013-02-06,120.3252182006836
2013-02-07,120.18270111083984
2013-02-08,120.79246520996094
2013-02-11,120.75286102294922
2013-02-12,121.02202606201172
2013-02-13,121.1011962890625
2013-02-14,121.24376678466797
2013-02-15,121.1091079711914
2013-02-19,121.94052124023438
2013-02-20,120.4044418334961
2013-02-21,119.70759582519531
2013-02-22,120.85575103759766
2013-02-25,118.59114837646484
2013-02-26,119.39879608154297
2013-02-27,120.85575103759766
2013-02-28,120.75286102294922
2013-03-01,121.05370330810547
2013-03-04,121.65550231933594
2013-03-05,122.75614929199219
2013-03-06,123.00948333740234
2013-03-07,123.22330474853516
2013-03-08,123.745849609375
2013-03-11,124.1734848022461
2013-03-12,123.88053131103516
2013-03-13,124.0546875
2013-03-14,124.7514877319336
2013-03-15,124.60895538330078
2013-03-18,123.85675048828125
2013-03-19,123.65087890625
2013-03-20,124.44274139404297
2013-03-21,123.41334533691406
2013-03-22,124.3793716430664
2013-03-25,123.96802520751953
2013-03-26,124.91475677490234
2013-03-27,124.82732391357422
2013-03-28,125.19325256347656
2013-04-01,124.77953338623047
2013-04-02,125.36830139160156
2013-04-03,124.1430892944336
2013-04-04,124.62042999267578
2013-04-05,124.08736419677734
2013-04-08,124.85115051269531
2013-04-09,125.31261444091797
2013-04-10,126.87992095947266
2013-04-11,127.2936019897461
2013-04-12,126.95943450927734
2013-04-15,124.05558776855469
2013-04-16,125.86158752441406
2013-04-17,123.96802520751953
2013-04-18,123.25203704833984
2013-04-19,124.2464370727539
2013-04-22,124.90687561035156
2013-04-23,126.1797866821289
2013-04-24,126.17174530029297
2013-04-25,126.76851654052734
2013-04-26,126.49798583984375
2013-04-29,127.37315368652344
2013-04-30,127.65157318115234
2013-05-01,126.57756805419922
2013-05-02,127.72319793701172
2013-05-03,128.98822021484375
2013-05-06,129.33029174804688
2013-05-07,129.99066162109375
2013-05-08,130.60311889648438
2013-05-09,130.25314331054688
2013-05-10,130.65884399414062
2013-05-13,130.7703399658203
2013-05-14,132.1705322265625
2013-05-15,132.83877563476562
2013-05-16,132.2023162841797
2013-05-17,133.49916076660156
2013-05-20,133.53099060058594
2013-05-21,133.6980438232422
2013-05-22,132.6956024169922
2013-05-23,132.30577087402344
2013-05-24,132.18643188476562
2013-05-28,132.99798583984375
2013-05-29,132.0989227294922
2013-05-30,132.62399291992188
2013-05-31,130.71461486816406
2013-06-03,131.40673828125
2013-06-04,130.81008911132812
2013-06-05,128.91656494140625
2013-06-06,130.09405517578125
2013-06-07,131.7648468017578
2013-06-10,131.74888610839844
2013-06-11,130.45204162597656
2013-06-12,129.3621063232422
2013-06-13,131.32725524902344
2013-06-14,130.49183654785156
2013-06-17,131.55796813964844
2013-06-18,132.5205535888672
2013-06-19,130.78622436523438
2013-06-20,127.460693359375
2013-06-21,127.85044860839844
2013-06-24,126.21158599853516
2013-06-25,127.460693359375
2013-06-26,128.71444702148438
2013-06-27,129.46609497070312
2013-06-28,128.6425018310547
2013-07-01,129.70599365234375
2013-07-02,129.49806213378906
2013-07-03,129.63401794433594
2013-07-05,131.0653076171875
2013-07-08,131.7849884033203
2013-07-09,132.72854614257812
2013-07-10,132.7845001220703
2013-07-11,134.70364379882812
2013-07-12,134.65562438964844
2013-07-15,135.25537109375
2013-07-16,134.68763732910156
2013-07-17,134.97547912597656
2013-07-18,135.7430877685547
2013-07-19,136.0550079345703
2013-07-22,136.27084350585938
2013-07-23,135.9910125732422
2013-07-24,135.51123046875
2013-07-25,135.76708984375
2013-07-26,135.95098876953125
2013-07-29,135.55123901367188
2013-07-30,135.5272216796875
2013-07-31,135.5751495361328
2013-08-01,137.1743927001953
2013-08-02,137.4222869873047
2013-08-05,137.28639221191406
2013-08-06,136.5586700439453
2013-08-07,136.02294921875
2013-08-08,136.49468994140625
2013-08-09,136.11895751953125
2013-08-12,135.9110565185547
2013-08-13,136.39881896972656
2013-08-14,135.67117309570312
2013-08-15,133.72006225585938
2013-08-16,133.312255859375
2013-08-19,132.45668029785156
2013-08-20,133.08836364746094
2013-08-21,132.2647247314453
2013-08-22,133.46420288085938
2013-08-23,133.9679412841797
2013-08-26,133.4402313232422
2013-08-27,131.28929138183594
2013-08-28,131.73696899414062
2013-08-29,131.96890258789062
2013-08-30,131.45712280273438
2013-09-03,132.1128387451172
2013-09-04,133.20834350585938
2013-09-05,133.34429931640625
2013-09-06,133.44821166992188
2013-09-09,134.77560424804688
2013-09-10,135.7110595703125
2013-09-11,136.1669158935547
2013-09-12,135.88699340820312
2013-09-13,136.07896423339844
2013-09-16,136.97450256347656
2013-09-17,137.5262451171875
2013-09-18,139.1414337158203
2013-09-19,138.95755004882812
2013-09-20,137.91009521484375
2013-09-23,137.33436584472656
2013-09-24,137.0330047607422
2013-09-25,136.63937377929688
2013-09-26,137.06521606445312
2013-09-27,136.47857666015625
2013-09-30,135.71527099609375
2013-10-01,136.8160858154297
2013-10-02,136.60711669921875
2013-10-03,135.43397521972656
2013-10-04,136.43038940429688
2013-10-07,135.26528930664062
2013-10-08,133.7224578857422
2013-10-09,133.77874755859375
2013-10-10,136.71160888671875
2013-10-11,137.56333923339844
2013-10-14,138.18209838867188
2013-10-15,137.06521606445312
2013-10-16,139.04183959960938
2013-10-17,139.93374633789062
2013-10-18,140.8818359375
2013-10-21,140.90603637695312
2013-10-22,141.6613311767578
2013-10-23,141.1149139404297
2013-10-24,141.58094787597656
2013-10-25,142.21575927734375
2013-10-28,142.37644958496094
2013-10-29,143.22015380859375
2013-10-30,142.52105712890625
2013-10-31,141.97470092773438
2013-11-01,142.39248657226562
2013-11-04,142.8746337890625
2013-11-05,142.472900390625
2013-11-06,143.15589904785156
2013-11-07,141.3479766845703
2013-11-08,143.26840209960938
2013-11-11,143.26840209960938
2013-11-12,142.9468994140625
2013-11-13,144.0558319091797
2013-11-14,144.91558837890625
2013-11-15,145.53433227539062
2013-11-18,145.0522003173828
2013-11-19,144.6986541748047
2013-11-20,144.24063110351562
2013-11-21,145.3575439453125
2013-11-22,146.11277770996094
2013-11-25,145.96820068359375
2013-11-26,145.99229431152344
2013-11-27,146.3538818359375
2013-11-29,146.2092742919922
2013-12-02,145.89590454101562
2013-12-03,145.34144592285156
2013-12-04,145.17269897460938
2013-12-05,144.6262969970703
2013-12-06,146.2333984375
2013-12-09,146.55479431152344
2013-12-10,146.10479736328125
2013-12-11,144.4093780517578
2013-12-12,143.9674072265625
2013-12-13,143.91114807128906
2013-12-16,144.77090454101562
2013-12-17,144.28076171875
2013-12-18,146.7797393798828
2013-12-19,146.69139099121094
2013-12-20,147.47084045410156
2013-12-23,148.2938995361328
2013-12-24,148.72190856933594
2013-12-26,149.44085693359375
2013-12-27,149.40855407714844
2013-12-30,149.3359375
2013-12-31,149.95785522460938
2014-01-02,148.63311767578125
2014-01-03,148.56851196289062
2014-01-06,148.16468811035156
2014-01-07,149.077392578125
2014-01-08,149.15821838378906
2014-01-09,149.23085021972656
2014-01-10,149.61862182617188
2014-01-13,147.63963317871094
2014-01-14,149.21473693847656
2014-01-15,150.06283569335938
2014-01-16,149.80441284179688
2014-01-17,149.23085021972656
2014-01-21,149.64283752441406
2014-01-22,149.74781799316406
2014-01-23,148.52001953125
2014-01-24,145.31329345703125
2014-01-27,144.55409240722656
2014-01-28,145.49099731445312
2014-01-29,144.08547973632812
2014-01-30,145.6363983154297
2014-01-31,144.72364807128906
2014-02-03,141.4926300048828
2014-02-04,142.4619598388672
2014-02-05,142.27615356445312
2014-02-06,144.17445373535156
2014-02-07,146.0564727783203
2014-02-10,146.25840759277344
2014-02-11,147.87388610839844
2014-02-12,147.9950714111328
2014-02-13,148.7139129638672
2014-02-14,149.50550842285156
2014-02-18,149.73162841796875
2014-02-19,148.7381591796875
2014-02-20,149.57818603515625
2014-02-21,149.49737548828125
2014-02-24,150.12747192382812
2014-02-25,150.2001953125
2014-02-26,150.2001953125
2014-02-27,150.9998321533203
2014-02-28,151.32293701171875
2014-03-03,150.31326293945312
2014-03-04,152.5183868408203
2014-03-05,152.4538116455078
2014-03-06,152.8899383544922
2014-03-07,152.9868621826172
2014-03-10,152.9222412109375
2014-03-11,152.1629638671875
2014-03-12,152.1791229248047
2014-03-13,150.45858764648438
2014-03-14,150.04666137695312
2014-03-17,151.4198455810547
2014-03-18,152.53453063964844
2014-03-19,151.69447326660156
2014-03-20,152.58302307128906
2014-03-21,152.00953674316406
2014-03-24,151.37147521972656
2014-03-25,152.1186065673828
2014-03-26,150.9827423095703
2014-03-27,150.7230682373047
2014-03-28,151.36412048339844
2014-03-31,152.64598083496094
2014-04-01,153.65211486816406
2014-04-02,154.1470489501953
2014-04-03,154.00094604492188
2014-04-04,152.17538452148438
2014-04-07,150.43104553222656
2014-04-08,151.10447692871094
2014-04-09,152.72714233398438
2014-04-10,149.4735870361328
2014-04-11,148.15118408203125
2014-04-14,149.31138610839844
2014-04-15,150.3905029296875
2014-04-16,151.92391967773438
2014-04-17,152.15921020507812
2014-04-21,152.7109375
2014-04-22,153.35189819335938
2014-04-23,153.0354766845703
2014-04-24,153.36001586914062
2014-04-25,152.08616638183594
2014-04-28,152.58920288085938
2014-04-29,153.23825073242188
2014-04-30,153.78187561035156
2014-05-01,153.6845245361328
2014-05-02,153.55471801757812
2014-05-05,153.83059692382812
2014-05-06,152.49996948242188
2014-05-07,153.33567810058594
2014-05-08,153.23825073242188
2014-05-09,153.51419067382812
2014-05-12,154.86911010742188
2014-05-13,155.0800323486328
2014-05-14,154.30923461914062
2014-05-15,152.97866821289062
2014-05-16,153.53848266601562
2014-05-19,154.0496368408203
2014-05-20,153.0841522216797
2014-05-21,154.3660888671875
2014-05-22,154.75547790527344
2014-05-23,155.41270446777344
2014-05-27,156.3700714111328
2014-05-28,156.232177734375
2014-05-29,157.01910400390625
2014-05-30,157.29501342773438
2014-06-02,157.48973083496094
2014-06-03,157.3923797607422
2014-06-04,157.67636108398438
2014-06-05,158.7229766845703
2014-06-06,159.52622985839844
2014-06-09,159.70465087890625
2014-06-10,159.67227172851562
2014-06-11,159.16104125976562
2014-06-12,157.9927520751953
2014-06-13,158.50393676757812
2014-06-16,158.6499481201172
2014-06-17,159.0231475830078
2014-06-18,160.26454162597656
2014-06-19,160.3943328857422
2014-06-20,160.69456481933594
2014-06-23,160.7270050048828
2014-06-24,159.7610626220703
2014-06-25,160.41319274902344
2014-06-26,160.299072265625
2014-06-27,160.78819274902344
2014-06-30,160.576171875
2014-07-01,161.6358642578125
2014-07-02,161.79075622558594
2014-07-03,162.6221160888672
2014-07-07,162.08419799804688
2014-07-08,161.0408477783203
2014-07-09,161.75807189941406
2014-07-10,161.0326385498047
2014-07-11,161.309814453125
2014-07-14,162.08419799804688
2014-07-15,161.79075622558594
2014-07-16,162.44276428222656
2014-07-17,160.576171875
2014-07-18,162.15748596191406
2014-07-21,161.85595703125
2014-07-22,162.6221160888672
2014-07-23,162.9400177001953
2014-07-24,162.93182373046875
2014-07-25,162.2145538330078
2014-07-28,162.27162170410156
2014-07-29,161.5461883544922
2014-07-30,161.5950927734375
2014-07-31,158.33465576171875
2014-08-01,157.91896057128906
2014-08-04,159.0437774658203
2014-08-05,157.47877502441406
2014-08-06,157.53587341308594
2014-08-07,156.70443725585938
2014-08-08,158.51394653320312
2014-08-11,159.01116943359375
2014-08-12,158.78297424316406
2014-08-13,159.85076904296875
2014-08-14,160.53538513183594
2014-08-15,160.59246826171875
2014-08-18,161.8966827392578
2014-08-19,162.78512573242188
2014-08-20,163.21713256835938
2014-08-21,163.63284301757812
2014-08-22,163.396484375
2014-08-25,164.2441864013672
2014-08-26,164.3664093017578
2014-08-27,164.33377075195312
2014-08-28,164.17901611328125
2014-08-29,164.619140625
2014-09-02,164.55393981933594
2014-09-03,164.52947998046875
2014-09-04,164.25233459472656
2014-09-05,165.00218200683594
2014-09-08,164.59469604492188
2014-09-09,163.56768798828125
2014-09-10,164.18711853027344
2014-09-11,164.34197998046875
2014-09-12,163.4127960205078
2014-09-15,163.23341369628906
2014-09-16,164.48875427246094
2014-09-17,164.6925048828125
2014-09-18,165.55653381347656
2014-09-19,165.3608856201172
2014-09-22,164.1544952392578
2014-09-23,163.2497100830078
2014-09-24,164.51416015625
2014-09-25,161.8117218017578
2014-09-26,163.203857421875
2014-09-29,162.78622436523438
2014-09-30,162.36036682128906
2014-10-01,160.23114013671875
2014-10-02,160.24752807617188
2014-10-03,162.00006103515625
2014-10-06,161.78712463378906
2014-10-07,159.3303680419922
2014-10-08,162.0983123779297
2014-10-09,158.78982543945312
2014-10-10,157.070068359375
2014-10-13,154.41673278808594
2014-10-14,154.7771453857422
2014-10-15,153.54052734375
2014-10-16,153.4914093017578
2014-10-17,155.40773010253906
2014-10-20,156.8900146484375
2014-10-21,159.97731018066406
2014-10-22,158.87171936035156
2014-10-23,160.73890686035156
2014-10-24,161.88543701171875
2014-10-27,161.68069458007812
2014-10-28,163.51510620117188
2014-10-29,163.32675170898438
2014-10-30,164.44862365722656
2014-10-31,166.23394775390625
2014-11-03,166.33221435546875
2014-11-04,165.77528381347656
2014-11-05,166.8399200439453
2014-11-06,167.4705352783203
2014-11-07,167.68341064453125
2014-11-10,168.1256103515625
2014-11-11,168.30581665039062
2014-11-12,168.1747589111328
2014-11-13,168.28131103515625
2014-11-14,168.3549346923828
2014-11-17,168.4204559326172
2014-11-18,169.44410705566406
2014-11-19,169.1902618408203
2014-11-20,169.45233154296875
2014-11-21,170.36949157714844
2014-11-24,170.8936004638672
2014-11-25,170.77894592285156
2014-11-26,171.18841552734375
2014-11-28,170.81170654296875
2014-12-01,169.66517639160156
2014-12-02,170.72979736328125
2014-12-03,171.4013214111328
2014-12-04,171.19662475585938
2014-12-05,171.51597595214844
2014-12-08,170.3203582763672
2014-12-09,170.20570373535156
2014-12-10,167.55233764648438
2014-12-11,168.3221435546875
2014-12-12,165.62789916992188
2014-12-15,164.4568328857422
2014-12-16,163.17933654785156
2014-12-17,166.3485870361328
2014-12-18,170.42678833007812
2014-12-19,171.1638946533203
2014-12-22,171.9663848876953
2014-12-23,172.236572265625
2014-12-24,172.29676818847656
2014-12-26,172.75772094726562
2014-12-29,173.05410766601562
2014-12-30,172.06625366210938
2014-12-31,170.3044891357422
2015-01-02,170.189208984375
2015-01-05,167.20089721679688
2015-01-06,165.69435119628906
2015-01-07,167.7441864013672
2015-01-08,170.7407989501953
2015-01-09,169.30010986328125
2015-01-12,168.01585388183594
2015-01-13,167.5795135498047
2015-01-14,166.56698608398438
2015-01-15,165.00279235839844
2015-01-16,167.11859130859375
2015-01-20,167.5301513671875
2015-01-21,168.3534393310547
2015-01-22,170.82310485839844
2015-01-23,169.90928649902344
2015-01-26,170.36209106445312
2015-01-27,168.073486328125
2015-01-28,165.90013122558594
2015-01-29,167.48902893066406
2015-01-30,165.3650360107422
2015-02-02,167.3737335205078
2015-02-03,169.7528533935547
2015-02-04,169.15199279785156
2015-02-05,170.921875
2015-02-06,170.37034606933594
2015-02-09,169.63766479492188
2015-02-10,171.4734649658203
2015-02-11,171.5558319091797
2015-02-12,173.1529083251953
2015-02-13,173.9349822998047
2015-02-17,174.24783325195312
2015-02-18,174.2149200439453
2015-02-19,174.074951171875
2015-02-20,175.13694763183594
2015-02-23,175.0792999267578
2015-02-24,175.6061248779297
2015-02-25,175.47445678710938
2015-02-26,175.27687072753906
2015-02-27,174.70059204101562
2015-03-02,175.8119659423828
2015-03-03,175.02169799804688
2015-03-04,174.2890167236328
2015-03-05,174.47015380859375
2015-03-06,172.04153442382812
2015-03-09,172.75772094726562
2015-03-10,169.9340057373047
2015-03-11,169.5717315673828
2015-03-12,171.6875457763672
2015-03-13,170.63381958007812
2015-03-16,172.99652099609375
2015-03-17,172.41195678710938
2015-03-18,174.4453887939453
2015-03-19,173.69622802734375
2015-03-20,175.22747802734375
2015-03-23,174.9393768310547
2015-03-24,173.84442138671875
2015-03-25,171.38116455078125
2015-03-26,170.9592742919922
2015-03-27,171.30667114257812
2015-03-30,173.3911590576172
2015-03-31,171.9105224609375
2015-04-01,171.37283325195312
2015-04-02,171.85263061523438
2015-04-06,173.10992431640625
2015-04-07,172.5970458984375
2015-04-08,173.21742248535156
2015-04-09,173.9784393310547
2015-04-10,174.8883056640625
2015-04-13,174.08599853515625
2015-04-14,174.39205932617188
2015-04-15,175.28538513183594
2015-04-16,175.20269775390625
2015-04-17,173.1761474609375
2015-04-20,174.76422119140625
2015-04-21,174.58229064941406
2015-04-22,175.4259490966797
2015-04-23,175.86441040039062
2015-04-24,176.25315856933594
2015-04-27,175.558349609375
2015-04-28,176.0381317138672
2015-04-29,175.35157775878906
2015-04-30,173.5813751220703
2015-05-01,175.45909118652344
2015-05-04,176.0215606689453
2015-05-05,173.98672485351562
2015-05-06,173.26705932617188
2015-05-07,173.9453887939453
2015-05-08,176.21180725097656
2015-05-11,175.35980224609375
2015-05-12,174.82217407226562
2015-05-13,174.8883056640625
2015-05-14,176.75772094726562
2015-05-15,176.93971252441406
2015-05-18,177.4608154296875
2015-05-19,177.42771911621094
2015-05-20,177.25399780273438
2015-05-21,177.76690673828125
2015-05-22,177.3946990966797
2015-05-26,175.46734619140625
2015-05-27,177.1465301513672
2015-05-28,176.91488647460938
2015-05-29,175.83958435058594
2015-06-01,176.14569091796875
2015-06-02,176.00497436523438
2015-06-03,176.50131225585938
2015-06-04,175.0785675048828
2015-06-05,174.6897735595703
2015-06-08,173.61448669433594
2015-06-09,173.55657958984375
2015-06-10,175.61622619628906
2015-06-11,176.21180725097656
2015-06-12,174.87181091308594
2015-06-15,174.1438446044922
2015-06-16,175.1116485595703
2015-06-17,175.35157775878906
2015-06-18,177.1134033203125
2015-06-19,176.06289672851562
2015-06-22,177.32022094726562
2015-06-23,177.4029083251953
2015-06-24,176.14779663085938
2015-06-25,175.59056091308594
2015-06-26,175.6404571533203
2015-06-29,171.94744873046875
2015-06-30,172.35504150390625
2015-07-01,173.7024688720703
2015-07-02,173.49449157714844
2015-07-06,173.03707885742188
2015-07-07,174.10174560546875
2015-07-08,171.16555786132812
2015-07-09,171.47335815429688
2015-07-10,173.66085815429688
2015-07-13,175.57391357421875
2015-07-14,176.30587768554688
2015-07-15,176.23928833007812
2015-07-16,177.62001037597656
2015-07-17,177.81130981445312
2015-07-20,177.8778839111328
2015-07-21,177.18746948242188
2015-07-22,176.8464813232422
2015-07-23,175.8899383544922
2015-07-24,174.0435333251953
2015-07-27,172.99546813964844
2015-07-28,175.14967346191406
2015-07-29,176.3224639892578
2015-07-30,176.38067626953125
2015-07-31,176.13111877441406
2015-08-03,175.5323028564453
2015-08-04,175.16635131835938
2015-08-05,175.82342529296875
2015-08-06,174.409423828125
2015-08-07,173.98521423339844
2015-08-10,176.18936157226562
2015-08-11,174.6007537841797
2015-08-12,174.76710510253906
2015-08-13,174.5924530029297
2015-08-14,175.19126892089844
2015-08-17,176.2227020263672
2015-08-18,175.72357177734375
2015-08-19,174.30966186523438
2015-08-20,170.60833740234375
2015-08-21,165.36007690429688
2015-08-24,158.46487426757812
2015-08-25,156.60169982910156
2015-08-26,162.75665283203125
2015-08-27,166.7574005126953
2015-08-28,166.7490997314453
2015-08-31,165.3101043701172
2015-09-01,160.30294799804688
2015-09-02,163.47195434570312
2015-09-03,163.61334228515625
2015-09-04,161.0765380859375
2015-09-08,165.24356079101562
2015-09-09,162.9479217529297
2015-09-10,163.82130432128906
2015-09-11,164.6197509765625
2015-09-14,163.97933959960938
2015-09-15,166.03375244140625
2015-09-16,167.52255249023438
2015-09-17,167.098388671875
2015-09-18,164.31202697753906
2015-09-21,165.17701721191406
2015-09-22,163.0977020263672
2015-09-23,162.82318115234375
2015-09-24,162.24095153808594
2015-09-25,162.13389587402344
2015-09-28,158.08575439453125
2015-09-29,158.11082458496094
2015-09-30,161.18045043945312
2015-10-01,161.62374877929688
2015-10-02,163.9907684326172
2015-10-05,166.95985412597656
2015-10-06,166.3325653076172
2015-10-07,167.70419311523438
2015-10-08,169.24319458007812
2015-10-09,169.36868286132812
2015-10-12,169.5192108154297
2015-10-13,168.4235382080078
2015-10-14,167.5788116455078
2015-10-15,170.14646911621094
2015-10-16,170.8992156982422
2015-10-19,171.0331268310547
2015-10-20,170.7821502685547
2015-10-21,169.786865234375
2015-10-22,172.5804443359375
2015-10-23,174.5208282470703
2015-10-26,174.11935424804688
2015-10-27,173.78477478027344
2015-10-28,175.7335662841797
2015-10-29,175.64161682128906
2015-10-30,174.84701538085938
2015-11-02,176.97976684570312
2015-11-03,177.4230499267578
2015-11-04,176.9630889892578
2015-11-05,176.7455291748047
2015-11-06,176.67872619628906
2015-11-09,174.9808349609375
2015-11-10,175.4073944091797
2015-11-11,174.7299041748047
2015-11-12,172.27096557617188
2015-11-13,170.3472442626953
2015-11-16,172.9818572998047
2015-11-17,172.7560272216797
2015-11-18,175.5328369140625
2015-11-19,175.36557006835938
2015-11-20,176.16015625
2015-11-23,175.82562255859375
2015-11-24,176.07647705078125
2015-11-25,176.08489990234375
2015-11-27,176.2353973388672
2015-11-30,175.5328369140625
2015-12-01,177.25579833984375
2015-12-02,175.4241485595703
2015-12-03,172.9316864013672
2015-12-04,176.3107147216797
2015-12-07,175.22337341308594
2015-12-08,174.07754516601562
2015-12-09,172.70590209960938
2015-12-10,173.1407012939453
2015-12-11,169.69485473632812
2015-12-14,170.7738037109375
2015-12-15,172.4549102783203
2015-12-16,174.9473876953125
2015-12-17,172.3629608154297
2015-12-18,169.13449096679688
2015-12-21,170.5897979736328
2015-12-22,172.17059326171875
2015-12-23,174.33680725097656
2015-12-24,173.98097229003906
2015-12-28,173.56886291503906
2015-12-29,175.55581665039062
2015-12-30,174.25924682617188
2015-12-31,172.49111938476562
2016-01-04,170.07473754882812
2016-01-05,170.42832946777344
2016-01-06,168.19717407226562
2016-01-07,164.17262268066406
2016-01-08,162.35400390625
2016-01-11,162.52235412597656
2016-01-12,163.77691650390625
2016-01-13,159.79441833496094
2016-01-14,162.32875061035156
2016-01-15,158.91041564941406
2016-01-19,158.99462890625
2016-01-20,157.15069580078125
2016-01-21,157.9674072265625
2016-01-22,161.2257843017578
2016-01-25,158.76727294921875
2016-01-26,160.92271423339844
2016-01-27,159.19662475585938
2016-01-28,160.0638885498047
2016-01-29,163.861083984375
2016-02-01,163.84425354003906
2016-02-02,160.88902282714844
2016-02-03,161.74778747558594
2016-02-04,162.1014404296875
2016-02-05,159.00306701660156
2016-02-08,156.86439514160156
2016-02-09,156.80551147460938
2016-02-10,156.72972106933594
2016-02-11,154.77642822265625
2016-02-12,157.90843200683594
2016-02-16,160.5353546142578
2016-02-17,163.1959991455078
2016-02-18,162.5392303466797
2016-02-19,162.43820190429688
2016-02-22,164.7871856689453
2016-02-23,162.783447265625
2016-02-24,163.52432250976562
2016-02-25,165.44390869140625
2016-02-26,165.1492919921875
2016-02-29,163.76844787597656
2016-03-01,167.7088165283203
2016-03-02,168.44979858398438
2016-03-03,169.04751586914062
2016-03-04,169.63685607910156
2016-03-07,169.80526733398438
2016-03-08,167.86880493164062
2016-03-09,168.73599243164062
2016-03-10,168.82867431640625
2016-03-11,171.6239013671875
2016-03-14,171.38816833496094
2016-03-15,171.1018829345703
2016-03-16,172.1963653564453
2016-03-17,173.28256225585938
2016-03-18,173.9224853515625
2016-03-21,174.17507934570312
2016-03-22,174.07395935058594
2016-03-23,172.01119995117188
2016-03-24,171.91015625
2016-03-28,172.01963806152344
2016-03-29,173.6614227294922
2016-03-30,174.3939208984375
2016-03-31,173.98980712890625
2016-04-01,175.1011505126953
2016-04-04,174.52867126464844
2016-04-05,172.81948852539062
2016-04-06,174.68862915039062
2016-04-07,172.5752716064453
2016-04-08,173.08889770507812
2016-04-11,172.60060119628906
2016-04-12,174.3013153076172
2016-04-13,176.05258178710938
2016-04-14,176.0694580078125
2016-04-15,175.79156494140625
2016-04-18,177.07131958007812
2016-04-19,177.6101531982422
2016-04-20,177.7449493408203
2016-04-21,176.8608856201172
2016-04-22,176.83560180664062
2016-04-25,176.52410888671875
2016-04-26,176.81875610351562
2016-04-27,177.1471405029297
2016-04-28,175.61477661132812
2016-04-29,174.67181396484375
2016-05-02,176.03575134277344
2016-05-03,174.49501037597656
2016-05-04,173.50144958496094
2016-05-05,173.45094299316406
2016-05-06,174.12451171875
2016-05-09,174.2928009033203
2016-05-10,176.40615844726562
2016-05-11,174.76438903808594
2016-05-12,174.84857177734375
2016-05-13,173.23204040527344
2016-05-16,174.9833221435547
2016-05-17,173.4425506591797
2016-05-18,173.4593505859375
2016-05-19,172.8447265625
2016-05-20,173.89715576171875
2016-05-23,173.6614227294922
2016-05-24,175.91787719726562
2016-05-25,177.10504150390625
2016-05-26,177.17236328125
2016-05-27,177.90487670898438
2016-05-31,177.6270294189453
2016-06-01,177.96377563476562
2016-06-02,178.54476928710938
2016-06-03,177.947021484375
2016-06-06,178.9320526123047
2016-06-07,179.1425323486328
2016-06-08,179.71505737304688
2016-06-09,179.50462341308594
2016-06-10,177.8122100830078
2016-06-13,176.40615844726562
2016-06-14,176.08627319335938
2016-06-15,175.7747344970703
2016-06-16,176.3472900390625
2016-06-17,175.68214416503906
2016-06-20,176.843994140625
2016-06-21,177.3330078125
2016-06-22,177.03689575195312
2016-06-23,179.34640502929688
2016-06-24,172.7563018798828
2016-06-27,169.72772216796875
2016-06-28,172.9000701904297
2016-06-29,175.7934112548828
2016-06-30,178.07745361328125
2016-07-01,178.61044311523438
2016-07-05,177.34991455078125
2016-07-06,178.36508178710938
2016-07-07,178.2128143310547
2016-07-08,180.9199676513672
2016-07-11,181.60520935058594
2016-07-12,182.88255310058594
2016-07-13,182.8656768798828
2016-07-14,183.87240600585938
2016-07-15,183.60165405273438
2016-07-18,184.10923767089844
2016-07-19,183.9062042236328
2016-07-20,184.6844940185547
2016-07-21,184.01614379882812
2016-07-22,184.8198699951172
2016-07-25,184.34608459472656
2016-07-26,184.42227172851562
2016-07-27,184.2361602783203
2016-07-28,184.45611572265625
2016-07-29,184.73526000976562
2016-08-01,184.52378845214844
2016-08-02,183.4324493408203
2016-08-03,183.97386169433594
2016-08-04,184.14309692382812
2016-08-05,185.60658264160156
2016-08-08,185.5050506591797
2016-08-09,185.62355041503906
2016-08-10,185.16671752929688
2016-08-11,186.02114868164062
2016-08-12,185.86886596679688
2016-08-15,186.42721557617188
2016-08-16,185.47967529296875
2016-08-17,185.81809997558594
2016-08-18,186.24952697753906
2016-08-19,185.9619598388672
2016-08-22,185.9027099609375
2016-08-23,186.29185485839844
2016-08-24,185.4120330810547
2016-08-25,185.22592163085938
2016-08-26,184.89601135253906
2016-08-29,185.77584838867188
2016-08-30,185.48818969726562
2016-08-31,184.97215270996094
2016-09-01,184.98907470703125
2016-09-02,185.80116271972656
2016-09-06,186.42721557617188
2016-09-07,186.39332580566406
2016-09-08,185.95350646972656
2016-09-09,181.4951629638672
2016-09-12,184.10923767089844
2016-09-13,181.4359588623047
2016-09-14,181.33450317382812
2016-09-15,183.1702117919922
2016-09-16,182.4088592529297
2016-09-19,182.50186157226562
2016-09-20,182.518798828125
2016-09-21,184.5575714111328
2016-09-22,185.69119262695312
2016-09-23,184.7183074951172
2016-09-26,183.19036865234375
2016-09-27,184.30429077148438
2016-09-28,185.2736053466797
2016-09-29,183.60704040527344
2016-09-30,184.98446655273438
2016-10-03,184.41481018066406
2016-10-04,183.60704040527344
2016-10-05,184.41481018066406
2016-10-06,184.59335327148438
2016-10-07,183.87063598632812
2016-10-10,184.79747009277344
2016-10-11,182.51870727539062
2016-10-12,182.7483367919922
2016-10-13,182.18711853027344
2016-10-14,182.20407104492188
2016-10-17,181.6003875732422
2016-10-18,182.7227783203125
2016-10-19,183.17340087890625
2016-10-20,182.8587646484375
2016-10-21,182.94378662109375
2016-10-24,183.7515869140625
2016-10-25,183.1649169921875
2016-10-26,182.7823028564453
2016-10-27,182.28062438964844
2016-10-28,181.74497985839844
2016-10-31,181.69393920898438
2016-11-01,180.45252990722656
2016-11-02,179.32168579101562
2016-11-03,178.57345581054688
2016-11-04,178.27586364746094
2016-11-07,182.2296142578125
2016-11-08,183.07138061523438
2016-11-09,185.0950164794922
2016-11-10,185.4606475830078
2016-11-11,185.12899780273438
2016-11-14,185.1800537109375
2016-11-15,186.65097045898438
2016-11-16,186.4128875732422
2016-11-17,187.25469970703125
2016-11-18,186.8805694580078
2016-11-21,188.240966796875
2016-11-22,188.55563354492188
2016-11-23,188.75967407226562
2016-11-25,189.44839477539062
2016-11-28,188.61512756347656
2016-11-29,188.92120361328125
2016-11-30,188.36004638671875
2016-12-01,187.67984008789062
2016-12-02,187.8328399658203
2016-12-05,188.92120361328125
2016-12-06,189.6014404296875
2016-12-07,192.05014038085938
2016-12-08,192.50933837890625
2016-12-09,193.73377990722656
2016-12-12,193.4957275390625
2016-12-13,194.7541046142578
2016-12-14,193.28309631347656
2016-12-15,193.92926025390625
2016-12-16,193.6317138671875
2016-12-19,193.9888153076172
2016-12-20,194.7541046142578
2016-12-21,194.27003479003906
2016-12-22,193.9878387451172
2016-12-23,194.1161346435547
2016-12-27,194.66343688964844
2016-12-28,193.0642852783203
2016-12-29,193.04721069335938
2016-12-30,192.39730834960938
2017-01-03,193.7569580078125
2017-01-04,194.92852783203125
2017-01-05,194.7489471435547
2017-01-06,195.5186004638672
2017-01-09,194.8857421875
2017-01-10,194.8002471923828
2017-01-11,195.32188415527344
2017-01-12,194.9456329345703
2017-01-13,195.30477905273438
2017-01-17,194.66343688964844
2017-01-18,195.03964233398438
2017-01-19,194.41542053222656
2017-01-20,195.05677795410156
2017-01-23,194.60362243652344
2017-01-24,195.79222106933594
2017-01-25,197.3827362060547
2017-01-26,197.32290649414062
2017-01-27,197.0236053466797
2017-01-30,195.85205078125
2017-01-31,195.76654052734375
2017-02-01,195.86920166015625
2017-02-02,195.93759155273438
2017-02-03,197.35702514648438
2017-02-06,197.00648498535156
2017-02-07,196.99795532226562
2017-02-08,197.23741149902344
2017-02-09,198.39178466796875
2017-02-10,199.1699676513672
2017-02-13,200.27317810058594
2017-02-14,201.07688903808594
2017-02-15,202.1031494140625
2017-02-16,202.00047302246094
2017-02-17,202.2313690185547
2017-02-21,203.45425415039062
2017-02-22,203.3345184326172
2017-02-23,203.49697875976562
2017-02-24,203.74496459960938
2017-02-27,204.0613555908203
2017-02-28,203.54832458496094
2017-03-01,206.27618408203125
2017-03-02,205.08758544921875
2017-03-03,205.20721435546875
2017-03-06,204.6086883544922
2017-03-07,204.01007080078125
2017-03-08,203.5995635986328
2017-03-09,203.79629516601562
2017-03-10,204.5060577392578
2017-03-13,204.62571716308594
2017-03-14,203.8988800048828
2017-03-15,205.56639099121094
2017-03-16,205.30136108398438
2017-03-17,204.88232421875
2017-03-20,204.61721801757812
2017-03-21,202.03468322753906
2017-03-22,202.4794158935547
2017-03-23,202.25704956054688
2017-03-24,202.17286682128906
2017-03-27,201.88084411621094
2017-03-28,203.36668395996094
2017-03-29,203.66734313964844
2017-03-30,204.18264770507812
2017-03-31,203.7875213623047
2017-04-03,203.44400024414062
2017-04-04,203.53848266601562
2017-04-05,202.93727111816406
2017-04-06,203.46981811523438
2017-04-07,203.2808074951172
2017-04-10,203.42678833007812
2017-04-11,203.16915893554688
2017-04-12,202.34461975097656
2017-04-13,201.00477600097656
2017-04-17,202.74830627441406
2017-04-18,202.1385498046875
2017-04-19,201.78634643554688
2017-04-20,203.32376098632812
2017-04-21,202.8084259033203
2017-04-24,204.96426391601562
2017-04-25,206.1752471923828
2017-04-26,206.08938598632812
2017-04-27,206.20956420898438
2017-04-28,205.7543487548828
2017-05-01,206.3212432861328
2017-05-02,206.3985595703125
2017-05-03,206.1924591064453
2017-05-04,206.329833984375
2017-05-05,207.21453857421875
2017-05-08,207.1372528076172
2017-05-09,206.9826202392578
2017-05-10,207.3175811767578
2017-05-11,206.93963623046875
2017-05-12,206.6219482421875
2017-05-15,207.669677734375
2017-05-16,207.4980010986328
2017-05-17,203.84767150878906
2017-05-18,204.5776824951172
2017-05-19,206.01211547851562
2017-05-22,206.99119567871094
2017-05-23,207.43785095214844
2017-05-24,207.9532012939453
2017-05-25,208.9408416748047
2017-05-26,208.90655517578125
2017-05-30,208.77767944335938
2017-05-31,208.62310791015625
2017-06-01,210.33229064941406
2017-06-02,211.00216674804688
2017-06-05,210.86474609375
2017-06-06,210.29795837402344
2017-06-07,210.64149475097656
2017-06-08,210.70162963867188
2017-06-09,210.37521362304688
2017-06-12,210.3494415283203
2017-06-13,211.38015747070312
2017-06-14,211.14822387695312
2017-06-15,210.7531280517578
2017-06-16,210.58132934570312
2017-06-19,212.47947692871094
2017-06-20,211.0966796875
2017-06-21,211.01077270507812
2017-06-22,210.9420623779297
2017-06-23,211.1568603515625
2017-06-26,211.2855987548828
2017-06-27,209.69544982910156
2017-06-28,211.47286987304688
2017-06-29,209.68685913085938
2017-06-30,210.01473999023438
2017-07-03,210.4115753173828
2017-07-05,210.86026000976562
2017-07-06,208.96205139160156
2017-07-07,210.27357482910156
2017-07-10,210.47201538085938
2017-07-11,210.36846923828125
2017-07-12,211.94740295410156
2017-07-13,212.27528381347656
2017-07-14,213.19842529296875
2017-07-17,213.24160766601562
2017-07-18,213.42279052734375
2017-07-19,214.50991821289062
2017-07-20,214.6134796142578
2017-07-21,214.44947814941406
2017-07-24,214.39772033691406
2017-07-25,214.89817810058594
2017-07-26,214.9585418701172
2017-07-27,214.7601318359375
2017-07-28,214.4581298828125
2017-07-31,214.37193298339844
2017-08-01,214.82916259765625
2017-08-02,214.94129943847656
2017-08-03,214.56167602539062
2017-08-04,214.88951110839844
2017-08-07,215.28643798828125
2017-08-08,214.81190490722656
2017-08-09,214.7687530517578
2017-08-10,211.7920684814453
2017-08-11,212.00782775878906
2017-08-14,214.1216278076172
2017-08-15,214.10440063476562
2017-08-16,214.49269104003906
2017-08-17,211.21401977539062
2017-08-18,210.73948669433594
2017-08-21,211.03282165527344
2017-08-22,213.1121368408203
2017-08-23,212.3788299560547
2017-08-24,211.9818878173828
2017-08-25,212.4047088623047
2017-08-28,212.4478302001953
2017-08-29,212.71530151367188
2017-08-30,213.74200439453125
2017-08-31,214.9585418701172
2017-09-01,215.32958984375
2017-09-05,213.78517150878906
2017-09-06,214.50125122070312
2017-09-07,214.50125122070312
2017-09-08,214.13888549804688
2017-09-11,216.47706604003906
2017-09-12,217.25363159179688
2017-09-13,217.34852600097656
2017-09-14,217.27090454101562
2017-09-15,217.54701232910156
2017-09-18,218.03878784179688
2017-09-19,218.24583435058594
2017-09-20,218.3752899169922
2017-09-21,217.73683166503906
2017-09-22,217.74542236328125
2017-09-25,217.331298828125
2017-09-26,217.45614624023438
2017-09-27,218.30606079101562
2017-09-28,218.54017639160156
2017-09-29,219.34669494628906
2017-10-02,220.24864196777344
2017-10-03,220.76893615722656
2017-10-04,221.0551300048828
2017-10-05,222.338623046875
2017-10-06,222.1044921875
2017-10-09,221.73159790039062
2017-10-10,222.30392456054688
2017-10-11,222.62477111816406
2017-10-12,222.30392456054688
2017-10-13,222.55538940429688
2017-10-16,222.91961669921875
2017-10-17,223.0584259033203
2017-10-18,223.24920654296875
2017-10-19,223.33590698242188
2017-10-20,224.48065185546875
2017-10-23,223.62217712402344
2017-10-24,223.96034240722656
2017-10-25,222.9109649658203
2017-10-26,223.1798095703125
2017-10-27,224.96630859375
2017-10-30,224.19447326660156
2017-10-31,224.44601440429688
2017-11-01,224.81024169921875
2017-11-02,224.9315948486328
2017-11-03,225.6340789794922
2017-11-06,226.01564025878906
2017-11-07,225.9028778076172
2017-11-08,226.2931671142578
2017-11-09,225.46926879882812
2017-11-10,225.313232421875
2017-11-13,225.56472778320312
2017-11-14,225.1137237548828
2017-11-15,223.89956665039062
2017-11-16,225.77279663085938
2017-11-17,225.15713500976562
2017-11-20,225.51268005371094
2017-11-21,226.97833251953125
2017-11-22,226.81349182128906
2017-11-24,227.29049682617188
2017-11-27,227.22109985351562
2017-11-28,229.51051330566406
2017-11-29,229.36309814453125
2017-11-30,231.4530792236328
2017-12-01,230.90676879882812
2017-12-04,230.66407775878906
2017-12-05,229.80535888671875
2017-12-06,229.85740661621094
2017-12-07,230.5512237548828
2017-12-08,231.80870056152344
2017-12-11,232.60655212402344
2017-12-12,232.9620819091797
2017-12-13,232.91009521484375
2017-12-14,232.0081329345703
2017-12-15,233.96810913085938
2017-12-18,235.42501831054688
2017-12-19,234.49534606933594
2017-12-20,234.37330627441406
2017-12-21,234.8438720703125
2017-12-22,234.7828369140625
2017-12-26,234.486572265625
2017-12-27,234.63467407226562
2017-12-28,235.0703887939453
2017-12-29,234.2513885498047
2018-01-02,235.99395751953125
2018-01-03,237.36190795898438
2018-01-04,238.3900604248047
2018-01-05,239.89744567871094
2018-01-08,240.4289093017578
2018-01-09,240.97792053222656
2018-01-10,240.59449768066406
2018-01-11,242.3022918701172
2018-01-12,243.88803100585938
2018-01-16,243.00799560546875
2018-01-17,245.4302215576172
2018-01-18,245.06427001953125
2018-01-19,246.13592529296875
2018-01-22,248.0877227783203
2018-01-23,248.66281127929688
2018-01-24,248.5321044921875
2018-01-25,248.62796020507812
2018-01-26,251.51199340820312
2018-01-29,249.84776306152344
2018-01-30,247.14675903320312
2018-01-31,247.58242797851562
2018-02-01,247.2687225341797
2018-02-02,241.81434631347656
2018-02-05,231.8116912841797
2018-02-06,236.35116577148438
2018-02-07,234.89614868164062
2018-02-08,226.20913696289062
2018-02-09,229.73802185058594
2018-02-12,232.7962188720703
2018-02-13,233.47586059570312
2018-02-14,236.69110107421875
2018-02-15,239.6273651123047
2018-02-16,239.6882781982422
2018-02-20,238.22451782226562
2018-02-21,236.99598693847656
2018-02-22,237.31838989257812
2018-02-23,241.1085968017578
2018-02-26,243.93154907226562
2018-02-27,240.89938354492188
2018-02-28,238.1634979248047
2018-03-01,234.9920196533203
2018-03-02,236.29885864257812
2018-03-05,238.912841796875
2018-03-06,239.5663299560547
2018-03-07,239.4792022705078
2018-03-08,240.59449768066406
2018-03-09,244.68092346191406
2018-03-12,244.4805145263672
2018-03-13,242.89474487304688
2018-03-14,241.6487579345703
2018-03-15,241.3961181640625
2018-03-16,241.6138153076172
2018-03-19,238.3726348876953
2018-03-20,238.7908477783203
2018-03-21,238.35519409179688
2018-03-22,232.3501739501953
2018-03-23,227.41384887695312
2018-03-26,233.68930053710938
2018-03-27,229.59324645996094
2018-03-28,228.98052978515625
2018-03-29,232.26271057128906
2018-04-02,226.87120056152344
2018-04-03,229.82069396972656
2018-04-04,232.4903106689453
2018-04-05,234.10946655273438
2018-04-06,228.93678283691406
2018-04-09,229.92584228515625
2018-04-10,233.6630401611328
2018-04-11,232.39402770996094
2018-04-12,234.38076782226562
2018-04-13,233.6630401611328
2018-04-16,235.6061248779297
2018-04-17,238.1267852783203
2018-04-18,238.2318115234375
2018-04-19,236.94520568847656
2018-04-20,234.9496612548828
2018-04-23,234.9496612548828
2018-04-24,231.84255981445312
2018-04-25,232.306396484375
2018-04-26,234.69583129882812
2018-04-27,234.90599060058594
2018-04-30,233.08544921875
2018-05-01,233.54052734375
2018-05-02,231.91258239746094
2018-05-03,231.41368103027344
2018-05-04,234.40699768066406
2018-05-07,235.25599670410156
2018-05-08,235.15975952148438
2018-05-09,237.5753631591797
2018-05-10,239.7284698486328
2018-05-11,240.22732543945312
2018-05-14,240.53372192382812
2018-05-15,238.77439880371094
2018-05-16,239.90347290039062
2018-05-17,239.71096801757812
2018-05-18,239.12457275390625
2018-05-21,240.875
2018-05-22,240.22732543945312
2018-05-23,240.9100799560547
2018-05-24,240.47247314453125
2018-05-25,239.7985382080078
2018-05-29,237.1290283203125
2018-05-30,240.29737854003906
2018-05-31,238.7044219970703
2018-06-01,241.1551055908203
2018-06-04,242.275390625
2018-06-05,242.49424743652344
2018-06-06,244.5772705078125
2018-06-07,244.41976928710938
2018-06-08,245.10247802734375
2018-06-11,245.51388549804688
2018-06-12,245.846435546875
2018-06-13,244.9974365234375
2018-06-14,245.68887329101562
2018-06-15,245.33880615234375
2018-06-18,244.8048553466797
2018-06-19,243.90341186523438
2018-06-20,244.41099548339844
2018-06-21,242.72181701660156
2018-06-22,243.22067260742188
2018-06-25,239.90347290039062
2018-06-26,240.47598266601562
2018-06-27,238.40953063964844
2018-06-28,239.90444946289062
2018-06-29,240.10667419433594
2018-07-02,240.78378295898438
2018-07-03,239.8252716064453
2018-07-05,241.88294982910156
2018-07-06,243.76475524902344
2018-07-09,246.0511016845703
2018-07-10,246.94793701171875
2018-07-11,245.1101837158203
2018-07-12,247.2206573486328
2018-07-13,247.47555541992188
2018-07-16,247.38771057128906
2018-07-17,248.39019775390625
2018-07-18,248.9353485107422
2018-07-19,247.90650939941406
2018-07-20,247.6427001953125
2018-07-23,248.09999084472656
2018-07-24,249.33982849121094
2018-07-25,251.65252685546875
2018-07-26,250.78192138671875
2018-07-27,249.1727752685547
2018-07-30,247.7745819091797
2018-07-31,249.1023712158203
2018-08-01,248.7506866455078
2018-08-02,249.9378662109375
2018-08-03,251.0985565185547
2018-08-06,252.0657958984375
2018-08-07,252.78684997558594
2018-08-08,252.6989288330078
2018-08-09,252.4702911376953
2018-08-10,250.676513671875
2018-08-13,249.832275390625
2018-08-14,251.4326629638672
2018-08-15,249.42782592773438
2018-08-16,251.5821533203125
2018-08-17,252.40870666503906
2018-08-20,253.02432250976562
2018-08-21,253.45518493652344
2018-08-22,253.4464111328125
2018-08-23,253.01548767089844
2018-08-24,254.58950805664062
2018-08-27,256.6031799316406
2018-08-28,256.6735534667969
2018-08-29,258.1244812011719
2018-08-30,257.02532958984375
2018-08-31,257.15728759765625
2018-09-04,256.7264099121094
2018-09-05,256.0317077636719
2018-09-06,255.28419494628906
2018-09-07,254.65988159179688
2018-09-10,255.23155212402344
2018-09-11,256.08447265625
2018-09-12,256.10198974609375
2018-09-13,257.579345703125
2018-09-14,257.5706481933594
2018-09-17,256.2779235839844
2018-09-18,257.7112731933594
2018-09-19,257.8959045410156
2018-09-20,260.07666015625
2018-09-21,259.72491455078125
2018-09-24,258.9424133300781
2018-09-25,258.6697692871094
2018-09-26,257.9075622558594
2018-09-27,258.6141052246094
2018-09-28,258.5345764160156
2018-10-01,259.5414733886719
2018-10-02,259.43548583984375
2018-10-03,259.6121520996094
2018-10-04,257.6602478027344
2018-10-05,256.061767578125
2018-10-08,256.070556640625
2018-10-09,255.76141357421875
2018-10-10,247.51248168945312
2018-10-11,242.2840576171875
2018-10-12,245.5518798828125
2018-10-15,244.22698974609375
2018-10-16,249.60565185546875
2018-10-17,249.55264282226562
2018-10-18,245.97572326660156
2018-10-19,245.76377868652344
2018-10-22,244.83639526367188
2018-10-23,243.37921142578125
2018-10-24,235.93397521972656
2018-10-25,240.24380493164062
2018-10-26,235.89866638183594
2018-10-29,234.5826416015625
2018-10-30,238.33621215820312
2018-10-31,240.89744567871094
2018-11-01,243.24671936035156
2018-11-02,241.89544677734375
2018-11-05,243.37921142578125
2018-11-06,244.78346252441406
2018-11-07,250.0559844970703
2018-11-08,249.51724243164062
2018-11-09,247.25633239746094
2018-11-12,242.44302368164062
2018-11-13,242.08975219726562
2018-11-14,240.4116668701172
2018-11-15,242.84042358398438
2018-11-16,243.52928161621094
2018-11-19,239.4578094482422
2018-11-20,235.0154266357422
2018-11-21,235.77491760253906
2018-11-23,234.3177032470703
2018-11-26,237.99172973632812
2018-11-27,238.7425079345703
2018-11-28,244.3153839111328
2018-11-29,243.8207550048828
2018-11-30,245.5253448486328
2018-12-03,248.5015869140625
2018-12-04,240.69424438476562
2018-12-06,240.06727600097656
2018-12-07,234.5738067626953
2018-12-10,234.9271240234375
2018-12-11,234.97119140625
2018-12-12,236.2430419921875
2018-12-13,236.022216796875
2018-12-14,231.74761962890625
2018-12-17,227.0338134765625
2018-12-18,227.00714111328125
2018-12-19,223.56149291992188
2018-12-20,219.73388671875
2018-12-21,215.22254943847656
2018-12-24,209.6632080078125
2018-12-26,219.94700622558594
2018-12-27,222.06951904296875
2018-12-28,221.70669555664062
2018-12-31,223.734130859375
2019-01-02,223.83193969726562
2019-01-03,218.2388153076172
2019-01-04,225.91265869140625
2019-01-07,227.43319702148438
2019-01-08,229.67405700683594
2019-01-09,230.74102783203125
2019-01-10,231.6481170654297
2019-01-11,231.52359008789062
2019-01-14,230.40316772460938
2019-01-15,232.8929901123047
2019-01-16,233.5065460205078
2019-01-17,235.2227020263672
2019-01-18,238.37051391601562
2019-01-22,235.196044921875
2019-01-23,235.53390502929688
2019-01-24,235.76512145996094
2019-01-25,237.86361694335938
2019-01-28,235.95184326171875
2019-01-29,235.6228790283203
2019-01-30,239.4019775390625
2019-01-31,241.4648895263672
2019-02-01,241.59828186035156
2019-02-04,243.3323211669922
2019-02-05,244.3727264404297
2019-02-06,244.00808715820312
2019-02-07,241.71400451660156
2019-02-08,241.98069763183594
2019-02-11,242.1140594482422
2019-02-12,245.26194763183594
2019-02-13,246.0088348388672
2019-02-14,245.44859313964844
2019-02-15,248.2318115234375
2019-02-19,248.57858276367188
2019-02-20,249.05885314941406
2019-02-21,248.27626037597656
2019-02-22,249.70791625976562
2019-02-25,250.09922790527344
2019-02-26,249.9124298095703
2019-02-27,249.78793334960938
2019-02-28,249.2632598876953
2019-03-01,251.03282165527344
2019-03-04,250.0103302001953
2019-03-05,249.6901092529297
2019-03-06,248.09852600097656
2019-03-07,246.09783935546875
2019-03-08,245.5997772216797
2019-03-11,249.16546630859375
2019-03-12,250.0458221435547
2019-03-13,251.77975463867188
2019-03-14,251.6553497314453
2019-03-15,252.78456115722656
2019-03-18,253.78945922851562
2019-03-19,253.90496826171875
2019-03-20,252.994384765625
2019-03-21,255.83335876464844
2019-03-22,251.00363159179688
2019-03-25,250.7803955078125
2019-03-26,252.6104736328125
2019-03-27,251.37847900390625
2019-03-28,252.3694610595703
2019-03-29,254.0388641357422
2019-04-01,256.9759826660156
2019-04-02,257.03851318359375
2019-04-03,257.5027160644531
2019-04-04,258.1187438964844
2019-04-05,259.2972106933594
2019-04-08,259.5828857421875
2019-04-09,258.2437438964844
2019-04-10,259.0918273925781
2019-04-11,259.0740661621094
2019-04-12,260.82379150390625
2019-04-15,260.6095886230469
2019-04-16,260.805908203125
2019-04-17,260.11846923828125
2019-04-18,260.6808776855469
2019-04-22,260.94879150390625
2019-04-23,263.21624755859375
2019-04-24,262.6628112792969
2019-04-25,262.50213623046875
2019-04-26,263.77874755859375
2019-04-29,264.064453125
2019-04-30,264.19830322265625
2019-05-01,262.2878723144531
2019-05-02,261.8057861328125
2019-05-03,264.2608947753906
2019-05-06,263.26983642578125
2019-05-07,258.8150939941406
2019-05-08,258.4668884277344
2019-05-09,257.7528076171875
2019-05-10,258.8954162597656
2019-05-13,252.4677276611328
2019-05-14,254.71743774414062
2019-05-15,256.2439880371094
2019-05-16,258.5025634765625
2019-05-17,257.02069091796875
2019-05-20,255.30661010742188
2019-05-21,257.53851318359375
2019-05-22,256.7974548339844
2019-05-23,253.5924835205078
2019-05-24,254.2174835205078
2019-05-28,251.82484436035156
2019-05-29,250.18226623535156
2019-05-30,250.7447052001953
2019-05-31,247.5576171875
2019-06-03,246.73631286621094
2019-06-04,252.1462860107422
2019-06-05,254.30673217773438
2019-06-06,256.00299072265625
2019-06-07,258.6008605957031
2019-06-10,259.78814697265625
2019-06-11,259.7435607910156
2019-06-12,259.1543273925781
2019-06-13,260.3416748046875
2019-06-14,260.0113220214844
2019-06-17,260.2520751953125
2019-06-18,262.68634033203125
2019-06-19,263.3959045410156
2019-06-20,265.8929443359375
2019-06-21,265.4887390136719
2019-06-24,265.2192687988281
2019-06-25,262.6503601074219
2019-06-26,262.35394287109375
2019-06-27,263.4317626953125
2019-06-28,264.7522277832031
2019-07-01,267.0606384277344
2019-07-02,267.8780212402344
2019-07-03,269.8990783691406
2019-07-05,269.5577087402344
2019-07-08,268.1654052734375
2019-07-09,268.5965881347656
2019-07-10,269.8271179199219
2019-07-11,270.3032531738281
2019-07-12,271.70440673828125
2019-07-15,271.677490234375
2019-07-16,270.7613525390625
2019-07-17,269.00079345703125
2019-07-18,270.0517272949219
2019-07-19,268.4798278808594
2019-07-22,269.09063720703125
2019-07-23,271.0127258300781
2019-07-24,272.3152770996094
2019-07-25,271.0037841796875
2019-07-26,272.85418701171875
2019-07-29,272.3601379394531
2019-07-30,271.6954345703125
2019-07-31,268.776123046875
2019-08-01,266.3420715332031
2019-08-02,264.45574951171875
2019-08-05,256.5064697265625
2019-08-06,259.9288024902344
2019-08-07,260.1802673339844
2019-08-08,265.2282409667969
2019-08-09,263.50372314453125
2019-08-12,260.31488037109375
2019-08-13,264.33001708984375
2019-08-14,256.533447265625
2019-08-15,257.19805908203125
2019-08-16,261.0065002441406
2019-08-19,264.1413879394531
2019-08-20,262.093505859375
2019-08-21,264.2402038574219
2019-08-22,264.1413879394531
2019-08-23,257.31494140625
2019-08-26,260.1802673339844
2019-08-27,259.18316650390625
2019-08-28,260.9346618652344
2019-08-29,264.33001708984375
2019-08-30,264.3210144042969
2019-09-03,262.6503601074219
2019-09-04,265.6594543457031
2019-09-05,269.1355895996094
2019-09-06,269.3152160644531
2019-09-09,269.4408874511719
2019-09-10,269.42303466796875
2019-09-11,271.3721008300781
2019-09-12,272.234375
2019-09-13,272.0457458496094
2019-09-16,271.2463073730469
2019-09-17,271.90203857421875
2019-09-18,272.0996398925781
2019-09-19,272.0638122558594
2019-09-20,270.5637512207031
2019-09-23,270.7073974609375
2019-09-24,268.552734375
2019-09-25,270.0692138671875
2019-09-26,269.52764892578125
2019-09-27,268.0924377441406
2019-09-30,269.4644775390625
2019-10-01,266.205810546875
2019-10-02,261.439697265625
2019-10-03,263.61517333984375
2019-10-04,267.20782470703125
2019-10-07,266.0072021484375
2019-10-08,261.8911437988281
2019-10-09,264.3734130859375
2019-10-10,266.241943359375
2019-10-11,268.89581298828125
2019-10-14,268.71527099609375
2019-10-15,271.3600769042969
2019-10-16,270.8636474609375
2019-10-17,271.6217956542969
2019-10-18,270.4393310546875
2019-10-21,272.380126953125
2019-10-22,271.4322814941406
2019-10-23,272.21759033203125
2019-10-24,272.7049865722656
2019-10-25,273.7882080078125
2019-10-28,275.3228454589844
2019-10-29,275.2324523925781
2019-10-30,276.0990295410156
2019-10-31,275.28656005859375
2019-11-01,277.97662353515625
2019-11-04,279.02374267578125
2019-11-05,278.689697265625
2019-11-06,278.8160400390625
2019-11-07,279.80902099609375
2019-11-08,280.4319152832031
2019-11-11,279.9714660644531
2019-11-12,280.4499206542969
2019-11-13,280.60333251953125
2019-11-14,281.0006408691406
2019-11-15,283.085693359375
2019-11-18,283.2120666503906
2019-11-19,283.14892578125
2019-11-20,282.1018981933594
2019-11-21,281.69561767578125
2019-11-22,282.3002624511719
2019-11-25,284.4306640625
2019-11-26,284.9993896484375
2019-11-27,286.37139892578125
2019-11-29,285.29730224609375
2019-12-02,282.9051818847656
2019-12-03,280.9554443359375
2019-12-04,282.6975402832031
2019-12-05,283.2933654785156
2019-12-06,285.8208923339844
2019-12-09,284.9722900390625
2019-12-10,284.6744384765625
2019-12-11,285.3966064453125
2019-12-12,287.924072265625
2019-12-13,288.0233459472656
2019-12-16,290.0937805175781
2019-12-17,290.1209716796875
2019-12-18,290.13909912109375
2019-12-19,291.3837585449219
2019-12-20,292.8736572265625
2019-12-23,293.08258056640625
2019-12-24,293.1189270019531
2019-12-26,294.6361083984375
2019-12-27,294.58160400390625
2019-12-30,292.9917297363281
2019-12-31,293.6548767089844
2020-01-02,296.4530334472656
2020-01-03,294.1727600097656
2020-01-06,295.33563232421875
2020-01-07,294.527099609375
2020-01-08,296.0260009765625
2020-01-09,298.024658203125
2020-01-10,297.197998046875
2020-01-13,299.2784118652344
2020-01-14,298.8150634765625
2020-01-15,299.4873352050781
2020-01-16,301.9764709472656
2020-01-17,302.9759216308594
2020-01-21,302.3218078613281
2020-01-22,302.38531494140625
2020-01-23,302.7578125
2020-01-24,300.005126953125
2020-01-27,295.1357421875
2020-01-28,298.2790832519531
2020-01-29,298.0700988769531
2020-01-30,298.9694519042969
2020-01-31,293.6548767089844
2020-02-03,295.7626037597656
2020-02-04,300.3503723144531
2020-02-05,303.6935729980469
2020-02-06,304.85638427734375
2020-02-07,303.2030029296875
2020-02-10,305.4468994140625
2020-02-11,306.01019287109375
2020-02-12,307.97247314453125
2020-02-13,307.5909729003906
2020-02-14,308.0361022949219
2020-02-18,307.30023193359375
2020-02-19,308.77197265625
2020-02-20,307.5090637207031
2020-02-21,304.34771728515625
2020-02-24,294.1909484863281
2020-02-25,285.3696594238281
2020-02-26,284.2704162597656
2020-02-27,271.3701477050781
2020-02-28,268.8263854980469
2020-03-02,281.9901428222656
2020-03-03,273.9047546386719
2020-03-04,285.9420471191406
2020-03-05,275.9579772949219
2020-03-06,271.3610534667969
2020-03-09,249.6485137939453
2020-03-10,263.0484924316406
2020-03-11,250.25714111328125
2020-03-12,226.1735382080078
2020-03-13,246.6958770751953
2020-03-16,218.1426544189453
2020-03-17,232.01502990722656
2020-03-18,219.09652709960938
2020-03-19,219.90505981445312
2020-03-20,210.00271606445312
2020-03-23,204.0885467529297
2020-03-24,223.3754425048828
2020-03-25,226.2285614013672
2020-03-26,239.849609375
2020-03-27,232.41748046875
2020-03-30,239.8404541015625
2020-03-31,236.2204132080078
2020-04-01,225.61611938476562
2020-04-02,230.90908813476562
2020-04-03,227.6455078125
2020-04-06,242.98519897460938
2020-04-07,243.08578491210938
2020-04-08,251.39547729492188
2020-04-09,255.161865234375
2020-04-13,252.7119598388672
2020-04-14,260.3817443847656
2020-04-15,254.65914916992188
2020-04-16,256.01202392578125
2020-04-17,262.8957214355469
2020-04-20,258.2152099609375
2020-04-21,250.35337829589844
2020-04-22,256.02117919921875
2020-04-23,255.94805908203125
2020-04-24,259.5315856933594
2020-04-27,263.4533996582031
2020-04-28,262.0364074707031
2020-04-29,268.8835754394531
2020-04-30,266.1684875488281
2020-05-01,259.1933898925781
2020-05-04,260.198974609375
2020-05-05,262.49359130859375
2020-05-06,260.765625
2020-05-07,263.85565185546875
2020-05-08,268.27099609375
2020-05-11,268.2618713378906
2020-05-12,262.7951354980469
2020-05-13,258.2883605957031
2020-05-14,261.37823486328125
2020-05-15,262.51177978515625
2020-05-18,270.62957763671875
2020-05-19,267.84130859375
2020-05-20,272.41229248046875
2020-05-21,270.41937255859375
2020-05-22,270.9678955078125
2020-05-26,274.4050598144531
2020-05-27,278.4091796875
2020-05-28,277.8606262207031
2020-05-29,278.9850769042969
2020-06-01,280.3563537597656
2020-06-02,282.6874694824219
2020-06-03,286.4903869628906
2020-06-04,285.53045654296875
2020-06-05,292.9718322753906
2020-06-08,296.5552978515625
2020-06-09,294.3703918457031
2020-06-10,292.6335754394531
2020-06-11,275.7032165527344
2020-06-12,279.1495666503906
2020-06-15,281.7116394042969
2020-06-16,287.1275939941406
2020-06-17,285.83319091796875
2020-06-18,286.0535888671875
2020-06-19,284.309326171875
2020-06-22,286.3471984863281
2020-06-23,287.5130310058594
2020-06-24,280.2519836425781
2020-06-25,283.18951416015625
2020-06-26,276.4333801269531
2020-06-29,280.5825500488281
2020-06-30,284.2818603515625
2020-07-01,286.2279357910156
2020-07-02,287.73333740234375
2020-07-06,292.1488037109375
2020-07-07,289.1379089355469
2020-07-08,291.29510498046875
2020-07-09,289.8172302246094
2020-07-10,292.7362976074219
2020-07-13,290.1384582519531
2020-07-14,293.9021301269531
2020-07-15,296.6468200683594
2020-07-16,295.6186828613281
2020-07-17,296.49066162109375
2020-07-20,298.9416809082031
2020-07-21,299.4832763671875
2020-07-22,301.2457275390625
2020-07-23,297.6014099121094
2020-07-24,295.7013244628906
2020-07-27,297.8768310546875
2020-07-28,296.0408630371094
2020-07-29,299.6026306152344
2020-07-30,298.57452392578125
2020-07-31,300.92437744140625
2020-08-03,303.0265197753906
2020-08-04,304.11895751953125
2020-08-05,306.0925598144531
2020-08-06,308.16705322265625
2020-08-07,308.3874816894531
2020-08-10,309.3145751953125
2020-08-11,306.7258605957031
2020-08-12,311.00360107421875
2020-08-13,310.47113037109375
2020-08-14,310.4436340332031
2020-08-17,311.4442443847656
2020-08-18,312.1051025390625
2020-08-19,310.83837890625
2020-08-20,311.79302978515625
2020-08-21,312.88543701171875
2020-08-24,316.0982360839844
2020-08-25,317.144775390625
2020-08-26,320.3668212890625
2020-08-27,321.0644226074219
2020-08-28,323.12066650390625
2020-08-31,321.9915771484375
2020-09-01,325.0115966796875
2020-09-02,329.7666015625
2020-09-03,318.3656311035156
2020-09-04,315.7585754394531
2020-09-08,307.17572021484375
2020-09-09,313.18829345703125
2020-09-10,307.71734619140625
2020-09-11,307.8642272949219
2020-09-14,311.95831298828125
2020-09-15,313.5463562011719
2020-09-16,312.2978820800781
2020-09-17,309.6175231933594
2020-09-18,305.9915466308594
2020-09-21,302.58599853515625
2020-09-22,305.6518859863281
2020-09-23,298.5386962890625
2020-09-24,299.32244873046875
2020-09-25,304.1912841796875
2020-09-28,309.2444763183594
2020-09-29,307.53863525390625
2020-09-30,309.8900146484375
2020-10-01,311.90020751953125
2020-10-02,308.9586486816406
2020-10-05,314.35308837890625
2020-10-06,309.8900146484375
2020-10-07,315.2752685546875
2020-10-08,318.1153259277344
2020-10-09,320.90936279296875
2020-10-12,326.14715576171875
2020-10-13,324.02630615234375
2020-10-14,321.99755859375
2020-10-15,321.60107421875
2020-10-16,321.3152160644531
2020-10-19,316.492431640625
2020-10-20,317.7372741699219
2020-10-21,317.1194763183594
2020-10-22,318.9268493652344
2020-10-23,319.94110107421875
2020-10-26,314.06732177734375
2020-10-27,312.99761962890625
2020-10-28,302.3469543457031
2020-10-29,305.3623352050781
2020-10-30,302.107177734375
2020-11-02,305.5559997558594
2020-11-03,311.0150451660156
2020-11-04,317.884765625
2020-11-05,324.10003662109375
2020-11-06,324.0722961425781
2020-11-09,328.1203918457031
2020-11-10,327.6962890625
2020-11-11,330.0568542480469
2020-11-12,326.91241455078125
2020-11-13,331.35711669921875
2020-11-16,335.4698181152344
2020-11-17,333.7639465332031
2020-11-18,329.7433776855469
2020-11-19,331.0805358886719
2020-11-20,328.8581848144531
2020-11-23,330.83160400390625
2020-11-24,336.1244812011719
2020-11-25,335.64501953125
2020-11-27,336.55792236328125
2020-11-30,335.0271301269531
2020-12-01,338.7157287597656
2020-12-02,339.4349365234375
2020-12-03,339.3703918457031
2020-12-04,342.2843933105469
2020-12-07,341.6480407714844
2020-12-08,342.5978698730469
2020-12-09,339.60089111328125
2020-12-10,339.4165344238281
2020-12-11,338.9923400878906
2020-12-14,337.45489501953125
2020-12-15,342.04864501953125
2020-12-16,342.5950927734375
2020-12-17,344.5031433105469
2020-12-18,343.1416320800781
2020-12-21,342.0116271972656
2020-12-22,341.3541259765625
2020-12-23,341.6504821777344
2020-12-24,342.9749450683594
2020-12-28,345.9572448730469
2020-12-29,345.29034423828125
2020-12-30,345.7442321777344
2020-12-31,347.6799011230469
2021-01-04,342.89154052734375
2021-01-05,345.16070556640625
2021-01-06,347.24468994140625
2021-01-07,352.38494873046875
2021-01-08,354.3948059082031
2021-01-11,352.079345703125
2021-01-12,352.1348571777344
2021-01-13,353.0240173339844
2021-01-14,351.8013916015625
2021-01-15,349.26373291015625
2021-01-19,351.99591064453125
2021-01-20,356.8398742675781
2021-01-21,357.1548767089844
2021-01-22,355.9415283203125
2021-01-25,357.3584899902344
2021-01-26,356.8305969238281
2021-01-27,348.12451171875
2021-01-28,351.06982421875
2021-01-29,344.0956115722656
2021-02-01,349.72674560546875
2021-02-02,354.6911315917969
2021-02-03,354.968994140625
2021-02-04,358.9886474609375
2021-02-05,360.39654541015625
2021-02-08,363.1100769042969
2021-02-09,362.8045349121094
2021-02-10,362.6564025878906
2021-02-11,363.2676086425781
2021-02-12,365.0829162597656
2021-02-16,364.79583740234375
2021-02-17,364.8420104980469
2021-02-18,363.2953796386719
2021-02-19,362.6099853515625
2021-02-22,359.8500061035156
2021-02-23,360.2297058105469
2021-02-24,364.1845397949219
2021-02-25,355.45068359375
2021-02-26,353.5889587402344
2021-03-01,362.1654357910156
2021-03-02,359.3776550292969
2021-03-03,354.5800476074219
2021-03-04,350.1898498535156
2021-03-05,356.6453857421875
2021-03-08,354.9041748046875
2021-03-09,359.90557861328125
2021-03-10,362.1098327636719
2021-03-11,365.8331604003906
2021-03-12,366.4072570800781
2021-03-15,368.6302490234375
2021-03-16,368.111572265625
2021-03-17,369.3155517578125
2021-03-18,363.9251708984375
2021-03-19,363.2491149902344
2021-03-22,366.1202087402344
2021-03-23,363.2676086425781
2021-03-24,361.4059143066406
2021-03-25,363.46990966796875
2021-03-26,369.35247802734375
2021-03-29,369.1665954589844
2021-03-30,368.2558898925781
2021-03-31,369.6962890625
2021-04-01,373.65509033203125
2021-04-05,379.0172424316406
2021-04-06,378.784912109375
2021-04-07,379.2588195800781
2021-04-08,381.02447509765625
2021-04-09,383.7845458984375
2021-04-12,383.9425354003906
2021-04-13,385.0669860839844
2021-04-14,383.7845458984375
2021-04-15,387.9107360839844
2021-04-16,389.27679443359375
2021-04-19,387.3717041015625
2021-04-20,384.55596923828125
2021-04-21,388.15228271484375
2021-04-22,384.7045593261719
2021-04-23,388.7377624511719
2021-04-26,389.6112365722656
2021-04-27,389.49053955078125
2021-04-28,389.341796875
2021-04-29,391.8044738769531
2021-04-30,389.2674865722656
2021-05-03,390.10382080078125
2021-05-04,387.734130859375
2021-05-05,387.7899169921875
2021-05-06,390.9401550292969
2021-05-07,393.7746276855469
2021-05-10,389.94580078125
2021-05-11,386.47027587890625
2021-05-12,378.208740234375
2021-05-13,382.6972961425781
2021-05-14,388.6076965332031
2021-05-17,387.67840576171875
2021-05-18,384.3421630859375
2021-05-19,383.3013610839844
2021-05-20,387.3531188964844
2021-05-21,387.13006591796875
2021-05-24,391.0238342285156
2021-05-25,390.1781921386719
2021-05-26,390.8937072753906
2021-05-27,391.09820556640625
2021-05-28,391.84161376953125
2021-06-01,391.5350341796875
2021-06-02,392.1854248046875
2021-06-03,390.68927001953125
2021-06-04,394.2485046386719
2021-06-07,393.91400146484375
2021-06-08,393.9325866699219
2021-06-09,393.3006591796875
2021-06-10,395.2066345214844
2021-06-11,395.85888671875
2021-06-14,396.8096923828125
2021-06-15,396.03607177734375
2021-06-16,393.8458557128906
2021-06-17,393.7247009277344
2021-06-18,388.430908203125
2021-06-21,393.9111328125
2021-06-22,395.7843933105469
2021-06-23,395.55145263671875
2021-06-24,397.84423828125
2021-06-25,399.307373046875
2021-06-28,400.15557861328125
2021-06-29,400.33270263671875
2021-06-30,400.68682861328125
2021-07-01,402.9515380859375
2021-07-02,406.01788330078125
2021-07-06,404.98333740234375
2021-07-07,406.6423034667969
2021-07-08,403.38031005859375
2021-07-09,407.66748046875
2021-07-12,409.1773376464844
2021-07-13,407.7420349121094
2021-07-14,408.28265380859375
2021-07-15,406.8846130371094
2021-07-16,403.8089294433594
2021-07-19,397.7789001464844
2021-07-20,403.5480041503906
2021-07-21,406.8193664550781
2021-07-22,407.7047424316406
2021-07-23,411.7215881347656
2021-07-26,412.8214111328125
2021-07-27,410.93878173828125
2021-07-28,410.71514892578125
2021-07-29,412.5418701171875
2021-07-30,410.45416259765625
2021-08-02,409.62469482421875
2021-08-03,412.8960266113281
2021-08-04,410.9294128417969
2021-08-05,413.483154296875
2021-08-06,414.20086669921875
2021-08-09,413.91192626953125
2021-08-10,414.3965148925781
2021-08-11,415.3751220703125
2021-08-12,416.3444519042969
2021-08-13,417.39764404296875
2021-08-16,418.46942138671875
2021-08-17,415.6268005371094
2021-08-18,411.1438293457031
2021-08-19,411.74957275390625
2021-08-20,415.0302734375
2021-08-23,418.646484375
2021-08-24,419.3734436035156
2021-08-25,420.24951171875
2021-08-26,417.7703857421875
2021-08-27,421.44244384765625
2021-08-30,423.31585693359375
2021-08-31,422.8591003417969
2021-09-01,423.0455017089844
2021-09-02,424.31304931640625
2021-09-03,424.12664794921875
2021-09-07,422.7566223144531
2021-09-08,422.1974182128906
2021-09-09,420.31475830078125
2021-09-10,417.1087341308594
2021-09-13,418.0779724121094
2021-09-14,415.8504943847656
2021-09-15,419.3081970214844
2021-09-16,418.52532958984375
2021-09-17,414.4897766113281
2021-09-20,407.4997863769531
2021-09-21,407.2667541503906
2021-09-22,411.28369140625
2021-09-23,416.2138977050781
2021-09-24,417.01202392578125
2021-09-27,415.7022399902344
2021-09-28,407.4039001464844
2021-09-29,408.10552978515625
2021-09-30,403.0535888671875
2021-10-01,407.8529357910156
2021-10-04,402.5576477050781
2021-10-05,406.7769775390625
2021-10-06,408.5078125
2021-10-07,411.8945007324219
2021-10-08,411.28643798828125
2021-10-11,408.21783447265625
2021-10-12,407.1887512207031
2021-10-13,408.6388854980469
2021-10-14,415.63671875
2021-10-15,418.8269958496094
2021-10-18,420.0431213378906
2021-10-19,423.345703125
2021-10-20,424.9735107421875
2021-10-21,426.0774841308594
2021-10-22,425.56292724609375
2021-10-25,427.7895202636719
2021-10-26,428.2760009765625
2021-10-27,426.3674621582031
2021-10-28,430.4651794433594
2021-10-29,431.27911376953125
2021-11-01,432.1678161621094
2021-11-02,433.87060546875
2021-11-03,436.5368347167969
2021-11-04,438.5389709472656
2021-11-05,440.0826416015625
2021-11-08,440.54107666015625
2021-11-09,439.00677490234375
2021-11-10,435.5359191894531
2021-11-11,435.71356201171875
2021-11-12,438.9225769042969
2021-11-15,439.0347900390625
2021-11-16,440.7843322753906
2021-11-17,439.7458190917969
2021-11-18,441.1959228515625
2021-11-19,440.4755859375
2021-11-22,439.1564636230469
2021-11-23,439.76446533203125
2021-11-24,440.9059143066406
2021-11-26,430.9329528808594
2021-11-29,436.4339904785156
2021-11-30,428.1357116699219
2021-12-01,423.1398620605469
2021-12-02,429.66058349609375
2021-12-03,425.80615234375
2021-12-06,430.9329528808594
2021-12-07,439.8861083984375
2021-12-08,441.0462646484375
2021-12-09,438.0711975097656
2021-12-10,442.27178955078125
2021-12-13,438.35626220703125
2021-12-14,435.2591857910156
2021-12-15,442.10107421875
2021-12-16,438.0465393066406
2021-12-17,433.7012023925781
2021-12-20,428.8302917480469
2021-12-21,436.4698486328125
2021-12-22,440.87152099609375
2021-12-23,443.5744934082031
2021-12-27,449.92822265625
2021-12-28,449.5810241699219
2021-12-29,450.0503234863281
2021-12-30,448.7833251953125
2021-12-31,447.6664123535156
2022-01-03,450.34124755859375
2022-01-04,450.1910400390625
2022-01-05,441.4159240722656
2022-01-06,441.0873718261719
2022-01-07,439.3229675292969
2022-01-10,438.4971008300781
2022-01-11,442.8236999511719
2022-01-12,443.996826171875
2022-01-13,437.9057922363281
2022-01-14,438.05596923828125
2022-01-18,430.3132019042969
2022-01-19,425.8644714355469
2022-01-20,421.1344299316406
2022-01-21,412.9316711425781
2022-01-24,414.3769836425781
2022-01-25,409.60931396484375
2022-01-26,408.6614074707031
2022-01-27,406.531005859375
2022-01-28,416.4699401855469
2022-01-31,423.9968566894531
2022-02-01,426.9250793457031
2022-02-02,431.0264587402344
2022-02-03,421.021728515625
2022-02-04,423.1334228515625
2022-02-07,421.6318054199219
2022-02-08,424.98236083984375
2022-02-09,431.2516784667969
2022-02-10,423.630859375
2022-02-11,415.156005859375
2022-02-14,413.80450439453125
2022-02-15,420.45867919921875
2022-02-16,420.9373474121094
2022-02-17,412.1058044433594
2022-02-18,409.26214599609375
2022-02-22,404.8228759765625
2022-02-23,397.446044921875
2022-02-24,403.6966552734375
2022-02-25,412.58441162109375
2022-02-28,411.7491149902344
2022-03-01,405.3671569824219
2022-03-02,412.7626953125
2022-03-03,410.782470703125
2022-03-04,407.27239990234375
2022-03-07,395.3062744140625
2022-03-08,392.3592224121094
2022-03-09,402.9176025390625
2022-03-10,401.0686950683594
2022-03-11,396.0664978027344
2022-03-14,393.0725402832031
2022-03-15,401.72576904296875
2022-03-16,410.6229248046875
2022-03-17,415.7285461425781
2022-03-18,420.1770935058594
2022-03-21,420.09259033203125
2022-03-22,425.2170104980469
2022-03-23,419.88616943359375
2022-03-24,425.96063232421875
2022-03-25,428.1076965332031
2022-03-28,431.1114807128906
2022-03-29,436.6106262207031
2022-03-30,433.8987121582031
2022-03-31,427.21307373046875
2022-04-01,428.2488708496094
2022-04-04,432.0248718261719
2022-04-05,426.4597473144531
2022-04-06,422.3165588378906
2022-04-07,424.4070129394531
2022-04-08,423.2770690917969
2022-04-11,415.96038818359375
2022-04-12,414.3690490722656
2022-04-13,419.21856689453125
2022-04-14,414.03948974609375
2022-04-18,414.190185546875
2022-04-19,420.8758239746094
2022-04-20,420.4991149902344
2022-04-21,414.4067077636719
2022-04-22,402.8151550292969
2022-04-25,405.30108642578125
2022-04-26,393.50238037109375
2022-04-27,394.688720703125
2022-04-28,404.60430908203125
2022-04-29,389.425048828125
2022-05-02,391.92974853515625
2022-05-03,393.7471008300781
2022-05-04,405.6023864746094
2022-05-05,391.2047424316406
2022-05-06,389.09539794921875
2022-05-09,376.5810241699219
2022-05-10,377.3249816894531
2022-05-11,371.3738098144531
2022-05-12,370.8275146484375
2022-05-13,379.86737060546875
2022-05-16,378.2666320800781
2022-05-17,386.10101318359375
2022-05-18,370.5921936035156
2022-05-19,368.2757263183594
2022-05-20,368.46405029296875
2022-05-23,375.3474426269531
2022-05-24,372.6543884277344
2022-05-25,375.95013427734375
2022-05-26,383.3042907714844
2022-05-27,392.899658203125
2022-05-31,390.65863037109375
2022-06-01,387.4946594238281
2022-06-02,394.79241943359375
2022-06-03,388.3138732910156
2022-06-06,389.4815368652344
2022-06-07,393.097412109375
2022-06-08,388.8412170410156
2022-06-09,379.7099914550781
2022-06-10,368.5072937011719
2022-06-13,354.3387145996094
2022-06-14,353.3941345214844
2022-06-15,358.4287109375
2022-06-16,346.6497802734375
2022-06-17,347.28265380859375
2022-06-21,356.1145324707031
2022-06-22,355.50054931640625
2022-06-23,359.0616149902344
2022-06-24,370.2737121582031
2022-06-27,368.932373046875
2022-06-28,361.404052734375
2022-06-29,361.1490478515625
2022-06-30,358.1358947753906
2022-07-01,361.85748291015625
2022-07-05,362.6319885253906
2022-07-06,363.92608642578125
2022-07-07,369.31964111328125
2022-07-08,369.02679443359375
2022-07-11,364.8235778808594
2022-07-12,361.5457763671875
2022-07-13,359.69439697265625
2022-07-14,358.825439453125
2022-07-15,365.67364501953125
2022-07-18,362.71710205078125
2022-07-19,372.4650573730469
2022-07-20,374.76983642578125
2022-07-21,378.59539794921875
2022-07-22,375.2232360839844
2022-07-25,375.61053466796875
2022-07-26,371.1520690917969
2022-07-27,380.7490234375
2022-07-28,385.5852355957031
2022-07-29,391.31884765625
2022-08-01,390.06256103515625
2022-08-02,387.5782775878906
2022-08-03,393.62359619140625
2022-08-04,393.24578857421875
2022-08-05,392.55621337890625
2022-08-08,392.2162170410156
2022-08-09,390.5726318359375
2022-08-10,398.752685546875
2022-08-11,398.8942565917969
2022-08-12,405.4591369628906
2022-08-15,407.24444580078125
2022-08-16,408.0945129394531
2022-08-17,405.0246276855469
2022-08-18,406.2148132324219
2022-08-19,400.8401184082031
2022-08-22,392.4334411621094
2022-08-23,391.564453125
2022-08-24,392.7828674316406
2022-08-25,398.3181457519531
2022-08-26,384.7068176269531
2022-08-29,382.3926086425781
2022-08-30,378.009765625
2022-08-31,375.1665954589844
2022-09-01,376.4512023925781
2022-09-02,372.4273681640625
2022-09-06,370.9443359375
2022-09-07,377.6602478027344
2022-09-08,380.0406188964844
2022-09-09,386.10479736328125
2022-09-12,390.2703552246094
2022-09-13,373.2396240234375
2022-09-14,374.6659851074219
2022-09-15,370.33978271484375
2022-09-16,367.53448486328125
2022-09-19,370.396484375
2022-09-20,366.0419921875
2022-09-21,359.79833984375
2022-09-22,356.75677490234375
2022-09-23,350.83428955078125
2022-09-26,347.37451171875
2022-09-27,346.4820556640625
2022-09-28,353.213623046875
2022-09-29,345.9503479003906
2022-09-30,340.51953125
2022-10-03,349.5297546386719
2022-10-04,360.23004150390625
2022-10-05,359.38507080078125
2022-10-06,355.8341369628906
2022-10-07,345.912353515625
2022-10-10,343.3393859863281
2022-10-11,340.9847717285156
2022-10-12,339.8833312988281
2022-10-13,348.93157958984375
2022-10-14,340.93731689453125
2022-10-17,349.7102355957031
2022-10-18,353.7168273925781
2022-10-19,351.39068603515625
2022-10-20,348.3999938964844
2022-10-21,356.81201171875
2022-10-24,361.1985168457031
2022-10-25,366.99957275390625
2022-10-26,364.22723388671875
2022-10-27,362.2903137207031
2022-10-28,370.78790283203125
2022-10-31,368.18646240234375
2022-11-01,366.7242736816406
2022-11-02,357.32470703125
2022-11-03,353.7358093261719
2022-11-04,358.73944091796875
2022-11-07,362.24285888671875
2022-11-08,364.2082214355469
2022-11-09,356.7740478515625
2022-11-10,376.313720703125
2022-11-11,379.94061279296875
2022-11-14,376.7504577636719
2022-11-15,379.9501647949219
2022-11-16,377.1587219238281
2022-11-17,375.8864440917969
2022-11-18,377.6714172363281
2022-11-21,376.228271484375
2022-11-22,381.4122314453125
2022-11-23,383.6908874511719
2022-11-25,383.6624755859375
2022-11-28,377.5860595703125
2022-11-29,376.9403381347656
2022-11-30,388.6281433105469
2022-12-01,388.46661376953125
2022-12-02,388.048828125
2022-12-05,381.0608825683594
2022-12-06,375.611083984375
2022-12-07,374.8894958496094
2022-12-08,377.83282470703125
2022-12-09,375.0414733886719
2022-12-12,380.3013916015625
2022-12-13,383.3375244140625
2022-12-14,381.03948974609375
2022-12-15,371.59930419921875
2022-12-16,367.0603942871094
2022-12-19,364.0090026855469
2022-12-20,364.4285583496094
2022-12-21,369.86383056640625
2022-12-22,364.8291015625
2022-12-23,366.7265625
2022-12-27,365.31536865234375
2022-12-28,360.88134765625
2022-12-29,367.1271667480469
2022-12-30,366.3643493652344
2023-01-03,364.76226806640625
2023-01-04,367.6039123535156
2023-01-05,363.42730712890625
2023-01-06,371.7232360839844
2023-01-09,371.46575927734375
2023-01-10,374.1357116699219
2023-01-11,378.7985534667969
2023-01-12,380.27655029296875
2023-01-13,381.7737121582031
2023-01-17,381.06805419921875
2023-01-18,375.06060791015625
2023-01-19,372.3907775878906
2023-01-20,379.227783203125
2023-01-23,383.72845458984375
2023-01-24,383.4709777832031
2023-01-25,383.5377197265625
2023-01-26,387.75250244140625
2023-01-27,388.715576171875
2023-01-30,383.776123046875
2023-01-31,389.3448791503906
2023-02-01,393.5024108886719
2023-02-02,399.2141418457031
2023-02-03,395.10430908203125
2023-02-06,392.6728210449219
2023-02-07,397.7455749511719
2023-02-08,393.40704345703125
2023-02-09,390.069580078125
2023-02-10,390.91827392578125
2023-02-13,395.514404296875
2023-02-14,395.3045654296875
2023-02-15,396.5632629394531
2023-02-16,391.223388671875
2023-02-17,390.1363525390625
2023-02-21,382.4030456542969
2023-02-22,381.7546081542969
2023-02-23,383.7665710449219
2023-02-24,379.61865234375
2023-02-27,380.944091796875
2023-02-28,379.48516845703125
2023-03-01,378.131103515625
2023-03-02,381.1062316894531
2023-03-03,387.21844482421875
2023-03-06,387.6571044921875
2023-03-07,381.5447692871094
2023-03-08,382.2122802734375
2023-03-09,375.1369323730469
2023-03-10,369.86383056640625
2023-03-13,369.0914001464844
2023-03-14,375.2990417480469
2023-03-15,372.9914245605469
2023-03-16,379.4089050292969
2023-03-17,374.90814208984375
2023-03-20,378.626953125
2023-03-21,383.5472717285156
2023-03-22,377.12030029296875
2023-03-23,378.0759582519531
2023-03-24,380.57513427734375
2023-03-27,381.23583984375
2023-03-28,380.5272521972656
2023-03-29,386.0331726074219
2023-03-30,388.17803955078125
2023-03-31,393.62640380859375
2023-04-03,395.0244140625
2023-04-04,393.0040283203125
2023-04-05,392.0751953125
2023-04-06,393.5593566894531
2023-04-10,394.0094299316406
2023-04-11,393.9998474121094
2023-04-12,392.5252990722656
2023-04-13,397.63861083984375
2023-04-14,396.661865234375
2023-04-17,398.1269226074219
2023-04-18,398.3567199707031
2023-04-19,398.32794189453125
2023-04-20,396.0968933105469
2023-04-21,396.3171691894531
2023-04-24,396.8150329589844
2023-04-25,390.51446533203125
2023-04-26,388.9248962402344
2023-04-27,396.6427307128906
2023-04-28,399.9271240234375
2023-05-01,399.63983154296875
2023-05-02,395.1680908203125
2023-05-03,392.3241882324219
2023-05-04,389.58563232421875
2023-05-05,396.709716796875
2023-05-08,396.9203796386719
2023-05-09,395.3020935058594
2023-05-10,396.9682922363281
2023-05-11,396.3745422363281
2023-05-12,395.8575134277344
2023-05-15,397.16937255859375
2023-05-16,394.5169982910156
2023-05-17,399.3046569824219
2023-05-18,403.1731262207031
2023-05-19,402.58905029296875
2023-05-22,402.7039489746094
2023-05-23,398.2992248535156
2023-05-24,395.31170654296875
2023-05-25,398.7972106933594
2023-05-26,404.034912109375
2023-05-30,404.1115417480469
2023-05-31,401.6219787597656
2023-06-01,405.75848388671875
2023-06-02,411.54205322265625
2023-06-05,410.83349609375
2023-06-06,411.7048645019531
2023-06-07,410.3494873046875
2023-06-08,412.7220764160156
2023-06-09,413.548095703125
2023-06-12,417.3038024902344
2023-06-13,420.03167724609375
2023-06-14,420.5215759277344
2023-06-15,425.7180480957031
2023-06-16,424.2004089355469
2023-06-20,422.1929016113281
2023-06-21,419.9644470214844
2023-06-22,421.4820861816406
2023-06-23,418.2738952636719
2023-06-26,416.5065612792969
2023-06-27,421.1171569824219
2023-06-28,421.2515869140625
2023-06-29,422.93243408203125
2023-06-30,428.119384765625
2023-07-03,428.734130859375
2023-07-05,427.9945068359375
2023-07-06,424.488525390625
2023-07-07,423.4031677246094
2023-07-10,424.5270080566406
2023-07-11,427.3797912597656
2023-07-12,430.58795166015625
2023-07-13,434.2572326660156
2023-07-14,433.8249206542969
2023-07-17,435.43865966796875
2023-07-18,438.5987854003906
2023-07-19,439.4056701660156
2023-07-20,436.6681213378906
2023-07-21,436.6585388183594
2023-07-24,438.5891418457031
2023-07-25,439.7706604003906
2023-07-26,439.80908203125
2023-07-27,436.9659118652344
2023-07-28,441.0962219238281
2023-07-31,442.018310546875
2023-08-01,440.788818359375
2023-08-02,434.6318664550781
2023-08-03,433.38311767578125
2023-08-04,431.3659973144531
2023-08-07,435.1793212890625
2023-08-08,433.3542785644531
2023-08-09,430.42462158203125
2023-08-10,430.61676025390625
2023-08-11,430.3573913574219
2023-08-14,432.66265869140625
2023-08-15,427.7640075683594
2023-08-16,424.5654602050781
2023-08-17,421.29962158203125
2023-08-18,421.37646484375
2023-08-21,424.2196044921875
2023-08-22,423.0093688964844
2023-08-23,427.67755126953125
2023-08-24,421.93353271484375
2023-08-25,424.9495849609375
2023-08-28,427.51422119140625
2023-08-29,433.6905517578125
2023-08-30,435.59228515625
2023-08-31,434.8238525390625
2023-09-01,435.7460632324219
2023-09-05,433.87298583984375
2023-09-06,430.85687255859375
2023-09-07,429.6658630371094
2023-09-08,430.1941223144531
2023-09-11,433.1045837402344
2023-09-12,430.7608642578125
2023-09-13,431.16424560546875
2023-09-14,435.0159912109375
2023-09-15,429.406494140625
2023-09-18,430.1461181640625
2023-09-19,429.1856384277344
2023-09-20,425.1225280761719
2023-09-21,418.15869140625
2023-09-22,417.15972900390625
2023-09-25,418.8886413574219
2023-09-26,412.75848388671875
2023-09-27,412.8645935058594
2023-09-28,415.27691650390625
2023-09-29,414.369873046875
2023-10-02,414.22515869140625
2023-10-03,408.7057800292969
2023-10-04,411.6005859375
2023-10-05,411.407470703125
2023-10-06,416.2418518066406
2023-10-09,418.98223876953125
2023-10-10,421.1726989746094
2023-10-11,422.9577941894531
2023-10-12,420.4200134277344
2023-10-13,418.2103576660156
2023-10-16,422.5621337890625
2023-10-17,422.68756103515625
2023-10-18,417.1488952636719
2023-10-19,413.36639404296875
2023-10-20,408.28118896484375
2023-10-23,407.5671081542969
2023-10-24,410.6356201171875
2023-10-25,404.79779052734375
2023-10-26,399.91522216796875
2023-10-27,398.0818786621094
2023-10-30,402.8100280761719
2023-10-31,405.2127380371094
2023-11-01,409.64178466796875
2023-11-02,417.5348815917969
2023-11-03,421.27880859375
2023-11-06,422.29205322265625
2023-11-07,423.4112548828125
2023-11-08,423.7586669921875
2023-11-09,420.5647888183594
2023-11-10,427.14556884765625
2023-11-13,426.6534423828125
2023-11-14,435.0194091796875
2023-11-15,435.8974304199219
2023-11-16,436.43780517578125
2023-11-17,436.90106201171875
2023-11-20,440.41339111328125
2023-11-21,439.4002380371094
2023-11-22,441.0694885253906
2023-11-24,441.3975830078125
2023-11-27,440.57745361328125
2023-11-28,440.9537353515625
2023-11-29,440.7510986328125
2023-11-30,442.3432312011719
2023-12-01,444.9581604003906
2023-12-04,442.7581481933594
2023-12-05,442.6617126464844
2023-12-06,440.82830810546875
2023-12-07,444.2151794433594
2023-12-08,446.1354064941406
2023-12-11,447.87225341796875
2023-12-12,450.09161376953125
2023-12-13,456.2575378417969
2023-12-14,457.6855163574219
2023-12-15,456.9136962890625
2023-12-18,459.4513854980469
2023-12-19,462.1050109863281
2023-12-20,455.4830627441406
2023-12-21,460.1043701171875
2023-12-22,460.9859924316406
2023-12-26,462.9720458984375
2023-12-27,463.85369873046875
2023-12-28,464.06689453125
2023-12-29,462.7395935058594
2024-01-02,460.0849914550781
2024-01-03,456.3259582519531
2024-01-04,454.9211730957031
2024-01-05,455.4637145996094
2024-01-08,461.73193359375
2024-01-09,461.2960510253906
2024-01-10,463.8827209472656
2024-01-11,463.6308288574219
2024-01-12,464.0281066894531
2024-01-16,462.4198303222656
2024-01-17,459.8233947753906
2024-01-18,463.7665100097656
2024-01-19,469.5697937011719
2024-01-22,470.5870666503906
2024-01-23,472.0499267578125
2024-01-24,472.4084167480469
2024-01-25,475.0436096191406
2024-01-26,474.5495910644531
2024-01-29,478.27947998046875
2024-01-30,477.9209899902344
2024-01-31,470.07354736328125
2024-02-01,476.3128356933594
2024-02-02,481.22467041015625
2024-02-05,479.616455078125
2024-02-06,480.9147033691406
2024-02-07,484.81903076171875
2024-02-08,485.1387634277344
2024-02-09,487.94842529296875
2024-02-12,487.6867980957031
2024-02-13,481.1375427246094
2024-02-14,485.42938232421875
2024-02-15,488.6265563964844
2024-02-16,486.3013916015625
2024-02-20,483.5983581542969
2024-02-21,484.0343017578125
2024-02-22,494.1488342285156
2024-02-23,494.4298400878906
2024-02-26,492.5696716308594
2024-02-27,493.44158935546875
2024-02-28,492.821533203125
2024-02-29,494.5364074707031
2024-03-01,499.3223571777344
2024-03-04,498.7314147949219
2024-03-05,493.6935119628906
2024-03-06,496.3674621582031
2024-03-07,501.29876708984375
2024-03-08,498.2566223144531
2024-03-11,498.014404296875
2024-03-12,503.2073974609375
2024-03-13,502.4032287597656
2024-03-14,501.3084411621094
2024-03-15,497.2297058105469
2024-03-18,500.73681640625
2024-03-19,503.6336364746094
2024-03-20,508.3130187988281
2024-03-21,509.8826599121094
2024-03-22,509.2023010253906
2024-03-25,507.6084899902344
2024-03-26,506.53936767578125
2024-03-27,510.95172119140625
2024-03-28,510.9615173339844
2024-04-01,510.1353454589844
2024-04-02,506.8017272949219
2024-04-03,507.3654479980469
2024-04-04,501.12579345703125
2024-04-05,506.35467529296875
2024-04-08,506.49072265625
2024-04-09,507.1225280761719
2024-04-10,502.20458984375
2024-04-11,505.9659118652344
2024-04-12,498.890380859375
2024-04-15,492.70904541015625
2024-04-16,491.76629638671875
2024-04-17,488.908935546875
2024-04-18,487.78143310546875
2024-04-19,483.5537109375
2024-04-22,488.0147399902344
2024-04-23,493.89483642578125
2024-04-24,493.7004089355469
2024-04-25,491.6108093261719
2024-04-26,496.42169189453125
2024-04-29,498.1906433105469
2024-04-30,490.26959228515625
2024-05-01,488.73394775390625
2024-05-02,493.2047424316406
2024-05-03,499.40557861328125
2024-05-06,504.6052551269531
2024-05-07,505.2564392089844
2024-05-08,505.20782470703125
2024-05-09,507.9776916503906
2024-05-10,508.6873474121094
2024-05-13,508.8621826171875
2024-05-14,511.18505859375
2024-05-15,517.5219116210938
2024-05-16,516.3070068359375
2024-05-17,517.1817016601562
2024-05-20,517.7842407226562
2024-05-21,519.0477294921875
2024-05-22,517.5704956054688
2024-05-23,513.789794921875
2024-05-24,517.201171875
2024-05-28,517.599609375
2024-05-29,513.8966064453125
2024-05-30,510.56292724609375
2024-05-31,515.0726318359375
2024-06-03,515.3934936523438
2024-06-04,516.1515502929688
2024-06-05,522.3328247070312
2024-06-06,522.3132934570312
2024-06-07,521.6524658203125
2024-06-10,523.2075805664062
2024-06-11,524.5050048828125
2024-06-12,528.872314453125
2024-06-13,529.9837036132812
2024-06-14,530.1688232421875
2024-06-17,534.5067749023438
2024-06-18,535.8032836914062
2024-06-20,534.1460571289062
2024-06-21,533.2394409179688
2024-06-24,531.8746948242188
2024-06-25,533.892578125
2024-06-26,534.7114868164062
2024-06-27,535.4913330078125
2024-06-28,533.453857421875
2024-07-01,534.6041870117188
2024-07-02,538.0160522460938
2024-07-03,540.375244140625
2024-07-05,543.7188720703125
2024-07-08,544.3524780273438
2024-07-09,544.859375
2024-07-10,550.0454711914062
2024-07-11,545.3761596679688
2024-07-12,548.8659057617188
2024-07-15,550.3963623046875
2024-07-16,553.6620483398438
2024-07-17,545.9317626953125
2024-07-18,541.61328125
2024-07-19,538.0843505859375
2024-07-22,543.6702270507812
2024-07-23,542.7635498046875
2024-07-24,530.510009765625
2024-07-25,527.7122802734375
2024-07-26,533.6099243164062
2024-07-29,533.9803466796875
2024-07-30,531.1046752929688
2024-07-31,539.390625
2024-08-01,532.3036499023438
2024-08-02,522.2824096679688
2024-08-05,507.08489990234375
2024-08-06,511.9005432128906
2024-08-07,508.36187744140625
2024-08-08,520.1378173828125
2024-08-09,522.3603515625
2024-08-12,522.6138916015625
2024-08-13,531.3093872070312
2024-08-14,533.0444946289062
2024-08-15,542.1687622070312
2024-08-16,543.3971557617188
2024-08-19,548.4467163085938
2024-08-20,547.6278686523438
2024-08-21,549.7628173828125
2024-08-22,545.11279296875
2024-08-23,551.0006713867188
2024-08-26,549.441162109375
2024-08-27,550.445068359375
2024-08-28,547.2282104492188
2024-08-29,547.3161010742188
2024-08-30,552.4826049804688
2024-09-03,541.2817993164062
2024-09-04,540.1509399414062
2024-09-05,538.6497192382812
2024-09-06,529.691162109375
2024-09-09,535.6375122070312
2024-09-10,537.6163940429688
2024-09-11,543.4166870117188
2024-09-12,548.017822265625
2024-09-13,550.8252563476562
2024-09-16,551.74169921875
2024-09-17,551.9464721679688
2024-09-18,550.2989501953125
2024-09-19,559.7351684570312
2024-09-20,558.5654907226562
2024-09-23,560.1155395507812
2024-09-24,561.7434692382812
2024-09-25,560.4172973632812
2024-09-26,562.81494140625
2024-09-27,561.7971801757812
2024-09-30,564.4884643554688
2024-10-01,559.1548461914062
2024-10-02,559.3800659179688
2024-10-03,558.3133544921875
2024-10-04,563.382568359375
2024-10-07,558.3329467773438
2024-10-08,563.6272583007812
2024-10-09,567.45361328125
2024-10-10,566.4553833007812
2024-10-11,569.900146484375
2024-10-14,574.5975952148438
2024-10-15,570.0371704101562
2024-10-16,572.57177734375
2024-10-17,572.7381591796875
2024-10-18,574.9009399414062
2024-10-21,574.049560546875
2024-10-22,573.599365234375
2024-10-23,568.3734741210938
2024-10-24,569.5870361328125
2024-10-25,569.4598388671875
2024-10-28,571.17236328125
2024-10-29,572.0531005859375
2024-10-30,570.2133178710938
2024-10-31,559.0277709960938
2024-11-01,561.4547119140625
2024-11-04,560.3292846679688
2024-11-05,567.101318359375
2024-11-06,581.1837158203125
2024-11-07,585.7147827148438
2024-11-08,588.2786865234375
2024-11-11,588.7289428710938
2024-11-12,586.9281616210938
2024-11-13,587.3685913085938
2024-11-14,583.4834594726562
2024-11-15,576.0751953125
2024-11-18,578.4730224609375
2024-11-19,580.4888916015625
2024-11-20,580.7531127929688
2024-11-21,583.7281494140625
2024-11-22,585.6560668945312
2024-11-25,587.3881225585938
2024-11-26,590.8524780273438
2024-11-27,588.9539794921875
2024-11-29,592.1344604492188
2024-12-02,593.7394409179688
2024-12-03,593.9840698242188
2024-12-04,597.6441650390625
2024-12-05,596.6947631835938
2024-12-06,597.7713012695312
2024-12-09,594.688720703125
2024-12-10,592.96630859375
2024-12-11,597.5364379882812
2024-12-12,594.36572265625
2024-12-13,594.258056640625
2024-12-16,596.792724609375
2024-12-17,594.1941528320312
2024-12-18,576.723388671875
2024-12-19,576.3011474609375
2024-12-20,582.6845092773438
2024-12-23,586.9171752929688
2024-12-24,593.5165405273438
2024-12-26,593.2318115234375
2024-12-27,586.80908203125
2024-12-30,580.3765258789062
2024-12-31,578.1178588867188
2025-01-02,576.9099731445312
2025-01-03,583.94140625
2025-01-06,587.565185546875
2025-01-07,580.9561157226562
2025-01-08,581.5648803710938
2025-01-10,572.8639526367188
2025-01-13,573.6986083984375
2025-01-14,574.4940185546875
2025-01-15,584.9431762695312
2025-01-16,583.9512939453125
2025-01-17,589.4901123046875
2025-01-21,594.83251953125
2025-01-22,598.367919921875
2025-01-23,601.7068481445312
2025-01-24,599.9293823242188
2025-01-27,591.5621948242188
2025-01-28,596.5904541015625
2025-01-29,594.056640625
2025-01-30,597.0322875976562
2025-01-31,593.8111572265625
2025-02-03,589.9025268554688
2025-02-04,593.8407592773438
2025-02-05,596.276123046875
2025-02-06,598.4661865234375
2025-02-07,592.9666748046875
2025-02-10,596.845703125
2025-02-11,597.3170776367188
2025-02-12,595.3334350585938
2025-02-13,601.6774291992188
2025-02-14,601.687255859375
2025-02-18,603.4549560546875
2025-02-19,604.8004150390625
2025-02-20,602.4533081054688
2025-02-21,592.0533447265625
2025-02-24,589.2347412109375
2025-02-25,586.3672485351562
2025-02-26,586.5636596679688
2025-02-27,577.234130859375
2025-02-28,586.327880859375
2025-03-03,576.2617797851562
2025-03-04,569.3089599609375
2025-03-05,575.544921875
2025-03-06,565.2136840820312
2025-03-07,568.1304321289062
2025-03-10,553.3306884765625
2025-03-11,548.616943359375
2025-03-12,551.4058837890625
2025-03-13,544.1190795898438
2025-03-14,555.4127197265625
2025-03-17,559.3899536132812
2025-03-18,553.5630493164062
2025-03-19,559.5525512695312
2025-03-20,558.3014526367188
2025-03-21,558.1439208984375
2025-03-24,568.1328735351562
2025-03-25,569.3544921875
2025-03-26,562.911865234375
2025-03-27,561.138671875
2025-03-28,549.809814453125
2025-03-31,553.53369140625
2025-04-01,555.3856811523438
2025-04-02,558.7546997070312
2025-04-03,532.0286254882812
2025-04-04,500.0519104003906
2025-04-07,498.8402404785156
2025-04-08,491.37310791015625
2025-04-09,538.1165771484375
2025-04-10,519.2123413085938
2025-04-11,528.9845581054688
2025-04-14,533.45703125
2025-04-15,532.1467895507812
2025-04-16,520.2762451171875
2025-04-17,520.79833984375
2025-04-21,508.6913146972656
2025-04-22,521.497802734375
2025-04-23,529.8416137695312
2025-04-24,541.0422973632812
2025-04-25,544.9532470703125
2025-04-28,545.189697265625
2025-04-29,548.6572875976562
2025-04-30,549.6522216796875
2025-05-01,552.75537109375
2025-05-02,560.8628540039062
2025-05-05,557.7399291992188
2025-05-06,553.1788330078125
2025-05-07,555.3756713867188
2025-05-08,558.8826293945312
2025-05-09,558.4493408203125
2025-05-12,576.9891357421875
2025-05-13,581.1561279296875
2025-05-14,581.4910278320312
2025-05-15,584.347900390625
2025-05-16,588.1503295898438
2025-05-19,588.88916015625
2025-05-20,586.7022094726562
2025-05-21,576.9495849609375
2025-05-22,577.0382690429688
2025-05-23,573.334228515625
2025-05-27,585.0964965820312
2025-05-28,581.6486206054688
2025-05-29,583.9537963867188
2025-05-30,583.3331909179688
2025-06-02,586.721923828125
2025-06-03,590.01220703125
2025-06-04,589.8545532226562
2025-06-05,587.1061401367188
2025-06-06,593.03662109375
2025-06-09,593.5980834960938
2025-06-10,597.0065307617188
2025-06-11,595.3120727539062
2025-06-12,597.4793701171875
2025-06-13,590.8594360351562
2025-06-16,596.6273803710938
2025-06-17,591.6865844726562
2025-06-18,591.5482177734375
2025-06-20,589.6112670898438
2025-06-23,595.8072509765625
2025-06-24,602.3095092773438
2025-06-25,602.7542114257812
2025-06-26,607.4974975585938
2025-06-27,610.1656494140625
2025-06-30,613.56494140625
2025-07-01,613.3375854492188
2025-07-02,616.05517578125
2025-07-03,620.7490234375
2025-07-07,616.4603881835938
2025-07-08,615.9662475585938
2025-07-09,619.62255859375
2025-07-10,621.4210205078125
2025-07-11,619.0394897460938
2025-07-14,620.3240966796875
2025-07-15,617.6066284179688
2025-07-16,619.8399047851562
2025-07-17,623.4765014648438
2025-07-18,623.219482421875
2025-07-21,624.2669677734375
2025-07-22,624.27685546875
2025-07-23,629.8009033203125
2025-07-24,630.0478515625
2025-07-25,632.4985961914062
2025-07-28,632.3601684570312
2025-07-29,630.8582153320312
2025-07-30,629.9786987304688
2025-07-31,627.3995971679688
2025-08-01,617.270751953125
2025-08-04,626.6781616210938
2025-08-05,623.6642456054688
2025-08-06,628.2789916992188
2025-08-07,627.9331665039062
2025-08-08,632.6863403320312
2025-08-11,631.431396484375
2025-08-12,638.1115112304688
2025-08-13,640.4534301757812
2025-08-14,640.4732666015625
2025-08-15,639.030517578125
2025-08-18,638.7340087890625
2025-08-19,635.3544921875
2025-08-20,633.6547241210938
2025-08-21,631.1546630859375
2025-08-22,640.8389282226562
2025-08-25,638.0126953125
2025-08-26,640.6016845703125
2025-08-27,642.12353515625
2025-08-28,644.4359130859375
2025-08-29,640.6610107421875
2025-09-02,635.8189697265625
2025-09-03,639.238037109375
2025-09-04,644.5050659179688
2025-09-05,642.7855834960938
2025-09-08,644.4161987304688
2025-09-09,645.8983764648438
2025-09-10,647.7462768554688
2025-09-11,653.1417846679688
2025-09-12,652.91455078125
2025-09-15,656.32373046875
2025-09-16,655.4564819335938
2025-09-17,654.7329711914062
2025-09-18,657.8353271484375
2025-09-19,660.977294921875
2025-09-22,664.1589965820312
2025-09-23,660.6105346679688
2025-09-24,658.390380859375
2025-09-25,655.3772583007812
2025-09-26,659.0148315429688
2025-09-29,660.8682250976562
2025-09-30,663.3858032226562
2025-10-01,665.9033813476562
2025-10-02,666.5576171875
2025-10-03,666.4782104492188
2025-10-06,668.926513671875
2025-10-07,666.4782104492188
2025-10-08,670.44287109375
2025-10-09,668.5597534179688
2025-10-10,650.401611328125
2025-10-13,660.3429565429688
2025-10-14,659.5995483398438
2025-10-15,662.3748779296875
2025-10-16,658.11279296875
2025-10-17,661.7901000976562
2025-10-20,668.629150390625
2025-10-21,668.470458984375
2025-10-22,665.2293701171875
2025-10-23,669.0056762695312
2025-10-24,674.5067138671875
2025-10-27,682.5152587890625
2025-10-28,684.239990234375
2025-10-29,684.606689453125
2025-10-30,677.1927490234375
2025-10-31,679.1751098632812
2025-11-03,680.6221313476562
2025-11-04,672.8118286132812
2025-11-05,674.8931884765625
2025-11-06,667.568603515625
2025-11-07,668.3812866210938
2025-11-10,678.7686767578125
2025-11-11,680.0968017578125
2025-11-12,680.5726318359375
2025-11-13,669.4814453125
2025-11-14,669.3427124023438
2025-11-17,663.07861328125
2025-11-18,657.5875244140625
2025-11-19,660.0654296875
2025-11-20,649.9754028320312
2025-11-21,656.4279174804688
2025-11-24,666.1214599609375
2025-11-25,672.3856201171875
2025-11-26,677.0242309570312
2025-11-28,680.8104248046875
2025-12-01,677.618896484375
2025-12-02,678.7786254882812
2025-12-03,681.1871948242188
2025-12-04,681.7719116210938
2025-12-05,683.0208129882812
2025-12-08,680.9888916015625
2025-12-09,680.4437866210938
2025-12-10,684.8148193359375
2025-12-11,686.4700317382812
2025-12-12,679.1155395507812
2025-12-15,678.1046142578125
2025-12-16,676.21875
2025-12-17,668.8282470703125
2025-12-18,673.8911743164062
2025-12-19,679.8492431640625
2025-12-22,684.1661987304688
2025-12-23,687.2894287109375
2025-12-24,689.6965942382812
2025-12-26,689.5772094726562
2025-12-29,687.229736328125
2025-12-30,686.2449951171875
2025-12-31,681.2915649414062
2026-01-02,682.534912109375
2026-01-05,687.1103515625
2026-01-06,691.1885986328125
2026-01-07,688.9406127929688
2026-01-08,688.8610229492188
2026-01-09,693.366943359375
2026-01-12,694.5107421875
2026-01-13,693.1580200195312
2026-01-14,689.7959594726562
2026-01-15,691.6162719726562
2026-01-16,690.9597778320312
2026-01-20,676.9746704101562
2026-01-21,684.653564453125
2026-01-22,688.274169921875
2026-01-23,688.5526733398438
2026-01-26,692.1832275390625
2026-01-27,694.9285278320312
2026-01-28,694.978271484375
2026-01-29,693.3768310546875
2026-01-30,691.327880859375
2026-02-02,694.819091796875
2026-02-03,688.8809204101562
2026-02-04,685.618408203125
2026-02-05,676.8951416015625
2026-02-06,690.0845336914062
2026-02-09,693.3768310546875
2026-02-10,691.4471435546875
2026-02-11,691.3477172851562
2026-02-12,680.684814453125
2026-02-13,681.1124877929688
2026-02-17,682.186767578125
2026-02-18,685.6780395507812
2026-02-19,684.0169067382812
2026-02-20,688.811279296875
2026-02-23,681.8385620117188
2026-02-24,686.8319091796875
2026-02-25,692.5413208007812
2026-02-26,688.7217407226562
2026-02-27,685.7079467773438
2026-03-02,685.777587890625
2026-03-03,679.7298583984375
2026-03-04,684.61376953125
2026-03-05,680.8141479492188
2026-03-06,671.8023681640625
2026-03-09,677.7206420898438
2026-03-10,676.4971923828125
2026-03-11,675.7711181640625
2026-03-12,665.38671875
2026-03-13,661.65673828125
2026-03-16,668.3309326171875
2026-03-17,670.18994140625
2026-03-18,661.0744018554688
2026-03-19,659.1595458984375
2026-03-20,649.5553588867188
2026-03-23,656.5765380859375
2026-03-24,654.47216796875
2026-03-25,657.9727783203125
2026-03-26,646.274169921875
2026-03-27,635.28369140625
2026-03-30,633.2291870117188
2026-03-31,651.4602661132812
2026-04-01,656.2972412109375
2026-04-02,657.1948852539062
2026-04-06,660.0870361328125
2026-04-07,660.605712890625
2026-04-08,677.1712036132812
2026-04-09,681.180419921875
2026-04-10,680.7914428710938
2026-04-13,687.6929321289062
2026-04-14,695.8211059570312
2026-04-15,701.306396484375
2026-04-16,702.8522338867188
2026-04-17,711.4490966796875
2026-04-20,710.1825561523438
2026-04-21,705.3355102539062
2026-04-22,712.6459350585938
2026-04-23,709.8334350585938
2026-04-24,715.358642578125
2026-04-27,716.5753784179688
2026-04-28,713.0448608398438
2026-04-29,712.9750366210938
2026-04-30,720.1358032226562
2026-05-01,722.0706176757812
2026-05-04,719.4576416015625
2026-05-05,725.0326538085938
2026-05-06,735.4346923828125
2026-05-07,732.9912719726562
2026-05-08,738.9851684570312
2026-05-11,740.7603759765625
2026-05-12,739.6234130859375
2026-05-13,743.7423706054688
2026-05-14,749.5468139648438
2026-05-15,740.4612426757812
2026-05-18,739.922607421875
2026-05-19,735.2152709960938
2026-05-20,742.794921875
2026-05-21,744.1812133789062
2026-05-22,747.13330078125
2026-05-26,752.0101928710938
2026-05-27,752.1497802734375
2026-05-28,756.1390991210938
2026-05-29,758.0140380859375
2026-06-01,759.9788208007812
2026-06-02,761.0159912109375
2026-06-03,755.2215576171875
2026-06-04,758.7919921875
2026-06-05,738.92529296875
2026-06-08,740.6705932617188
2026-06-09,738.7657470703125
2026-06-10,726.9674072265625
2026-06-11,739.06494140625
2026-06-12,743.14404296875
2026-06-15,756.3499755859375
2026-06-16,752.010009765625
2026-06-17,742.6099853515625
2026-06-18,750.1099853515625
2026-06-22,747.780029296875
2026-06-23,737.1400146484375
2026-06-24,736.6599731445312
2026-06-25,736.5
2026-06-26,730.1699829101562
2026-06-29,744.1900024414062
2026-06-30,748.8900146484375
2026-07-01,749.0999755859375
2026-07-02,748.4299926757812
2026-07-06,754.760009765625
2026-07-07,751.0800170898438
2026-07-08,749.0599975585938
2026-07-09,755.0499877929688
2026-07-10,758.1099853515625
2026-07-13,752.5800170898438
2026-07-14,755.1199951171875
2026-07-15,758.3900146484375
2026-07-16,754.4199829101562
2026-07-17,746.719970703125
2026-07-20,745.3599853515625
2026-07-21,751.9500122070312
2026-07-22,750.9299926757812
