Date,adj_close
2006-06-21,0.9827169179916382
2006-06-22,0.9595947861671448
2006-06-23,0.9567385315895081
2006-06-26,0.9602742791175842
2006-06-27,0.9243661761283875
2006-06-28,0.9356557130813599
2006-06-29,0.992238461971283
2006-06-30,0.9827169179916382
2006-07-03,0.9941420555114746
2006-07-05,0.9549696445465088
2006-07-06,0.9493932127952576
2006-07-07,0.9285829067230225
2006-07-10,0.9132131934165955
2006-07-11,0.928174614906311
2006-07-12,0.8914507031440735
2006-07-13,0.8630227446556091
2006-07-14,0.8453410267829895
2006-07-17,0.8494211435317993
2006-07-18,0.8541816473007202
2006-07-19,0.872680127620697
2006-07-20,0.8488770723342896
2006-07-21,0.8296988606452942
2006-07-24,0.8603024482727051
2006-07-25,0.8687357306480408
2006-07-26,0.8705037832260132
2006-07-27,0.8616629242897034
2006-07-28,0.8960747122764587
2006-07-31,0.8943068981170654
2006-08-01,0.8637034296989441
2006-08-02,0.8796170949935913
2006-08-03,0.8943068981170654
2006-08-04,0.886145830154419
2006-08-07,0.8754003643989563
2006-08-08,0.864383339881897
2006-08-09,0.8639748096466064
2006-08-10,0.8749920725822449
2006-08-11,0.8664236664772034
2006-08-14,0.874312162399292
2006-08-15,0.9198779463768005
2006-08-16,0.9636746048927307
2006-08-17,0.9697960615158081
2006-08-18,0.9684352874755859
2006-08-21,0.9507538676261902
2006-08-22,0.9532015919685364
2006-08-23,0.9371519684791565
2006-08-24,0.9443607926368713
2006-08-25,0.9480336308479309
2006-08-28,0.9616349935531616
2006-08-29,0.9677555561065674
2006-08-30,0.9763248562812805
2006-08-31,0.9752368330955505
2006-09-01,0.9840776920318604
2006-09-05,1.0017590522766113
2006-09-06,0.9627231955528259
2006-09-07,0.9541540145874023
2006-09-08,0.9636746048927307
2006-09-11,0.9765965342521667
2006-09-12,1.0145453214645386
2006-09-13,1.0262421369552612
2006-09-14,1.0251541137695312
2006-09-15,1.0350840091705322
2006-09-18,1.0342670679092407
2006-09-19,1.0217537879943848
2006-09-20,1.0520856380462646
2006-09-21,1.0384840965270996
2006-09-22,1.0205299854278564
2006-09-25,1.0582064390182495
2006-09-26,1.0669113397598267
2006-09-27,1.06147038936615
2006-09-28,1.0677275657653809
2006-09-29,1.059566855430603
2006-10-02,1.03372323513031
2006-10-03,1.04106867313385
2006-10-04,1.088809847831726
2006-10-05,1.1030921936035156
2006-10-06,1.096970796585083
2006-10-09,1.1024113893508911
2006-10-10,1.108532428741455
2006-10-11,1.1044520139694214
2006-10-12,1.141176700592041
2006-10-13,1.149881362915039
2006-10-16,1.1520578861236572
2006-10-17,1.129615068435669
2006-10-18,1.1139732599258423
2006-10-19,1.1234935522079468
2006-10-20,1.1262141466140747
2006-10-23,1.146344542503357
2006-10-24,1.1354633569717407
2006-10-25,1.1493372917175293
2006-10-26,1.1676987409591675
2006-10-27,1.1346478462219238
2006-10-30,1.1479767560958862
2006-10-31,1.154778003692627
2006-11-01,1.1234935522079468
2006-11-02,1.1245819330215454
2006-11-03,1.1180533170700073
2006-11-06,1.1432161331176758
2006-11-07,1.1663395166397095
2006-11-08,1.182117223739624
2006-11-09,1.1656596660614014
2006-11-10,1.1785801649093628
2006-11-13,1.1976226568222046
2006-11-14,1.2282273769378662
2006-11-15,1.2359799146652222
2006-11-16,1.248629093170166
2006-11-17,1.2459083795547485
2006-11-20,1.250669002532959
2006-11-21,1.254069447517395
2006-11-22,1.2698475122451782
2006-11-24,1.2618223428726196
2006-11-27,1.2049674987792969
2006-11-28,1.2085038423538208
2006-11-29,1.2282273769378662
2006-11-30,1.2244187593460083
2006-12-01,1.2080963850021362
2006-12-04,1.238427758216858
2006-12-05,1.2444120645523071
2006-12-06,1.235300064086914
2006-12-07,1.2051036357879639
2006-12-08,1.2173457145690918
2006-12-11,1.2268660068511963
2006-12-12,1.210816740989685
2006-12-13,1.213944911956787
2006-12-14,1.2397880554199219
2006-12-15,1.2479490041732788
2006-12-18,1.219385027885437
2006-12-19,1.2146250009536743
2006-12-20,1.2062407732009888
2006-12-21,1.1895877122879028
2006-12-22,1.1671422719955444
2006-12-26,1.1729347705841064
2006-12-27,1.184374451637268
2006-12-28,1.1743831634521484
2006-12-29,1.1735141277313232
2007-01-03,1.1772797107696533
2007-01-04,1.2195630073547363
2007-01-05,1.2018959522247314
2007-01-08,1.209425926208496
2007-01-09,1.224197268486023
2007-01-10,1.2561992406845093
2007-01-11,1.2771954536437988
2007-01-12,1.2902286052703857
2007-01-16,1.2902286052703857
2007-01-17,1.2667697668075562
2007-01-18,1.2149291038513184
2007-01-19,1.2185492515563965
2007-01-22,1.1946563720703125
2007-01-23,1.189008355140686
2007-01-24,1.2250652313232422
2007-01-25,1.1917603015899658
2007-01-26,1.1835054159164429
2007-01-29,1.1904561519622803
2007-01-30,1.1936426162719727
2007-01-31,1.2084118127822876
2007-02-01,1.209860920906067
2007-02-02,1.2202867269515991
2007-02-05,1.2160874605178833
2007-02-06,1.2105844020843506
2007-02-07,1.2394013404846191
2007-02-08,1.2398362159729004
2007-02-09,1.2011723518371582
2007-02-12,1.1916145086288452
2007-02-13,1.2046476602554321
2007-02-14,1.2407044172286987
2007-02-15,1.2538819313049316
2007-02-16,1.249682903289795
2007-02-20,1.2641634941101074
2007-02-21,1.272417426109314
2007-02-22,1.2858840227127075
2007-02-23,1.2742997407913208
2007-02-26,1.2627146244049072
2007-02-27,1.1410772800445557
2007-02-28,1.165549397468567
2007-03-01,1.1533857583999634
2007-03-02,1.1129851341247559
2007-03-05,1.097635269165039
2007-03-06,1.1377464532852173
2007-03-07,1.127320408821106
2007-03-08,1.1483180522918701
2007-03-09,1.1442633867263794
2007-03-12,1.1548346281051636
2007-03-13,1.1111016273498535
2007-03-14,1.1419463157653809
2007-03-15,1.1387604475021362
2007-03-16,1.1345609426498413
2007-03-19,1.1574405431747437
2007-03-20,1.1729347705841064
2007-03-21,1.216376781463623
2007-03-22,1.209136962890625
2007-03-23,1.1985654830932617
2007-03-26,1.207833170890808
2007-03-27,1.194973111152649
2007-03-28,1.1702072620391846
2007-03-29,1.1687594652175903
2007-03-30,1.1728146076202393
2007-04-02,1.168469786643982
2007-04-03,1.202214002609253
2007-04-04,1.2093112468719482
2007-04-05,1.222345232963562
2007-04-09,1.2164078950881958
2007-04-10,1.2258211374282837
2007-04-11,1.2007664442062378
2007-04-12,1.2216211557388306
2007-04-13,1.2259663343429565
2007-04-16,1.2474002838134766
2007-04-17,1.2524696588516235
2007-04-18,1.2476903200149536
2007-04-19,1.248704433441162
2007-04-20,1.267531394958496
2007-04-23,1.2681106328964233
2007-04-24,1.2782493829727173
2007-04-25,1.315035104751587
2007-04-26,1.3287941217422485
2007-04-27,1.3302415609359741
2007-04-30,1.295483112335205
2007-05-01,1.3034486770629883
2007-05-02,1.3201042413711548
2007-05-03,1.3302415609359741
2007-05-04,1.3334286212921143
2007-05-07,1.3303871154785156
2007-05-08,1.3296624422073364
2007-05-09,1.3395106792449951
2007-05-10,1.3059107065200806
2007-05-11,1.3366140127182007
2007-05-14,1.3173521757125854
2007-05-15,1.2983794212341309
2007-05-16,1.322566270828247
2007-05-17,1.3083736896514893
2007-05-18,1.3298076391220093
2007-05-21,1.3483458757400513
2007-05-22,1.3499380350112915
2007-05-23,1.3380626440048218
2007-05-24,1.3002631664276123
2007-05-25,1.3141666650772095
2007-05-29,1.3309664726257324
2007-05-30,1.354573130607605
2007-05-31,1.3716627359390259
2007-06-01,1.370504379272461
2007-06-04,1.3744146823883057
2007-06-05,1.3762974739074707
2007-06-06,1.3448699712753296
2007-06-07,1.2999727725982666
2007-06-08,1.3348759412765503
2007-06-11,1.3295174837112427
2007-06-12,1.3115589618682861
2007-06-13,1.3374834060668945
2007-06-14,1.361090898513794
2007-06-15,1.3867249488830566
2007-06-18,1.3852760791778564
2007-06-19,1.3835381269454956
2007-06-20,1.3587733507156372
2007-06-21,1.384263038635254
2007-06-22,1.3571802377700806
2007-06-25,1.3505175113677979
2007-06-26,1.3353110551834106
2007-06-27,1.3657251596450806
2007-06-28,1.3692010641098022
2007-06-29,1.3777450323104858
2007-07-02,1.3952701091766357
2007-07-03,1.411345362663269
2007-07-05,1.4274214506149292
2007-07-06,1.4446557760238647
2007-07-09,1.4459593296051025
2007-07-10,1.4223523139953613
2007-07-11,1.4463942050933838
2007-07-12,1.4837592840194702
2007-07-13,1.5056281089782715
2007-07-16,1.5040348768234253
2007-07-17,1.5190973281860352
2007-07-18,1.5206904411315918
2007-07-19,1.527353048324585
2007-07-20,1.5144622325897217
2007-07-23,1.5120006799697876
2007-07-24,1.470869779586792
2007-07-25,1.4728977680206299
2007-07-26,1.4403107166290283
2007-07-27,1.3829588890075684
2007-07-30,1.4219179153442383
2007-07-31,1.3613797426223755
2007-08-01,1.377890706062317
2007-08-02,1.405118703842163
2007-08-03,1.3493592739105225
2007-08-06,1.375862717628479
2007-08-07,1.3928076028823853
2007-08-08,1.4336495399475098
2007-08-09,1.3621039390563965
2007-08-10,1.3364697694778442
2007-08-13,1.3538484573364258
2007-08-14,1.3106908798217773
2007-08-15,1.2621732950210571
2007-08-16,1.2332074642181396
2007-08-17,1.2770906686782837
2007-08-20,1.285345435142517
2007-08-21,1.3215521574020386
2007-08-22,1.3524013757705688
2007-08-23,1.3468972444534302
2007-08-24,1.3867249488830566
2007-08-27,1.3594974279403687
2007-08-28,1.3012762069702148
2007-08-29,1.372821569442749
2007-08-30,1.3939659595489502
2007-08-31,1.4182966947555542
2007-09-04,1.4678285121917725
2007-09-05,1.4375598430633545
2007-09-06,1.4337934255599976
2007-09-07,1.3864346742630005
2007-09-10,1.384263038635254
2007-09-11,1.4193110466003418
2007-09-12,1.4255390167236328
2007-09-13,1.4317666292190552
2007-09-14,1.4316209554672241
2007-09-17,1.4075804948806763
2007-09-18,1.4810080528259277
2007-09-19,1.4898420572280884
2007-09-20,1.4802830219268799
2007-09-21,1.4982417821884155
2007-09-24,1.5144622325897217
2007-09-25,1.54082190990448
2007-09-26,1.554580569267273
2007-09-27,1.5750008821487427
2007-09-28,1.5655875205993652
2007-10-01,1.592380166053772
2007-10-02,1.5960007905960083
2007-10-03,1.5713804960250854
2007-10-04,1.5786216259002686
2007-10-05,1.6516140699386597
2007-10-08,1.6640703678131104
2007-10-09,1.6828973293304443
2007-10-10,1.6923109292984009
2007-10-11,1.6430693864822388
2007-10-12,1.690572738647461
2007-10-15,1.66233229637146
2007-10-16,1.6546560525894165
2007-10-17,1.6899938583374023
2007-10-18,1.7014350891113281
2007-10-19,1.6200425624847412
2007-10-22,1.6542221307754517
2007-10-23,1.7115740776062012
2007-10-24,1.7010002136230469
2007-10-25,1.6817388534545898
2007-10-26,1.7028839588165283
2007-10-29,1.7195382118225098
2007-10-30,1.719828724861145
2007-10-31,1.7737046480178833
2007-11-01,1.7205524444580078
2007-11-02,1.738801121711731
2007-11-05,1.717656135559082
2007-11-06,1.7458975315093994
2007-11-07,1.6642147302627563
2007-11-08,1.545311450958252
2007-11-09,1.4574006795883179
2007-11-12,1.3809316158294678
2007-11-13,1.4927388429641724
2007-11-14,1.472462773323059
2007-11-15,1.4446557760238647
2007-11-16,1.473042368888855
2007-11-19,1.4355319738388062
2007-11-20,1.4462493658065796
2007-11-21,1.4019317626953125
2007-11-23,1.4361108541488647
2007-11-26,1.3975874185562134
2007-11-27,1.44074547290802
2007-11-28,1.527207374572754
2007-11-29,1.5387934446334839
2007-11-30,1.527353048324585
2007-12-03,1.4994003772735596
2007-12-04,1.485063076019287
2007-12-05,1.5376348495483398
2007-12-06,1.5719598531723022
2007-12-07,1.5825324058532715
2007-12-10,1.5918012857437134
2007-12-11,1.5231521129608154
2007-12-12,1.5435736179351807
2007-12-13,1.520835280418396
2007-12-14,1.4975179433822632
2007-12-17,1.4288702011108398
2007-12-18,1.431476354598999
2007-12-19,1.4446557760238647
2007-12-20,1.5044496059417725
2007-12-21,1.556642770767212
2007-12-24,1.5749558210372925
2007-12-26,1.5909801721572876
2007-12-27,1.5467227697372437
2007-12-28,1.542449951171875
2007-12-31,1.5142168998718262
2008-01-02,1.4658384323120117
2008-01-03,1.4742318391799927
2008-01-04,1.3466484546661377
2008-01-07,1.3292509317398071
2008-01-08,1.268053412437439
2008-01-09,1.3086484670639038
2008-01-10,1.3094114065170288
2008-01-11,1.2732422351837158
2008-01-14,1.3065115213394165
2008-01-15,1.2468407154083252
2008-01-16,1.2102138996124268
2008-01-17,1.1769437789916992
2008-01-18,1.1705347299575806
2008-01-22,1.106894850730896
2008-01-23,1.1166616678237915
2008-01-24,1.1491692066192627
2008-01-25,1.098806619644165
2008-01-28,1.115594506263733
2008-01-29,1.1207823753356934
2008-01-30,1.119409203529358
2008-01-31,1.1453529596328735
2008-02-01,1.1827435493469238
2008-02-04,1.1413851976394653
2008-02-05,1.0870555639266968
2008-02-06,1.04081392288208
2008-02-07,1.0621793270111084
2008-02-08,1.0759148597717285
2008-02-11,1.1000269651412964
2008-02-12,1.0919393301010132
2008-02-13,1.1308557987213135
2008-02-14,1.0951439142227173
2008-02-15,1.0911765098571777
2008-02-19,1.0807989835739136
2008-02-20,1.0907180309295654
2008-02-21,1.074083924293518
2008-02-22,1.083545207977295
2008-02-25,1.0879706144332886
2008-02-26,1.0980432033538818
2008-02-27,1.1050634384155273
2008-02-28,1.0812559127807617
2008-02-29,1.0490550994873047
2008-03-03,1.026315689086914
2008-03-04,1.0347094535827637
2008-03-05,1.0545493364334106
2008-03-06,1.0008301734924316
2008-03-07,0.9954884648323059
2008-03-10,0.9558091759681702
2008-03-11,1.0424927473068237
2008-03-12,1.0221956968307495
2008-03-13,1.0386780500411987
2008-03-14,0.9968613982200623
2008-03-17,0.9712229371070862
2008-03-18,1.0553122758865356
2008-03-19,1.0026612281799316
2008-03-20,1.031046748161316
2008-03-24,1.115594506263733
2008-03-25,1.1239873170852661
2008-03-26,1.1018586158752441
2008-03-27,1.0792720317840576
2008-03-28,1.0629425048828125
2008-03-31,1.067521095275879
2008-04-01,1.1572569608688354
2008-04-02,1.1651932001113892
2008-04-03,1.1671767234802246
2008-04-04,1.1729763746261597
2008-04-07,1.1664140224456787
2008-04-08,1.156036138534546
2008-04-09,1.1308557987213135
2008-04-10,1.1577153205871582
2008-04-11,1.0956016778945923
2008-04-14,1.07973051071167
2008-04-15,1.0812559127807617
2008-04-16,1.161224365234375
2008-04-17,1.1636663675308228
2008-04-18,1.2100602388381958
2008-04-21,1.2262376546859741
2008-04-22,1.202582597732544
2008-04-23,1.2154021263122559
2008-04-24,1.2318843603134155
2008-04-25,1.233105182647705
2008-04-28,1.2373782396316528
2008-04-29,1.2526394128799438
2008-04-30,1.2338676452636719
2008-05-01,1.311090111732483
2008-05-02,1.325434923171997
2008-05-05,1.308342456817627
2008-05-06,1.337033748626709
2008-05-07,1.2849931716918945
2008-05-08,1.2866722345352173
2008-05-09,1.2859092950820923
2008-05-12,1.3339813947677612
2008-05-13,1.3417648077011108
2008-05-14,1.3306242227554321
2008-05-15,1.3826649188995361
2008-05-16,1.3826649188995361
2008-05-19,1.3692349195480347
2008-05-20,1.3443589210510254
2008-05-21,1.2891136407852173
2008-05-22,1.2865195274353027
2008-05-23,1.2822469472885132
2008-05-27,1.3255882263183594
2008-05-28,1.341002106666565
2008-05-29,1.365419864654541
2008-05-30,1.3811391592025757
2008-06-02,1.3501590490341187
2008-06-03,1.3336763381958008
2008-06-04,1.3564153909683228
2008-06-05,1.407692790031433
2008-06-06,1.3144469261169434
2008-06-09,1.3118528127670288
2008-06-10,1.2947598695755005
2008-06-11,1.23539400100708
2008-06-12,1.2376837730407715
2008-06-13,1.2840778827667236
2008-06-16,1.3025436401367188
2008-06-17,1.2961336374282837
2008-06-18,1.2674427032470703
2008-06-19,1.3033063411712646
2008-06-20,1.2392094135284424
2008-06-23,1.2115873098373413
2008-06-24,1.2039998769760132
2008-06-25,1.2299538850784302
2008-06-26,1.1429296731948853
2008-06-27,1.1461355686187744
2008-06-30,1.119875192642212
2008-07-01,1.149188756942749
2008-07-02,1.092851996421814
2008-07-03,1.0870498418807983
2008-07-07,1.1035383939743042
2008-07-08,1.1426234245300293
2008-07-09,1.0991111993789673
2008-07-10,1.1180431842803955
2008-07-11,1.0835379362106323
2008-07-14,1.0678131580352783
2008-07-15,1.0632325410842896
2008-07-16,1.1140727996826172
2008-07-17,1.1093406677246094
2008-07-18,1.095294713973999
2008-07-21,1.0962103605270386
2008-07-22,1.095294713973999
2008-07-23,1.1203335523605347
2008-07-24,1.0820120573043823
2008-07-25,1.1110197305679321
2008-07-28,1.0772783756256104
2008-07-29,1.109493374824524
2008-07-30,1.1285779476165771
2008-07-31,1.1247605085372925
2008-08-01,1.0975842475891113
2008-08-04,1.0755988359451294
2008-08-05,1.1417078971862793
2008-08-06,1.1759074926376343
2008-08-07,1.1636934280395508
2008-08-08,1.2093425989151
2008-08-11,1.2320917844772339
2008-08-12,1.2369775772094727
2008-08-13,1.2310230731964111
2008-08-14,1.260488748550415
2008-08-15,1.2612521648406982
2008-08-18,1.2339240312576294
2008-08-19,1.2030830383300781
2008-08-20,1.1962127685546875
2008-08-21,1.1820142269134521
2008-08-22,1.2152972221374512
2008-08-25,1.1701053380966187
2008-08-26,1.1653720140457153
2008-08-27,1.1769750118255615
2008-08-28,1.1833882331848145
2008-08-29,1.1462877988815308
2008-09-02,1.1174324750900269
2008-09-03,1.0969735383987427
2008-09-04,1.0262856483459473
2008-09-05,1.0227733850479126
2008-09-08,1.0111703872680664
2008-09-09,0.9731541275978088
2008-09-10,0.9820089340209961
2008-09-11,1.0217044353485107
2008-09-12,1.0256744623184204
2008-09-15,0.9586498141288757
2008-09-16,0.9649092555046082
2008-09-17,0.8687244057655334
2008-09-18,0.9314730763435364
2008-09-19,0.9670471549034119
2008-09-22,0.8939155340194702
2008-09-23,0.8763575553894043
2008-09-24,0.8945258855819702
2008-09-25,0.9036865830421448
2008-09-26,0.8977321982383728
2008-09-29,0.7244450449943542
2008-09-30,0.7997147440910339
2008-10-01,0.7787975072860718
2008-10-02,0.7160487174987793
2008-10-03,0.6832231283187866
2008-10-06,0.6192519664764404
2008-10-07,0.557266116142273
2008-10-08,0.5430665612220764
2008-10-09,0.5010814070701599
2008-10-10,0.5085623264312744
2008-10-13,0.6336037516593933
2008-10-14,0.5748231410980225
2008-10-15,0.4697822034358978
2008-10-16,0.5232193470001221
2008-10-17,0.5221503973007202
2008-10-20,0.557266116142273
2008-10-21,0.5012341141700745
2008-10-22,0.4673394560813904
2008-10-23,0.46306464076042175
2008-10-24,0.43634718656539917
2008-10-27,0.41085004806518555
2008-10-28,0.4968065619468689
2008-10-29,0.5021496415138245
2008-10-30,0.5282571911811829
2008-10-31,0.5310056209564209
2008-11-03,0.5334486961364746
2008-11-04,0.563830554485321
2008-11-05,0.5023028254508972
2008-11-06,0.45482057332992554
2008-11-07,0.4746679961681366
2008-11-10,0.4667287766933441
2008-11-11,0.448255330324173
2008-11-12,0.4029109477996826
2008-11-13,0.45008745789527893
2008-11-14,0.40581202507019043
2008-11-17,0.39008629322052
2008-11-18,0.386574387550354
2008-11-19,0.34657394886016846
2008-11-20,0.31496986746788025
2008-11-21,0.3397027552127838
2008-11-24,0.3801625370979309
2008-11-25,0.3775663375854492
2008-11-26,0.4087121784687042
2008-11-28,0.40367409586906433
2008-12-01,0.3436727821826935
2008-12-02,0.36565813422203064
2008-12-03,0.3839791715145111
2008-12-04,0.3633677363395691
2008-12-05,0.39252907037734985
2008-12-08,0.42367470264434814
2008-12-09,0.42031553387641907
2008-12-10,0.4198581576347351
2008-12-11,0.3966515362262726
2008-12-12,0.41207143664360046
2008-12-15,0.39771947264671326
2008-12-16,0.43512576818466187
2008-12-17,0.4248961806297302
2008-12-18,0.4111548960208893
2008-12-19,0.41573578119277954
2008-12-22,0.3995516002178192
2008-12-23,0.3945135474205017
2008-12-24,0.3955824673175812
2008-12-26,0.3958873748779297
2008-12-29,0.3858112394809723
2008-12-30,0.4033691883087158
2008-12-31,0.4105442464351654
2009-01-02,0.4467290937900543
2009-01-05,0.4467290937900543
2009-01-06,0.455889493227005
2009-01-07,0.4303925335407257
2009-01-08,0.4397055506706238
2009-01-09,0.42016303539276123
2009-01-12,0.4045906364917755
2009-01-13,0.4041323959827423
2009-01-14,0.3798566460609436
2009-01-15,0.39100179076194763
2009-01-16,0.40077292919158936
2009-01-20,0.36260461807250977
2009-01-21,0.390391081571579
2009-01-22,0.3821471035480499
2009-01-23,0.38367342948913574
2009-01-26,0.3894754946231842
2009-01-27,0.3958873748779297
2009-01-28,0.4223010540008545
2009-01-29,0.40199440717697144
2009-01-30,0.38672685623168945
2009-02-02,0.3968038856983185
2009-02-03,0.4094761908054352
2009-02-04,0.4097810685634613
2009-02-05,0.42840802669525146
2009-02-06,0.4502398371696472
2009-02-09,0.4552789032459259
2009-02-10,0.4210795760154724
2009-02-11,0.4180260896682739
2009-02-12,0.4274913966655731
2009-02-13,0.4229116439819336
2009-02-17,0.39084941148757935
2009-02-18,0.38978031277656555
2009-02-19,0.3786352574825287
2009-02-20,0.3797042965888977
2009-02-23,0.3535965383052826
2009-02-24,0.3755818009376526
2009-02-25,0.3713069260120392
2009-02-26,0.351153701543808
2009-02-27,0.34382525086402893
2009-03-02,0.3221457898616791
2009-03-03,0.3215351402759552
2009-03-04,0.3378707468509674
2009-03-05,0.3183281123638153
2009-03-06,0.31344255805015564
2009-03-09,0.2992440462112427
2009-03-10,0.33573371171951294
2009-03-11,0.34580984711647034
2009-03-12,0.3691699206829071
2009-03-13,0.37191757559776306
2009-03-16,0.3583296835422516
2009-03-17,0.3853530287742615
2009-03-18,0.39512431621551514
2009-03-19,0.3949718475341797
2009-03-20,0.38352087140083313
2009-03-23,0.4287128448486328
2009-03-24,0.41359782218933105
2009-03-25,0.41634634137153625
2009-03-26,0.44245415925979614
2009-03-27,0.4247438609600067
2009-03-30,0.40321579575538635
2009-03-31,0.4123762845993042
2009-04-01,0.42382732033729553
2009-04-02,0.4510039985179901
2009-04-03,0.4674929678440094
2009-04-06,0.4647442698478699
2009-04-07,0.43924716114997864
2009-04-08,0.455889493227005
2009-04-09,0.4832177460193634
2009-04-13,0.48199641704559326
2009-04-14,0.4696299731731415
2009-04-15,0.46901920437812805
2009-04-16,0.49222588539123535
2009-04-17,0.49253177642822266
2009-04-20,0.4607751965522766
2009-04-21,0.47405722737312317
2009-04-22,0.47833213210105896
2009-04-23,0.4882567822933197
2009-04-24,0.5044400095939636
2009-04-27,0.5048982501029968
2009-04-28,0.4978746473789215
2009-04-29,0.5111576914787292
2009-04-30,0.5209288597106934
2009-05-01,0.5236775875091553
2009-05-04,0.5458152294158936
2009-05-05,0.544135570526123
2009-05-06,0.543982982635498
2009-05-07,0.5180278420448303
2009-05-08,0.5198601484298706
2009-05-11,0.5230668783187866
2009-05-12,0.5100886225700378
2009-05-13,0.48184388875961304
2009-05-14,0.49222588539123535
2009-05-15,0.4911569058895111
2009-05-18,0.517264723777771
2009-05-19,0.5232193470001221
2009-05-20,0.5189443826675415
2009-05-21,0.5000126957893372
2009-05-22,0.4961959719657898
2009-05-26,0.5340595245361328
2009-05-27,0.5252038240432739
2009-05-28,0.5394023060798645
2009-05-29,0.5511589646339417
2009-06-01,0.5844417810440063
2009-06-02,0.5844417810440063
2009-06-03,0.5829154849052429
2009-06-04,0.5946713089942932
2009-06-05,0.5961975455284119
2009-06-08,0.5916178822517395
2009-06-09,0.6015415191650391
2009-06-10,0.5968084335327148
2009-06-11,0.5961975455284119
2009-06-12,0.5919228196144104
2009-06-15,0.5664265751838684
2009-06-16,0.556502103805542
2009-06-17,0.5658159255981445
2009-06-18,0.5629149079322815
2009-06-19,0.5755870938301086
2009-06-22,0.5430665612220764
2009-06-23,0.5400128960609436
2009-06-24,0.5575710535049438
2009-06-25,0.5803194046020508
2009-06-26,0.5824573636054993
2009-06-29,0.5841370224952698
2009-06-30,0.5816941857337952
2009-07-01,0.5826098322868347
2009-07-02,0.5575710535049438
2009-07-06,0.552380383014679
2009-07-07,0.5247456431388855
2009-07-08,0.5294787287712097
2009-07-09,0.5305476784706116
2009-07-10,0.535891592502594
2009-07-13,0.5557389855384827
2009-07-14,0.559708833694458
2009-07-15,0.5969616770744324
2009-07-16,0.6113128066062927
2009-07-17,0.6178780794143677
2009-07-20,0.6299397349357605
2009-07-21,0.6397110223770142
2009-07-22,0.6488714218139648
2009-07-23,0.6781851649284363
2009-07-24,0.6775743961334229
2009-07-27,0.6786425709724426
2009-07-28,0.6830708980560303
2009-07-29,0.6775743961334229
2009-07-30,0.6853601336479187
2009-07-31,0.6806278824806213
2009-08-03,0.7012383341789246
2009-08-04,0.7007813453674316
2009-08-05,0.6911624073982239
2009-08-06,0.6791009306907654
2009-08-07,0.6946741938591003
2009-08-10,0.6871923208236694
2009-08-11,0.6748256087303162
2009-08-12,0.6955896019935608
2009-08-13,0.7026132941246033
2009-08-14,0.6865817904472351
2009-08-17,0.6465809941291809
2009-08-18,0.664749801158905
2009-08-19,0.6740627884864807
2009-08-20,0.690399169921875
2009-08-21,0.7074988484382629
2009-08-24,0.7064298987388611
2009-08-25,0.7111630439758301
2009-08-26,0.7093310356140137
2009-08-27,0.7122310996055603
2009-08-28,0.7139106392860413
2009-08-31,0.6987956166267395
2009-09-01,0.6728413105010986
2009-09-02,0.6714674234390259
2009-09-03,0.6806278824806213
2009-09-04,0.7093310356140137
2009-09-08,0.723529577255249
2009-09-09,0.7355909943580627
2009-09-10,0.7493314743041992
2009-09-11,0.7505528926849365
2009-09-14,0.7565075159072876
2009-09-15,0.7615455389022827
2009-09-16,0.7838366031646729
2009-09-17,0.7832257747650146
2009-09-18,0.7870425581932068
2009-09-21,0.7904008626937866
2009-09-22,0.7937604188919067
2009-09-23,0.785515308380127
2009-09-24,0.7720797657966614
2009-09-25,0.7586445212364197
2009-09-28,0.784294068813324
2009-09-29,0.7777296900749207
2009-09-30,0.7781870365142822
2009-10-01,0.7328426241874695
2009-10-02,0.7278044819831848
2009-10-05,0.7398659586906433
2009-10-06,0.7655156254768372
2009-10-07,0.7699428796768188
2009-10-08,0.7769653797149658
2009-10-09,0.7849045395851135
2009-10-12,0.7887222766876221
2009-10-13,0.7885686755180359
2009-10-14,0.8102490901947021
2009-10-15,0.8073481917381287
2009-10-16,0.7969661951065063
2009-10-19,0.8116230368614197
2009-10-20,0.8125395178794861
2009-10-21,0.8093327283859253
2009-10-22,0.8165087103843689
2009-10-23,0.8099434971809387
2009-10-26,0.8041422367095947
2009-10-27,0.7803247570991516
2009-10-28,0.7447516918182373
2009-10-29,0.7693321704864502
2009-10-30,0.7282628417015076
2009-11-02,0.7340639233589172
2009-11-03,0.7391019463539124
2009-11-04,0.7415446639060974
2009-11-05,0.777423620223999
2009-11-06,0.7870425581932068
2009-11-09,0.8207836747169495
2009-11-10,0.8233789801597595
2009-11-11,0.8346772789955139
2009-11-12,0.8259750008583069
2009-11-13,0.8398677110671997
2009-11-16,0.8569675087928772
2009-11-17,0.8615481853485107
2009-11-18,0.8526924848556519
2009-11-19,0.8252108693122864
2009-11-20,0.8180359601974487
2009-11-23,0.8427687883377075
2009-11-24,0.8374249339103699
2009-11-25,0.8444485664367676
2009-11-27,0.8192574977874756
2009-11-30,0.8201729655265808
2009-12-01,0.837578296661377
2009-12-02,0.8404785990715027
2009-12-03,0.8336082696914673
2009-12-04,0.8418533205986023
2009-12-07,0.8336082696914673
2009-12-08,0.8233789801597595
2009-12-09,0.8398677110671997
2009-12-10,0.8484175801277161
2009-12-11,0.8423105478286743
2009-12-14,0.8577315211296082
2009-12-15,0.8487233519554138
2009-12-16,0.8510138988494873
2009-12-17,0.8305550217628479
2009-12-18,0.8565101027488708
2009-12-21,0.8763575553894043
2009-12-22,0.8867394924163818
2009-12-23,0.8992592692375183
2009-12-24,0.9157482385635376
2009-12-28,0.9249090552330017
2009-12-29,0.9177327156066895
2009-12-30,0.9230767488479614
2009-12-31,0.9081140756607056
2010-01-04,0.9323895573616028
2010-01-05,0.933000385761261
2010-01-06,0.9227707982063293
2010-01-07,0.9229233264923096
2010-01-08,0.9378860592842102
2010-01-11,0.9310157895088196
2010-01-12,0.9078092575073242
2010-01-13,0.9294885396957397
2010-01-14,0.9307100176811218
2010-01-15,0.9099462032318115
2010-01-19,0.9384966492652893
2010-01-20,0.9122363924980164
2010-01-21,0.8943738341331482
2010-01-22,0.8429214358329773
2010-01-25,0.8478068709373474
2010-01-26,0.8496391177177429
2010-01-27,0.8623113036155701
2010-01-28,0.8192574977874756
2010-01-29,0.7899436950683594
2010-02-01,0.8064325451850891
2010-02-02,0.8212418556213379
2010-02-03,0.830707311630249
2010-02-04,0.7835308313369751
2010-02-05,0.7946758270263672
2010-02-08,0.7845996618270874
2010-02-09,0.8007828593254089
2010-02-10,0.7974244356155396
2010-02-11,0.8207836747169495
2010-02-12,0.8247535824775696
2010-02-16,0.8455175757408142
2010-02-17,0.8545246124267578
2010-02-18,0.8655171990394592
2010-02-19,0.8644493818283081
2010-02-22,0.8607850670814514
2010-02-23,0.8389522433280945
2010-02-24,0.8554412722587585
2010-02-25,0.8572733402252197
2010-02-26,0.8623113036155701
2010-03-01,0.8865869641304016
2010-03-02,0.8919309377670288
2010-03-03,0.8940678238868713
2010-03-04,0.8997166156768799
2010-03-05,0.9262827038764954
2010-03-08,0.9305574893951416
2010-03-09,0.9432299137115479
2010-03-10,0.9560547471046448
2010-03-11,0.9629248976707458
2010-03-12,0.9642989039421082
2010-03-15,0.960329532623291
2010-03-16,0.9720854759216309
2010-03-17,0.9755970239639282
2010-03-18,0.9824674725532532
2010-03-19,0.9711686372756958
2010-03-22,0.988574206829071
2010-03-23,1.0027729272842407
2010-03-24,0.993153989315033
2010-03-25,0.9888789653778076
2010-03-26,0.9923909902572632
2010-03-29,1.001246452331543
2010-03-30,1.00765860080719
2010-03-31,0.9991085529327393
2010-04-01,0.9981934428215027
2010-04-05,1.0159032344818115
2010-04-06,1.0215517282485962
2010-04-07,1.0177357196807861
2010-04-08,1.020635724067688
2010-04-09,1.0333080291748047
2010-04-12,1.0348351001739502
2010-04-13,1.0455220937728882
2010-04-14,1.0707131624221802
2010-04-15,1.0800267457962036
2010-04-16,1.0545300245285034
2010-04-19,1.052698016166687
2010-04-20,1.063690423965454
2010-04-21,1.0755988359451294
2010-04-22,1.086897373199463
2010-04-23,1.0962103605270386
2010-04-26,1.0908660888671875
2010-04-27,1.0459800958633423
2010-04-28,1.046895980834961
2010-04-29,1.08216392993927
2010-04-30,1.0412466526031494
2010-05-03,1.0691866874694824
2010-05-04,1.004604697227478
2010-05-05,0.9948339462280273
2010-05-06,0.9290302991867065
2010-05-07,0.8842964768409729
2010-05-10,0.9725435972213745
2010-05-11,0.9714745879173279
2010-05-12,1.00765860080719
2010-05-13,0.9762077927589417
2010-05-14,0.9395654201507568
2010-05-17,0.9453666806221008
2010-05-18,0.9192590117454529
2010-05-19,0.9030758738517761
2010-05-20,0.8378832340240479
2010-05-21,0.8551351428031921
2010-05-24,0.8473494052886963
2010-05-25,0.849334180355072
2010-05-26,0.8287225961685181
2010-05-27,0.89376300573349
2010-05-28,0.882311999797821
2010-06-01,0.8653648495674133
2010-06-02,0.9078092575073242
2010-06-03,0.9238397479057312
2010-06-04,0.8630743622779846
2010-06-07,0.8308607339859009
2010-06-08,0.8273488283157349
2010-06-09,0.8126921057701111
2010-06-10,0.8589529395103455
2010-06-11,0.8749836087226868
2010-06-14,0.8751360177993774
2010-06-15,0.921701967716217
2010-06-16,0.9305574893951416
2010-06-17,0.9359014630317688
2010-06-18,0.9384966492652893
2010-06-21,0.9249090552330017
2010-06-22,0.906740128993988
2010-06-23,0.9003271460533142
2010-06-24,0.8722350597381592
2010-06-25,0.8687244057655334
2010-06-28,0.8633803129196167
2010-06-29,0.79681396484375
2010-06-30,0.7725380659103394
2010-07-01,0.7679583430290222
2010-07-02,0.7635300755500793
2010-07-06,0.7674998641014099
2010-07-07,0.8162039518356323
2010-07-08,0.8247535824775696
2010-07-09,0.8412427306175232
2010-07-12,0.8458223342895508
2010-07-13,0.8665862679481506
2010-07-14,0.876663327217102
2010-07-15,0.8788002729415894
2010-07-16,0.8304023146629333
2010-07-19,0.8438378572463989
2010-07-20,0.8632279634475708
2010-07-21,0.8407841324806213
2010-07-22,0.8829226493835449
2010-07-23,0.8942201733589172
2010-07-26,0.9081140756607056
2010-07-27,0.9075034260749817
2010-07-28,0.8936097621917725
2010-07-29,0.8801741003990173
2010-07-30,0.884602427482605
2010-08-02,0.9169696569442749
2010-08-03,0.9097937345504761
2010-08-04,0.928267240524292
2010-08-05,0.9238397479057312
2010-08-06,0.9207863211631775
2010-08-09,0.932542085647583
2010-08-10,0.9180377721786499
2010-08-11,0.8671969771385193
2010-08-12,0.852540135383606
2010-08-13,0.8406319618225098
2010-08-16,0.8438378572463989
2010-08-17,0.8652123212814331
2010-08-18,0.8716243505477905
2010-08-19,0.8455175757408142
2010-08-20,0.8476546406745911
2010-08-23,0.8310130834579468
2010-08-24,0.8009363412857056
2010-08-25,0.8151348233222961
2010-08-26,0.7963554859161377
2010-08-27,0.8163561820983887
2010-08-30,0.7986458539962769
2010-08-31,0.7942185997962952
2010-09-01,0.839715301990509
2010-09-02,0.8592578768730164
2010-09-03,0.888571560382843
2010-09-07,0.8754419088363647
2010-09-08,0.8962057828903198
2010-09-09,0.9029235243797302
2010-09-10,0.9094877243041992
2010-09-13,0.9355954527854919
2010-09-14,0.943076491355896
2010-09-15,0.9551381468772888
2010-09-16,0.9624664187431335
2010-09-17,0.9687259793281555
2010-09-20,1.002468228340149
2010-09-21,1.0001775026321411
2010-09-22,0.996817946434021
2010-09-23,0.9960550665855408
2010-09-24,1.0362086296081543
2010-09-27,1.025520920753479
2010-09-28,1.0270484685897827
2010-09-29,1.0210943222045898
2010-09-30,1.0120859146118164
2010-10-01,1.009948968887329
2010-10-04,0.987811267375946
2010-10-05,1.035292387008667
2010-10-06,1.018803358078003
2010-10-07,1.0244531631469727
2010-10-08,1.0369720458984375
2010-10-11,1.0400255918502808
2010-10-12,1.0552932024002075
2010-10-13,1.0716297626495361
2010-10-14,1.0675071477890015
2010-10-15,1.1125465631484985
2010-10-18,1.1093406677246094
2010-10-19,1.0829273462295532
2010-10-20,1.0988056659698486
2010-10-21,1.1032339334487915
2010-10-22,1.1185015439987183
2010-10-25,1.1276620626449585
2010-10-26,1.1343793869018555
2010-10-27,1.1424710750579834
2010-10-28,1.1468987464904785
2010-10-29,1.1430821418762207
2010-11-01,1.1433864831924438
2010-11-02,1.1673575639724731
2010-11-03,1.1788071393966675
2010-11-04,1.2065950632095337
2010-11-05,1.206899642944336
2010-11-08,1.2099531888961792
2010-11-09,1.1946858167648315
2010-11-10,1.1908690929412842
2010-11-11,1.1937705278396606
2010-11-12,1.1536160707473755
2010-11-15,1.1464403867721558
2010-11-16,1.1079660654067993
2010-11-17,1.1140727996826172
2010-11-18,1.1497997045516968
2010-11-19,1.1514792442321777
2010-11-22,1.1716322898864746
2010-11-23,1.1349900960922241
2010-11-24,1.179723858833313
2010-11-26,1.1638460159301758
2010-11-29,1.1633872985839844
2010-11-30,1.1334632635116577
2010-12-01,1.181555986404419
2010-12-02,1.2064423561096191
2010-12-03,1.2119390964508057
2010-12-06,1.2108699083328247
2010-12-07,1.2133123874664307
2010-12-08,1.222778081893921
2010-12-09,1.2238470315933228
2010-12-10,1.2401838302612305
2010-12-13,1.2319388389587402
2010-12-14,1.234534740447998
2010-12-15,1.2249157428741455
2010-12-16,1.2423206567764282
2010-12-17,1.2461379766464233
2010-12-20,1.2487332820892334
2010-12-21,1.261863112449646
2010-12-22,1.263084053993225
2010-12-23,1.2563668489456177
2010-12-27,1.2565199136734009
2010-12-28,1.252855658531189
2010-12-29,1.257893681526184
2010-12-30,1.2514808177947998
2010-12-31,1.2432371377944946
2011-01-03,1.2814052104949951
2011-01-04,1.279115915298462
2011-01-05,1.3014060258865356
2011-01-06,1.3093453645706177
2011-01-07,1.3076653480529785
2011-01-10,1.3163690567016602
2011-01-11,1.319879412651062
2011-01-12,1.3385065793991089
2011-01-13,1.3415603637695312
2011-01-14,1.3607968091964722
2011-01-18,1.368125081062317
2011-01-19,1.337437391281128
2011-01-20,1.316521406173706
2011-01-21,1.2968262434005737
2011-01-24,1.3333147764205933
2011-01-25,1.3362159729003906
2011-01-26,1.3517897129058838
2011-01-27,1.367972731590271
2011-01-28,1.2985050678253174
2011-01-31,1.3114830255508423
2011-02-01,1.3597285747528076
2011-02-02,1.355453372001648
2011-02-03,1.3594226837158203
2011-02-04,1.3759119510650635
2011-02-07,1.3891947269439697
2011-02-08,1.4088895320892334
2011-02-09,1.4026304483413696
2011-02-10,1.407668113708496
2011-02-11,1.4267524480819702
2011-02-14,1.4336236715316772
2011-02-15,1.4301118850708008
2011-02-16,1.4490433931350708
2011-02-17,1.4478223323822021
2011-02-18,1.441867470741272
2011-02-22,1.3565218448638916
2011-02-23,1.3345364332199097
2011-02-24,1.3475145101547241
2011-02-25,1.3858355283737183
2011-02-28,1.3928591012954712
2011-03-01,1.3484301567077637
2011-03-02,1.3615611791610718
2011-03-03,1.4149967432022095
2011-03-04,1.3994243144989014
2011-03-07,1.3632398843765259
2011-03-08,1.3734691143035889
2011-03-09,1.3542323112487793
2011-03-10,1.3133153915405273
2011-03-11,1.3282771110534668
2011-03-14,1.3186582326889038
2011-03-15,1.2827805280685425
2011-03-16,1.2209458351135254
2011-03-17,1.2421680688858032
2011-03-18,1.237129807472229
2011-03-21,1.2824746370315552
2011-03-22,1.2809481620788574
2011-03-23,1.2937730550765991
2011-03-24,1.3427820205688477
2011-03-25,1.3461400270462036
2011-03-28,1.3301091194152832
2011-03-29,1.3562167882919312
2011-03-30,1.3695000410079956
2011-03-31,1.3736215829849243
2011-04-01,1.3746901750564575
2011-04-04,1.3664462566375732
2011-04-05,1.3580492734909058
2011-04-06,1.3646142482757568
2011-04-07,1.3640037775039673
2011-04-08,1.3507205247879028
2011-04-11,1.3417123556137085
2011-04-12,1.3238494396209717
2011-04-13,1.3456826210021973
2011-04-14,1.3398804664611816
2011-04-15,1.3356053829193115
2011-04-18,1.3163690567016602
2011-04-19,1.3330103158950806
2011-04-20,1.3924007415771484
2011-04-21,1.4145381450653076
2011-04-25,1.422630786895752
2011-04-26,1.4375929832458496
2011-04-27,1.457745909690857
2011-04-28,1.454081654548645
2011-04-29,1.4528604745864868
2011-05-02,1.4466006755828857
2011-05-03,1.4316381216049194
2011-05-04,1.428584337234497
2011-05-05,1.4113327264785767
2011-05-06,1.4223251342773438
2011-05-09,1.4325549602508545
2011-05-10,1.4560662508010864
2011-05-11,1.4346916675567627
2011-05-12,1.4508757591247559
2011-05-13,1.4172872304916382
2011-05-16,1.367972731590271
2011-05-17,1.374996304512024
2011-05-18,1.399271011352539
2011-05-19,1.406904935836792
2011-05-20,1.3855305910110474
2011-05-23,1.3459874391555786
2011-05-24,1.3287352323532104
2011-05-25,1.3386590480804443
2011-05-26,1.3557590246200562
2011-05-27,1.3690416812896729
2011-05-31,1.4114850759506226
2011-06-01,1.3507205247879028
2011-06-02,1.3571325540542603
2011-06-03,1.3168259859085083
2011-06-06,1.2939252853393555
2011-06-07,1.2902610301971436
2011-06-08,1.2707185745239258
2011-06-09,1.2743828296661377
2011-06-10,1.2368243932724
2011-06-13,1.2349921464920044
2011-06-14,1.2659854888916016
2011-06-15,1.221556544303894
2011-06-16,1.211174726486206
2011-06-17,1.2029308080673218
2011-06-20,1.214686393737793
2011-06-21,1.2664436101913452
2011-06-22,1.2494964599609375
2011-06-23,1.2727032899856567
2011-06-24,1.2282742261886597
2011-06-27,1.2681231498718262
2011-06-28,1.304764986038208
2011-06-29,1.3162153959274292
2011-06-30,1.3501098155975342
2011-07-01,1.391485333442688
2011-07-05,1.404614806175232
2011-07-06,1.4127066135406494
2011-07-07,1.4534709453582764
2011-07-08,1.444462776184082
2011-07-11,1.3937746286392212
2011-07-12,1.370567798614502
2011-07-13,1.382477045059204
2011-07-14,1.3507205247879028
2011-07-15,1.3862940073013306
2011-07-18,1.3719426393508911
2011-07-19,1.4346916675567627
2011-07-20,1.4212565422058105
2011-07-21,1.4420199394226074
2011-07-22,1.470723032951355
2011-07-25,1.465685248374939
2011-07-26,1.4708765745162964
2011-07-27,1.396523356437683
2011-07-28,1.4009506702423096
2011-07-29,1.3910267353057861
2011-08-01,1.3809494972229004
2011-08-02,1.3096506595611572
2011-08-03,1.3328580856323242
2011-08-04,1.2107174396514893
2011-08-05,1.1943806409835815
2011-08-08,1.0545300245285034
2011-08-09,1.1520904302597046
2011-08-10,1.0577362775802612
2011-08-11,1.1507152318954468
2011-08-12,1.1699522733688354
2011-08-15,1.2043044567108154
2011-08-16,1.1839988231658936
2011-08-17,1.171021819114685
2011-08-18,1.056972622871399
2011-08-19,1.0183464288711548
2011-08-22,1.0249106884002686
2011-08-23,1.108271837234497
2011-08-24,1.1253716945648193
2011-08-25,1.0899509191513062
2011-08-26,1.1430821418762207
2011-08-29,1.2091903686523438
2011-08-30,1.2236946821212769
2011-08-31,1.229343295097351
2011-09-01,1.2052210569381714
2011-09-02,1.1488831043243408
2011-09-06,1.1493412256240845
2011-09-07,1.2070534229278564
2011-09-08,1.1959071159362793
2011-09-09,1.1427760124206543
2011-09-12,1.1731585264205933
2011-09-13,1.2032352685928345
2011-09-14,1.2377405166625977
2011-09-15,1.2743828296661377
2011-09-16,1.2960621118545532
2011-09-19,1.298963189125061
2011-09-20,1.2878180742263794
2011-09-21,1.2424741983413696
2011-09-22,1.1621659994125366
2011-09-23,1.1861358880996704
2011-09-26,1.2133123874664307
2011-09-27,1.2386560440063477
2011-09-28,1.2020143270492554
2011-09-29,1.1742278337478638
2011-09-30,1.113768219947815
2011-10-03,1.0555987358093262
2011-10-04,1.0988056659698486
2011-10-05,1.155295968055725
2011-10-06,1.1934643983840942
2011-10-07,1.1785025596618652
2011-10-10,1.2591150999069214
2011-10-11,1.2749934196472168
2011-10-12,1.289650321006775
2011-10-13,1.3137726783752441
2011-10-14,1.361102819442749
2011-10-17,1.3214068412780762
2011-10-18,1.3522465229034424
2011-10-19,1.3001848459243774
2011-10-20,1.288581132888794
2011-10-21,1.3197271823883057
2011-10-24,1.3742321729660034
2011-10-25,1.3211008310317993
2011-10-26,1.317284345626831
2011-10-27,1.3907209634780884
2011-10-28,1.3936220407485962
2011-10-31,1.3476670980453491
2011-11-01,1.2766729593276978
2011-11-02,1.2972835302352905
2011-11-03,1.3517897129058838
2011-11-04,1.3383541107177734
2011-11-07,1.3568274974822998
2011-11-08,1.3879735469818115
2011-11-09,1.2920928001403809
2011-11-10,1.288581132888794
2011-11-11,1.336674451828003
2011-11-14,1.3214068412780762
2011-11-15,1.3501098155975342
2011-11-16,1.304307222366333
2011-11-17,1.2465955018997192
2011-11-18,1.2253743410110474
2011-11-21,1.1789608001708984
2011-11-22,1.1849143505096436
2011-11-23,1.1313260793685913
2011-11-25,1.1149897575378418
2011-11-28,1.1916321516036987
2011-11-29,1.1774334907531738
2011-11-30,1.264305591583252
2011-12-01,1.2820161581039429
2011-12-02,1.2727032899856567
2011-12-05,1.3020166158676147
2011-12-06,1.2957572937011719
2011-12-07,1.2969788312911987
2011-12-08,1.2525503635406494
2011-12-09,1.2920928001403809
2011-12-12,1.2638485431671143
2011-12-13,1.234687089920044
2011-12-14,1.1975867748260498
2011-12-15,1.1899535655975342
2011-12-16,1.2007927894592285
2011-12-19,1.1794182062149048
2011-12-20,1.2481225728988647
2011-12-21,1.2116330862045288
2011-12-22,1.2323970794677734
2011-12-23,1.2540769577026367
2011-12-27,1.2614059448242188
2011-12-28,1.234534740447998
2011-12-29,1.2496485710144043
2011-12-30,1.2436951398849487
2012-01-03,1.2890394926071167
2012-01-04,1.3001848459243774
2012-01-05,1.3223226070404053
2012-01-06,1.3307201862335205
2012-01-09,1.3230865001678467
2012-01-10,1.3421708345413208
2012-01-11,1.3482775688171387
2012-01-12,1.359270453453064
2012-01-13,1.3496512174606323
2012-01-17,1.3717892169952393
2012-01-18,1.4084315299987793
2012-01-19,1.427058458328247
2012-01-20,1.4232419729232788
2012-01-23,1.4235464334487915
2012-01-24,1.4185082912445068
2012-01-25,1.4536235332489014
2012-01-26,1.4430890083312988
2012-01-27,1.45331871509552
2012-01-30,1.4549981355667114
2012-01-31,1.4585089683532715
2012-02-01,1.4814109802246094
2012-02-02,1.491640329360962
2012-02-03,1.5322517156600952
2012-02-06,1.530877709388733
2012-02-07,1.5368324518203735
2012-02-08,1.5510308742523193
2012-02-09,1.5748480558395386
2012-02-10,1.5527105331420898
2012-02-13,1.5800385475158691
2012-02-14,1.5887420177459717
2012-02-15,1.5658398866653442
2012-02-16,1.609963297843933
2012-02-17,1.6000398397445679
2012-02-21,1.6079785823822021
2012-02-22,1.594238042831421
2012-02-23,1.6156128644943237
2012-02-24,1.6262996196746826
2012-02-27,1.6302696466445923
2012-02-28,1.6632474660873413
2012-02-29,1.6496585607528687
2012-03-01,1.6739342212677002
2012-03-02,1.6721023321151733
2012-03-05,1.6385140419006348
2012-03-06,1.605688214302063
2012-03-07,1.6293531656265259
2012-03-08,1.6652320623397827
2012-03-09,1.679278016090393
2012-03-12,1.680652141571045
2012-03-13,1.7423330545425415
2012-03-14,1.7559210062026978
2012-03-15,1.764166235923767
2012-03-16,1.7612648010253906
2012-03-19,1.7888989448547363
2012-03-20,1.7940902709960938
2012-03-21,1.7950059175491333
2012-03-22,1.7866096496582031
2012-03-23,1.7861506938934326
2012-03-26,1.8473738431930542
2012-03-27,1.851954698562622
2012-03-28,1.8372976779937744
2012-03-29,1.8253883123397827
2012-03-30,1.8160756826400757
2012-04-02,1.8531761169433594
2012-04-03,1.8534809350967407
2012-04-04,1.803251028060913
2012-04-05,1.8240147829055786
2012-04-09,1.7976020574569702
2012-04-10,1.7382105588912964
2012-04-11,1.756531834602356
2012-04-12,1.7951592206954956
2012-04-13,1.7418746948242188
2012-04-16,1.704775333404541
2012-04-17,1.7716466188430786
2012-04-18,1.7617228031158447
2012-04-19,1.7253859043121338
2012-04-20,1.7136300802230835
2012-04-23,1.6843162775039673
2012-04-24,1.6641632318496704
2012-04-25,1.7525628805160522
2012-04-26,1.7734789848327637
2012-04-27,1.7945488691329956
2012-04-30,1.7693568468093872
2012-05-01,1.774548053741455
2012-05-02,1.7827916145324707
2012-05-03,1.7456926107406616
2012-05-04,1.6591250896453857
2012-05-07,1.6614155769348145
2012-05-08,1.648895502090454
2012-05-09,1.6433992385864258
2012-05-10,1.6311851739883423
2012-05-11,1.6321015357971191
2012-05-14,1.6021772623062134
2012-05-15,1.5905741453170776
2012-05-16,1.5688936710357666
2012-05-17,1.5026328563690186
2012-05-18,1.4647694826126099
2012-05-21,1.5435501337051392
2012-05-22,1.5408014059066772
2012-05-23,1.5493508577346802
2012-05-24,1.5291982889175415
2012-05-25,1.5230910778045654
2012-05-29,1.5612601041793823
2012-05-30,1.5359156131744385
2012-05-31,1.5227863788604736
2012-06-01,1.4409515857696533
2012-06-04,1.4623266458511353
2012-06-05,1.4751511812210083
2012-06-06,1.5438553094863892
2012-06-07,1.5301148891448975
2012-06-08,1.5612601041793823
2012-06-11,1.511487603187561
2012-06-12,1.5435501337051392
2012-06-13,1.5227863788604736
2012-06-14,1.5343892574310303
2012-06-15,1.5719469785690308
2012-06-18,1.6015666723251343
2012-06-19,1.634238839149475
2012-06-20,1.6388198137283325
2012-06-21,1.5554583072662354
2012-06-22,1.5875208377838135
2012-06-25,1.5258398056030273
2012-06-26,1.5466034412384033
2012-06-27,1.564618468284607
2012-06-28,1.5310301780700684
2012-06-29,1.6256890296936035
2012-07-02,1.6360710859298706
2012-07-03,1.6629420518875122
2012-07-05,1.66477370262146
2012-07-06,1.6229416131973267
2012-07-09,1.6183605194091797
2012-07-10,1.5859931707382202
2012-07-11,1.5676723718643188
2012-07-12,1.5398857593536377
2012-07-13,1.5844670534133911
2012-07-16,1.5765279531478882
2012-07-17,1.591489553451538
2012-07-18,1.6354600191116333
2012-07-19,1.6708810329437256
2012-07-20,1.6284376382827759
2012-07-23,1.5899631977081299
2012-07-24,1.5627862215042114
2012-07-25,1.5411072969436646
2012-07-26,1.5808026790618896
2012-07-27,1.660193920135498
2012-07-30,1.6550025939941406
2012-07-31,1.6522548198699951
2012-08-01,1.6437050104141235
2012-08-02,1.6324068307876587
2012-08-03,1.6925616264343262
2012-08-06,1.719736933708191
2012-08-07,1.7487460374832153
2012-08-08,1.7453867197036743
2012-08-09,1.7560745477676392
2012-08-10,1.759738564491272
2012-08-13,1.7673717737197876
2012-08-14,1.7695099115371704
2012-08-15,1.7783643007278442
2012-08-16,1.819892406463623
2012-08-17,1.8357703685760498
2012-08-20,1.8418775796890259
2012-08-21,1.827831745147705
2012-08-22,1.841572642326355
2012-08-23,1.8125637769699097
2012-08-24,1.8333275318145752
2012-08-27,1.8397403955459595
2012-08-28,1.8397403955459595
2012-08-29,1.8394348621368408
2012-08-30,1.8027925491333008
2012-08-31,1.828136920928955
2012-09-04,1.8235560655593872
2012-09-05,1.8189764022827148
2012-09-06,1.8986729383468628
2012-09-07,1.8934823274612427
2012-09-10,1.8464581966400146
2012-09-11,1.8403511047363281
2012-09-12,1.851954698562622
2012-09-13,1.8992836475372314
2012-09-14,1.9350099563598633
2012-09-17,1.9362316131591797
2012-09-18,1.9398956298828125
2012-09-19,1.946002721786499
2012-09-20,1.9429491758346558
2012-09-21,1.9444752931594849
2012-09-24,1.9188258647918701
2012-09-25,1.866000771522522
2012-09-26,1.8369919061660767
2012-09-27,1.8864587545394897
2012-09-28,1.85745108127594
2012-10-01,1.848900556564331
2012-10-02,1.8617255687713623
2012-10-03,1.8827946186065674
2012-10-04,1.8968406915664673
2012-10-05,1.8757721185684204
2012-10-08,1.8440152406692505
2012-10-09,1.785692811012268
2012-10-10,1.7673717737197876
2012-10-11,1.7536311149597168
2012-10-12,1.7527151107788086
2012-10-15,1.7774487733840942
2012-10-16,1.8290529251098633
2012-10-17,1.827831745147705
2012-10-18,1.7859984636306763
2012-10-19,1.699889898300171
2012-10-22,1.7182104587554932
2012-10-23,1.6840118169784546
2012-10-24,1.6693545579910278
2012-10-25,1.6714915037155151
2012-10-26,1.6812632083892822
2012-10-31,1.660193920135498
2012-11-01,1.7078286409378052
2012-11-02,1.6669118404388428
2012-11-05,1.6925616264343262
2012-11-06,1.699889898300171
2012-11-07,1.6183605194091797
2012-11-08,1.5707257986068726
2012-11-09,1.5826350450515747
2012-11-12,1.5798864364624023
2012-11-13,1.5600392818450928
2012-11-14,1.5215647220611572
2012-11-15,1.5102663040161133
2012-11-16,1.5230910778045654
2012-11-19,1.5963752269744873
2012-11-20,1.5972917079925537
2012-11-21,1.6049251556396484
2012-11-23,1.6525601148605347
2012-11-26,1.6690486669540405
2012-11-27,1.6559193134307861
2012-11-28,1.6843162775039673
2012-11-29,1.7041648626327515
2012-11-30,1.7001945972442627
2012-12-03,1.6943936347961426
2012-12-04,1.687369704246521
2012-12-05,1.6519489288330078
2012-12-06,1.6730186939239502
2012-12-07,1.6528654098510742
2012-12-10,1.6632474660873413
2012-12-11,1.7069122791290283
2012-12-12,1.697751760482788
2012-12-13,1.6717976331710815
2012-12-14,1.6406517028808594
2012-12-17,1.685537576675415
2012-12-18,1.7353105545043945
2012-12-19,1.7200430631637573
2012-12-20,1.718821406364441
2012-12-21,1.684926986694336
2012-12-24,1.6757664680480957
2012-12-26,1.6492233276367188
2012-12-27,1.6431070566177368
2012-12-28,1.610996961593628
2012-12-31,1.6761348247528076
2013-01-02,1.7843908071517944
2013-01-03,1.7678767442703247
2013-01-04,1.7550328969955444
2013-01-07,1.7583962678909302
2013-01-08,1.753503441810608
2013-01-09,1.761454463005066
2013-01-10,1.7831676006317139
2013-01-11,1.7889772653579712
2013-01-14,1.772158145904541
2013-01-15,1.755338430404663
2013-01-16,1.7687939405441284
2013-01-17,1.78500235080719
2013-01-18,1.778579592704773
2013-01-22,1.78500235080719
2013-01-23,1.8027392625808716
2013-01-24,1.7556445598602295
2013-01-25,1.7733817100524902
2013-01-28,1.7807209491729736
2013-01-29,1.7739931344985962
2013-01-30,1.7755218744277954
2013-01-31,1.7651244401931763
2013-02-01,1.8064087629318237
2013-02-04,1.7431061267852783
2013-02-05,1.7972346544265747
2013-02-06,1.7837789058685303
2013-02-07,1.7874481678009033
2013-02-08,1.823839545249939
2013-02-11,1.8241455554962158
2013-02-12,1.8091602325439453
2013-02-13,1.8220045566558838
2013-02-14,1.8198645114898682
2013-02-15,1.81099534034729
2013-02-19,1.8363778591156006
2013-02-20,1.7798031568527222
2013-02-21,1.7415775060653687
2013-02-22,1.7761335372924805
2013-02-25,1.731791377067566
2013-02-26,1.7443292140960693
2013-02-27,1.7794978618621826
2013-02-28,1.7736868858337402
2013-03-01,1.7880603075027466
2013-03-04,1.804573655128479
2013-03-05,1.8590078353881836
2013-03-06,1.848610281944275
2013-03-07,1.8590078353881836
2013-03-08,1.8611476421356201
2013-03-11,1.87399160861969
2013-03-12,1.8608427047729492
2013-03-13,1.8544199466705322
2013-03-14,1.867570161819458
2013-03-15,1.8571726083755493
2013-03-18,1.8473870754241943
2013-03-19,1.842187762260437
2013-03-20,1.8652043342590332
2013-03-21,1.8256696462631226
2013-03-22,1.8596879243850708
2013-03-25,1.8452837467193604
2013-03-26,1.8667372465133667
2013-03-27,1.8713335990905762
2013-03-28,1.8814477920532227
2013-04-01,1.854477882385254
2013-04-02,1.8838999271392822
2013-04-03,1.8495749235153198
2013-04-04,1.8511061668395996
2013-04-05,1.8195401430130005
2013-04-08,1.8391547203063965
2013-04-09,1.8624461889266968
2013-04-10,1.9360005855560303
2013-04-11,1.9323228597640991
2013-04-12,1.9307903051376343
2013-04-15,1.8550913333892822
2013-04-16,1.9047402143478394
2013-04-17,1.8302661180496216
2013-04-18,1.7787786722183228
2013-04-19,1.8281211853027344
2013-04-22,1.8633655309677124
2013-04-23,1.8995295763015747
2013-04-24,1.897997498512268
2013-04-25,1.9182250499725342
2013-04-26,1.9074978828430176
2013-04-29,1.9421296119689941
2013-04-30,1.969099521636963
2013-05-01,1.9525502920150757
2013-05-02,2.0009732246398926
2013-05-03,2.048475980758667
2013-05-06,2.0634942054748535
2013-05-07,2.061041831970215
2013-05-08,2.0815751552581787
2013-05-09,2.0775911808013916
2013-05-10,2.0996572971343994
2013-05-13,2.106706142425537
2013-05-14,2.1278531551361084
2013-05-15,2.136127233505249
2013-05-16,2.1324501037597656
2013-05-17,2.171372413635254
2013-05-20,2.165242910385132
2013-05-21,2.169226884841919
2013-05-22,2.134596824645996
2013-05-23,2.1211111545562744
2013-05-24,2.1208040714263916
2013-05-28,2.1477739810943604
2013-05-29,2.1269333362579346
2013-05-30,2.1490001678466797
2013-05-31,2.1091580390930176
2013-06-03,2.1180460453033447
2013-06-04,2.095979928970337
2013-06-05,2.0426530838012695
2013-06-06,2.057671546936035
2013-06-07,2.1159002780914307
2013-06-10,2.1189653873443604
2013-06-11,2.0763654708862305
2013-06-12,2.027942657470703
2013-06-13,2.0775911808013916
2013-06-14,2.052154064178467
2013-06-17,2.089850664138794
2013-06-18,2.124481678009033
2013-06-19,2.076979160308838
2013-06-20,1.9755350351333618
2013-06-21,1.9583728313446045
2013-06-24,1.9188377857208252
2013-06-25,1.945500373840332
2013-06-26,1.9786001443862915
2013-06-27,1.9982144832611084
2013-06-28,2.0000534057617188
2013-07-01,2.0288612842559814
2013-07-02,2.029474973678589
2013-07-03,2.0466368198394775
2013-07-05,2.0763654708862305
2013-07-08,2.080043077468872
2013-07-09,2.105480194091797
2013-07-10,2.130918502807617
2013-07-11,2.218876361846924
2013-07-12,2.2351198196411133
2013-07-15,2.245539665222168
2013-07-16,2.2397165298461914
2013-07-17,2.249830484390259
2013-07-18,2.238490343093872
2013-07-19,2.1931326389312744
2013-07-22,2.20386004447937
2013-07-23,2.1735172271728516
2013-07-24,2.1866962909698486
2013-07-25,2.2127466201782227
2013-07-26,2.2366507053375244
2013-07-29,2.2286832332611084
2013-07-30,2.2513623237609863
2013-07-31,2.26116943359375
2013-08-01,2.305915594100952
2013-08-02,2.332885265350342
2013-08-05,2.336256742477417
2013-08-06,2.308366060256958
2013-08-07,2.2997848987579346
2013-08-08,2.3206253051757812
2013-08-09,2.303769588470459
2013-08-12,2.3123514652252197
2013-08-13,2.338095188140869
2013-08-14,2.3218517303466797
2013-08-15,2.2446200847625732
2013-08-16,2.240328788757324
2013-08-19,2.233280897140503
2013-08-20,2.2528955936431885
2013-08-21,2.237264394760132
2013-08-22,2.279557704925537
2013-08-23,2.312044382095337
2013-08-26,2.312657117843628
2013-08-27,2.217036724090576
2013-08-28,2.2369582653045654
2013-08-29,2.267299175262451
2013-08-30,2.2375717163085938
2013-09-03,2.2608633041381836
2013-09-04,2.3117380142211914
2013-09-05,2.319706916809082
2013-09-06,2.324916124343872
2013-09-09,2.3782429695129395
2013-09-10,2.4024546146392822
2013-09-11,2.393566131591797
2013-09-12,2.3889694213867188
2013-09-13,2.3932600021362305
2013-09-16,2.3794686794281006
2013-09-17,2.4119553565979004
2013-09-18,2.469265937805176
2013-09-19,2.480604887008667
2013-09-20,2.462829828262329
2013-09-23,2.452409267425537
2013-09-24,2.45332932472229
2013-09-25,2.4386184215545654
2013-09-26,2.4747822284698486
2013-09-27,2.469265937805176
2013-09-30,2.451490879058838
2013-10-01,2.5063493251800537
2013-10-02,2.503591537475586
2013-10-03,2.445974111557007
2013-10-04,2.48673415184021
2013-10-07,2.445667266845703
2013-10-08,2.354337692260742
2013-10-09,2.337175130844116
2013-10-10,2.434021472930908
2013-10-11,2.4741694927215576
2013-10-14,2.508188009262085
2013-10-15,2.4894936084747314
2013-10-16,2.5455777645111084
2013-10-17,2.574693441390991
2013-10-18,2.657747745513916
2013-10-21,2.668780565261841
2013-10-22,2.6733782291412354
2013-10-23,2.645488977432251
2013-10-24,2.6675541400909424
2013-10-25,2.704638719558716
2013-10-28,2.707396984100342
2013-10-29,2.7150585651397705
2013-10-30,2.710460662841797
2013-10-31,2.69820237159729
2013-11-01,2.699122667312622
2013-11-04,2.7055575847625732
2013-11-05,2.7132198810577393
2013-11-06,2.711686849594116
2013-11-07,2.610243797302246
2013-11-08,2.6807336807250977
2013-11-11,2.6724579334259033
2013-11-12,2.6795077323913574
2013-11-13,2.745093584060669
2013-11-14,2.760108709335327
2013-11-15,2.7708375453948975
2013-11-18,2.7199625968933105
2013-11-19,2.7012672424316406
2013-11-20,2.690847158432007
2013-11-21,2.7417218685150146
2013-11-22,2.772981882095337
2013-11-25,2.7852413654327393
2013-11-26,2.814356803894043
2013-11-27,2.8529722690582275
2013-11-29,2.884538173675537
2013-12-02,2.869828462600708
2013-12-03,2.8652312755584717
2013-12-04,2.8707478046417236
2013-12-05,2.8655378818511963
2013-12-06,2.9056859016418457
2013-12-09,2.928365468978882
2013-12-10,2.9249937534332275
2013-12-11,2.8502135276794434
2013-12-12,2.836422920227051
2013-12-13,2.8272287845611572
2013-12-16,2.858182430267334
2013-12-17,2.8480687141418457
2013-12-18,2.9142673015594482
2013-12-19,2.895266056060791
2013-12-20,2.9534966945648193
2013-12-23,3.016017198562622
2013-12-24,3.020000457763672
2013-12-26,3.0386950969696045
2013-12-27,3.0230655670166016
2013-12-30,3.0138707160949707
2013-12-31,3.052487373352051
2014-01-02,3.005596160888672
2014-01-03,2.962996244430542
2014-01-06,2.9387853145599365
2014-01-07,2.992417335510254
2014-01-08,3.007741689682007
2014-01-09,2.9862887859344482
2014-01-10,3.005596160888672
2014-01-13,2.9145734310150146
2014-01-14,3.028275966644287
2014-01-15,3.0763919353485107
2014-01-16,3.079763412475586
2014-01-17,3.0435993671417236
2014-01-21,3.0895707607269287
2014-01-22,3.1076526641845703
2014-01-23,3.085280179977417
2014-01-24,2.959625244140625
2014-01-27,2.9066050052642822
2014-01-28,2.9023139476776123
2014-01-29,2.8407137393951416
2014-01-30,2.9406235218048096
2014-01-31,2.928057909011841
2014-02-03,2.796581268310547
2014-02-04,2.8342771530151367
2014-02-05,2.819566249847412
2014-02-06,2.8888299465179443
2014-02-07,2.9921116828918457
2014-02-10,3.027355432510376
2014-02-11,3.0960066318511963
2014-02-12,3.1082653999328613
2014-02-13,3.153623104095459
2014-02-14,3.1677215099334717
2014-02-18,3.1986756324768066
2014-02-19,3.155156135559082
2014-02-20,3.1809005737304688
2014-02-21,3.1720120906829834
2014-02-24,3.210014820098877
2014-02-25,3.200207471847534
2014-02-26,3.194998264312744
2014-02-27,3.2372915744781494
2014-02-28,3.228403329849243
2014-03-03,3.181206703186035
2014-03-04,3.262422561645508
2014-03-05,3.280503511428833
2014-03-06,3.2728431224823
2014-03-07,3.240968704223633
2014-03-10,3.245873212814331
2014-03-11,3.219515562057495
2014-03-12,3.2418878078460693
2014-03-13,3.1520910263061523
2014-03-14,3.1067333221435547
2014-03-17,3.1634302139282227
2014-03-18,3.239130735397339
2014-03-19,3.205418348312378
2014-03-20,3.221048355102539
2014-03-21,3.1425907611846924
2014-03-24,3.089876890182495
2014-03-25,3.107959032058716
2014-03-26,3.0279691219329834
2014-03-27,2.9942567348480225
2014-03-28,3.006823778152466
2014-03-31,3.0478899478912354
2014-04-01,3.154236078262329
2014-04-02,3.171092987060547
2014-04-03,3.121443748474121
2014-04-04,2.952882766723633
2014-04-07,2.9001691341400146
2014-04-08,2.9510445594787598
2014-04-09,3.053100109100342
2014-04-10,2.8646185398101807
2014-04-11,2.7981135845184326
2014-04-14,2.8407137393951416
2014-04-15,2.858794927597046
2014-04-16,2.9332683086395264
2014-04-17,2.935107946395874
2014-04-21,2.979546070098877
2014-04-22,3.027662992477417
2014-04-23,2.9731099605560303
2014-04-24,3.031033992767334
2014-04-25,2.9332683086395264
2014-04-28,2.9544148445129395
2014-04-29,2.998853921890259
2014-04-30,3.0147907733917236
2014-05-01,3.034097909927368
2014-05-02,3.0224523544311523
2014-05-05,3.053100109100342
2014-05-06,2.973416328430176
2014-05-07,2.9553346633911133
2014-05-08,2.9507381916046143
2014-05-09,2.973416328430176
2014-05-12,3.0687308311462402
2014-05-13,3.072714328765869
2014-05-14,3.040534734725952
2014-05-15,2.994563102722168
2014-05-16,3.033179521560669
2014-05-19,3.0770044326782227
2014-05-20,3.0540199279785156
2014-05-21,3.1116373538970947
2014-05-22,3.1370737552642822
2014-05-23,3.1842708587646484
2014-05-27,3.2645673751831055
2014-05-28,3.242807388305664
2014-05-29,3.2835686206817627
2014-05-30,3.285714864730835
2014-06-02,3.2774393558502197
2014-06-03,3.2759077548980713
2014-06-04,3.297973394393921
2014-06-05,3.354670286178589
2014-06-06,3.3926734924316406
2014-06-09,3.3874645233154297
2014-06-10,3.3978843688964844
2014-06-11,3.3960447311401367
2014-06-12,3.3381214141845703
2014-06-13,3.356203556060791
2014-06-16,3.3614132404327393
2014-06-17,3.3647849559783936
2014-06-18,3.4058523178100586
2014-06-19,3.3984971046447754
2014-06-20,3.404932975769043
2014-06-23,3.406771421432495
2014-06-24,3.400641441345215
2014-06-25,3.4445395469665527
2014-06-26,3.4473018646240234
2014-06-27,3.4761569499969482
2014-06-30,3.4902772903442383
2014-07-01,3.5673282146453857
2014-07-02,3.5780720710754395
2014-07-03,3.6201272010803223
2014-07-07,3.5992531776428223
2014-07-08,3.514221429824829
2014-07-09,3.56579327583313
2014-07-10,3.5436911582946777
2014-07-11,3.585747003555298
2014-07-14,3.6327126026153564
2014-07-15,3.60754132270813
2014-07-16,3.6348626613616943
2014-07-17,3.5390875339508057
2014-07-18,3.6474475860595703
2014-07-21,3.639160394668579
2014-07-22,3.6885828971862793
2014-07-23,3.7337071895599365
2014-07-24,3.7263400554656982
2014-07-25,3.6934938430786133
2014-07-28,3.69779109954834
2014-07-29,3.6867403984069824
2014-07-30,3.714982032775879
2014-07-31,3.5633368492126465
2014-08-01,3.5378589630126953
2014-08-04,3.584212064743042
2014-08-05,3.5311055183410645
2014-08-06,3.524044990539551
2014-08-07,3.50317120552063
2014-08-08,3.5519795417785645
2014-08-11,3.594956398010254
2014-08-12,3.5897371768951416
2014-08-13,3.668015241622925
2014-08-14,3.7057723999023438
2014-08-15,3.7401530742645264
2014-08-18,3.799400568008423
2014-08-19,3.8411478996276855
2014-08-20,3.8432962894439697
2014-08-21,3.8564960956573486
2014-08-22,3.8672401905059814
2014-08-25,3.895481586456299
2014-08-26,3.904690980911255
2014-08-27,3.904998779296875
2014-08-28,3.8936402797698975
2014-08-29,3.9249510765075684
2014-09-02,3.9473607540130615
2014-09-03,3.901007652282715
2014-09-04,3.8905699253082275
2014-09-05,3.9341604709625244
2014-09-08,3.946746826171875
2014-09-09,3.882282018661499
2014-09-10,3.9424493312835693
2014-09-11,3.9393794536590576
2014-09-12,3.8976311683654785
2014-09-15,3.820887804031372
2014-09-16,3.8881149291992188
2014-09-17,3.9022350311279297
2014-09-18,3.9587180614471436
2014-09-19,3.951657295227051
2014-09-22,3.8810548782348633
2014-09-23,3.8595662117004395
2014-09-24,3.9418349266052246
2014-09-25,3.7766835689544678
2014-09-26,3.858952283859253
2014-09-29,3.8475935459136963
2014-09-30,3.8592588901519775
2014-10-01,3.7343218326568604
2014-10-02,3.731865882873535
2014-10-03,3.806766986846924
2014-10-06,3.7901909351348877
2014-10-07,3.6830570697784424
2014-10-08,3.8294835090637207
2014-10-09,3.7008612155914307
2014-10-10,3.5154500007629395
2014-10-13,3.407088279724121
2014-10-14,3.4055535793304443
2014-10-15,3.364419460296631
2014-10-16,3.319908380508423
2014-10-17,3.408623218536377
2014-10-20,3.509310245513916
2014-10-21,3.6928799152374268
2014-10-22,3.6535866260528564
2014-10-23,3.7656331062316895
2014-10-24,3.823035717010498
2014-10-27,3.8331665992736816
2014-10-28,3.9464385509490967
2014-10-29,3.916048765182495
2014-10-30,3.9350812435150146
2014-10-31,4.041601181030273
2014-11-03,4.064929962158203
2014-11-04,4.039759159088135
2014-11-05,4.037302494049072
2014-11-06,4.064316272735596
2014-11-07,4.0551066398620605
2014-11-10,4.086111545562744
2014-11-11,4.109442710876465
2014-11-12,4.124790668487549
2014-11-13,4.159172058105469
2014-11-14,4.184035778045654
2014-11-17,4.158250331878662
2014-11-18,4.223023414611816
2014-11-19,4.184035778045654
2014-11-20,4.221794128417969
2014-11-21,4.237448215484619
2014-11-24,4.304983615875244
2014-11-25,4.31787633895874
2014-11-26,4.37405252456665
2014-11-28,4.413037300109863
2014-12-01,4.312350273132324
2014-12-02,4.346731662750244
2014-12-03,4.364230155944824
2014-12-04,4.357475280761719
2014-12-05,4.359623908996582
2014-12-08,4.2948527336120605
2014-12-09,4.32647180557251
2014-12-10,4.188332557678223
2014-12-11,4.228547096252441
2014-12-12,4.136455535888672
2014-12-15,4.052037715911865
2014-12-16,3.9185054302215576
2014-12-17,4.057871341705322
2014-12-18,4.2583231925964355
2014-12-19,4.286871910095215
2014-12-22,4.316357612609863
2014-12-23,4.288099765777588
2014-12-24,4.293015003204346
2014-12-26,4.353831768035889
2014-12-29,4.351988315582275
2014-12-30,4.290250301361084
2014-12-31,4.199948787689209
2015-01-02,4.182440757751465
2015-01-05,4.054973602294922
2015-01-06,3.948086977005005
2015-01-07,4.046681880950928
2015-01-08,4.2014851570129395
2015-01-09,4.147427082061768
2015-01-12,4.062040328979492
2015-01-13,4.055896759033203
2015-01-14,4.015659332275391
2015-01-15,3.909693717956543
2015-01-16,4.001839637756348
2015-01-20,4.063575267791748
2015-01-21,4.104732990264893
2015-01-22,4.256465911865234
2015-01-23,4.274893283843994
2015-01-26,4.266292095184326
2015-01-27,4.047602653503418
2015-01-28,4.0033745765686035
2015-01-29,4.076782703399658
2015-01-30,4.017196178436279
2015-02-02,4.085381031036377
2015-02-03,4.163705825805664
2015-02-04,4.154184818267822
2015-02-05,4.22697639465332
2015-02-06,4.17568302154541
2015-02-09,4.148655414581299
2015-02-10,4.278271198272705
2015-02-11,4.31021785736084
2015-02-12,4.40850305557251
2015-02-13,4.483753681182861
2015-02-17,4.49266242980957
2015-02-18,4.505869388580322
2015-02-19,4.549792289733887
2015-02-20,4.610299110412598
2015-02-23,4.621049880981445
2015-02-24,4.626883506774902
2015-02-25,4.602926254272461
2015-02-26,4.6496148109436035
2015-02-27,4.609070301055908
2015-03-02,4.692000389099121
2015-03-03,4.645927906036377
2015-03-04,4.612449645996094
2015-03-05,4.626579284667969
2015-03-06,4.51969051361084
2015-03-09,4.544876575469971
2015-03-10,4.381780624389648
2015-03-11,4.328644752502441
2015-03-12,4.387308120727539
2015-03-13,4.346765041351318
2015-03-16,4.461333274841309
2015-03-17,4.4723896980285645
2015-03-18,4.561769962310791
2015-03-19,4.5740556716918945
2015-03-20,4.637022018432617
2015-03-23,4.613984107971191
2015-03-24,4.58112096786499
2015-03-25,4.3708882331848145
2015-03-26,4.3416948318481445
2015-03-27,4.377035617828369
2015-03-30,4.483672142028809
2015-03-31,4.380723476409912
2015-04-01,4.335546970367432
2015-04-02,4.339850425720215
2015-04-06,4.41114616394043
2015-04-07,4.395780563354492
2015-04-08,4.465540885925293
2015-04-09,4.521472454071045
2015-04-10,4.557734489440918
2015-04-13,4.534379005432129
2015-04-14,4.509178638458252
2015-04-15,4.562036037445068
2015-04-16,4.550972938537598
2015-04-17,4.410840034484863
2015-04-20,4.542060375213623
2015-04-21,4.579553127288818
2015-04-22,4.629030704498291
2015-04-23,4.666214466094971
2015-04-24,4.789754867553711
2015-04-27,4.767934322357178
2015-04-28,4.745501518249512
2015-04-29,4.688648700714111
2015-04-30,4.537757396697998
2015-05-01,4.661296844482422
2015-05-04,4.673898220062256
2015-05-05,4.5254669189453125
2015-05-06,4.464925765991211
2015-05-07,4.513481140136719
2015-05-08,4.624421119689941
2015-05-11,4.586927890777588
2015-05-12,4.548515319824219
2015-05-13,4.566031455993652
2015-05-14,4.698174476623535
2015-05-15,4.700326919555664
2015-05-18,4.740584373474121
2015-05-19,4.727985382080078
2015-05-20,4.733207702636719
2015-05-21,4.784221172332764
2015-05-22,4.778075695037842
2015-05-26,4.663756370544434
2015-05-27,4.813723564147949
2015-05-28,4.7928266525268555
2015-05-29,4.738740921020508
2015-06-01,4.7651686668396
2015-06-02,4.736281394958496
2015-06-03,4.763939380645752
2015-06-04,4.695102214813232
2015-06-05,4.670516490936279
2015-06-08,4.576479434967041
2015-06-09,4.5617289543151855
2015-06-10,4.679736614227295
2015-06-11,4.69633150100708
2015-06-12,4.619503021240234
2015-06-15,4.575865268707275
2015-06-16,4.621962070465088
2015-06-17,4.647775650024414
2015-06-18,4.779919624328613
2015-06-19,4.734437465667725
2015-06-22,4.804505348205566
2015-06-23,4.813108921051025
2015-06-24,4.765783786773682
2015-06-25,4.743042945861816
2015-06-26,4.685268402099609
2015-06-29,4.46584939956665
2015-06-30,4.495963096618652
2015-07-01,4.564187049865723
2015-07-02,4.567875385284424
2015-07-06,4.54636287689209
2015-07-07,4.564187049865723
2015-07-08,4.407458782196045
2015-07-09,4.401312351226807
2015-07-10,4.53898811340332
2015-07-13,4.6932573318481445
2015-07-14,4.755949020385742
2015-07-15,4.767014503479004
2015-07-16,4.899770736694336
2015-07-17,5.042364120483398
2015-07-20,5.081084251403809
2015-07-21,5.071250915527344
2015-07-22,4.961233139038086
2015-07-23,4.91943883895874
2015-07-24,4.826015949249268
2015-07-27,4.743042945861816
2015-07-28,4.82478666305542
2015-07-29,4.864738464355469
2015-07-30,4.9083757400512695
2015-07-31,4.896698951721191
2015-08-03,4.869654178619385
2015-08-04,4.846912860870361
2015-08-05,4.920668125152588
2015-08-06,4.767014503479004
2015-08-07,4.751034259796143
2015-08-10,4.8585920333862305
2015-08-11,4.73689603805542
2015-08-12,4.7651686668396
2015-08-13,4.747958660125732
2015-08-14,4.76332426071167
2015-08-17,4.842610836029053
2015-08-18,4.795899868011475
2015-08-19,4.731364727020264
2015-08-20,4.471993446350098
2015-08-21,4.088469505310059
2015-08-24,3.780543804168701
2015-08-25,3.736290693283081
2015-08-26,4.110595703125
2015-08-27,4.317109107971191
2015-08-28,4.322024822235107
2015-08-31,4.210778713226318
2015-09-01,3.9563257694244385
2015-09-02,4.170828819274902
2015-09-03,4.125346660614014
2015-09-04,4.028850555419922
2015-09-08,4.255032539367676
2015-09-09,4.161609172821045
2015-09-10,4.248270511627197
2015-09-11,4.296212673187256
2015-09-14,4.269783020019531
2015-09-15,4.36873722076416
2015-09-16,4.41975212097168
2015-09-17,4.424053192138672
2015-09-18,4.3011298179626465
2015-09-21,4.326329231262207
2015-09-22,4.197872638702393
2015-09-23,4.200331211090088
2015-09-24,4.174516201019287
2015-09-25,4.100762844085693
2015-09-28,3.8672049045562744
2015-09-29,3.82909893989563
2015-09-30,3.998120069503784
2015-10-01,4.034997940063477
2015-10-02,4.176361083984375
2015-10-05,4.299900531768799
2015-10-06,4.259334564208984
2015-10-07,4.307273864746094
2015-10-08,4.3416948318481445
2015-10-09,4.377956390380859
2015-10-12,4.403156280517578
2015-10-13,4.34230899810791
2015-10-14,4.332475185394287
2015-10-15,4.474453449249268
2015-10-16,4.51378870010376
2015-10-19,4.564801216125488
2015-10-20,4.517475605010986
2015-10-21,4.460315704345703
2015-10-22,4.642858505249023
2015-10-23,4.9022297859191895
2015-10-26,4.909606456756592
2015-10-27,4.9262003898620605
2015-10-28,5.009174346923828
2015-10-29,4.993808746337891
2015-10-30,4.950170040130615
2015-11-02,5.063261032104492
2015-11-03,5.097065448760986
2015-11-04,5.098293781280518
2015-11-05,5.063875675201416
2015-11-06,5.076167106628418
2015-11-09,4.9686079025268555
2015-11-10,4.9384918212890625
2015-11-11,4.9286580085754395
2015-11-12,4.83154821395874
2015-11-13,4.643474102020264
2015-11-16,4.7756171226501465
2015-11-17,4.781764030456543
2015-11-18,4.962461948394775
2015-11-19,4.971067428588867
2015-11-20,5.036832809448242
2015-11-23,5.009788513183594
2015-11-24,5.0036420822143555
2015-11-25,5.008559226989746
2015-11-27,5.024539470672607
2015-11-30,4.997495651245117
2015-12-01,5.097679615020752
2015-12-02,5.037446022033691
2015-12-03,4.864123821258545
2015-12-04,5.0884599685668945
2015-12-07,5.0448222160339355
2015-12-08,5.046665668487549
2015-12-09,4.892395973205566
2015-12-10,4.934805393218994
2015-12-11,4.709853172302246
2015-12-14,4.782993316650391
2015-12-15,4.8383097648620605
2015-12-16,4.9741411209106445
2015-12-17,4.836464881896973
2015-12-18,4.656994342803955
2015-12-21,4.752877235412598
2015-12-22,4.814743995666504
2015-12-23,4.887312889099121
2015-12-24,4.883623123168945
2015-12-28,4.874398231506348
2015-12-29,5.027530193328857
2015-12-30,4.940817356109619
2015-12-31,4.819050312042236
2016-01-04,4.617947578430176
2016-01-05,4.593349933624268
2016-01-06,4.510323524475098
2016-01-07,4.229275703430176
2016-01-08,4.1554765701293945
2016-01-11,4.184996604919434
2016-01-12,4.282163619995117
2016-01-13,3.9838953018188477
2016-01-14,4.151172637939453
2016-01-15,3.89410662651062
2016-01-19,3.9107112884521484
2016-01-20,3.888571262359619
2016-01-21,3.897796630859375
2016-01-22,4.119807720184326
2016-01-25,3.999884843826294
2016-01-26,4.070608615875244
2016-01-27,3.866431951522827
2016-01-28,3.973440170288086
2016-01-29,4.140102386474609
2016-02-01,4.156707286834717
2016-02-02,3.9808192253112793
2016-02-03,3.9445347785949707
2016-02-04,3.9433059692382812
2016-02-05,3.666560649871826
2016-02-08,3.5552480220794678
2016-02-09,3.531263589859009
2016-02-10,3.5613977909088135
2016-02-11,3.5546329021453857
2016-02-12,3.656721353530884
2016-02-16,3.8160030841827393
2016-02-17,3.993734836578369
2016-02-18,3.9051764011383057
2016-02-19,3.927931070327759
2016-02-22,4.0540032386779785
2016-02-23,3.920551300048828
2016-02-24,3.995579242706299
2016-02-25,4.071837902069092
2016-02-26,4.062613487243652
2016-02-29,3.990044593811035
2016-03-01,4.244035243988037
2016-03-02,4.248341083526611
2016-03-03,4.23358154296875
2016-03-04,4.237270832061768
2016-03-07,4.186225891113281
2016-03-08,4.11304235458374
2016-03-09,4.167160511016846
2016-03-10,4.156707286834717
2016-03-11,4.298769950866699
2016-03-14,4.311684608459473
2016-03-15,4.309837818145752
2016-03-16,4.386096954345703
2016-03-17,4.3811774253845215
2016-03-18,4.397782325744629
2016-03-21,4.4297614097595215
2016-03-22,4.454361438751221
2016-03-23,4.37687349319458
2016-03-24,4.379332542419434
2016-03-28,4.3682637214660645
2016-03-29,4.502330303192139
2016-03-30,4.552759647369385
2016-03-31,4.538614749908447
2016-04-01,4.632092475891113
2016-04-04,4.595191955566406
2016-04-05,4.512170791625977
2016-04-06,4.657308101654053
2016-04-07,4.517090320587158
2016-04-08,4.517090320587158
2016-04-11,4.482035160064697
2016-04-12,4.5589094161987305
2016-04-13,4.674527645111084
2016-04-14,4.6739115715026855
2016-04-15,4.649312973022461
2016-04-18,4.698511600494385
2016-04-19,4.640703201293945
2016-04-20,4.646237850189209
2016-04-21,4.648696422576904
2016-04-22,4.510323524475098
2016-04-25,4.509709358215332
2016-04-26,4.468507289886475
2016-04-27,4.391632556915283
2016-04-28,4.289544582366943
2016-04-29,4.240960597991943
2016-05-02,4.319678783416748
2016-05-03,4.241575241088867
2016-05-04,4.186225891113281
2016-05-05,4.185609817504883
2016-05-06,4.2286601066589355
2016-05-09,4.250799179077148
2016-05-10,4.36764669418335
2016-05-11,4.290159702301025
2016-05-12,4.250799179077148
2016-05-13,4.221281051635742
2016-05-16,4.323368072509766
2016-05-17,4.216360092163086
2016-05-18,4.245879650115967
2016-05-19,4.202831268310547
2016-05-20,4.291389465332031
2016-05-23,4.279704570770264
2016-05-24,4.454361438751221
2016-05-25,4.518319606781006
2016-05-26,4.5435333251953125
2016-05-27,4.590273380279541
2016-05-31,4.608723163604736
2016-06-01,4.606263160705566
2016-06-02,4.6284027099609375
2016-06-03,4.582894325256348
2016-06-06,4.614259243011475
2016-06-07,4.595808029174805
2016-06-08,4.608108043670654
2016-06-09,4.592118263244629
2016-06-10,4.489415168762207
2016-06-13,4.411312103271484
2016-06-14,4.415616989135742
2016-06-15,4.388557434082031
2016-06-16,4.415002822875977
2016-06-17,4.3129143714904785
2016-06-20,4.362728595733643
2016-06-21,4.391017913818359
2016-06-22,4.369480133056641
2016-06-23,4.492547988891602
2016-06-24,4.127654075622559
2016-06-27,3.9682838916778564
2016-06-28,4.135037899017334
2016-06-29,4.279643535614014
2016-06-30,4.3787102699279785
2016-07-01,4.422399997711182
2016-07-05,4.367018699645996
2016-07-06,4.437783241271973
2016-07-07,4.466087818145752
2016-07-08,4.6039228439331055
2016-07-11,4.658072471618652
2016-07-12,4.702376842498779
2016-07-13,4.682069778442383
2016-07-14,4.741141319274902
2016-07-15,4.72760534286499
2016-07-18,4.790368556976318
2016-07-19,4.754678249359131
2016-07-20,4.866669178009033
2016-07-21,4.845133304595947
2016-07-22,4.883283615112305
2016-07-25,4.885746002197266
2016-07-26,4.898052215576172
2016-07-27,4.960816383361816
2016-07-28,4.998966693878174
2016-07-29,5.018041133880615
2016-08-01,5.0703444480896
2016-08-02,4.993429660797119
2016-08-03,5.028502941131592
2016-08-04,5.056191921234131
2016-08-05,5.152184009552002
2016-08-08,5.14233922958374
2016-08-09,5.165721893310547
2016-08-10,5.13926362991333
2016-08-11,5.182336330413818
2016-08-12,5.189105033874512
2016-08-15,5.233408451080322
2016-08-16,5.176182270050049
2016-08-17,5.191565990447998
2016-08-18,5.196488857269287
2016-08-19,5.1921796798706055
2016-08-22,5.198332786560059
2016-08-23,5.216178894042969
2016-08-24,5.147876739501953
2016-08-25,5.130648136138916
2016-08-26,5.146646022796631
2016-08-29,5.161414623260498
2016-08-30,5.127570629119873
2016-08-31,5.114034175872803
2016-09-01,5.140492916107178
2016-09-02,5.173105716705322
2016-09-06,5.238330364227295
2016-09-07,5.246946334838867
2016-09-08,5.183566570281982
2016-09-09,4.920817852020264
2016-09-12,5.094958305358887
2016-09-13,5.007580757141113
2016-09-14,5.058037281036377
2016-09-15,5.214332580566406
2016-09-16,5.207563877105713
2016-09-19,5.160799026489258
2016-09-20,5.179873466491699
2016-09-21,5.280173301696777
2016-09-22,5.366318702697754
2016-09-23,5.296172142028809
2016-09-26,5.208795070648193
2016-09-27,5.309710502624512
2016-09-28,5.330016136169434
2016-09-29,5.249406337738037
2016-09-30,5.325092792510986
2016-10-03,5.312170505523682
2016-10-04,5.298017978668213
2016-10-05,5.333091735839844
2016-10-06,5.329400539398193
2016-10-07,5.305403232574463
2016-10-10,5.368781089782715
2016-10-11,5.214332580566406
2016-10-12,5.2106404304504395
2016-10-13,5.173105716705322
2016-10-14,5.181105136871338
2016-10-17,5.1546454429626465
2016-10-18,5.245715618133545
2016-10-19,5.24263858795166
2016-10-20,5.232792854309082
2016-10-21,5.272174835205078
2016-10-24,5.398318290710449
2016-10-25,5.360781669616699
2016-10-26,5.2912492752075195
2016-10-27,5.244484901428223
2016-10-28,5.171874523162842
2016-10-31,5.16202974319458
2016-11-01,5.088189601898193
2016-11-02,5.003889083862305
2016-11-03,4.907896995544434
2016-11-04,4.870360851287842
2016-11-07,5.106035232543945
2016-11-08,5.171874523162842
2016-11-09,5.2155632972717285
2016-11-10,5.046346664428711
2016-11-11,5.051886081695557
2016-11-14,4.95097017288208
2016-11-15,5.088804244995117
2016-11-16,5.1472625732421875
2016-11-17,5.221101760864258
2016-11-18,5.183566570281982
2016-11-21,5.288173198699951
2016-11-22,5.322632312774658
2016-11-23,5.279558181762695
2016-11-25,5.312170505523682
2016-11-28,5.289403915405273
2016-11-29,5.324477672576904
2016-11-30,5.191565990447998
2016-12-01,5.017426490783691
2016-12-02,5.032810211181641
2016-12-05,5.110342025756836
2016-12-06,5.1367998123168945
2016-12-07,5.26540470123291
2016-12-08,5.283249855041504
2016-12-09,5.36570405960083
2016-12-12,5.316478729248047
2016-12-13,5.451235294342041
2016-12-14,5.4266228675842285
2016-12-15,5.443851470947266
2016-12-16,5.407547473907471
2016-12-19,5.450620651245117
2016-12-20,5.493078708648682
2016-12-21,5.481318950653076
2016-12-22,5.449915409088135
2016-12-23,5.45607328414917
2016-12-27,5.516416072845459
2016-12-28,5.428980827331543
2016-12-29,5.41050910949707
2016-12-30,5.302753925323486
2017-01-03,5.394499778747559
2017-01-04,5.451147556304932
2017-01-05,5.512105464935303
2017-01-06,5.608776092529297
2017-01-09,5.646336555480957
2017-01-10,5.670967102050781
2017-01-11,5.697443962097168
2017-01-12,5.680203914642334
2017-01-13,5.720841407775879
2017-01-17,5.685129165649414
2017-01-18,5.710991382598877
2017-01-19,5.701754093170166
2017-01-20,5.726999759674072
2017-01-23,5.735619068145752
2017-01-24,5.81381893157959
2017-01-25,5.929577350616455
2017-01-26,5.938812255859375
2017-01-27,5.9615960121154785
2017-01-30,5.872313022613525
2017-01-31,5.847684860229492
2017-02-01,5.927114963531494
2017-02-02,5.9166460037231445
2017-02-03,5.947434425354004
2017-02-06,5.963444232940674
2017-02-07,6.0065460205078125
2017-02-08,6.029326915740967
2017-02-09,6.0711989402771
2017-02-10,6.109989643096924
2017-02-13,6.179567813873291
2017-02-14,6.21897554397583
2017-02-15,6.290401935577393
2017-02-16,6.288555145263672
2017-02-17,6.343355178833008
2017-02-21,6.403697490692139
2017-02-22,6.409237861633301
2017-02-23,6.363058090209961
2017-02-24,6.3827619552612305
2017-02-27,6.400618553161621
2017-02-28,6.359979629516602
2017-03-01,6.497905254364014
2017-03-02,6.433868408203125
2017-03-03,6.456035137176514
2017-03-06,6.4283270835876465
2017-03-07,6.402467727661133
2017-03-08,6.425865173339844
2017-03-09,6.434484004974365
2017-03-10,6.489901065826416
2017-03-13,6.5096049308776855
2017-03-14,6.475738525390625
2017-03-15,6.556401252746582
2017-03-16,6.5514750480651855
2017-03-17,6.539160251617432
2017-03-20,6.553321361541748
2017-03-21,6.358748435974121
2017-03-22,6.441826820373535
2017-03-23,6.411651134490967
2017-03-24,6.430127143859863
2017-03-27,6.455992221832275
2017-03-28,6.532974720001221
2017-03-29,6.593943119049072
2017-03-30,6.612419605255127
2017-03-31,6.605645179748535
2017-04-03,6.595790386199951
2017-04-04,6.614266872406006
2017-04-05,6.5637664794921875
2017-04-06,6.569925785064697
2017-04-07,6.563150405883789
2017-04-10,6.569309234619141
2017-04-11,6.513265609741211
2017-04-12,6.459072113037109
2017-04-13,6.404260635375977
2017-04-17,6.508955478668213
2017-04-18,6.492327690124512
2017-04-19,6.510803699493408
2017-04-20,6.614266872406006
2017-04-21,6.614266872406006
2017-04-24,6.773772239685059
2017-04-25,6.872309684753418
2017-04-26,6.852602481842041
2017-04-27,6.932662487030029
2017-04-28,6.957296848297119
2017-05-01,7.074925422668457
2017-05-02,7.103870391845703
2017-05-03,7.057681560516357
2017-05-04,7.062607288360596
2017-05-05,7.113108158111572
2017-05-08,7.143901348114014
2017-05-09,7.194400310516357
2017-05-10,7.200559616088867
2017-05-11,7.188858509063721
2017-05-12,7.221498489379883
2017-05-15,7.265839099884033
2017-05-16,7.328657150268555
2017-05-17,6.9529852867126465
2017-05-18,7.071230888366699
2017-05-19,7.13466215133667
2017-05-22,7.254753589630127
2017-05-23,7.266456127166748
2017-05-24,7.335431098937988
2017-05-25,7.456754207611084
2017-05-26,7.482618808746338
2017-05-30,7.496784687042236
2017-05-31,7.487547874450684
2017-06-01,7.55282735824585
2017-06-02,7.716645240783691
2017-06-05,7.715412139892578
2017-06-06,7.658755302429199
2017-06-07,7.713565349578857
2017-06-08,7.731424808502197
2017-06-09,7.34282112121582
2017-06-12,7.261528968811035
2017-06-13,7.379156589508057
2017-06-14,7.313259601593018
2017-06-15,7.244901657104492
2017-06-16,7.1925530433654785
2017-06-19,7.423497676849365
2017-06-20,7.309565544128418
2017-06-21,7.452267646789551
2017-06-22,7.4467244148254395
2017-06-23,7.501538276672363
2017-06-26,7.4344072341918945
2017-06-27,7.164647579193115
2017-06-28,7.364194393157959
2017-06-29,7.111064434051514
2017-06-30,7.102442741394043
2017-07-03,6.9663310050964355
2017-07-05,7.101825714111328
2017-07-06,6.971872329711914
2017-07-07,7.117224216461182
2017-07-10,7.215766429901123
2017-07-11,7.255183219909668
2017-07-12,7.43071174621582
2017-07-13,7.461505889892578
2017-07-14,7.574830055236816
2017-07-17,7.582836151123047
2017-07-18,7.686305522918701
2017-07-19,7.774992942810059
2017-07-20,7.794701099395752
2017-07-21,7.783616065979004
2017-07-24,7.852596282958984
2017-07-25,7.819338321685791
2017-07-26,7.867377758026123
2017-07-27,7.774992942810059
2017-07-28,7.754053115844727
2017-07-31,7.6850738525390625
2017-08-01,7.718331813812256
2017-08-02,7.760212421417236
2017-08-03,7.7084784507751465
2017-08-04,7.72818660736084
2017-08-07,7.82180118560791
2017-08-08,7.799630165100098
2017-08-09,7.7774577140808105
2017-08-10,7.439949989318848
2017-08-11,7.5520405769348145
2017-08-14,7.747895240783691
2017-08-15,7.757749080657959
2017-08-16,7.7873125076293945
2017-08-17,7.46951150894165
2017-08-18,7.449803352355957
2017-08-21,7.4411821365356445
2017-08-22,7.662901401519775
2017-08-23,7.605009078979492
2017-08-24,7.5655903816223145
2017-08-25,7.531101703643799
2017-08-28,7.569286346435547
2017-08-29,7.632106304168701
2017-08-30,7.814411163330078
2017-08-31,7.959761619567871
2017-09-01,7.958529472351074
2017-09-05,7.811947345733643
2017-09-06,7.8575239181518555
2017-09-07,7.895708084106445
2017-09-08,7.761444091796875
2017-09-11,7.928966999053955
2017-09-12,7.973309516906738
2017-09-13,7.995483875274658
2017-09-14,7.899404048919678
2017-09-15,7.9499077796936035
2017-09-18,7.932661533355713
2017-09-19,7.959761619567871
2017-09-20,7.9129533767700195
2017-09-21,7.809483051300049
2017-09-22,7.797165870666504
2017-09-25,7.634570598602295
2017-09-26,7.6715240478515625
2017-09-27,7.80825138092041
2017-09-28,7.80086088180542
2017-09-29,7.910490036010742
2017-10-02,7.921575546264648
2017-10-03,7.9609904289245605
2017-10-04,7.972079277038574
2017-10-05,8.129744529724121
2017-10-06,8.146991729736328
2017-10-09,8.132208824157715
2017-10-10,8.143296241760254
2017-10-11,8.192567825317383
2017-10-12,8.161771774291992
2017-10-13,8.220897674560547
2017-10-16,8.277560234069824
2017-10-17,8.296036720275879
2017-10-18,8.277560234069824
2017-10-19,8.21596908569336
2017-10-20,8.257851600646973
2017-10-23,8.150686264038086
2017-10-24,8.181480407714844
2017-10-25,8.114964485168457
2017-10-26,8.068158149719238
2017-10-27,8.523914337158203
2017-10-30,8.570721626281738
2017-10-31,8.63231372833252
2017-11-01,8.628617286682129
2017-11-02,8.589203834533691
2017-11-03,8.751794815063477
2017-11-06,8.813384056091309
2017-11-07,8.823238372802734
2017-11-08,8.89591121673584
2017-11-09,8.797371864318848
2017-11-10,8.799835205078125
2017-11-13,8.818312644958496
2017-11-14,8.757951736450195
2017-11-15,8.666803359985352
2017-11-16,8.892218589782715
2017-11-17,8.824469566345215
2017-11-20,8.809687614440918
2017-11-21,8.996917724609375
2017-11-22,9.021556854248047
2017-11-24,9.088071823120117
2017-11-27,9.078216552734375
2017-11-28,9.12379264831543
2017-11-29,8.810921669006348
2017-11-30,8.952576637268066
2017-12-01,8.876203536987305
2017-12-04,8.671727180480957
2017-12-05,8.674193382263184
2017-12-06,8.753026962280273
2017-12-07,8.814615249633789
2017-12-08,8.892218589782715
2017-12-11,9.03017520904541
2017-12-12,9.004311561584473
2017-12-13,9.036335945129395
2017-12-14,9.022786140441895
2017-12-15,9.21987247467041
2017-12-18,9.378772735595703
2017-12-19,9.272838592529297
2017-12-20,9.249434471130371
2017-12-21,9.250666618347168
2017-12-22,9.228495597839355
2017-12-26,9.128719329833984
2017-12-27,9.12995433807373
2017-12-28,9.148427963256836
2017-12-29,9.032641410827637
2018-01-02,9.345513343811035
2018-01-03,9.527814865112305
2018-01-04,9.56230640411377
2018-01-05,9.75200080871582
2018-01-08,9.824675559997559
2018-01-09,9.833298683166504
2018-01-10,9.779096603393555
2018-01-11,9.914595603942871
2018-01-12,10.055018424987793
2018-01-16,9.998355865478516
2018-01-17,10.213920593261719
2018-01-18,10.21761417388916
2018-01-19,10.282896041870117
2018-01-22,10.500923156738281
2018-01-23,10.672138214111328
2018-01-24,10.541569709777832
2018-01-25,10.528022766113281
2018-01-26,10.835967063903809
2018-01-29,10.738655090332031
2018-01-30,10.566206932067871
2018-01-31,10.64380931854248
2018-02-01,10.46766185760498
2018-02-02,10.043933868408203
2018-02-05,9.266679763793945
2018-02-06,9.73845100402832
2018-02-07,9.489630699157715
2018-02-08,8.698826789855957
2018-02-09,8.984601974487305
2018-02-12,9.312253952026367
2018-02-13,9.396017074584961
2018-02-14,9.755696296691895
2018-02-15,10.105521202087402
2018-02-16,10.030383110046387
2018-02-20,10.055018424987793
2018-02-21,9.995895385742188
2018-02-22,10.006979942321777
2018-02-23,10.40238094329834
2018-02-26,10.675834655761719
2018-02-27,10.409770965576172
2018-02-28,10.27920150756836
2018-03-01,9.954011917114258
2018-03-02,10.127692222595215
2018-03-05,10.346951484680176
2018-03-06,10.433176040649414
2018-03-07,10.47998332977295
2018-03-08,10.596999168395996
2018-03-09,10.99979305267334
2018-03-12,11.100798606872559
2018-03-13,10.827343940734863
2018-03-14,10.818720817565918
2018-03-15,10.78915786743164
2018-03-16,10.737422943115234
2018-03-19,10.281665802001953
2018-03-20,10.339558601379395
2018-03-21,10.24348258972168
2018-03-22,9.733521461486816
2018-03-23,9.21617603302002
2018-03-26,9.90966796875
2018-03-27,9.255594253540039
2018-03-28,9.053581237792969
2018-03-29,9.386160850524902
2018-04-02,8.846643447875977
2018-04-03,9.036335945129395
2018-04-04,9.270376205444336
2018-04-05,9.420652389526367
2018-04-06,8.966126441955566
2018-04-09,9.070825576782227
2018-04-10,9.46992301940918
2018-04-11,9.371380805969238
2018-04-12,9.585710525512695
2018-04-13,9.495789527893066
2018-04-16,9.630053520202637
2018-04-17,10.040237426757812
2018-04-18,10.087043762207031
2018-04-19,9.915826797485352
2018-04-20,9.593099594116211
2018-04-23,9.541365623474121
2018-04-24,9.136110305786133
2018-04-25,9.164440155029297
2018-04-26,9.533974647521973
2018-04-27,9.54998779296875
2018-04-30,9.410798072814941
2018-05-01,9.617738723754883
2018-05-02,9.514267921447754
2018-05-03,9.508110046386719
2018-05-04,9.866556167602539
2018-05-07,10.021760940551758
2018-05-08,9.999589920043945
2018-05-09,10.231162071228027
2018-05-10,10.43809986114502
2018-05-11,10.418394088745117
2018-05-14,10.449187278747559
2018-05-15,10.218844413757324
2018-05-16,10.355572700500488
2018-05-17,10.268115043640137
2018-05-18,10.162182807922363
2018-05-21,10.280433654785156
2018-05-22,10.250872611999512
2018-05-23,10.422089576721191
2018-05-24,10.412233352661133
2018-05-25,10.434406280517578
2018-05-29,10.340789794921875
2018-05-30,10.484912872314453
2018-05-31,10.47136116027832
2018-06-01,10.800243377685547
2018-06-04,10.98501205444336
2018-06-05,11.0564546585083
2018-06-06,11.18825626373291
2018-06-07,11.013341903686523
2018-06-08,11.0022554397583
2018-06-11,11.061385154724121
2018-06-12,11.178400993347168
2018-06-13,11.168545722961426
2018-06-14,11.401352882385254
2018-06-15,11.321290016174316
2018-06-18,11.3077392578125
2018-06-19,11.23875904083252
2018-06-20,11.398889541625977
2018-06-21,11.196874618530273
2018-06-22,11.125433921813965
2018-06-25,10.64134407043457
2018-06-26,10.731264114379883
2018-06-27,10.42701530456543
2018-06-28,10.616711616516113
2018-06-29,10.649968147277832
2018-07-02,10.810100555419922
2018-07-03,10.557583808898926
2018-07-05,10.819953918457031
2018-07-06,11.146373748779297
2018-07-09,11.353315353393555
2018-07-10,11.370556831359863
2018-07-11,11.257234573364258
2018-07-12,11.626768112182617
2018-07-13,11.65017318725586
2018-07-16,11.599668502807617
2018-07-17,11.74501895904541
2018-07-18,11.693283081054688
2018-07-19,11.578728675842285
2018-07-20,11.563945770263672
2018-07-23,11.636624336242676
2018-07-24,11.737627983093262
2018-07-25,12.059123039245605
2018-07-26,11.709299087524414
2018-07-27,11.38657283782959
2018-07-30,11.060150146484375
2018-07-31,11.187021255493164
2018-08-01,11.30527400970459
2018-08-02,11.613218307495117
2018-08-03,11.679736137390137
2018-08-06,11.825087547302246
2018-08-07,11.89529800415039
2018-08-08,11.916236877441406
2018-08-09,11.90638542175293
2018-08-10,11.72900676727295
2018-08-13,11.708066940307617
2018-08-14,11.849720001220703
2018-08-15,11.565180778503418
2018-08-16,11.629233360290527
2018-08-17,11.635391235351562
2018-08-20,11.618147850036621
2018-08-21,11.698213577270508
2018-08-22,11.784436225891113
2018-08-23,11.749947547912598
2018-08-24,11.965509414672852
2018-08-27,12.206937789916992
2018-08-28,12.245121955871582
2018-08-29,12.52843189239502
2018-08-30,12.475464820861816
2018-08-31,12.50502872467041
2018-09-04,12.404022216796875
2018-09-05,12.082526206970215
2018-09-06,11.864501953125
2018-09-07,11.790596008300781
2018-09-10,11.844793319702148
2018-09-11,12.02463436126709
2018-09-12,11.960579872131348
2018-09-13,12.194619178771973
2018-09-14,12.130566596984863
2018-09-17,11.78813362121582
2018-09-18,11.976594924926758
2018-09-19,11.961813926696777
2018-09-20,12.210633277893066
2018-09-21,12.086223602294922
2018-09-24,12.145349502563477
2018-09-25,12.18353271484375
2018-09-26,12.192153930664062
2018-09-27,12.39909553527832
2018-09-28,12.401559829711914
2018-10-01,12.442207336425781
2018-10-02,12.38431453704834
2018-10-03,12.420035362243652
2018-10-04,11.938407897949219
2018-10-05,11.65263557434082
2018-10-08,11.502358436584473
2018-10-09,11.566412925720215
2018-10-10,10.558815956115723
2018-10-11,10.293983459472656
2018-10-12,10.865530014038086
2018-10-15,10.589612007141113
2018-10-16,11.205499649047852
2018-10-17,11.219049453735352
2018-10-18,10.7177152633667
2018-10-19,10.677068710327148
2018-10-22,10.78915786743164
2018-10-23,10.71894645690918
2018-10-24,9.723668098449707
2018-10-25,10.380208969116211
2018-10-26,9.882569313049316
2018-10-29,9.501949310302734
2018-10-30,9.75200080871582
2018-10-31,10.20036792755127
2018-11-01,10.494762420654297
2018-11-02,10.178194999694824
2018-11-05,10.10798454284668
2018-11-06,10.261957168579102
2018-11-07,10.896324157714844
2018-11-08,10.763289451599121
2018-11-09,10.397454261779785
2018-11-12,9.782794952392578
2018-11-13,9.786489486694336
2018-11-14,9.622664451599121
2018-11-15,9.965097427368164
2018-11-16,9.898580551147461
2018-11-19,9.246969223022461
2018-11-20,8.923013687133789
2018-11-21,9.049885749816895
2018-11-23,8.918086051940918
2018-11-26,9.329498291015625
2018-11-27,9.396017074584961
2018-11-28,9.98727035522461
2018-11-29,9.928143501281738
2018-11-30,10.08088493347168
2018-12-03,10.415929794311523
2018-12-04,9.617738723754883
2018-12-06,9.755696296691895
2018-12-07,9.102851867675781
2018-12-10,9.297471046447754
2018-12-11,9.355363845825195
2018-12-12,9.521659851074219
2018-12-13,9.530282974243164
2018-12-14,9.037569046020508
2018-12-17,8.65817928314209
2018-12-18,8.753026962280273
2018-12-19,8.339147567749023
2018-12-20,8.08909797668457
2018-12-21,7.56805419921875
2018-12-24,7.208375930786133
2018-12-26,8.095864295959473
2018-12-27,8.163658142089844
2018-12-28,8.153797149658203
2018-12-31,8.281987190246582
2019-01-02,8.343621253967285
2019-01-03,7.784010887145996
2019-01-04,8.481672286987305
2019-01-07,8.653008460998535
2019-01-08,8.825575828552246
2019-01-09,8.957465171813965
2019-01-10,9.003073692321777
2019-01-11,8.948836326599121
2019-01-14,8.786131858825684
2019-01-15,9.132497787475586
2019-01-16,9.130034446716309
2019-01-17,9.259458541870117
2019-01-18,9.439422607421875
2019-01-22,9.079497337341309
2019-01-23,9.09058952331543
2019-01-24,9.200291633605957
2019-01-25,9.432025909423828
2019-01-28,9.190430641174316
2019-01-29,9.010470390319824
2019-01-30,9.486262321472168
2019-01-31,9.758672714233398
2019-02-01,9.668689727783203
2019-02-04,9.906588554382324
2019-02-05,10.085314750671387
2019-02-06,10.018754959106445
2019-02-07,9.748808860778809
2019-02-08,9.779623985290527
2019-02-11,9.767297744750977
2019-02-12,10.059430122375488
2019-02-13,10.065595626831055
2019-02-14,10.082850456237793
2019-02-15,10.177762985229492
2019-02-19,10.211044311523438
2019-02-20,10.209811210632324
2019-02-21,10.125992774963379
2019-02-22,10.280069351196289
2019-02-25,10.35402774810791
2019-02-26,10.372516632080078
2019-02-27,10.355259895324707
2019-02-28,10.307188034057617
2019-03-01,10.457566261291504
2019-03-04,10.45263671875
2019-03-05,10.467425346374512
2019-03-06,10.344165802001953
2019-03-07,10.092711448669434
2019-03-08,10.056966781616211
2019-03-11,10.477289199829102
2019-03-12,10.595622062683105
2019-03-13,10.749698638916016
2019-03-14,10.709020614624023
2019-03-15,10.892685890197754
2019-03-18,10.949381828308105
2019-03-19,11.028271675109863
2019-03-20,11.118685722351074
2019-03-21,11.460363388061523
2019-03-22,10.947232246398926
2019-03-25,10.918862342834473
2019-03-26,11.017539978027344
2019-03-27,10.886791229248047
2019-03-28,10.921326637268066
2019-03-29,11.092782974243164
2019-04-01,11.390053749084473
2019-04-02,11.460363388061523
2019-04-03,11.592348098754883
2019-04-04,11.582480430603027
2019-04-05,11.695961952209473
2019-04-08,11.756402969360352
2019-04-09,11.673757553100586
2019-04-10,11.79957389831543
2019-04-11,11.741599082946777
2019-04-12,11.837811470031738
2019-04-15,11.839046478271484
2019-04-16,11.919222831726074
2019-04-17,11.999399185180664
2019-04-18,12.025303840637207
2019-04-22,12.096844673156738
2019-04-23,12.401517868041992
2019-04-24,12.322576522827148
2019-04-25,12.406452178955078
2019-04-26,12.44345474243164
2019-04-29,12.480461120605469
2019-04-30,12.295437812805176
2019-05-01,12.200456619262695
2019-05-02,12.10794734954834
2019-05-03,12.487862586975098
2019-05-06,12.34230899810791
2019-05-07,11.846446990966797
2019-05-08,11.77490234375
2019-05-09,11.666358947753906
2019-05-10,11.689793586730957
2019-05-13,10.869523048400879
2019-05-14,11.108817100524902
2019-05-15,11.412256240844727
2019-05-16,11.644156455993652
2019-05-17,11.406091690063477
2019-05-20,11.029877662658691
2019-05-21,11.25067138671875
2019-05-22,11.1507568359375
2019-05-23,10.804144859313965
2019-05-24,10.78934383392334
2019-05-28,10.70793342590332
2019-05-29,10.536478996276855
2019-05-30,10.626521110534668
2019-05-31,10.271279335021973
2019-06-03,9.839556694030762
2019-06-04,10.377358436584473
2019-06-05,10.530312538146973
2019-06-06,10.691901206970215
2019-06-07,11.101417541503906
2019-06-10,11.355517387390137
2019-06-11,11.394989013671875
2019-06-12,11.269172668457031
2019-06-13,11.399923324584961
2019-06-14,11.2864408493042
2019-06-17,11.429529190063477
2019-06-18,11.762568473815918
2019-06-19,11.848913192749023
2019-06-20,12.064772605895996
2019-06-21,12.035168647766113
2019-06-24,12.031471252441406
2019-06-25,11.614497184753418
2019-06-26,11.71815299987793
2019-06-27,11.81194019317627
2019-06-28,11.847725868225098
2019-07-01,12.154994010925293
2019-07-02,12.253715515136719
2019-07-03,12.427709579467773
2019-07-05,12.386987686157227
2019-07-08,12.20435619354248
2019-07-09,12.327757835388184
2019-07-10,12.56838607788086
2019-07-11,12.548644065856934
2019-07-12,12.693022727966309
2019-07-15,12.763360977172852
2019-07-16,12.636259078979492
2019-07-17,12.515325546264648
2019-07-18,12.554813385009766
2019-07-19,12.341330528259277
2019-07-22,12.553579330444336
2019-07-23,12.711531639099121
2019-07-24,12.887996673583984
2019-07-25,12.638728141784668
2019-07-26,12.892932891845703
2019-07-29,12.813956260681152
2019-07-30,12.695490837097168
2019-07-31,12.35860538482666
2019-08-01,12.219161987304688
2019-08-02,11.86376667022705
2019-08-05,11.003661155700684
2019-08-06,11.326972961425781
2019-08-07,11.424461364746094
2019-08-08,11.940278053283691
2019-08-09,11.713221549987793
2019-08-12,11.446672439575195
2019-08-13,11.9600191116333
2019-08-14,11.215910911560059
2019-08-15,11.201103210449219
2019-08-16,11.555266380310059
2019-08-19,11.908191680908203
2019-08-20,11.747770309448242
2019-08-21,11.95138168334961
2019-08-22,11.873641014099121
2019-08-23,11.12583065032959
2019-08-26,11.450374603271484
2019-08-27,11.410887718200684
2019-08-28,11.477524757385254
2019-08-29,11.829215049743652
2019-08-30,11.776154518127441
2019-09-03,11.542925834655762
2019-09-04,11.876107215881348
2019-09-05,12.312948226928711
2019-09-06,12.284564971923828
2019-09-09,12.226567268371582
2019-09-10,12.168569564819336
2019-09-11,12.386987686157227
2019-09-12,12.479538917541504
2019-09-13,12.398094177246094
2019-09-16,12.273462295532227
2019-09-17,12.390690803527832
2019-09-18,12.389456748962402
2019-09-19,12.425243377685547
2019-09-20,12.162399291992188
2019-09-23,12.169803619384766
2019-09-24,11.839088439941406
2019-09-25,12.106865882873535
2019-09-26,12.018017768859863
2019-09-27,11.730496406555176
2019-09-30,11.93657398223877
2019-10-01,11.740367889404297
2019-10-02,11.336846351623535
2019-10-03,11.589818954467773
2019-10-04,11.931638717651367
2019-10-07,11.851428985595703
2019-10-08,11.48369026184082
2019-10-09,11.729260444641113
2019-10-10,11.89215087890625
2019-10-11,12.193249702453613
2019-10-14,12.20435619354248
2019-10-15,12.505454063415527
2019-10-16,12.44251823425293
2019-10-17,12.511624336242676
2019-10-18,12.269758224487305
2019-10-21,12.485709190368652
2019-10-22,12.285797119140625
2019-10-23,12.331457138061523
2019-10-24,12.56468391418457
2019-10-25,12.75842571258545
2019-10-28,13.01633358001709
2019-10-29,12.821358680725098
2019-10-30,12.923784255981445
2019-10-31,12.943526268005371
2019-11-01,13.185393333435059
2019-11-04,13.337176322937012
2019-11-05,13.34211254119873
2019-11-06,13.293985366821289
2019-11-07,13.382833480834961
2019-11-08,13.488960266113281
2019-11-11,13.450704574584961
2019-11-12,13.52104377746582
2019-11-13,13.502533912658691
2019-11-14,13.50993824005127
2019-11-15,13.677762031555176
2019-11-18,13.73205852508545
2019-11-19,13.762909889221191
2019-11-20,13.596317291259766
2019-11-21,13.53461742401123
2019-11-22,13.554360389709473
2019-11-25,13.872735977172852
2019-11-26,13.924562454223633
2019-11-27,14.117070198059082
2019-11-29,13.983798027038574
2019-12-02,13.675293922424316
2019-12-03,13.476618766784668
2019-12-04,13.613594055175781
2019-12-05,13.665422439575195
2019-12-06,13.950479507446289
2019-12-09,13.833248138427734
2019-12-10,13.809802055358887
2019-12-11,13.95788288116455
2019-12-12,14.166430473327637
2019-12-13,14.251575469970703
2019-12-16,14.5242919921875
2019-12-17,14.540334701538086
2019-12-18,14.561312675476074
2019-12-19,14.753820419311523
2019-12-20,14.875984191894531
2019-12-23,14.943854331970215
2019-12-24,14.951264381408691
2019-12-26,15.224091529846191
2019-12-27,15.187056541442871
2019-12-30,14.982126235961914
2019-12-31,15.047554969787598
2020-01-02,15.541362762451172
2020-01-03,15.26606559753418
2020-01-06,15.447540283203125
2020-01-07,15.440132141113281
2020-01-08,15.673455238342285
2020-01-09,15.95122241973877
2020-01-10,15.86727523803711
2020-01-13,16.222822189331055
2020-01-14,16.103069305419922
2020-01-15,16.105539321899414
2020-01-16,16.409231185913086
2020-01-17,16.575891494750977
2020-01-21,16.561077117919922
2020-01-22,16.64502716064453
2020-01-23,16.74378204345703
2020-01-24,16.457378387451172
2020-01-27,15.779624938964844
2020-01-28,16.256153106689453
2020-01-29,16.306766510009766
2020-01-30,16.42527961730957
2020-01-31,15.893202781677246
2020-02-03,16.36602783203125
2020-02-04,17.11907958984375
2020-02-05,17.249935150146484
2020-02-06,17.536348342895508
2020-02-07,17.37833023071289
2020-02-10,17.809175491333008
2020-02-11,17.809175491333008
2020-02-12,18.158546447753906
2020-02-13,18.098052978515625
2020-02-14,18.194347381591797
2020-02-18,18.225210189819336
2020-02-19,18.567171096801758
2020-02-20,18.206689834594727
2020-02-21,17.52893829345703
2020-02-24,16.167266845703125
2020-02-25,15.294459342956543
2020-02-26,15.426552772521973
2020-02-27,13.882168769836426
2020-02-28,14.0216703414917
2020-03-02,15.3413724899292
2020-03-03,14.362395286560059
2020-03-04,15.541362762451172
2020-03-05,14.605597496032715
2020-03-06,14.113025665283203
2020-03-09,12.169890403747559
2020-03-10,13.474777221679688
2020-03-11,12.299516677856445
2020-03-12,10.023064613342285
2020-03-13,11.932863235473633
2020-03-16,9.035447120666504
2020-03-17,10.253917694091797
2020-03-18,9.611968040466309
2020-03-19,9.744060516357422
2020-03-20,8.965080261230469
2020-03-23,9.010756492614746
2020-03-24,10.382306098937988
2020-03-25,10.196985244750977
2020-03-26,11.294591903686523
2020-03-27,10.466140747070312
2020-03-30,11.267427444458008
2020-03-31,11.06000804901123
2020-04-01,10.136488914489746
2020-04-02,10.538984298706055
2020-04-03,10.252545356750488
2020-04-06,11.710667610168457
2020-04-07,11.66498851776123
2020-04-08,12.172428131103516
2020-04-09,12.203292846679688
2020-04-13,12.483561515808105
2020-04-14,13.56264591217041
2020-04-15,13.252747535705566
2020-04-16,13.755252838134766
2020-04-17,13.982425689697266
2020-04-20,13.65894603729248
2020-04-21,12.642830848693848
2020-04-22,13.424365043640137
2020-04-23,13.360162734985352
2020-04-24,13.799698829650879
2020-04-27,13.967608451843262
2020-04-28,13.470048904418945
2020-04-29,14.388629913330078
2020-04-30,14.442952156066895
2020-05-01,13.570054054260254
2020-05-04,13.909582138061523
2020-05-05,14.219477653503418
2020-05-06,14.392332077026367
2020-05-07,14.773839950561523
2020-05-08,15.161519050598145
2020-05-11,15.413386344909668
2020-05-12,14.798532485961914
2020-05-13,14.429370880126953
2020-05-14,14.744207382202148
2020-05-15,14.934344291687012
2020-05-18,15.505987167358398
2020-05-19,15.405981063842773
2020-05-20,16.033185958862305
2020-05-21,15.680072784423828
2020-05-22,15.777608871459961
2020-05-26,15.714643478393555
2020-05-27,15.864036560058594
2020-05-28,15.802301406860352
2020-05-29,16.231962203979492
2020-06-01,16.404813766479492
2020-06-02,16.60852813720703
2020-06-03,16.754220962524414
2020-06-04,16.51469612121582
2020-06-05,17.16165542602539
2020-06-08,17.44438934326172
2020-06-09,17.682676315307617
2020-06-10,18.12221336364746
2020-06-11,16.330734252929688
2020-06-12,16.55914306640625
2020-06-15,16.972753524780273
2020-06-16,17.58266830444336
2020-06-17,17.66786003112793
2020-06-18,17.77774429321289
2020-06-19,17.755525588989258
2020-06-22,18.1962947845459
2020-06-23,18.486434936523438
2020-06-24,17.745643615722656
2020-06-25,18.086410522460938
2020-06-26,17.2023983001709
2020-06-29,17.565387725830078
2020-06-30,18.23456573486328
2020-07-01,18.69879722595215
2020-07-02,18.9518985748291
2020-07-06,19.88899803161621
2020-07-07,19.607498168945312
2020-07-08,20.116172790527344
2020-07-09,20.450767517089844
2020-07-10,20.755725860595703
2020-07-13,19.891469955444336
2020-07-14,20.18161392211914
2020-07-15,20.22606086730957
2020-07-16,19.943323135375977
2020-07-17,20.007524490356445
2020-07-20,21.156986236572266
2020-07-21,20.711280822753906
2020-07-22,20.856964111328125
2020-07-23,19.756893157958984
2020-07-24,19.37662124633789
2020-07-27,20.075428009033203
2020-07-28,19.576631546020508
2020-07-29,20.029748916625977
2020-07-30,20.23099708557129
2020-07-31,20.94956398010254
2020-08-03,21.503923416137695
2020-08-04,21.67060089111328
2020-08-05,21.784189224243164
2020-08-06,22.338544845581055
2020-08-07,21.836044311523438
2020-08-10,21.640966415405273
2020-08-11,20.833505630493164
2020-08-12,21.88172721862793
2020-08-13,21.96815299987793
2020-08-14,21.927410125732422
2020-08-17,22.41385841369629
2020-08-18,22.850927352905273
2020-08-19,22.552143096923828
2020-08-20,23.176876068115234
2020-08-21,23.485538482666016
2020-08-24,23.78925895690918
2020-08-25,24.15965461730957
2020-08-26,25.184417724609375
2020-08-27,25.01650619506836
2020-08-28,25.27825164794922
2020-08-31,25.720258712768555
2020-09-01,26.5696964263916
2020-09-02,27.066028594970703
2020-09-03,24.290531158447266
2020-09-04,23.646045684814453
2020-09-08,21.391571044921875
2020-09-09,22.638566970825195
2020-09-10,21.710111618041992
2020-09-11,21.436016082763672
2020-09-14,22.181745529174805
2020-09-15,22.813886642456055
2020-09-16,22.060754776000977
2020-09-17,21.403919219970703
2020-09-18,20.83844566345215
2020-09-21,21.018707275390625
2020-09-22,21.771839141845703
2020-09-23,20.433481216430664
2020-09-24,20.6384334564209
2020-09-25,21.616275787353516
2020-09-28,22.483001708984375
2020-09-29,22.280521392822266
2020-09-30,22.63115692138672
2020-10-01,23.317628860473633
2020-10-02,22.003957748413086
2020-10-05,22.957109451293945
2020-10-06,22.105199813842773
2020-10-07,22.915132522583008
2020-10-08,23.1225528717041
2020-10-09,23.82383155822754
2020-10-12,25.288131713867188
2020-10-13,25.270849227905273
2020-10-14,24.868345260620117
2020-10-15,24.517709732055664
2020-10-16,24.260896682739258
2020-10-19,23.44356346130371
2020-10-20,23.589248657226562
2020-10-21,23.529983520507812
2020-10-22,23.537397384643555
2020-10-23,23.643571853637695
2020-10-26,22.895374298095703
2020-10-27,23.24848747253418
2020-10-28,21.4483642578125
2020-10-29,22.16199493408203
2020-10-30,21.112539291381836
2020-11-02,21.171798706054688
2020-11-03,21.880491256713867
2020-11-04,23.838651657104492
2020-11-05,25.093055725097656
2020-11-06,25.135034561157227
2020-11-09,24.070764541625977
2020-11-10,23.246013641357422
2020-11-11,24.275714874267578
2020-11-12,24.04606819152832
2020-11-13,24.488075256347656
2020-11-16,24.81402587890625
2020-11-17,24.653518676757812
2020-11-18,24.305347442626953
2020-11-19,24.673274993896484
2020-11-20,24.357202529907227
2020-11-23,24.354732513427734
2020-11-24,25.05107879638672
2020-11-25,25.36467933654785
2020-11-27,25.814096450805664
2020-11-30,25.880760192871094
2020-12-01,26.619083404541016
2020-12-02,26.63883399963379
2020-12-03,26.700572967529297
2020-12-04,26.952438354492188
2020-12-07,27.236408233642578
2020-12-08,27.40432357788086
2020-12-09,26.201770782470703
2020-12-10,26.372156143188477
2020-12-11,26.27585220336914
2020-12-14,26.619083404541016
2020-12-15,27.211719512939453
2020-12-16,27.512969970703125
2020-12-17,27.871023178100586
2020-12-18,27.678415298461914
2020-12-21,27.60680389404297
2020-12-22,27.740144729614258
2020-12-23,27.463586807250977
2020-12-24,27.703109741210938
2020-12-28,28.266111373901367
2020-12-29,28.317962646484375
2020-12-30,28.293272018432617
2020-12-31,28.424142837524414
2021-01-04,27.62409210205078
2021-01-05,28.073505401611328
2021-01-06,27.32036590576172
2021-01-07,28.65378761291504
2021-01-08,29.374828338623047
2021-01-11,28.500696182250977
2021-01-12,28.431549072265625
2021-01-13,28.799476623535156
2021-01-14,28.483407974243164
2021-01-15,28.04140281677246
2021-01-19,28.8710880279541
2021-01-20,30.19216537475586
2021-01-21,30.700843811035156
2021-01-22,30.508237838745117
2021-01-25,31.04901123046875
2021-01-26,31.093460083007812
2021-01-27,29.419275283813477
2021-01-28,29.713117599487305
2021-01-29,28.48834800720215
2021-02-01,29.888439178466797
2021-02-02,30.86875343322754
2021-02-03,30.602066040039062
2021-02-04,31.332983016967773
2021-02-05,31.552751541137695
2021-02-08,31.947837829589844
2021-02-09,31.937965393066406
2021-02-10,31.78239631652832
2021-02-11,32.13550567626953
2021-02-12,32.491085052490234
2021-02-16,32.323177337646484
2021-02-17,32.009578704833984
2021-02-18,31.71819496154785
2021-02-19,31.451513290405273
2021-02-22,29.82176971435547
2021-02-23,29.636571884155273
2021-02-24,30.12055778503418
2021-02-25,27.987075805664062
2021-02-26,28.283395767211914
2021-03-01,29.95511245727539
2021-03-02,28.984678268432617
2021-03-03,27.315427780151367
2021-03-04,26.39931869506836
2021-03-05,27.209247589111328
2021-03-08,25.660993576049805
2021-03-09,27.690759658813477
2021-03-10,27.52531623840332
2021-03-11,28.801942825317383
2021-03-12,28.320432662963867
2021-03-15,28.93282127380371
2021-03-16,29.248891830444336
2021-03-17,29.481006622314453
2021-03-18,27.66360092163086
2021-03-19,27.912996292114258
2021-03-22,28.9155330657959
2021-03-23,28.616748809814453
2021-03-24,27.668537139892578
2021-03-25,27.589519500732422
2021-03-26,28.411794662475586
2021-03-29,28.38710594177246
2021-03-30,28.110544204711914
2021-03-31,28.937761306762695
2021-04-01,29.95264434814453
2021-04-05,31.152725219726562
2021-04-06,31.0860538482666
2021-04-07,31.239147186279297
2021-04-08,31.895986557006836
2021-04-09,32.28614044189453
2021-04-12,32.19230651855469
2021-04-13,32.94297409057617
2021-04-14,32.15032196044922
2021-04-15,33.115814208984375
2021-04-16,33.2047119140625
2021-04-19,32.59232711791992
2021-04-20,32.096004486083984
2021-04-21,32.663936614990234
2021-04-22,31.878698348999023
2021-04-23,32.67875289916992
2021-04-26,33.10100173950195
2021-04-27,32.79728317260742
2021-04-28,32.53800582885742
2021-04-29,32.809627532958984
2021-04-30,32.365150451660156
2021-05-03,32.034271240234375
2021-05-04,30.876161575317383
2021-05-05,30.653926849365234
2021-05-06,31.13297462463379
2021-05-07,31.62188720703125
2021-05-10,30.014375686645508
2021-05-11,29.957584381103516
2021-05-12,28.4068603515625
2021-05-13,28.846389770507812
2021-05-14,30.105743408203125
2021-05-17,29.742752075195312
2021-05-18,29.332849502563477
2021-05-19,29.40198516845703
2021-05-20,30.54033851623535
2021-05-21,30.19463348388672
2021-05-24,31.21939468383789
2021-05-25,31.30088233947754
2021-05-26,31.508304595947266
2021-05-27,31.281129837036133
2021-05-28,31.453975677490234
2021-06-01,31.261371612548828
2021-06-02,31.37989616394043
2021-06-03,30.703310012817383
2021-06-04,31.784868240356445
2021-06-07,31.947837829589844
2021-06-08,31.972524642944336
2021-06-09,32.00215530395508
2021-06-10,32.67381286621094
2021-06-11,32.831851959228516
2021-06-14,33.459049224853516
2021-06-15,33.01457214355469
2021-06-16,32.777523040771484
2021-06-17,33.607215881347656
2021-06-18,33.08371353149414
2021-06-21,33.48374557495117
2021-06-22,34.1109504699707
2021-06-23,34.13563919067383
2021-06-24,34.56036376953125
2021-06-25,34.48628234863281
2021-06-28,35.31597137451172
2021-06-29,35.567840576171875
2021-06-30,35.4641227722168
2021-07-01,35.48881912231445
2021-07-02,36.288875579833984
2021-07-06,36.595062255859375
2021-07-07,36.723480224609375
2021-07-08,36.32837677001953
2021-07-09,36.76791763305664
2021-07-12,37.04941940307617
2021-07-13,37.03460693359375
2021-07-14,37.163002014160156
2021-07-15,36.63951873779297
2021-07-16,36.05181884765625
2021-07-19,35.45919418334961
2021-07-20,36.283939361572266
2021-07-21,36.81730651855469
2021-07-22,37.33091735839844
2021-07-23,38.18035888671875
2021-07-26,38.264320373535156
2021-07-27,37.42475128173828
2021-07-28,37.69144058227539
2021-07-29,37.839595794677734
2021-07-30,37.434635162353516
2021-08-02,37.429691314697266
2021-08-03,37.88404083251953
2021-08-04,38.007511138916016
2021-08-05,38.48655700683594
2021-08-06,38.13591384887695
2021-08-09,38.27418899536133
2021-08-10,37.88898468017578
2021-08-11,37.765525817871094
2021-08-12,38.032203674316406
2021-08-13,38.27913284301758
2021-08-16,38.30876541137695
2021-08-17,37.63711166381836
2021-08-18,36.90620422363281
2021-08-19,37.27165985107422
2021-08-20,38.04701614379883
2021-08-23,39.17301940917969
2021-08-24,39.41501235961914
2021-08-25,39.4594612121582
2021-08-26,39.00017547607422
2021-08-27,39.765647888183594
2021-08-30,40.659542083740234
2021-08-31,40.57558822631836
2021-09-01,40.71880340576172
2021-09-02,40.66941833496094
2021-09-03,40.92622756958008
2021-09-07,41.024993896484375
2021-09-08,40.75830841064453
2021-09-09,40.43729782104492
2021-09-10,39.834800720214844
2021-09-13,39.78046798706055
2021-09-14,39.54834747314453
2021-09-15,40.1311149597168
2021-09-16,40.2051887512207
2021-09-17,39.252037048339844
2021-09-20,37.61736297607422
2021-09-21,37.69144058227539
2021-09-22,38.412479400634766
2021-09-23,39.1137580871582
2021-09-24,39.17795944213867
2021-09-27,38.57050704956055
2021-09-28,36.367897033691406
2021-09-29,36.278995513916016
2021-09-30,35.938232421875
2021-10-01,36.422218322753906
2021-10-04,34.911006927490234
2021-10-05,35.844398498535156
2021-10-06,36.29380416870117
2021-10-07,36.96052551269531
2021-10-08,36.58518981933594
2021-10-11,36.027130126953125
2021-10-12,35.785133361816406
2021-10-13,36.348140716552734
2021-10-14,37.68156433105469
2021-10-15,38.15567398071289
2021-10-18,38.92608642578125
2021-10-19,39.49403381347656
2021-10-20,39.40018844604492
2021-10-21,39.884178161621094
2021-10-22,39.20265579223633
2021-10-25,40.002708435058594
2021-10-26,40.22494125366211
2021-10-27,40.432369232177734
2021-10-28,41.34601593017578
2021-10-29,41.75096893310547
2021-11-01,42.032470703125
2021-11-02,42.3880615234375
2021-11-03,43.28193283081055
2021-11-04,44.37831497192383
2021-11-05,44.467201232910156
2021-11-08,44.34867858886719
2021-11-09,43.72146987915039
2021-11-10,42.44731521606445
2021-11-11,42.684364318847656
2021-11-12,43.57825469970703
2021-11-15,43.56344223022461
2021-11-16,44.17582321166992
2021-11-17,44.21533203125
2021-11-18,45.12404251098633
2021-11-19,45.62283706665039
2021-11-22,44.58079147338867
2021-11-23,44.1610107421875
2021-11-24,44.472145080566406
2021-11-26,42.694244384765625
2021-11-29,44.590667724609375
2021-11-30,43.26712417602539
2021-12-01,41.800357818603516
2021-12-02,42.417686462402344
2021-12-03,40.941043853759766
2021-12-06,41.61268997192383
2021-12-07,44.11656188964844
2021-12-08,44.48696517944336
2021-12-09,43.173282623291016
2021-12-10,44.106685638427734
2021-12-13,42.82759094238281
2021-12-14,41.9682731628418
2021-12-15,43.844940185546875
2021-12-16,41.602806091308594
2021-12-17,41.178096771240234
2021-12-20,40.34840774536133
2021-12-21,42.15593719482422
2021-12-22,43.19304275512695
2021-12-23,43.854820251464844
2021-12-27,45.26231384277344
2021-12-28,44.89191818237305
2021-12-29,44.852413177490234
2021-12-30,44.541290283203125
2021-12-31,43.96346664428711
2022-01-03,44.877105712890625
2022-01-04,43.701717376708984
2022-01-05,40.98548889160156
2022-01-06,40.95586013793945
2022-01-07,40.05208969116211
2022-01-10,40.14592742919922
2022-01-11,41.32625198364258
2022-01-12,41.65220642089844
2022-01-13,39.54341506958008
2022-01-14,40.04221725463867
2022-01-18,38.0766487121582
2022-01-19,37.19757843017578
2022-01-20,36.21479034423828
2022-01-21,34.175148010253906
2022-01-24,34.589988708496094
2022-01-25,32.861480712890625
2022-01-26,32.91580581665039
2022-01-27,32.15032196044922
2022-01-28,34.209716796875
2022-01-31,36.402462005615234
2022-02-01,36.83705139160156
2022-02-02,37.45438003540039
2022-02-03,34.3825798034668
2022-02-04,35.26164245605469
2022-02-07,34.708526611328125
2022-02-08,35.48881912231445
2022-02-09,36.99509811401367
2022-02-10,35.31103515625
2022-02-11,33.08371353149414
2022-02-14,33.17261505126953
2022-02-15,34.797420501708984
2022-02-16,34.762847900390625
2022-02-17,32.69850540161133
2022-02-18,31.942899703979492
2022-02-22,31.29594612121582
2022-02-23,29.70570945739746
2022-02-24,31.695972442626953
2022-02-25,32.67381286621094
2022-02-28,32.92567443847656
2022-03-01,31.844127655029297
2022-03-02,32.89111328125
2022-03-03,31.952783584594727
2022-03-04,31.053951263427734
2022-03-07,28.74762535095215
2022-03-08,28.466121673583984
2022-03-09,30.550212860107422
2022-03-10,29.86374855041504
2022-03-11,28.599462509155273
2022-03-14,27.517911911010742
2022-03-15,29.21678924560547
2022-03-16,31.404592514038086
2022-03-17,32.13550567626953
2022-03-18,33.4738655090332
2022-03-21,33.28620147705078
2022-03-22,34.58012008666992
2022-03-23,33.58745574951172
2022-03-24,35.08385467529297
2022-03-25,35.03446960449219
2022-03-28,36.116024017333984
2022-03-29,37.33091735839844
2022-03-30,36.53581237792969
2022-03-31,35.5184440612793
2022-04-01,35.49375915527344
2022-04-04,36.921016693115234
2022-04-05,35.306087493896484
2022-04-06,33.73067855834961
2022-04-07,33.91340255737305
2022-04-08,32.950382232666016
2022-04-11,31.399658203125
2022-04-12,31.152725219726562
2022-04-13,32.387367248535156
2022-04-14,30.900856018066406
2022-04-18,30.999631881713867
2022-04-19,32.31330490112305
2022-04-20,31.37002182006836
2022-04-21,30.11561393737793
2022-04-22,28.505632400512695
2022-04-25,29.256298065185547
2022-04-26,26.999357223510742
2022-04-27,26.969730377197266
2022-04-28,28.866151809692383
2022-04-29,26.27338409423828
2022-05-02,27.157394409179688
2022-05-03,27.241348266601562
2022-05-04,29.068632125854492
2022-05-05,26.179550170898438
2022-05-06,25.52271270751953
2022-05-09,23.497888565063477
2022-05-10,24.075700759887695
2022-05-11,22.628692626953125
2022-05-12,22.529918670654297
2022-05-13,24.174474716186523
2022-05-16,23.631227493286133
2022-05-17,24.85106086730957
2022-05-18,22.38176155090332
2022-05-19,22.15951919555664
2022-05-20,22.006427764892578
2022-05-23,22.742277145385742
2022-05-24,21.76937484741211
2022-05-25,22.39164161682129
2022-05-26,23.621349334716797
2022-05-27,25.1868896484375
2022-05-31,25.023916244506836
2022-06-01,24.658458709716797
2022-06-02,26.01657485961914
2022-06-03,24.623886108398438
2022-06-06,24.811555862426758
2022-06-07,25.251089096069336
2022-06-08,24.870819091796875
2022-06-09,23.51270294189453
2022-06-10,21.83851432800293
2022-06-13,19.828500747680664
2022-06-14,19.922332763671875
2022-06-15,20.89524269104004
2022-06-16,19.221054077148438
2022-06-17,19.665529251098633
2022-06-21,20.658191680908203
2022-06-22,20.589048385620117
2022-06-23,21.201435089111328
2022-06-24,22.69289207458496
2022-06-27,22.30767822265625
2022-06-28,20.93968963623047
2022-06-29,20.998950958251953
2022-06-30,20.450767517089844
2022-07-01,20.71745491027832
2022-07-05,21.42860984802246
2022-07-06,21.69035530090332
2022-07-07,22.613874435424805
2022-07-08,22.68795394897461
2022-07-11,21.69035530090332
2022-07-12,21.280452728271484
2022-07-13,21.201435089111328
2022-07-14,21.344654083251953
2022-07-15,22.105199813842773
2022-07-18,21.73480224609375
2022-07-19,23.058347702026367
2022-07-20,23.78925895690918
2022-07-21,24.470788955688477
2022-07-22,23.611474990844727
2022-07-25,23.35960578918457
2022-07-26,22.416332244873047
2022-07-27,24.312755584716797
2022-07-28,24.77204132080078
2022-07-29,25.69062614440918
2022-08-01,25.660993576049805
2022-08-02,25.488143920898438
2022-08-03,26.875892639160156
2022-08-04,27.10800552368164
2022-08-05,26.6783447265625
2022-08-08,26.505495071411133
2022-08-09,25.898046493530273
2022-08-10,27.340120315551758
2022-08-11,27.028987884521484
2022-08-12,28.095726013183594
2022-08-15,28.520448684692383
2022-08-16,28.38710594177246
2022-08-17,27.730270385742188
2022-08-18,27.873489379882812
2022-08-19,26.77712059020996
2022-08-22,25.359739303588867
2022-08-23,25.31529426574707
2022-08-24,25.458513259887695
2022-08-25,26.34252166748047
2022-08-26,24.179410934448242
2022-08-29,23.705307006835938
2022-08-30,23.171934127807617
2022-08-31,22.90031623840332
2022-09-01,22.915132522583008
2022-09-02,22.2582950592041
2022-09-06,21.937284469604492
2022-09-07,22.816354751586914
2022-09-08,23.048471450805664
2022-09-09,24.04606819152832
2022-09-12,24.614013671875
2022-09-13,21.9027156829834
2022-09-14,22.26323699951172
2022-09-15,21.492807388305664
2022-09-16,21.231067657470703
2022-09-19,21.571828842163086
2022-09-20,21.21131134033203
2022-09-21,20.445825576782227
2022-09-22,19.95196533203125
2022-09-23,19.300071716308594
2022-09-26,19.107465744018555
2022-09-27,19.156850814819336
2022-09-28,19.90258026123047
2022-09-29,18.781517028808594
2022-09-30,18.104928970336914
2022-10-03,18.959308624267578
2022-10-04,20.14950942993164
2022-10-05,20.11494255065918
2022-10-06,19.793930053710938
2022-10-07,18.27777671813965
2022-10-10,17.88762855529785
2022-10-11,17.443157196044922
2022-10-12,17.41352653503418
2022-10-13,18.203697204589844
2022-10-14,17.09745216369629
2022-10-17,18.258026123046875
2022-10-18,18.544462203979492
2022-10-19,18.386428833007812
2022-10-20,18.17900848388672
2022-10-21,19.048200607299805
2022-10-24,19.463043212890625
2022-10-25,20.258161544799805
2022-10-26,19.349454879760742
2022-10-27,18.633359909057617
2022-10-28,19.7840576171875
2022-10-31,19.300071716308594
2022-11-01,18.909923553466797
2022-11-02,17.61600685119629
2022-11-03,16.929542541503906
2022-11-04,17.467845916748047
2022-11-07,17.848121643066406
2022-11-08,18.095046997070312
2022-11-09,17.2456111907959
2022-11-10,19.793930053710938
2022-11-11,20.524845123291016
2022-11-14,20.154451370239258
2022-11-15,20.722383499145508
2022-11-16,20.14457130432129
2022-11-17,20.040863037109375
2022-11-18,20.04580307006836
2022-11-21,19.626018524169922
2022-11-22,20.189023971557617
2022-11-23,20.589048385620117
2022-11-25,20.307546615600586
2022-11-28,19.70503807067871
2022-11-29,19.413660049438477
2022-11-30,21.186620712280273
2022-12-01,21.226125717163086
2022-12-02,21.058212280273438
2022-12-05,20.327301025390625
2022-12-06,19.48773956298828
2022-12-07,19.319822311401367
2022-12-08,19.788990020751953
2022-12-09,19.532184600830078
2022-12-12,20.00629234313965
2022-12-13,20.440887451171875
2022-12-14,20.124818801879883
2022-12-15,18.77164077758789
2022-12-16,18.401241302490234
2022-12-19,17.902446746826172
2022-12-20,17.853059768676758
2022-12-21,18.37655258178711
2022-12-22,17.464685440063477
2022-12-23,17.54888343811035
2022-12-27,17.018903732299805
2022-12-28,16.568172454833984
2022-12-29,17.370574951171875
2022-12-30,17.355716705322266
2023-01-03,17.11301040649414
2023-01-04,17.276464462280273
2023-01-05,16.711811065673828
2023-01-06,17.633089065551758
2023-01-09,17.86588478088379
2023-01-10,18.16802406311035
2023-01-11,18.78221321105957
2023-01-12,18.96052360534668
2023-01-13,19.223039627075195
2023-01-17,19.287431716918945
2023-01-18,18.7921142578125
2023-01-19,18.415679931640625
2023-01-20,19.445926666259766
2023-01-23,20.297861099243164
2023-01-24,20.20375633239746
2023-01-25,20.09478759765625
2023-01-26,20.87242317199707
2023-01-27,21.283533096313477
2023-01-30,20.406835556030273
2023-01-31,21.035877227783203
2023-02-01,21.947254180908203
2023-02-02,23.492626190185547
2023-02-03,22.645645141601562
2023-02-06,22.26920509338379
2023-02-07,23.1954402923584
2023-02-08,22.348451614379883
2023-02-09,21.937345504760742
2023-02-10,21.659971237182617
2023-02-13,22.358362197875977
2023-02-14,22.66050148010254
2023-02-15,23.02703285217285
2023-02-16,22.125564575195312
2023-02-17,21.808563232421875
2023-02-21,20.773365020751953
2023-02-22,20.803083419799805
2023-02-23,21.16465950012207
2023-02-24,20.436553955078125
2023-02-27,20.738691329956055
2023-02-28,20.669349670410156
2023-03-01,20.33749008178711
2023-03-02,20.68421173095703
2023-03-03,21.526235580444336
2023-03-06,21.555953979492188
2023-03-07,21.025970458984375
2023-03-08,21.24390983581543
2023-03-09,20.466264724731445
2023-03-10,19.89665985107422
2023-03-13,20.198802947998047
2023-03-14,21.129989624023438
2023-03-15,21.338024139404297
2023-03-16,22.452468872070312
2023-03-17,22.229576110839844
2023-03-20,22.393028259277344
2023-03-21,23.01712417602539
2023-03-22,22.38808250427246
2023-03-23,22.932920455932617
2023-03-24,23.086467742919922
2023-03-27,22.75461196899414
2023-03-28,22.52676773071289
2023-03-29,23.35393714904785
2023-03-30,23.765045166015625
2023-03-31,24.552589416503906
2023-04-03,24.428762435913086
2023-04-04,24.265308380126953
2023-04-05,23.760093688964844
2023-04-06,24.10185432434082
2023-04-10,24.047374725341797
2023-04-11,23.740276336669922
2023-04-12,23.309356689453125
2023-04-13,24.220731735229492
2023-04-14,24.116716384887695
2023-04-17,24.141483306884766
2023-04-18,24.156343460083008
2023-04-19,24.12662124633789
2023-04-20,23.755138397216797
2023-04-21,23.78485679626465
2023-04-24,23.68084144592285
2023-04-25,22.794235229492188
2023-04-26,23.051799774169922
2023-04-27,24.304933547973633
2023-04-28,24.636795043945312
2023-05-01,24.572404861450195
2023-05-02,24.131576538085938
2023-05-03,23.834386825561523
2023-05-04,23.651123046875
2023-05-05,24.64174461364746
2023-05-08,24.75566864013672
2023-05-09,24.443620681762695
2023-05-10,24.973608016967773
2023-05-11,25.1221981048584
2023-05-12,24.93893051147461
2023-05-15,25.206401824951172
2023-05-16,25.2509765625
2023-05-17,25.870115280151367
2023-05-18,26.801307678222656
2023-05-19,26.682430267333984
2023-05-22,26.840927124023438
2023-05-23,26.167308807373047
2023-05-24,25.889934539794922
2023-05-25,27.133163452148438
2023-05-26,28.52499008178711
2023-05-30,28.767690658569336
2023-05-31,28.391254425048828
2023-06-01,29.0945987701416
2023-06-02,29.520566940307617
2023-06-05,29.555238723754883
2023-06-06,29.545331954956055
2023-06-07,28.529939651489258
2023-06-08,29.218425750732422
2023-06-09,29.43140983581543
2023-06-12,30.436891555786133
2023-06-13,30.882671356201172
2023-06-14,31.333404541015625
2023-06-15,32.05656433105469
2023-06-16,31.6404972076416
2023-06-20,31.56620216369629
2023-06-21,30.704360961914062
2023-06-22,31.41265106201172
2023-06-23,30.77865219116211
2023-06-26,29.951488494873047
2023-06-27,30.971826553344727
2023-06-28,31.07584571838379
2023-06-29,30.93715476989746
2023-06-30,31.888151168823242
2023-07-03,32.04169845581055
2023-07-05,32.01693344116211
2023-07-06,31.521621704101562
2023-07-07,31.293777465820312
2023-07-10,31.333404541015625
2023-07-11,31.620685577392578
2023-07-12,32.42308807373047
2023-07-13,33.488006591796875
2023-07-14,33.47315216064453
2023-07-17,34.0823860168457
2023-07-18,34.65199661254883
2023-07-19,34.56283187866211
2023-07-20,32.997642517089844
2023-07-21,32.79457092285156
2023-07-24,32.898590087890625
2023-07-25,33.354278564453125
2023-07-26,33.121482849121094
2023-07-27,32.938209533691406
2023-07-28,34.131919860839844
2023-07-31,34.19135284423828
2023-08-01,33.99817657470703
2023-08-02,32.492431640625
2023-08-03,32.373558044433594
2023-08-04,32.0615119934082
2023-08-07,32.606353759765625
2023-08-08,32.03675079345703
2023-08-09,31.323501586914062
2023-08-10,31.42751693725586
2023-08-11,31.01640510559082
2023-08-14,31.71974754333496
2023-08-15,31.03127098083496
2023-08-16,30.35763931274414
2023-08-17,29.679065704345703
2023-08-18,29.599815368652344
2023-08-21,30.560720443725586
2023-08-22,30.466611862182617
2023-08-23,31.417606353759766
2023-08-24,30.035686492919922
2023-08-25,30.526050567626953
2023-08-28,30.9866886138916
2023-08-29,32.31412124633789
2023-08-30,32.67074966430664
2023-08-31,32.829246520996094
2023-09-01,32.78466796875
2023-09-05,32.84410095214844
2023-09-06,32.264591217041016
2023-09-07,31.779184341430664
2023-09-08,31.853479385375977
2023-09-11,32.606353759765625
2023-09-12,31.883201599121094
2023-09-13,32.11599349975586
2023-09-14,32.62616729736328
2023-09-15,31.48200035095215
2023-09-18,31.561248779296875
2023-09-19,31.42255973815918
2023-09-20,30.596067428588867
2023-09-21,29.438783645629883
2023-09-22,29.4636173248291
2023-09-25,29.72686195373535
2023-09-26,28.822891235351562
2023-09-27,28.97686195373535
2023-09-28,29.43381690979004
2023-09-29,29.478519439697266
2023-10-02,29.95037269592285
2023-10-03,28.892425537109375
2023-10-04,29.67222785949707
2023-10-05,29.478519439697266
2023-10-06,30.452030181884766
2023-10-09,30.769908905029297
2023-10-10,31.087793350219727
2023-10-11,31.539777755737305
2023-10-12,31.286468505859375
2023-10-13,30.51163673400879
2023-10-16,31.21196746826172
2023-10-17,30.99838638305664
2023-10-18,30.124216079711914
2023-10-19,29.582826614379883
2023-10-20,28.70368766784668
2023-10-23,28.857654571533203
2023-10-24,29.43381690979004
2023-10-25,27.97355079650879
2023-10-26,26.89573860168457
2023-10-27,27.154010772705078
2023-10-30,27.74010467529297
2023-10-31,28.02322006225586
2023-11-01,28.99673080444336
2023-11-02,30.024879455566406
2023-11-03,30.720245361328125
2023-11-06,30.958656311035156
2023-11-07,31.53481674194336
2023-11-08,31.584482192993164
2023-11-09,31.082826614379883
2023-11-10,32.443756103515625
2023-11-13,32.25005340576172
2023-11-14,33.625877380371094
2023-11-15,33.67058181762695
2023-11-16,33.730186462402344
2023-11-17,33.7252082824707
2023-11-20,34.549713134765625
2023-11-21,34.107662200927734
2023-11-22,34.40071105957031
2023-11-24,34.2815055847168
2023-11-27,34.221900939941406
2023-11-28,34.39077377319336
2023-11-29,34.311302185058594
2023-11-30,34.127532958984375
2023-12-01,34.326210021972656
2023-12-04,33.66560745239258
2023-12-05,33.82951736450195
2023-12-06,33.437137603759766
2023-12-07,34.375877380371094
2023-12-08,34.64408493041992
2023-12-11,35.240116119384766
2023-12-12,35.80137634277344
2023-12-13,36.69541549682617
2023-12-14,36.61595153808594
2023-12-15,36.884159088134766
2023-12-18,37.42057800292969
2023-12-19,37.78813934326172
2023-12-20,36.648555755615234
2023-12-21,37.49876403808594
2023-12-22,37.603179931640625
2023-12-26,38.04071044921875
2023-12-27,38.184898376464844
2023-12-28,38.115291595458984
2023-12-29,37.787139892578125
2024-01-02,36.514312744140625
2024-01-03,35.73371124267578
2024-01-04,35.340919494628906
2024-01-05,35.43041229248047
2024-01-08,36.882240295410156
2024-01-09,37.02642059326172
2024-01-10,37.50870895385742
2024-01-11,37.6280403137207
2024-01-12,37.67776107788086
2024-01-16,37.66284942626953
2024-01-17,37.220333099365234
2024-01-18,38.284339904785156
2024-01-19,39.77096939086914
2024-01-22,39.87041091918945
2024-01-23,40.18861389160156
2024-01-24,40.61620330810547
2024-01-25,40.69575500488281
2024-01-26,40.19854736328125
2024-01-29,41.03384780883789
2024-01-30,40.46207046508789
2024-01-31,38.880977630615234
2024-02-01,39.80577087402344
2024-02-02,41.13826370239258
2024-02-05,40.98910140991211
2024-02-06,40.839942932128906
2024-02-07,41.660316467285156
2024-02-08,41.79456329345703
2024-02-09,42.60002517700195
2024-02-12,42.25198745727539
2024-02-13,40.924468994140625
2024-02-14,41.824398040771484
2024-02-15,42.03321838378906
2024-02-16,41.27250671386719
2024-02-20,40.64105987548828
2024-02-21,40.30297088623047
2024-02-22,42.65472412109375
2024-02-23,42.38125991821289
2024-02-26,42.33153533935547
2024-02-27,42.53539276123047
2024-02-28,42.0531120300293
2024-02-29,42.779022216796875
2024-03-01,44.056819915771484
2024-03-04,43.6988410949707
2024-03-05,42.14260482788086
2024-03-06,42.65969467163086
2024-03-07,43.94246292114258
2024-03-08,42.63980484008789
2024-03-11,42.316627502441406
2024-03-12,43.54470443725586
2024-03-13,42.83868408203125
2024-03-14,42.61494064331055
2024-03-15,41.58573913574219
2024-03-18,42.371315002441406
2024-03-19,42.57019805908203
2024-03-20,43.582637786865234
2024-03-21,43.96076202392578
2024-03-22,44.03538513183594
2024-03-25,43.7269287109375
2024-03-26,43.44334411621094
2024-03-27,43.73190689086914
2024-03-28,43.522945404052734
2024-04-01,43.7269287109375
2024-04-02,42.9507942199707
2024-04-03,43.11995315551758
2024-04-04,41.77665710449219
2024-04-05,42.771690368652344
2024-04-08,42.796566009521484
2024-04-09,43.0950813293457
2024-04-10,42.30899429321289
2024-04-11,43.67717742919922
2024-04-12,42.264217376708984
2024-04-15,40.856239318847656
2024-04-16,40.856239318847656
2024-04-17,39.85623550415039
2024-04-18,39.36866760253906
2024-04-19,37.75172424316406
2024-04-22,38.4930305480957
2024-04-23,39.647274017333984
2024-04-24,39.905975341796875
2024-04-25,39.48309326171875
2024-04-26,40.71196746826172
2024-04-29,41.02539825439453
2024-04-30,39.46318817138672
2024-05-01,38.88109588623047
2024-05-02,39.861209869384766
2024-05-03,41.45326232910156
2024-05-06,42.37865447998047
2024-05-07,42.3587532043457
2024-05-08,42.3139762878418
2024-05-09,42.468204498291016
2024-05-10,42.672183990478516
2024-05-13,42.86124038696289
2024-05-14,43.39358901977539
2024-05-15,44.7269401550293
2024-05-16,44.54286193847656
2024-05-17,44.498085021972656
2024-05-20,45.10505676269531
2024-05-21,45.259281158447266
2024-05-22,45.244361877441406
2024-05-23,44.80653762817383
2024-05-24,45.65232849121094
2024-05-28,45.97572326660156
2024-05-29,45.32893753051758
2024-05-30,44.33888626098633
2024-05-31,44.33888626098633
2024-06-03,44.62246322631836
2024-06-04,44.846343994140625
2024-06-05,46.657310485839844
2024-06-06,46.61750411987305
2024-06-07,46.508060455322266
2024-06-10,46.876220703125
2024-06-11,47.49812698364258
2024-06-12,48.746891021728516
2024-06-13,49.249385833740234
2024-06-14,49.73695373535156
2024-06-17,50.94593048095703
2024-06-18,50.960853576660156
2024-06-20,50.14990234375
2024-06-21,49.851383209228516
2024-06-24,48.731964111328125
2024-06-25,49.841434478759766
2024-06-26,50.04364013671875
2024-06-27,50.27273941040039
2024-06-28,49.70994567871094
2024-07-01,50.317562103271484
2024-07-02,51.35847473144531
2024-07-03,52.190223693847656
2024-07-05,53.25104904174805
2024-07-08,53.5150146484375
2024-07-09,53.56980514526367
2024-07-10,54.70036315917969
2024-07-11,52.264923095703125
2024-07-12,52.85759735107422
2024-07-15,53.15144348144531
2024-07-16,53.18132781982422
2024-07-17,50.04861831665039
2024-07-18,49.5555534362793
2024-07-19,48.65409469604492
2024-07-22,50.0785026550293
2024-07-23,49.7348518371582
2024-07-24,46.13896179199219
2024-07-25,45.1279296875
2024-07-26,46.03935241699219
2024-07-29,46.17879867553711
2024-07-30,44.90380859375
2024-07-31,47.568355560302734
2024-08-01,45.26738357543945
2024-08-02,43.080963134765625
2024-08-05,40.585750579833984
2024-08-06,41.287994384765625
2024-08-07,40.37159729003906
2024-08-08,42.85186004638672
2024-08-09,43.28516387939453
2024-08-12,43.44453811645508
2024-08-13,45.586124420166016
2024-08-14,45.62099075317383
2024-08-15,47.90204620361328
2024-08-16,47.98670959472656
2024-08-19,49.24676513671875
2024-08-20,49.027626037597656
2024-08-21,49.500770568847656
2024-08-22,47.89208221435547
2024-08-23,48.923038482666016
2024-08-26,47.95683288574219
2024-08-27,48.2407112121582
2024-08-28,47.125091552734375
2024-08-29,46.98066329956055
2024-08-30,48.08632278442383
2024-09-03,45.132911682128906
2024-09-04,44.89384460449219
2024-09-05,44.98349380493164
2024-09-06,42.55302810668945
2024-09-09,43.61885070800781
2024-09-10,44.41073989868164
2024-09-11,46.303314208984375
2024-09-12,47.249603271484375
2024-09-13,47.628116607666016
2024-09-16,47.194820404052734
2024-09-17,47.24462127685547
2024-09-18,46.80136489868164
2024-09-19,49.191978454589844
2024-09-20,48.96786117553711
2024-09-23,49.22684097290039
2024-09-24,49.695011138916016
2024-09-25,49.81509780883789
2024-09-26,50.522682189941406
2024-09-27,49.92970657348633
2024-09-30,50.17885208129883
2024-10-01,48.75870132446289
2024-10-02,48.92313766479492
2024-10-03,48.84341049194336
2024-10-04,50.004451751708984
2024-10-07,48.878292083740234
2024-10-08,50.338314056396484
2024-10-09,51.120643615722656
2024-10-10,51.011016845703125
2024-10-11,51.11566162109375
2024-10-14,51.97274398803711
2024-10-15,50.57749557495117
2024-10-16,50.592445373535156
2024-10-17,50.67218017578125
2024-10-18,51.290069580078125
2024-10-21,51.48440170288086
2024-10-22,51.584068298339844
2024-10-23,49.989501953125
2024-10-24,50.79176712036133
2024-10-25,51.37477493286133
2024-10-28,51.394710540771484
2024-10-29,52.366390228271484
2024-10-30,51.574092864990234
2024-10-31,48.972965240478516
2024-11-01,49.655643463134766
2024-11-04,49.34669494628906
2024-11-05,50.60739517211914
2024-11-06,53.35801315307617
2024-11-07,55.03728485107422
2024-11-08,55.112037658691406
2024-11-11,55.042266845703125
2024-11-12,54.847930908203125
2024-11-13,54.693458557128906
2024-11-14,53.90614700317383
2024-11-15,51.30003356933594
2024-11-18,52.03253173828125
2024-11-19,52.72517395019531
2024-11-20,52.66039276123047
2024-11-21,53.04408645629883
2024-11-22,53.17862319946289
2024-11-25,53.34307098388672
2024-11-26,53.90115737915039
2024-11-27,53.04408645629883
2024-11-29,53.92109298706055
2024-12-02,55.09708023071289
2024-12-03,55.445884704589844
2024-12-04,56.79629135131836
2024-12-05,56.482357025146484
2024-12-06,57.468994140625
2024-12-09,56.54713821411133
2024-12-10,56.133548736572266
2024-12-11,58.15665054321289
2024-12-12,57.394248962402344
2024-12-13,58.24135971069336
2024-12-16,59.920631408691406
2024-12-17,59.387454986572266
2024-12-18,55.1020622253418
2024-12-19,54.56888198852539
2024-12-20,55.53558349609375
2024-12-23,56.57810592651367
2024-12-24,58.10374450683594
2024-12-26,57.99904251098633
2024-12-27,56.41856384277344
2024-12-30,54.90788269042969
2024-12-31,53.965579986572266
2025-01-02,53.72626495361328
2025-01-03,55.481239318847656
2025-01-06,56.74263381958008
2025-01-07,54.698486328125
2025-01-08,54.708457946777344
2025-01-10,52.96344757080078
2025-01-13,52.63439178466797
2025-01-14,52.50975036621094
2025-01-15,54.88295364379883
2025-01-16,54.15005111694336
2025-01-17,55.93495178222656
2025-01-21,56.53822326660156
2025-01-22,58.01399612426758
2025-01-23,58.26826858520508
2025-01-24,57.580238342285156
2025-01-27,54.17498016357422
2025-01-28,55.80531692504883
2025-01-29,55.580963134765625
2025-01-30,56.04462814331055
2025-01-31,55.8452033996582
2025-02-03,54.95774459838867
2025-02-04,56.29890823364258
2025-02-05,56.7924919128418
2025-02-06,57.36585235595703
2025-02-07,55.91500473022461
2025-02-10,57.231239318847656
2025-02-11,56.96200942993164
2025-02-12,57.026824951171875
2025-02-13,58.652164459228516
2025-02-14,59.10089111328125
2025-02-18,59.360145568847656
2025-02-19,59.39006042480469
2025-02-20,58.861572265625
2025-02-21,56.40858840942383
2025-02-24,55.047489166259766
2025-02-25,53.651485443115234
2025-02-26,53.89578628540039
2025-02-27,50.924278259277344
2025-02-28,52.49479293823242
2025-03-03,50.25121307373047
2025-03-04,49.88226318359375
2025-03-05,51.18852615356445
2025-03-06,48.371585845947266
2025-03-07,49.0396728515625
2025-03-10,45.3253059387207
2025-03-11,44.99624252319336
2025-03-12,46.03327941894531
2025-03-13,44.34809875488281
2025-03-14,46.46205139160156
2025-03-17,47.06033706665039
2025-03-18,45.469886779785156
2025-03-19,46.62657165527344
2025-03-20,46.31746292114258
2025-03-21,46.646522521972656
2025-03-24,48.61090087890625
2025-03-25,49.189247131347656
2025-03-26,47.38194274902344
2025-03-27,46.81840133666992
2025-03-28,44.35480880737305
2025-03-31,44.32487487792969
2025-04-01,45.01808166503906
2025-04-02,45.676368713378906
2025-04-03,40.79405212402344
2025-04-04,35.811988830566406
2025-04-07,35.91671371459961
2025-04-08,34.5801887512207
2025-04-09,42.7040901184082
2025-04-10,39.213157653808594
2025-04-11,40.59955596923828
2025-04-14,41.16309356689453
2025-04-15,41.25784683227539
2025-04-16,38.7792854309082
2025-04-17,38.71944046020508
2025-04-21,36.82435989379883
2025-04-22,38.70447540283203
2025-04-23,40.42500686645508
2025-04-24,42.724037170410156
2025-04-25,43.666587829589844
2025-04-28,43.646636962890625
2025-04-29,44.18524169921875
2025-04-30,44.17527389526367
2025-05-01,45.25746154785156
2025-05-02,46.64884567260742
2025-05-05,46.10027313232422
2025-05-06,45.252471923828125
2025-05-07,45.591590881347656
2025-05-08,46.49923324584961
2025-05-09,46.4194450378418
2025-05-12,50.19962692260742
2025-05-13,51.71070098876953
2025-05-14,52.32909393310547
2025-05-15,52.44379806518555
2025-05-16,52.89262390136719
2025-05-19,52.967437744140625
2025-05-20,52.588417053222656
2025-05-21,51.12721252441406
2025-05-22,51.31672668457031
2025-05-23,50.33926010131836
2025-05-27,52.678184509277344
2025-05-28,52.22935485839844
2025-05-29,52.418861389160156
2025-05-30,52.22935485839844
2025-06-02,53.032264709472656
2025-06-03,53.87507629394531
2025-06-04,54.15435028076172
2025-06-05,53.306556701660156
2025-06-06,54.33388137817383
2025-06-09,54.483497619628906
2025-06-10,55.21160888671875
2025-06-11,54.82761001586914
2025-06-12,55.07695770263672
2025-06-13,53.665626525878906
2025-06-16,55.14178466796875
2025-06-17,54.044639587402344
2025-06-18,54.01970291137695
2025-06-20,53.53595733642578
2025-06-23,54.653053283691406
2025-06-24,56.308753967285156
2025-06-25,56.580352783203125
2025-06-26,57.64875411987305
2025-06-27,58.0281867980957
2025-06-30,58.76707458496094
2025-07-01,57.743614196777344
2025-07-02,58.55739212036133
2025-07-03,59.65574645996094
2025-07-07,58.7620849609375
2025-07-08,58.8070182800293
2025-07-09,59.63577651977539
2025-07-10,59.44606399536133
2025-07-11,59.16149139404297
2025-07-14,59.56588363647461
2025-07-15,59.66073989868164
2025-07-16,59.79054641723633
2025-07-17,60.74911117553711
2025-07-18,60.59434509277344
2025-07-21,61.218414306640625
2025-07-22,60.574378967285156
2025-07-23,61.11855697631836
2025-07-24,61.38815689086914
2025-07-25,61.632789611816406
2025-07-28,62.02220916748047
2025-07-29,61.837486267089844
2025-07-30,61.98226547241211
2025-07-31,61.293296813964844
2025-08-01,58.846961975097656
2025-08-04,61.008724212646484
2025-08-05,60.16498565673828
2025-08-06,61.67772674560547
2025-08-07,62.09210205078125
2025-08-08,63.21542739868164
2025-08-11,62.80603790283203
2025-08-12,64.40365600585938
2025-08-13,64.45357513427734
2025-08-14,64.33873748779297
2025-08-15,63.734649658203125
2025-08-18,63.69470977783203
2025-08-19,61.947322845458984
2025-08-20,61.19344711303711
2025-08-21,60.634281158447266
2025-08-22,62.47652816772461
2025-08-25,62.10208511352539
2025-08-26,62.601341247558594
2025-08-27,62.77607727050781
2025-08-28,63.53993606567383
2025-08-29,62.017215728759766
2025-09-02,60.98875427246094
2025-09-03,61.91736602783203
2025-09-04,63.045677185058594
2025-09-05,63.185462951660156
2025-09-08,63.80454635620117
2025-09-09,64.14903259277344
2025-09-10,64.18897247314453
2025-09-11,64.91787719726562
2025-09-12,65.4770278930664
2025-09-15,66.59037780761719
2025-09-16,66.44059753417969
2025-09-17,66.15602111816406
2025-09-18,67.37919616699219
2025-09-19,68.25788116455078
2025-09-22,69.05168914794922
2025-09-23,68.11808776855469
2025-09-24,67.64415740966797
2025-09-25,67.03487396240234
2025-09-26,67.5742416381836
2025-09-29,68.17852020263672
2025-09-30,68.51810455322266
2025-10-01,69.17732238769531
2025-10-02,69.73665618896484
2025-10-03,69.10741424560547
2025-10-06,70.15116119384766
2025-10-07,69.39706420898438
2025-10-08,70.97517395019531
2025-10-09,70.79039764404297
2025-10-10,65.82633209228516
2025-10-13,68.63297271728516
2025-10-14,67.71907043457031
2025-10-15,68.63796997070312
2025-10-16,68.12858581542969
2025-10-17,68.9975357055664
2025-10-20,70.7204818725586
2025-10-21,70.68052673339844
2025-10-22,69.27720642089844
2025-10-23,70.46578216552734
2025-10-24,71.90406036376953
2025-10-27,74.48098754882812
2025-10-28,75.6046371459961
2025-10-29,76.29381561279297
2025-10-30,73.9366455078125
2025-10-31,74.6507797241211
2025-11-03,75.31998443603516
2025-11-04,72.2336654663086
2025-11-05,73.18253326416016
2025-11-06,70.44580841064453
2025-11-07,69.97138214111328
2025-11-10,73.03771209716797
2025-11-11,72.64817810058594
2025-11-12,72.52332305908203
2025-11-13,69.54188537597656
2025-11-14,69.61180114746094
2025-11-17,68.4182357788086
2025-11-18,66.75521850585938
2025-11-19,67.5143051147461
2025-11-20,64.33312225341797
2025-11-21,65.28197479248047
2025-11-24,68.64796447753906
2025-11-25,69.4270248413086
2025-11-26,70.65555572509766
2025-11-28,71.72428131103516
2025-12-01,71.26482391357422
2025-12-02,72.38349151611328
2025-12-03,72.70310974121094
2025-12-04,72.53331756591797
2025-12-05,73.13259887695312
2025-12-08,72.80298614501953
2025-12-09,73.01274108886719
2025-12-10,73.57208251953125
2025-12-11,73.0926513671875
2025-12-12,70.25603485107422
2025-12-15,69.546875
2025-12-16,69.81655883789062
2025-12-17,67.1996841430664
2025-12-18,69.1573486328125
2025-12-19,70.96519470214844
2025-12-22,71.5844497680664
2025-12-23,72.27362823486328
2025-12-24,72.6662826538086
2025-12-26,72.61632537841797
2025-12-29,71.89695739746094
2025-12-30,71.54725646972656
2025-12-31,70.34832000732422
2026-01-02,70.03858184814453
2026-01-05,71.13761138916016
2026-01-06,72.39651489257812
2026-01-07,72.52640533447266
2026-01-08,71.6871337890625
2026-01-09,73.07592010498047
2026-01-12,73.20580291748047
2026-01-13,72.94603729248047
2026-01-14,71.4273681640625
2026-01-15,71.8769760131836
2026-01-16,71.6871337890625
2026-01-20,68.66979217529297
2026-01-21,70.47819519042969
2026-01-22,71.54725646972656
2026-01-23,71.98687744140625
2026-01-26,72.59634399414062
2026-01-27,73.89520263671875
2026-01-28,74.29485321044922
2026-01-29,73.45558166503906
2026-01-30,71.64717864990234
2026-02-02,72.6662826538086
2026-02-03,70.39826965332031
2026-02-04,67.92044830322266
2026-02-05,65.98214721679688
2026-02-06,68.729736328125
2026-02-09,69.76882934570312
2026-02-10,69.119384765625
2026-02-11,69.45909118652344
2026-02-12,66.63157653808594
2026-02-13,66.86137390136719
2026-02-17,66.71150207519531
2026-02-18,67.69064331054688
2026-02-19,67.18109130859375
2026-02-20,68.34008026123047
2026-02-23,66.69151306152344
2026-02-24,68.0703125
2026-02-25,70.01860809326172
2026-02-26,68.38003540039062
2026-02-27,67.93043518066406
2026-03-02,68.0703125
2026-03-03,66.62158203125
2026-03-04,68.58985900878906
2026-03-05,68.2001953125
2026-03-06,66.13201904296875
2026-03-09,67.88047790527344
2026-03-10,67.85050964355469
2026-03-11,67.84051513671875
2026-03-12,65.52254486083984
2026-03-13,64.7032699584961
2026-03-16,66.13201904296875
2026-03-17,66.79143524169922
2026-03-18,64.8930892944336
2026-03-19,64.47346496582031
2026-03-20,62.07556915283203
2026-03-23,63.52429962158203
2026-03-24,62.58511734008789
2026-03-25,63.3875846862793
2026-03-26,60.389591217041016
2026-03-27,58.01118087768555
2026-03-30,57.12177658081055
2026-03-31,60.95920944213867
2026-04-01,62.44821548461914
2026-04-02,62.558135986328125
2026-04-06,63.30763626098633
2026-04-07,63.34761047363281
2026-04-08,67.03514862060547
2026-04-09,67.96452331542969
2026-04-10,68.14440155029297
2026-04-13,69.54346466064453
2026-04-14,72.05178833007812
2026-04-15,74.06044006347656
2026-04-16,74.74998474121094
2026-04-17,76.67869567871094
2026-04-20,76.218994140625
2026-04-21,75.61940002441406
2026-04-22,78.12772369384766
2026-04-23,77.2483139038086
2026-04-24,80.18634033203125
2026-04-27,80.23631286621094
2026-04-28,78.61739349365234
2026-04-29,79.58674621582031
2026-04-30,80.99580383300781
2026-05-01,82.54476165771484
2026-05-04,82.2249755859375
2026-05-05,84.33356475830078
2026-05-06,87.79125213623047
2026-05-07,87.60138702392578
2026-05-08,91.6586685180664
2026-05-11,92.19831085205078
2026-05-12,90.62935638427734
2026-05-13,92.48811340332031
2026-05-14,93.83721160888672
2026-05-15,90.96912384033203
2026-05-18,90.13967895507812
2026-05-19,89.07039642333984
2026-05-20,91.98844909667969
2026-05-21,92.31822204589844
2026-05-22,93.0377426147461
2026-05-26,96.33554077148438
2026-05-27,96.12567901611328
2026-05-28,97.724609375
2026-05-29,98.39415740966797
2026-06-01,99.5633773803711
2026-06-02,100.46277618408203
2026-06-03,99.9331283569336
2026-06-04,98.95378112792969
2026-06-05,89.4801254272461
2026-06-08,92.18830871582031
2026-06-09,90.05973815917969
2026-06-10,86.45215606689453
2026-06-11,92.11836242675781
2026-06-12,93.31755065917969
2026-06-15,99.11367797851562
2026-06-16,95.39616394042969
2026-06-17,93.4974365234375
2026-06-18,97.84452819824219
2026-06-22,97.61468505859375
2026-06-23,91.15900421142578
2026-06-24,90.37000274658203
2026-06-25,91.7699966430664
2026-06-26,89.12000274658203
2026-06-29,93.68000030517578
2026-06-30,96.76000213623047
2026-07-01,93.9000015258789
2026-07-02,90.61000061035156
2026-07-06,93.13999938964844
2026-07-07,89.69000244140625
2026-07-08,90.13999938964844
2026-07-09,93.13999938964844
2026-07-10,93.69999694824219
2026-07-13,90.12999725341797
2026-07-14,92.12999725341797
2026-07-15,91.61000061035156
2026-07-16,88.56999969482422
2026-07-17,85.91000366210938
2026-07-20,86.02999877929688
2026-07-21,89.2300033569336
2026-07-22,88.27999877929688
