Date,adj_close
1999-03-10,43.02705383300781
1999-03-11,43.23770523071289
1999-03-12,42.18442153930664
1999-03-15,43.39570617675781
1999-03-16,43.76435852050781
1999-03-17,43.44837951660156
1999-03-18,44.2910270690918
1999-03-19,43.158714294433594
1999-03-22,42.6320686340332
1999-03-23,41.13111877441406
1999-03-24,42.52672576904297
1999-03-25,44.08035659790039
1999-03-26,43.60636520385742
1999-03-29,45.18630599975586
1999-03-30,44.870323181152344
1999-03-31,44.21200180053711
1999-04-01,45.13364028930664
1999-04-05,46.76624298095703
1999-04-06,46.85841369628906
1999-04-07,46.371273040771484
1999-04-08,46.73991775512695
1999-04-09,47.0295524597168
1999-04-12,46.71358108520508
1999-04-13,46.08161926269531
1999-04-14,44.50166702270508
1999-04-15,45.10731506347656
1999-04-16,43.790679931640625
1999-04-19,41.73675537109375
1999-04-20,42.684730529785156
1999-04-21,44.79132080078125
1999-04-22,46.00263214111328
1999-04-23,46.60826873779297
1999-04-26,47.68128967285156
1999-04-27,46.95058059692383
1999-04-28,45.34431076049805
1999-04-29,44.975650787353516
1999-04-30,45.26530838012695
1999-05-03,45.02831268310547
1999-05-04,44.31732940673828
1999-05-05,45.66030502319336
1999-05-06,44.00135803222656
1999-05-07,44.63331985473633
1999-05-10,45.08097457885742
1999-05-11,45.79195022583008
1999-05-12,46.73991775512695
1999-05-13,45.87094497680664
1999-05-14,45.001991271972656
1999-05-17,45.81170654296875
1999-05-18,45.60762405395508
1999-05-19,46.23958969116211
1999-05-20,44.96905517578125
1999-05-21,44.55430221557617
1999-05-24,43.42204284667969
1999-05-25,42.0001106262207
1999-05-26,43.17189407348633
1999-05-27,43.13236618041992
1999-05-28,43.843353271484375
1999-06-01,42.869049072265625
1999-06-02,43.59319305419922
1999-06-03,42.974388122558594
1999-06-04,44.2910270690918
1999-06-07,45.212642669677734
1999-06-08,44.08035659790039
1999-06-09,44.817649841308594
1999-06-10,44.304168701171875
1999-06-11,43.63270950317383
1999-06-14,42.809818267822266
1999-06-15,43.44837951660156
1999-06-16,45.6800422668457
1999-06-17,46.186927795410156
1999-06-18,46.397605895996094
1999-06-21,47.78662872314453
1999-06-22,46.34492874145508
1999-06-23,47.07566833496094
1999-06-24,46.14086151123047
1999-06-25,46.08161926269531
1999-06-28,47.17440414428711
1999-06-29,47.81952667236328
1999-06-30,48.55684280395508
1999-07-01,48.8859977722168
1999-07-02,49.504817962646484
1999-07-06,49.1888313293457
1999-07-07,49.26782989501953
1999-07-08,49.9261474609375
1999-07-09,50.42643737792969
1999-07-12,50.163116455078125
1999-07-13,49.9261474609375
1999-07-14,50.775360107421875
1999-07-15,51.24274444580078
1999-07-16,51.71672439575195
1999-07-19,51.1900749206543
1999-07-20,49.21516036987305
1999-07-21,49.452144622802734
1999-07-22,48.19476318359375
1999-07-23,48.26719665527344
1999-07-26,47.08224868774414
1999-07-27,48.030189514160156
1999-07-28,48.971580505371094
1999-07-29,47.924888610839844
1999-07-30,47.687896728515625
1999-08-02,47.55622482299805
1999-08-03,47.24681091308594
1999-08-04,46.39101791381836
1999-08-05,47.12831115722656
1999-08-06,46.62143325805664
1999-08-09,46.02236557006836
1999-08-10,45.60762405395508
1999-08-11,47.10857391357422
1999-08-12,46.555580139160156
1999-08-13,48.583187103271484
1999-08-16,48.971580505371094
1999-08-17,49.21516036987305
1999-08-18,48.66218185424805
1999-08-19,48.08287048339844
1999-08-20,48.84650421142578
1999-08-23,50.400115966796875
1999-08-24,50.742427825927734
1999-08-25,51.822052001953125
1999-08-26,50.95967483520508
1999-08-27,50.45277786254883
1999-08-30,49.741790771484375
1999-08-31,50.29477310180664
1999-09-01,50.656856536865234
1999-09-02,50.47911071777344
1999-09-03,52.79634475708008
1999-09-07,52.55935287475586
1999-09-08,51.848388671875
1999-09-09,52.585723876953125
1999-09-10,53.19136428833008
1999-09-13,52.552772521972656
1999-09-14,52.842430114746094
1999-09-15,51.822052001953125
1999-09-16,51.79573440551758
1999-09-17,53.34932327270508
1999-09-20,53.474388122558594
1999-09-21,52.19070053100586
1999-09-22,52.74369430541992
1999-09-23,50.5580940246582
1999-09-24,50.623924255371094
1999-09-27,50.97941970825195
1999-09-28,51.21641540527344
1999-09-29,50.18946838378906
1999-09-30,50.71611785888672
1999-10-01,50.73585510253906
1999-10-04,51.87472915649414
1999-10-05,52.24336624145508
1999-10-06,53.29009246826172
1999-10-07,53.165016174316406
1999-10-08,53.72459030151367
1999-10-11,54.48162078857422
1999-10-12,53.24401092529297
1999-10-13,51.664058685302734
1999-10-14,51.986637115478516
1999-10-15,50.45277786254883
1999-10-18,49.81419372558594
1999-10-19,50.08411407470703
1999-10-20,51.61138916015625
1999-10-21,52.45403289794922
1999-10-22,52.2170524597168
1999-10-25,52.24336624145508
1999-10-26,51.822052001953125
1999-10-27,51.74306106567383
1999-10-28,53.53367614746094
1999-10-29,55.40326690673828
1999-11-01,55.11360549926758
1999-11-02,55.146507263183594
1999-11-03,56.24590301513672
1999-11-04,56.87789535522461
1999-11-05,57.45718765258789
1999-11-08,58.61582946777344
1999-11-09,58.22081756591797
1999-11-10,58.984458923339844
1999-11-11,60.03776931762695
1999-11-12,60.827728271484375
1999-11-15,60.7092170715332
1999-11-16,62.24967956542969
1999-11-17,61.40702819824219
1999-11-18,63.289791107177734
1999-11-19,63.855953216552734
1999-11-22,62.88166427612305
1999-11-23,63.17129898071289
1999-11-24,65.25154113769531
1999-11-26,65.46221160888672
1999-11-29,64.382568359375
1999-11-30,61.93368911743164
1999-12-01,63.27665328979492
1999-12-02,65.28445434570312
1999-12-03,66.67351531982422
1999-12-06,67.27914428710938
1999-12-07,67.27914428710938
1999-12-08,66.46282958984375
1999-12-09,66.77885437011719
1999-12-10,67.3318099975586
1999-12-13,68.24689483642578
1999-12-14,67.01580047607422
1999-12-15,68.30611419677734
1999-12-16,69.99139404296875
1999-12-17,70.59700775146484
1999-12-20,71.51866149902344
1999-12-21,75.36317443847656
1999-12-22,75.12618255615234
1999-12-23,76.02149963378906
1999-12-27,75.5738754272461
1999-12-28,75.09983825683594
1999-12-29,77.94380950927734
1999-12-30,77.10114288330078
1999-12-31,76.99576568603516
2000-01-03,79.83967590332031
2000-01-04,74.36256408691406
2000-01-05,72.46660614013672
2000-01-06,67.48979949951172
2000-01-07,75.83716583251953
2000-01-10,77.94380950927734
2000-01-11,74.15191650390625
2000-01-12,72.519287109375
2000-01-13,76.89048767089844
2000-01-14,78.68103790283203
2000-01-18,79.10234069824219
2000-01-19,80.8929443359375
2000-01-20,80.10301208496094
2000-01-21,81.10359191894531
2000-01-24,77.20643615722656
2000-01-25,78.36505889892578
2000-01-26,75.20520782470703
2000-01-27,76.3111343383789
2000-01-28,72.46660614013672
2000-01-31,75.5738754272461
2000-02-01,77.60143280029297
2000-02-02,78.259765625
2000-02-03,81.31427001953125
2000-02-04,81.86727905273438
2000-02-07,82.99954223632812
2000-02-08,86.47541046142578
2000-02-09,83.42088317871094
2000-02-10,86.15943908691406
2000-02-11,84.15818786621094
2000-02-14,84.0528335571289
2000-02-15,84.65849304199219
2000-02-16,84.26353454589844
2000-02-17,86.05410766601562
2000-02-18,82.94689178466797
2000-02-22,83.21022033691406
2000-02-23,87.84471893310547
2000-02-24,89.74064636230469
2000-02-25,87.68670654296875
2000-02-28,87.63402557373047
2000-02-29,89.95130157470703
2000-03-01,90.6886215209961
2000-03-02,88.5886001586914
2000-03-03,93.58517456054688
2000-03-06,94.3224868774414
2000-03-07,92.90048217773438
2000-03-08,93.7431411743164
2000-03-09,96.90301513671875
2000-03-10,96.4817123413086
2000-03-13,93.95384216308594
2000-03-14,90.47791290283203
2000-03-15,86.68607330322266
2000-03-16,91.63653564453125
2000-03-17,93.37451171875
2000-03-20,90.74124908447266
2000-03-21,94.16449737548828
2000-03-22,96.06037902832031
2000-03-23,97.74565887451172
2000-03-24,99.06230163574219
2000-03-27,99.22026062011719
2000-03-28,96.69236755371094
2000-03-29,92.68985748291016
2000-03-30,90.37261199951172
2000-03-31,92.26853942871094
2000-04-03,86.73876953125
2000-04-04,85.89612579345703
2000-04-05,84.36884307861328
2000-04-06,86.3700942993164
2000-04-07,89.84598541259766
2000-04-10,84.36884307861328
2000-04-11,82.36761474609375
2000-04-12,77.5224380493164
2000-04-13,74.15191650390625
2000-04-14,67.72679138183594
2000-04-17,75.52116394042969
2000-04-18,77.5224380493164
2000-04-19,75.1525650024414
2000-04-20,73.5199203491211
2000-04-24,71.41334533691406
2000-04-25,76.23217010498047
2000-04-26,73.62525177001953
2000-04-27,76.89048767089844
2000-04-28,79.83967590332031
2000-05-01,80.57698059082031
2000-05-02,75.94247436523438
2000-05-03,75.09983825683594
2000-05-04,75.2578125
2000-05-05,77.04844665527344
2000-05-08,74.04656982421875
2000-05-09,72.46660614013672
2000-05-10,67.20014190673828
2000-05-11,71.3080062866211
2000-05-12,71.3080062866211
2000-05-15,74.41521453857422
2000-05-16,76.52178955078125
2000-05-17,74.94185638427734
2000-05-18,72.2559814453125
2000-05-19,68.83271026611328
2000-05-22,68.78010559082031
2000-05-23,63.039649963378906
2000-05-24,66.989501953125
2000-05-25,65.51487731933594
2000-05-26,65.51487731933594
2000-05-30,72.09797668457031
2000-05-31,70.04407501220703
2000-06-01,73.62525177001953
2000-06-02,78.8917465209961
2000-06-05,79.08917999267578
2000-06-06,76.89048767089844
2000-06-07,78.94434356689453
2000-06-08,78.57569122314453
2000-06-09,78.99701690673828
2000-06-12,76.46914672851562
2000-06-13,79.4183578491211
2000-06-14,77.62776184082031
2000-06-15,78.99701690673828
2000-06-16,79.4183578491211
2000-06-19,82.57823181152344
2000-06-20,82.26223754882812
2000-06-21,83.31556701660156
2000-06-22,80.26102447509766
2000-06-23,77.10114288330078
2000-06-26,79.20772552490234
2000-06-27,78.259765625
2000-06-28,79.20772552490234
2000-06-29,77.2195816040039
2000-06-30,78.73372650146484
2000-07-03,80.26102447509766
2000-07-05,77.15377807617188
2000-07-06,79.20772552490234
2000-07-07,80.8403091430664
2000-07-10,79.61585998535156
2000-07-11,80.0503158569336
2000-07-12,81.94625854492188
2000-07-13,82.99954223632812
2000-07-14,84.79015350341797
2000-07-17,85.73809814453125
2000-07-18,83.84217071533203
2000-07-19,81.94625854492188
2000-07-20,84.5794906616211
2000-07-21,81.73564147949219
2000-07-24,80.0503158569336
2000-07-25,80.68228912353516
2000-07-26,80.57698059082031
2000-07-27,77.4170913696289
2000-07-28,73.2038803100586
2000-07-31,75.36317443847656
2000-08-01,74.36256408691406
2000-08-02,73.04595184326172
2000-08-03,76.20578002929688
2000-08-04,75.94247436523438
2000-08-07,77.73308563232422
2000-08-08,79.31302642822266
2000-08-09,77.20643615722656
2000-08-10,75.67916870117188
2000-08-11,76.73246765136719
2000-08-14,78.36505889892578
2000-08-15,78.36505889892578
2000-08-16,79.15502166748047
2000-08-17,80.68228912353516
2000-08-18,80.26102447509766
2000-08-21,80.47164916992188
2000-08-22,80.47164916992188
2000-08-23,81.78826904296875
2000-08-24,83.05220031738281
2000-08-25,82.60456848144531
2000-08-28,82.99954223632812
2000-08-29,83.42088317871094
2000-08-30,83.31556701660156
2000-08-31,85.63280487060547
2000-09-01,86.47541046142578
2000-09-05,83.84217071533203
2000-09-06,80.8929443359375
2000-09-07,82.6835708618164
2000-09-08,80.15565490722656
2000-09-11,78.20709228515625
2000-09-12,76.99576568603516
2000-09-13,78.786376953125
2000-09-14,78.36505889892578
2000-09-15,76.94305419921875
2000-09-18,75.73182678222656
2000-09-19,78.52310180664062
2000-09-20,79.73433685302734
2000-09-21,73.94127655029297
2000-09-22,78.3123779296875
2000-09-25,76.23217010498047
2000-09-26,75.36317443847656
2000-09-27,75.4685287475586
2000-09-28,77.15377807617188
2000-09-29,74.78388977050781
2000-10-02,73.09859466552734
2000-10-03,70.78135681152344
2000-10-04,72.15060424804688
2000-10-05,72.36131286621094
2000-10-06,69.93871307373047
2000-10-09,69.6227798461914
2000-10-10,65.98885345458984
2000-10-11,64.935546875
2000-10-12,63.302978515625
2000-10-13,68.46410369873047
2000-10-16,69.09608459472656
2000-10-17,65.93616485595703
2000-10-18,65.72555541992188
2000-10-19,71.67665100097656
2000-10-20,72.72991180419922
2000-10-23,72.62462615966797
2000-10-24,69.51741027832031
2000-10-25,65.62018585205078
2000-10-26,67.30545806884766
2000-10-27,67.173828125
2000-10-30,64.68540954589844
2000-10-31,68.84593963623047
2000-11-01,68.25344848632812
2000-11-02,69.09608459472656
2000-11-03,69.99139404296875
2000-11-06,69.46470642089844
2000-11-07,69.20137786865234
2000-11-08,63.79012680053711
2000-11-09,63.77696228027344
2000-11-10,60.459075927734375
2000-11-13,60.55123519897461
2000-11-14,63.90858459472656
2000-11-15,65.19891357421875
2000-11-16,61.40702819824219
2000-11-17,61.36753463745117
2000-11-20,58.865962982177734
2000-11-21,58.77379608154297
2000-11-22,56.140560150146484
2000-11-24,59.35311508178711
2000-11-27,58.61582946777344
2000-11-28,55.153114318847656
2000-11-29,53.033329010009766
2000-11-30,53.07283401489258
2000-12-01,53.92866516113281
2000-12-04,54.77127456665039
2000-12-05,59.56376266479492
2000-12-06,57.2991828918457
2000-12-07,56.03522491455078
2000-12-08,57.2991828918457
2000-12-11,62.670997619628906
2000-12-12,60.38008499145508
2000-12-13,57.91797637939453
2000-12-14,55.0872802734375
2000-12-15,53.82332229614258
2000-12-18,53.92866516113281
2000-12-19,49.82078170776367
2000-12-20,46.9637336730957
2000-12-21,47.24021530151367
2000-12-22,50.97941970825195
2000-12-26,51.2954216003418
2000-12-27,51.87472915649414
2000-12-28,51.76939010620117
2000-12-29,49.1888313293457
2001-01-02,45.02831268310547
2001-01-03,52.61201095581055
2001-01-04,51.664058685302734
2001-01-05,47.7142219543457
2001-01-08,48.2408561706543
2001-01-09,48.2408561706543
2001-01-10,50.71611785888672
2001-01-11,52.19070053100586
2001-01-12,52.8621826171875
2001-01-16,52.230194091796875
2001-01-17,53.82332229614258
2001-01-18,56.087894439697266
2001-01-19,55.877254486083984
2001-01-22,55.9299201965332
2001-01-23,57.101688385009766
2001-01-24,56.5618782043457
2001-01-25,54.349971771240234
2001-01-26,55.23210525512695
2001-01-29,56.4565544128418
2001-01-30,56.24590301513672
2001-01-31,54.18144607543945
2001-02-01,54.89765930175781
2001-02-02,51.864200592041016
2001-02-05,51.822052001953125
2001-02-06,51.90631866455078
2001-02-07,51.06369400024414
2001-02-08,49.538516998291016
2001-02-09,47.52461624145508
2001-02-12,48.09760665893555
2001-02-13,46.555580139160156
2001-02-14,48.409393310546875
2001-02-15,49.20989227294922
2001-02-16,46.454463958740234
2001-02-20,44.6512451171875
2001-02-21,43.39570617675781
2001-02-22,42.974388122558594
2001-02-23,43.12606430053711
2001-02-26,43.943424224853516
2001-02-27,41.28911590576172
2001-02-28,39.9830322265625
2001-03-01,41.12058639526367
2001-03-02,39.351051330566406
2001-03-05,40.067298889160156
2001-03-06,41.62618637084961
2001-03-07,41.64302062988281
2001-03-08,40.867820739746094
2001-03-09,38.00284957885742
2001-03-12,35.64345932006836
2001-03-13,37.45512771606445
2001-03-14,36.86528015136719
2001-03-15,35.51705551147461
2001-03-16,34.716552734375
2001-03-19,36.452392578125
2001-03-20,34.00031280517578
2001-03-21,34.00031280517578
2001-03-22,36.06477355957031
2001-03-23,36.06477355957031
2001-03-26,35.230567932128906
2001-03-27,36.44396209716797
2001-03-28,33.4526252746582
2001-03-29,32.82064437866211
2001-03-30,32.98917007446289
2001-04-02,31.514562606811523
2001-04-03,29.205739974975586
2001-04-04,28.691722869873047
2001-04-05,31.438720703125
2001-04-06,30.292728424072266
2001-04-09,31.219621658325195
2001-04-10,33.5368766784668
2001-04-11,34.54804229736328
2001-04-12,36.06477355957031
2001-04-16,33.91605758666992
2001-04-17,34.758705139160156
2001-04-18,38.38203048706055
2001-04-19,40.699275970458984
2001-04-20,40.78354263305664
2001-04-23,38.044979095458984
2001-04-24,37.328731536865234
2001-04-25,38.00284957885742
2001-04-26,37.03380584716797
2001-04-27,38.044979095458984
2001-04-30,38.88762283325195
2001-05-01,40.488616943359375
2001-05-02,41.27227783203125
2001-05-03,39.435325622558594
2001-05-04,40.615013122558594
2001-05-07,39.77239227294922
2001-05-08,40.615013122558594
2001-05-09,39.22465896606445
2001-05-10,38.567386627197266
2001-05-11,38.38203048706055
2001-05-14,37.76688766479492
2001-05-15,38.044979095458984
2001-05-16,39.73024368286133
2001-05-17,40.36222457885742
2001-05-18,40.48019027709961
2001-05-21,43.01653289794922
2001-05-22,42.89013671875
2001-05-23,40.994205474853516
2001-05-24,42.0474967956543
2001-05-25,41.28068161010742
2001-05-29,38.862335205078125
2001-05-30,37.43828582763672
2001-05-31,37.691070556640625
2001-06-01,38.80335998535156
2001-06-04,38.617958068847656
2001-06-05,40.320091247558594
2001-06-06,40.00832748413086
2001-06-07,41.036319732666016
2001-06-08,39.898773193359375
2001-06-11,38.80335998535156
2001-06-12,38.59269332885742
2001-06-13,37.539398193359375
2001-06-14,35.60133361816406
2001-06-15,35.89625549316406
2001-06-18,35.41594696044922
2001-06-19,35.23899841308594
2001-06-20,36.03950881958008
2001-06-21,36.52824020385742
2001-06-22,36.44396209716797
2001-06-25,36.53667068481445
2001-06-26,36.663047790527344
2001-06-27,36.898990631103516
2001-06-28,37.37086868286133
2001-06-29,38.5084342956543
2001-07-02,38.29776382446289
2001-07-03,38.45787811279297
2001-07-05,36.612491607666016
2001-07-06,35.09575653076172
2001-07-09,35.39908981323242
2001-07-10,34.12672424316406
2001-07-11,34.54804229736328
2001-07-12,36.738895416259766
2001-07-13,36.35969924926758
2001-07-16,35.68559265136719
2001-07-17,36.486087799072266
2001-07-18,35.09575653076172
2001-07-19,35.929962158203125
2001-07-20,35.09575653076172
2001-07-23,34.219417572021484
2001-07-24,33.83180236816406
2001-07-25,34.12672424316406
2001-07-26,34.63228225708008
2001-07-27,35.348533630371094
2001-07-30,35.13789749145508
2001-07-31,35.18844985961914
2001-08-01,36.31758117675781
2001-08-02,37.00010681152344
2001-08-03,36.384986877441406
2001-08-06,35.812007904052734
2001-08-07,35.626625061035156
2001-08-08,34.12672424316406
2001-08-09,34.269981384277344
2001-08-10,33.941349029541016
2001-08-13,34.63228225708008
2001-08-14,34.21098327636719
2001-08-15,32.94702911376953
2001-08-16,33.334659576416016
2001-08-17,31.817903518676758
2001-08-20,32.25606918334961
2001-08-21,30.91626739501953
2001-08-22,31.758922576904297
2001-08-23,31.44712257385254
2001-08-24,33.115562438964844
2001-08-27,33.157684326171875
2001-08-28,32.12124252319336
2001-08-29,31.649383544921875
2001-08-30,30.478116989135742
2001-08-31,30.865718841552734
2001-09-04,29.88825035095215
2001-09-05,29.770292282104492
2001-09-06,28.565340042114258
2001-09-07,28.396800994873047
2001-09-10,28.733854293823242
2001-09-17,26.29021644592285
2001-09-18,25.70037269592285
2001-09-19,25.253767013549805
2001-09-20,24.4111328125
2001-09-21,23.753889083862305
2001-09-24,24.9504337310791
2001-09-25,25.026268005371094
2001-09-26,24.15835189819336
2001-09-27,23.99825096130371
2001-09-28,24.41956329345703
2001-10-01,24.20891571044922
2001-10-02,24.28473663330078
2001-10-03,26.12168312072754
2001-10-04,26.374483108520508
2001-10-05,26.76209259033203
2001-10-08,26.84634780883789
2001-10-09,26.197534561157227
2001-10-10,27.385637283325195
2001-10-11,29.239444732666016
2001-10-12,29.113035202026367
2001-10-15,28.98666000366211
2001-10-16,29.45853042602539
2001-10-17,27.34351348876953
2001-10-18,28.085033416748047
2001-10-19,28.270418167114258
2001-10-22,29.028770446777344
2001-10-23,29.180442810058594
2001-10-24,29.81242561340332
2001-10-25,31.008989334106445
2001-10-26,30.343280792236328
2001-10-29,28.68328857421875
2001-10-30,28.127153396606445
2001-10-31,28.565340042114258
2001-11-01,29.778718948364258
2001-11-02,29.997814178466797
2001-11-05,30.97527313232422
2001-11-06,32.18023681640625
2001-11-07,32.13811111450195
2001-11-08,31.809473037719727
2001-11-09,31.792619705200195
2001-11-12,32.0201301574707
2001-11-13,33.16613006591797
2001-11-14,33.40205764770508
2001-11-15,33.26722717285156
2001-11-16,33.17454147338867
2001-11-19,34.11827850341797
2001-11-20,32.54254913330078
2001-11-21,32.374046325683594
2001-11-23,33.098724365234375
2001-11-26,33.91605758666992
2001-11-27,33.873931884765625
2001-11-28,32.652130126953125
2001-11-29,33.663272857666016
2001-11-30,33.41046905517578
2001-12-03,32.83748245239258
2001-12-04,34.4047966003418
2001-12-05,36.10691452026367
2001-12-06,36.1574592590332
2001-12-07,35.163150787353516
2001-12-10,34.54804229736328
2001-12-11,34.74184799194336
2001-12-12,35.01991271972656
2001-12-13,33.503170013427734
2001-12-14,33.79810333251953
2001-12-17,34.37952423095703
2001-12-18,34.767120361328125
2001-12-19,34.13513946533203
2001-12-20,32.685821533203125
2001-12-21,33.26722717285156
2001-12-24,33.132415771484375
2001-12-26,33.44419479370117
2001-12-27,33.71380615234375
2001-12-28,33.98348617553711
2001-12-31,32.78694152832031
2002-01-02,33.79810333251953
2002-01-03,34.969356536865234
2002-01-04,35.11260986328125
2002-01-07,34.72500991821289
2002-01-08,34.960941314697266
2002-01-09,34.6407356262207
2002-01-10,34.868255615234375
2002-01-11,34.421630859375
2002-01-14,33.671688079833984
2002-01-15,33.99190139770508
2002-01-16,32.677391052246094
2002-01-17,33.41046905517578
2002-01-18,32.51728439331055
2002-01-22,31.514562606811523
2002-01-23,32.38247299194336
2002-01-24,32.81220245361328
2002-01-25,32.71950912475586
2002-01-28,32.90491485595703
2002-01-29,32.00327682495117
2002-01-30,32.24764633178711
2002-01-31,32.44987869262695
2002-02-01,32.13811111450195
2002-02-04,31.11008071899414
2002-02-05,30.59608268737793
2002-02-06,30.385438919067383
2002-02-07,29.652315139770508
2002-02-08,30.478116989135742
2002-02-11,30.865718841552734
2002-02-12,30.612937927246094
2002-02-13,31.135358810424805
2002-02-14,31.076400756835938
2002-02-15,30.149499893188477
2002-02-19,29.222578048706055
2002-02-20,29.618635177612305
2002-02-21,28.2114315032959
2002-02-22,28.354671478271484
2002-02-25,29.500659942626953
2002-02-26,29.39112091064453
2002-02-27,28.98666000366211
2002-02-28,28.46422576904297
2002-03-01,30.115774154663086
2002-03-04,31.303905487060547
2002-03-05,31.53140640258789
2002-03-06,31.68308448791504
2002-03-07,31.75048828125
2002-03-08,32.584693908691406
2002-03-11,32.46672821044922
2002-03-12,32.0201301574707
2002-03-13,31.24491310119629
2002-03-14,31.059524536132812
2002-03-15,31.371295928955078
2002-03-18,31.548261642456055
2002-03-19,31.49770736694336
2002-03-20,30.385438919067383
2002-03-21,31.1943302154541
2002-03-22,30.907855987548828
2002-03-25,29.964109420776367
2002-03-26,30.24217414855957
2002-03-27,30.0062255859375
2002-03-28,30.385438919067383
2002-04-01,30.96684455871582
2002-04-02,29.568065643310547
2002-04-03,29.51749610900879
2002-04-04,29.28999900817871
2002-04-05,28.96137237548828
2002-04-08,29.323707580566406
2002-04-09,28.304109573364258
2002-04-10,28.5147705078125
2002-04-11,27.80695152282715
2002-04-12,28.245128631591797
2002-04-15,28.47264862060547
2002-04-16,29.66075325012207
2002-04-17,29.509077072143555
2002-04-18,28.944515228271484
2002-04-19,29.03719711303711
2002-04-22,28.304109573364258
2002-04-23,27.815385818481445
2002-04-24,27.385637283325195
2002-04-25,27.31822395324707
2002-04-26,26.15540313720703
2002-04-29,26.222801208496094
2002-04-30,26.7368221282959
2002-05-01,26.59356117248535
2002-05-02,25.708805084228516
2002-05-03,25.05995750427246
2002-05-06,24.4111328125
2002-05-07,24.18363380432129
2002-05-08,26.7705135345459
2002-05-09,26.07956314086914
2002-05-10,24.90829086303711
2002-05-13,25.919452667236328
2002-05-14,27.444618225097656
2002-05-15,27.6468448638916
2002-05-16,27.688982009887695
2002-05-17,27.74797248840332
2002-05-20,27.14128875732422
2002-05-21,26.399765014648438
2002-05-22,26.4587459564209
2002-05-23,26.989595413208008
2002-05-24,26.32393455505371
2002-05-28,26.205947875976562
2002-05-29,25.514999389648438
2002-05-30,25.73406982421875
2002-05-31,25.31277084350586
2002-06-03,24.41956329345703
2002-06-04,24.739761352539062
2002-06-05,24.992565155029297
2002-06-06,24.335302352905273
2002-06-07,23.846580505371094
2002-06-10,23.8044376373291
2002-06-11,23.138765335083008
2002-06-12,23.475814819335938
2002-06-13,23.324140548706055
2002-06-14,23.27358627319336
2002-06-17,24.06566047668457
2002-06-18,24.453271865844727
2002-06-19,23.03764533996582
2002-06-20,22.296131134033203
2002-06-21,21.756834030151367
2002-06-24,22.186582565307617
2002-06-25,21.453489303588867
2002-06-26,21.61359405517578
2002-06-27,22.085466384887695
2002-06-28,21.992782592773438
2002-07-01,20.939483642578125
2002-07-02,20.18111228942871
2002-07-03,20.855220794677734
2002-07-05,22.195003509521484
2002-07-08,21.386083602905273
2002-07-09,20.779376983642578
2002-07-10,20.13897705078125
2002-07-11,20.897350311279297
2002-07-12,20.897350311279297
2002-07-15,21.546180725097656
2002-07-16,21.225976943969727
2002-07-17,21.61359405517578
2002-07-18,20.838363647460938
2002-07-19,20.214820861816406
2002-07-22,19.717662811279297
2002-07-23,18.875024795532227
2002-07-24,19.903051376342773
2002-07-25,18.748628616333008
2002-07-26,19.102529525756836
2002-07-29,20.079998016357422
2002-07-30,20.484466552734375
2002-07-31,20.096837997436523
2002-08-01,19.153100967407227
2002-08-02,18.748628616333008
2002-08-05,18.066099166870117
2002-08-06,18.959291458129883
2002-08-07,19.212078094482422
2002-08-08,19.860910415649414
2002-08-09,19.658679962158203
2002-08-12,19.717662811279297
2002-08-13,19.043556213378906
2002-08-14,20.25695037841797
2002-08-15,20.66983413696289
2002-08-16,20.813093185424805
2002-08-19,21.31867218017578
2002-08-20,21.225976943969727
2002-08-21,21.697853088378906
2002-08-22,22.043333053588867
2002-08-23,21.1922664642334
2002-08-26,21.276540756225586
2002-08-27,20.535018920898438
2002-08-28,19.785072326660156
2002-08-29,20.046289443969727
2002-08-30,19.793500900268555
2002-09-03,19.077259063720703
2002-09-04,19.153100967407227
2002-09-05,18.681211471557617
2002-09-06,19.25421714782715
2002-09-09,19.448026657104492
2002-09-10,19.92831802368164
2002-09-11,19.75979995727539
2002-09-12,19.22049903869629
2002-09-13,19.372175216674805
2002-09-16,19.0941104888916
2002-09-17,18.68964958190918
2002-09-18,18.478984832763672
2002-09-19,18.184070587158203
2002-09-20,18.259906768798828
2002-09-23,17.71219253540039
2002-09-24,17.720617294311523
2002-09-25,18.428428649902344
2002-09-26,18.200908660888672
2002-09-27,17.95655632019043
2002-09-30,17.45939826965332
2002-10-01,18.5211181640625
2002-10-02,17.906003952026367
2002-10-03,17.47625160217285
2002-10-04,17.147621154785156
2002-10-07,16.98754119873047
2002-10-08,17.0212345123291
2002-10-09,16.90325927734375
2002-10-10,17.76274299621582
2002-10-11,18.723352432250977
2002-10-14,18.94243621826172
2002-10-15,19.852474212646484
2002-10-16,19.195232391357422
2002-10-17,19.844066619873047
2002-10-18,20.063140869140625
2002-10-21,20.467599868774414
2002-10-22,20.341209411621094
2002-10-23,20.728830337524414
2002-10-24,20.20639419555664
2002-10-25,20.813093185424805
2002-10-28,20.636138916015625
2002-10-29,20.155832290649414
2002-10-30,20.695112228393555
2002-10-31,20.686687469482422
2002-11-01,21.276540756225586
2002-11-04,21.824254989624023
2002-11-05,21.992782592773438
2002-11-06,22.304555892944336
2002-11-07,21.520906448364258
2002-11-08,21.124860763549805
2002-11-11,20.484466552734375
2002-11-12,21.006895065307617
2002-11-13,21.25968360900879
2002-11-14,21.992782592773438
2002-11-15,22.279279708862305
2002-11-18,21.950647354125977
2002-11-19,21.61359405517578
2002-11-20,22.53206443786621
2002-11-21,23.36626625061035
2002-11-22,23.35784912109375
2002-11-25,23.58535385131836
2002-11-26,22.79327964782715
2002-11-27,23.517948150634766
2002-11-29,23.35784912109375
2002-12-02,23.593778610229492
2002-12-03,22.89439582824707
2002-12-04,22.388813018798828
2002-12-05,22.077049255371094
2002-12-06,22.304555892944336
2002-12-09,21.251253128051758
2002-12-10,21.571453094482422
2002-12-11,21.67257308959961
2002-12-12,21.790550231933594
2002-12-13,21.09958267211914
2002-12-16,21.782123565673828
2002-12-17,21.849531173706055
2002-12-18,21.386083602905273
2002-12-19,21.11643409729004
2002-12-20,21.33551788330078
2002-12-23,21.63044548034668
2002-12-24,21.36079978942871
2002-12-26,21.301816940307617
2002-12-27,20.914203643798828
2002-12-30,20.754104614257812
2002-12-31,20.535018920898438
2003-01-02,21.402921676635742
2003-01-03,21.638872146606445
2003-01-06,22.178150177001953
2003-01-07,22.456222534179688
2003-01-08,21.824254989624023
2003-01-09,22.498355865478516
2003-01-10,22.835412979125977
2003-01-13,22.700590133666992
2003-01-14,22.818559646606445
2003-01-15,22.53206443786621
2003-01-16,22.279279708862305
2003-01-17,21.327098846435547
2003-01-21,21.09115982055664
2003-01-22,21.006895065307617
2003-01-23,21.495620727539062
2003-01-24,20.914203643798828
2003-01-27,20.66983413696289
2003-01-28,20.880502700805664
2003-01-29,21.1922664642334
2003-01-30,20.64455795288086
2003-01-31,20.594005584716797
2003-02-03,20.636138916015625
2003-02-04,20.383344650268555
2003-02-05,20.290651321411133
2003-02-06,20.400196075439453
2003-02-07,20.063140869140625
2003-02-10,20.240095138549805
2003-02-11,20.349637985229492
2003-02-12,20.07156753540039
2003-02-13,20.172687530517578
2003-02-14,20.636138916015625
2003-02-18,21.276540756225586
2003-02-19,21.133289337158203
2003-02-20,21.049026489257812
2003-02-21,21.209135055541992
2003-02-24,20.84679412841797
2003-02-25,20.872068405151367
2003-02-26,20.408618927001953
2003-02-27,20.872068405151367
2003-02-28,21.20069694519043
2003-03-03,20.770965576171875
2003-03-04,20.64455795288086
2003-03-05,20.686687469482422
2003-03-06,20.636138916015625
2003-03-07,20.678272247314453
2003-03-10,20.231666564941406
2003-03-11,20.05472183227539
2003-03-12,20.417049407958984
2003-03-13,21.58830451965332
2003-03-14,21.67257308959961
2003-03-17,22.41408920288086
2003-03-18,22.692161560058594
2003-03-19,22.498355865478516
2003-03-20,22.582616806030273
2003-03-21,22.89439582824707
2003-03-24,21.942222595214844
2003-03-25,22.25399398803711
2003-03-26,22.380390167236328
2003-03-27,22.220298767089844
2003-03-28,21.975927352905273
2003-03-31,21.276540756225586
2003-04-01,21.445068359375
2003-04-02,22.034902572631836
2003-04-03,22.3129825592041
2003-04-04,21.950647354125977
2003-04-07,21.98434829711914
2003-04-08,21.959075927734375
2003-04-09,21.453489303588867
2003-04-10,21.714710235595703
2003-04-11,21.495620727539062
2003-04-14,21.933788299560547
2003-04-15,22.144453048706055
2003-04-16,22.093894958496094
2003-04-17,22.599475860595703
2003-04-21,22.683738708496094
2003-04-22,23.113483428955078
2003-04-23,23.282005310058594
2003-04-24,23.155614852905273
2003-04-25,22.70901870727539
2003-04-28,23.155614852905273
2003-04-29,23.36626625061035
2003-04-30,23.13033676147461
2003-05-01,23.33257484436035
2003-05-02,23.829723358154297
2003-05-05,23.8044376373291
2003-05-06,24.107786178588867
2003-05-07,23.838146209716797
2003-05-08,23.399974822998047
2003-05-09,23.939266204833984
2003-05-12,24.301597595214844
2003-05-13,24.149919509887695
2003-05-14,24.099367141723633
2003-05-15,24.369001388549805
2003-05-16,24.18363380432129
2003-05-19,23.33257484436035
2003-05-20,23.399974822998047
2003-05-21,23.33257484436035
2003-05-22,23.66963005065918
2003-05-23,23.678049087524414
2003-05-27,24.52068519592285
2003-05-28,24.596515655517578
2003-05-29,24.697633743286133
2003-05-30,25.102100372314453
2003-06-02,24.925142288208008
2003-06-03,25.16107940673828
2003-06-04,25.632959365844727
2003-06-05,25.818349838256836
2003-06-06,25.388595581054688
2003-06-09,25.051546096801758
2003-06-10,25.43071937561035
2003-06-11,25.71722412109375
2003-06-12,25.826766967773438
2003-06-13,25.245344161987305
2003-06-16,26.02056884765625
2003-06-17,25.919452667236328
2003-06-18,26.054277420043945
2003-06-19,25.632959365844727
2003-06-20,25.599246978759766
2003-06-23,25.20321273803711
2003-06-24,25.00940704345703
2003-06-25,24.874588012695312
2003-06-26,25.464431762695312
2003-06-27,25.135814666748047
2003-06-30,25.236928939819336
2003-07-01,25.5739688873291
2003-07-02,26.096410751342773
2003-07-03,25.767780303955078
2003-07-07,26.871639251708984
2003-07-08,27.20026206970215
2003-07-09,27.132850646972656
2003-07-10,26.627269744873047
2003-07-11,26.829496383666992
2003-07-14,27.14969825744629
2003-07-15,27.183399200439453
2003-07-16,27.099138259887695
2003-07-17,26.27336311340332
2003-07-18,26.357627868652344
2003-07-21,26.02056884765625
2003-07-22,26.408184051513672
2003-07-23,26.627269744873047
2003-07-24,26.27336311340332
2003-07-25,26.79581069946289
2003-07-28,26.871639251708984
2003-07-29,26.66940689086914
2003-07-30,26.47559356689453
2003-07-31,26.79581069946289
2003-08-01,26.509307861328125
2003-08-04,26.50088119506836
2003-08-05,25.45600700378418
2003-08-06,25.43915367126465
2003-08-07,25.5402774810791
2003-08-08,25.338029861450195
2003-08-11,25.616113662719727
2003-08-12,26.003713607788086
2003-08-13,26.012147903442383
2003-08-14,26.037437438964844
2003-08-15,26.264934539794922
2003-08-18,26.939044952392578
2003-08-19,27.276090621948242
2003-08-20,27.208696365356445
2003-08-21,27.503610610961914
2003-08-22,27.33509063720703
2003-08-25,27.39406394958496
2003-08-26,27.419355392456055
2003-08-27,27.638439178466797
2003-08-28,27.882795333862305
2003-08-29,28.13558006286621
2003-09-02,28.540040969848633
2003-09-03,28.523195266723633
2003-09-04,28.784423828125
2003-09-05,28.599035263061523
2003-09-08,29.070911407470703
2003-09-09,28.725418090820312
2003-09-10,28.03445816040039
2003-09-11,28.346240997314453
2003-09-12,28.497926712036133
2003-09-15,28.21986198425293
2003-09-16,28.98666000366211
2003-09-17,28.86867332458496
2003-09-18,29.306852340698242
2003-09-19,29.13832664489746
2003-09-22,28.582178115844727
2003-09-23,29.087764739990234
2003-09-24,27.992338180541992
2003-09-25,27.630006790161133
2003-09-26,27.45305824279785
2003-09-29,27.92494010925293
2003-09-30,27.31822395324707
2003-10-01,27.933349609375
2003-10-02,28.026046752929688
2003-10-03,28.8096923828125
2003-10-06,29.02035903930664
2003-10-07,29.197298049926758
2003-10-08,29.01192283630371
2003-10-09,29.231014251708984
2003-10-10,29.500659942626953
2003-10-13,29.6944522857666
2003-10-14,29.770292282104492
2003-10-15,29.64390754699707
2003-10-16,29.879840850830078
2003-10-17,29.16360855102539
2003-10-20,29.525936126708984
2003-10-21,29.702890396118164
2003-10-22,29.12990379333496
2003-10-23,28.7928409576416
2003-10-24,28.818124771118164
2003-10-27,28.826549530029297
2003-10-28,29.79558753967285
2003-10-29,29.761873245239258
2003-10-30,29.82085609436035
2003-10-31,29.64390754699707
2003-11-03,30.13263702392578
2003-11-04,29.9304141998291
2003-11-05,30.200048446655273
2003-11-06,30.28430938720703
2003-11-07,30.023086547851562
2003-11-10,29.652315139770508
2003-11-11,29.542797088623047
2003-11-12,30.174776077270508
2003-11-13,30.141054153442383
2003-11-14,29.525936126708984
2003-11-17,29.222578048706055
2003-11-18,28.548473358154297
2003-11-19,28.826549530029297
2003-11-20,28.548473358154297
2003-11-21,28.843395233154297
2003-11-24,29.64390754699707
2003-11-25,29.64390754699707
2003-11-26,29.778718948364258
2003-11-28,29.81242561340332
2003-12-01,30.2506046295166
2003-12-02,30.082067489624023
2003-12-03,29.702890396118164
2003-12-04,30.023086547851562
2003-12-05,29.525936126708984
2003-12-08,29.6944522857666
2003-12-09,29.01192283630371
2003-12-10,29.121479034423828
2003-12-11,29.745018005371094
2003-12-12,29.6944522857666
2003-12-15,29.306852340698242
2003-12-16,29.365833282470703
2003-12-17,29.416391372680664
2003-12-18,29.964109420776367
2003-12-19,29.879840850830078
2003-12-22,29.972530364990234
2003-12-23,30.200048446655273
2003-12-24,30.262420654296875
2003-12-26,30.22027015686035
2003-12-29,30.717622756958008
2003-12-30,30.818767547607422
2003-12-31,30.734468460083008
2004-01-02,30.650177001953125
2004-01-05,31.265541076660156
2004-01-06,31.47628402709961
2004-01-07,31.76287078857422
2004-01-08,32.01579666137695
2004-01-09,31.8050594329834
2004-01-12,32.31083297729492
2004-01-13,31.99051284790039
2004-01-14,32.100074768066406
2004-01-15,32.184364318847656
2004-01-16,32.51312255859375
2004-01-20,32.48785400390625
2004-01-21,32.35298156738281
2004-01-22,32.159088134765625
2004-01-23,32.04106521606445
2004-01-26,32.52998352050781
2004-01-27,31.813488006591797
2004-01-28,31.273962020874023
2004-01-29,31.392013549804688
2004-01-30,31.248685836791992
2004-02-02,31.16439437866211
2004-02-03,31.130661010742188
2004-02-04,30.624908447265625
2004-02-05,30.742910385131836
2004-02-06,31.29926872253418
2004-02-09,31.290843963623047
2004-02-10,31.34141731262207
2004-02-11,31.67859649658203
2004-02-12,31.400426864624023
2004-02-13,31.139118194580078
2004-02-17,31.560588836669922
2004-02-18,31.65331268310547
2004-02-19,31.172842025756836
2004-02-20,31.071678161621094
2004-02-23,30.726051330566406
2004-02-24,30.650177001953125
2004-02-25,30.835657119750977
2004-02-26,30.9114990234375
2004-02-27,30.82722282409668
2004-03-01,31.2318172454834
2004-03-02,30.86936378479004
2004-03-03,30.700754165649414
2004-03-04,30.987356185913086
2004-03-05,30.87778091430664
2004-03-08,30.1528263092041
2004-03-09,30.06009864807129
2004-03-10,29.663928985595703
2004-03-11,29.394163131713867
2004-03-12,29.93365478515625
2004-03-15,29.411027908325195
2004-03-16,29.46161651611328
2004-03-17,29.925256729125977
2004-03-18,29.79034996032715
2004-03-19,29.293018341064453
2004-03-22,28.9221134185791
2004-03-23,28.686080932617188
2004-03-24,29.01482391357422
2004-03-25,29.79034996032715
2004-03-26,29.689205169677734
2004-03-29,30.169706344604492
2004-03-30,30.270843505859375
2004-03-31,30.211835861206055
2004-04-01,30.481590270996094
2004-04-02,31.273962020874023
2004-04-05,31.569026947021484
2004-04-06,31.172842025756836
2004-04-07,31.139118194580078
2004-04-08,31.139118194580078
2004-04-12,31.332975387573242
2004-04-13,30.87778091430664
2004-04-14,31.029516220092773
2004-04-15,30.473169326782227
2004-04-16,30.42258071899414
2004-04-19,30.793495178222656
2004-04-20,30.07695770263672
2004-04-21,30.33828353881836
2004-04-22,31.12223243713379
2004-04-23,31.366708755493164
2004-04-26,31.139118194580078
2004-04-27,31.080108642578125
2004-04-28,30.515317916870117
2004-04-29,30.04325294494629
2004-04-30,29.309860229492188
2004-05-03,29.588045120239258
2004-05-04,29.714492797851562
2004-05-05,29.950515747070312
2004-05-06,29.722911834716797
2004-05-07,29.47845458984375
2004-05-10,29.225566864013672
2004-05-11,29.663928985595703
2004-05-12,29.722911834716797
2004-05-13,29.51218032836914
2004-05-14,29.293018341064453
2004-05-17,29.01482391357422
2004-05-18,29.276147842407227
2004-05-19,29.242431640625
2004-05-20,29.377300262451172
2004-05-21,29.52060317993164
2004-05-24,29.722911834716797
2004-05-25,30.313005447387695
2004-05-26,30.506879806518555
2004-05-27,30.700754165649414
2004-05-28,30.810335159301758
2004-06-01,30.76820182800293
2004-06-02,30.700754165649414
2004-06-03,30.329864501953125
2004-06-04,30.506879806518555
2004-06-07,31.2318172454834
2004-06-08,31.273962020874023
2004-06-09,30.835657119750977
2004-06-10,31.054805755615234
2004-06-14,30.616470336914062
2004-06-15,31.012662887573242
2004-06-16,30.96209716796875
2004-06-17,30.67546844482422
2004-06-18,30.717622756958008
2004-06-21,30.473169326782227
2004-06-22,30.91992950439453
2004-06-23,31.290843963623047
2004-06-24,31.2318172454834
2004-06-25,31.467844009399414
2004-06-28,31.206533432006836
2004-06-29,31.501588821411133
2004-06-30,31.813488006591797
2004-07-01,31.22340202331543
2004-07-02,31.03795051574707
2004-07-06,30.372005462646484
2004-07-07,30.430999755859375
2004-07-08,30.093839645385742
2004-07-09,30.13597869873047
2004-07-12,30.00953483581543
2004-07-13,29.967378616333008
2004-07-14,29.663928985595703
2004-07-15,29.562763214111328
2004-07-16,29.225566864013672
2004-07-19,29.166574478149414
2004-07-20,29.866233825683594
2004-07-21,28.997968673706055
2004-07-22,29.394163131713867
2004-07-23,28.837804794311523
2004-07-26,28.711368560791016
2004-07-27,29.107563018798828
2004-07-28,28.98111915588379
2004-07-29,29.31829833984375
2004-07-30,29.411027908325195
2004-08-02,29.47003173828125
2004-08-03,28.854671478271484
2004-08-04,28.86311912536621
2004-08-05,28.3236026763916
2004-08-06,27.581804275512695
2004-08-09,27.649227142333984
2004-08-10,27.994848251342773
2004-08-11,27.750394821166992
2004-08-12,27.371065139770508
2004-08-13,27.413204193115234
2004-08-16,27.72509002685547
2004-08-17,28.037006378173828
2004-08-18,28.534351348876953
2004-08-19,28.382612228393555
2004-08-20,28.66921043395996
2004-08-23,28.73665428161621
2004-08-24,28.72822380065918
2004-08-25,29.12441635131836
2004-08-26,28.997968673706055
2004-08-27,29.13285255432129
2004-08-30,28.643932342529297
2004-08-31,28.67765235900879
2004-09-01,28.888391494750977
2004-09-02,29.31829833984375
2004-09-03,28.778804779052734
2004-09-07,29.023263931274414
2004-09-08,28.9136905670166
2004-09-09,29.158138275146484
2004-09-10,29.604909896850586
2004-09-13,29.99267578125
2004-09-14,30.034801483154297
2004-09-15,29.714492797851562
2004-09-16,29.77351188659668
2004-09-17,29.866233825683594
2004-09-20,29.866233825683594
2004-09-21,29.984237670898438
2004-09-22,29.46161651611328
2004-09-23,29.436315536499023
2004-09-24,29.335166931152344
2004-09-27,29.082273483276367
2004-09-28,29.141277313232422
2004-09-29,29.571186065673828
2004-09-30,29.621774673461914
2004-10-01,30.430999755859375
2004-10-04,30.608036041259766
2004-10-05,30.650177001953125
2004-10-06,30.89464569091797
2004-10-07,30.549028396606445
2004-10-08,29.99267578125
2004-10-11,30.13597869873047
2004-10-12,30.085407257080078
2004-10-13,30.017969131469727
2004-10-14,29.88309097290039
2004-10-15,30.034801483154297
2004-10-18,30.4647274017334
2004-10-19,30.245563507080078
2004-10-20,30.388866424560547
2004-10-21,30.852489471435547
2004-10-22,30.17812728881836
2004-10-25,30.034801483154297
2004-10-26,30.19498062133789
2004-10-27,30.96209716796875
2004-10-28,31.155960083007812
2004-10-29,31.105382919311523
2004-11-01,31.22340202331543
2004-11-02,31.324575424194336
2004-11-03,31.535310745239258
2004-11-04,31.71231460571289
2004-11-05,31.99893569946289
2004-11-08,32.032657623291016
2004-11-09,31.965206146240234
2004-11-10,31.855609893798828
2004-11-11,32.2771110534668
2004-11-12,32.589012145996094
2004-11-15,32.732303619384766
2004-11-16,32.52998352050781
2004-11-17,32.96832275390625
2004-11-18,33.120086669921875
2004-11-19,32.60586166381836
2004-11-22,32.91777801513672
2004-11-23,32.867183685302734
2004-11-24,33.1537971496582
2004-11-26,33.05264663696289
2004-11-29,33.044212341308594
2004-11-30,32.97676467895508
2004-12-01,33.65113830566406
2004-12-02,33.77759552001953
2004-12-03,33.82817840576172
2004-12-06,33.946163177490234
2004-12-07,33.36455535888672
2004-12-08,33.55842208862305
2004-12-09,33.7607307434082
2004-12-10,33.659576416015625
2004-12-13,33.95459747314453
2004-12-14,34.12321090698242
2004-12-15,33.996734619140625
2004-12-16,33.676414489746094
2004-12-17,33.590484619140625
2004-12-20,33.360687255859375
2004-12-21,33.769195556640625
2004-12-22,33.81174087524414
2004-12-23,33.83727264404297
2004-12-27,33.69260787963867
2004-12-28,34.015987396240234
2004-12-29,34.058536529541016
2004-12-30,34.03301239013672
2004-12-31,33.97343826293945
2005-01-03,33.61601638793945
2005-01-04,33.00324630737305
2005-01-05,32.79899597167969
2005-01-06,32.63731002807617
2005-01-07,32.80752182006836
2005-01-10,32.79048156738281
2005-01-11,32.56070327758789
2005-01-12,32.83306884765625
2005-01-13,32.39900588989258
2005-01-14,32.70539855957031
2005-01-18,32.95219802856445
2005-01-19,32.40751266479492
2005-01-20,31.786266326904297
2005-01-21,31.530956268310547
2005-01-24,31.088424682617188
2005-01-25,31.24159812927246
2005-01-26,31.61605453491211
2005-01-27,31.573503494262695
2005-01-28,31.420320510864258
2005-01-31,31.828821182250977
2005-02-01,31.930952072143555
2005-02-02,31.98200798034668
2005-02-03,31.61605453491211
2005-02-04,32.12668228149414
2005-02-07,32.058597564697266
2005-02-08,32.11818313598633
2005-02-09,31.582029342651367
2005-02-10,31.61605453491211
2005-02-11,32.084129333496094
2005-02-14,32.22880935668945
2005-02-15,32.44157028198242
2005-02-16,32.32243347167969
2005-02-17,31.88840103149414
2005-02-18,31.786266326904297
2005-02-22,31.39478874206543
2005-02-23,31.43736457824707
2005-02-24,31.837343215942383
2005-02-25,32.01606369018555
2005-02-28,31.675630569458008
2005-03-01,32.02456283569336
2005-03-02,32.00752258300781
2005-03-03,31.743715286254883
2005-03-04,31.930952072143555
2005-03-07,32.390506744384766
2005-03-08,32.067100524902344
2005-03-09,31.973501205444336
2005-03-10,31.930952072143555
2005-03-11,31.633089065551758
2005-03-14,31.77776527404785
2005-03-15,31.522432327270508
2005-03-16,31.16502571105957
2005-03-17,31.24159812927246
2005-03-18,31.071409225463867
2005-03-21,31.1309814453125
2005-03-22,30.748010635375977
2005-03-23,30.858631134033203
2005-03-24,30.867137908935547
2005-03-28,30.92671775817871
2005-03-29,30.679929733276367
2005-03-30,31.25864601135254
2005-03-31,31.122468948364258
2005-04-01,30.807575225830078
2005-04-04,31.028839111328125
2005-04-05,31.11394691467285
2005-04-06,31.06289291381836
2005-04-07,31.43736457824707
2005-04-08,31.182039260864258
2005-04-11,31.045873641967773
2005-04-12,31.199054718017578
2005-04-13,30.68842315673828
2005-04-14,30.254405975341797
2005-04-15,29.565052032470703
2005-04-18,29.573572158813477
2005-04-19,29.77782440185547
2005-04-20,29.531023025512695
2005-04-21,30.313966751098633
2005-04-22,29.8629207611084
2005-04-25,30.109729766845703
2005-04-26,29.828889846801758
2005-04-27,29.87142562866211
2005-04-28,29.573572158813477
2005-04-29,29.769302368164062
2005-05-02,29.888450622558594
2005-05-03,30.041648864746094
2005-05-04,30.407588958740234
2005-05-05,30.433103561401367
2005-05-06,30.51822280883789
2005-05-09,30.662912368774414
2005-05-10,30.44161605834961
2005-05-11,30.594820022583008
2005-05-12,30.509716033935547
2005-05-13,30.841604232788086
2005-05-16,31.045873641967773
2005-05-17,31.233108520507812
2005-05-18,31.658632278442383
2005-05-19,31.92243003845215
2005-05-20,32.05009460449219
2005-05-23,32.211795806884766
2005-05-24,32.31391906738281
2005-05-25,32.177738189697266
2005-05-26,32.50114059448242
2005-05-27,32.51816177368164
2005-05-31,32.40751266479492
2005-06-01,32.67136001586914
2005-06-02,32.901126861572266
2005-06-03,32.42454528808594
2005-06-06,32.433067321777344
2005-06-07,32.16072082519531
2005-06-08,32.0926399230957
2005-06-09,32.296897888183594
2005-06-10,31.95647621154785
2005-06-13,32.10968017578125
2005-06-14,31.98200798034668
2005-06-15,32.084129333496094
2005-06-16,32.25435256958008
2005-06-17,32.25859832763672
2005-06-20,32.25859832763672
2005-06-21,32.241573333740234
2005-06-22,32.207481384277344
2005-06-23,31.84971046447754
2005-06-24,31.491962432861328
2005-06-27,31.34714126586914
2005-06-28,31.645278930664062
2005-06-29,31.577144622802734
2005-06-30,31.330114364624023
2005-07-01,31.287538528442383
2005-07-05,31.611215591430664
2005-07-06,31.457889556884766
2005-07-07,31.568622589111328
2005-07-08,32.17341613769531
2005-07-11,32.471553802490234
2005-07-12,32.62489318847656
2005-07-13,32.70155715942383
2005-07-14,33.0252571105957
2005-07-15,33.1274528503418
2005-07-18,32.991180419921875
2005-07-19,33.37449264526367
2005-07-20,33.61299514770508
2005-07-21,33.621524810791016
2005-07-22,33.57891082763672
2005-07-25,33.451171875
2005-07-26,33.57891082763672
2005-07-27,33.83448028564453
2005-07-28,33.996315002441406
2005-07-29,33.715232849121094
2005-08-01,33.774871826171875
2005-08-02,34.141143798828125
2005-08-03,34.12408447265625
2005-08-04,33.79189682006836
2005-08-05,33.63005447387695
2005-08-08,33.38300323486328
2005-08-09,33.6044807434082
2005-08-10,33.314876556396484
2005-08-11,33.587459564208984
2005-08-12,33.400047302246094
2005-08-15,33.6044807434082
2005-08-16,33.05931854248047
2005-08-17,33.25523376464844
2005-08-18,33.08488082885742
2005-08-19,33.06783676147461
2005-08-22,33.08488082885742
2005-08-23,32.991180419921875
2005-08-24,32.79525375366211
2005-08-25,32.87190628051758
2005-08-26,32.76118087768555
2005-08-29,33.01670837402344
2005-08-30,32.89746856689453
2005-08-31,33.204132080078125
2005-09-01,33.15302276611328
2005-09-02,33.0252571105957
2005-09-06,33.51077651977539
2005-09-07,33.57041549682617
2005-09-08,33.56190490722656
2005-09-09,33.749305725097656
2005-09-12,33.842994689941406
2005-09-13,33.75780487060547
2005-09-14,33.37449264526367
2005-09-15,33.35744857788086
2005-09-16,33.56190490722656
2005-09-19,33.297821044921875
2005-09-20,33.16153335571289
2005-09-21,32.79525375366211
2005-09-22,32.91450500488281
2005-09-23,33.008209228515625
2005-09-26,33.01670837402344
2005-09-27,32.94004821777344
2005-09-28,32.94858932495117
2005-09-29,33.39152145385742
2005-09-30,33.61299514770508
2005-10-03,33.69818878173828
2005-10-04,33.476722717285156
2005-10-05,33.01670837402344
2005-10-06,32.58229064941406
2005-10-07,32.6589469909668
2005-10-10,32.480079650878906
2005-10-11,32.318241119384766
2005-10-12,31.934907913208008
2005-10-13,32.181941986083984
2005-10-14,32.42044448852539
2005-10-17,32.52266311645508
2005-10-18,32.29268264770508
2005-10-19,32.94004821777344
2005-10-20,32.63343048095703
2005-10-21,32.83784484863281
2005-10-24,33.35744857788086
2005-10-25,33.22967529296875
2005-10-26,33.05931854248047
2005-10-27,32.3948860168457
2005-10-28,32.64191436767578
2005-10-31,33.110435485839844
2005-11-01,33.08488082885742
2005-11-02,33.5192756652832
2005-11-03,34.021873474121094
2005-11-04,34.141143798828125
2005-11-07,34.1837272644043
2005-11-08,34.1922492980957
2005-11-09,34.20928192138672
2005-11-10,34.58407974243164
2005-11-11,34.67778396606445
2005-11-14,34.67778396606445
2005-11-15,34.51594543457031
2005-11-16,34.728904724121094
2005-11-17,35.188880920410156
2005-11-18,35.308135986328125
2005-11-21,35.393314361572266
2005-11-22,35.521095275878906
2005-11-23,35.60627746582031
2005-11-25,35.68292999267578
2005-11-28,35.38478088378906
2005-11-29,35.21443176269531
2005-11-30,35.12923049926758
2005-12-01,35.78514862060547
2005-12-02,35.87034606933594
2005-12-05,35.60627746582031
2005-12-06,35.72553253173828
2005-12-07,35.657379150390625
2005-12-08,35.401824951171875
2005-12-09,35.53812789916992
2005-12-12,35.66588592529297
2005-12-13,35.81071853637695
2005-12-14,35.69145584106445
2005-12-15,35.7510986328125
2005-12-16,35.50431442260742
2005-12-19,34.94074630737305
2005-12-20,34.966365814208984
2005-12-21,35.12005615234375
2005-12-22,35.350624084472656
2005-12-23,35.350624084472656
2005-12-27,35.04323196411133
2005-12-28,35.00053024291992
2005-12-29,34.76996994018555
2005-12-30,34.50528335571289
2006-01-03,35.27375411987305
2006-01-04,35.640933990478516
2006-01-05,35.79463577270508
2006-01-06,36.4435920715332
2006-01-09,36.58873748779297
2006-01-10,36.614356994628906
2006-01-11,36.896121978759766
2006-01-12,36.71682357788086
2006-01-13,36.69973373413086
2006-01-17,36.46064758300781
2006-01-18,36.0422477722168
2006-01-19,36.30695343017578
2006-01-20,35.2225341796875
2006-01-23,35.23106384277344
2006-01-24,35.3847541809082
2006-01-25,35.23106384277344
2006-01-26,35.47868728637695
2006-01-27,35.95686340332031
2006-01-30,36.02518081665039
2006-01-31,35.862937927246094
2006-02-01,35.99101257324219
2006-02-02,35.3762321472168
2006-02-03,34.94074630737305
2006-02-06,34.8468132019043
2006-02-07,34.69313049316406
2006-02-08,35.09443283081055
2006-02-09,34.76143264770508
2006-02-10,34.97490692138672
2006-02-13,34.57358932495117
2006-02-14,34.92365646362305
2006-02-15,35.14568328857422
2006-02-16,35.47015380859375
2006-02-17,35.18837356567383
2006-02-21,34.795589447021484
2006-02-22,35.23106384277344
2006-02-23,35.137142181396484
2006-02-24,35.23106384277344
2006-02-27,35.623863220214844
2006-02-28,35.09443283081055
2006-03-01,35.572628021240234
2006-03-02,35.598236083984375
2006-03-03,35.393314361572266
2006-03-06,35.085899353027344
2006-03-07,34.88098907470703
2006-03-08,34.8980598449707
2006-03-09,34.599205017089844
2006-03-10,34.63336944580078
2006-03-13,34.73583221435547
2006-03-14,35.32499313354492
2006-03-15,35.623863220214844
2006-03-16,35.32499313354492
2006-03-17,35.41814422607422
2006-03-20,35.503562927246094
2006-03-21,35.12760925292969
2006-03-22,35.213069915771484
2006-03-23,35.110530853271484
2006-03-24,35.28996276855469
2006-03-27,35.298492431640625
2006-03-28,35.153255462646484
2006-03-29,35.819740295410156
2006-03-30,35.93081283569336
2006-03-31,35.82829284667969
2006-04-03,35.87099838256836
2006-04-04,36.06752014160156
2006-04-05,36.409332275390625
2006-04-06,36.51187515258789
2006-04-07,36.16154479980469
2006-04-10,36.110267639160156
2006-04-11,35.819740295410156
2006-04-12,35.82829284667969
2006-04-13,35.97354507446289
2006-04-17,35.59757614135742
2006-04-18,36.28114700317383
2006-04-19,36.44350051879883
2006-04-20,36.31535720825195
2006-04-21,35.88809585571289
2006-04-24,35.853912353515625
2006-04-25,35.777015686035156
2006-04-26,35.76845932006836
2006-04-27,36.110267639160156
2006-04-28,35.759918212890625
2006-05-01,35.409584045410156
2006-05-02,35.503562927246094
2006-05-03,35.45228958129883
2006-05-04,35.74284362792969
2006-05-05,36.024818420410156
2006-05-08,36.058990478515625
2006-05-09,35.922279357910156
2006-05-10,35.60612869262695
2006-05-11,34.81145477294922
2006-05-12,34.34149932861328
2006-05-15,34.315860748291016
2006-05-16,34.05951690673828
2006-05-17,33.598106384277344
2006-05-18,33.36739730834961
2006-05-19,33.62374496459961
2006-05-22,33.29903793334961
2006-05-23,32.97433090209961
2006-05-24,33.196475982666016
2006-05-25,33.63228225708008
2006-05-26,33.74336242675781
2006-05-30,33.017059326171875
2006-05-31,33.17082977294922
2006-06-01,33.956974029541016
2006-06-02,33.87153625488281
2006-06-05,33.136680603027344
2006-06-06,33.11104202270508
2006-06-07,32.863243103027344
2006-06-08,32.81196975708008
2006-06-09,32.598350524902344
2006-06-12,31.957489013671875
2006-06-13,31.829317092895508
2006-06-14,32.154022216796875
2006-06-15,33.02560043334961
2006-06-16,32.78273391723633
2006-06-19,32.517704010009766
2006-06-20,32.56045150756836
2006-06-21,33.073490142822266
2006-06-22,32.654518127441406
2006-06-23,32.620296478271484
2006-06-26,32.7057991027832
2006-06-27,32.09017562866211
2006-06-28,32.32958221435547
2006-06-29,33.31288528442383
2006-06-30,33.15043258666992
2006-07-03,33.34710693359375
2006-07-05,32.620296478271484
2006-07-06,32.58610916137695
2006-07-07,32.22697448730469
2006-07-10,31.9448184967041
2006-07-11,32.184226989746094
2006-07-12,31.57712173461914
2006-07-13,31.0469913482666
2006-07-14,30.73063087463379
2006-07-17,30.807598114013672
2006-07-18,30.91020393371582
2006-07-19,31.312070846557617
2006-07-20,30.850341796875
2006-07-21,30.52542495727539
2006-07-24,31.13248062133789
2006-07-25,31.312070846557617
2006-07-26,31.286405563354492
2006-07-27,31.081209182739258
2006-07-28,31.731042861938477
2006-07-31,31.72248077392578
2006-08-01,31.19236183166504
2006-08-02,31.542953491210938
2006-08-03,31.739595413208008
2006-08-04,31.59423065185547
2006-08-07,31.389026641845703
2006-08-08,31.19236183166504
2006-08-09,31.23509979248047
2006-08-10,31.457422256469727
2006-08-11,31.23509979248047
2006-08-14,31.440330505371094
2006-08-15,32.235538482666016
2006-08-16,32.99653244018555
2006-08-17,33.11623764038086
2006-08-18,33.16753387451172
2006-08-21,32.851173400878906
2006-08-22,32.85971450805664
2006-08-23,32.61174774169922
2006-08-24,32.7057991027832
2006-08-25,32.76564025878906
2006-08-28,33.013633728027344
2006-08-29,33.11623764038086
2006-08-30,33.27013397216797
2006-08-31,33.2359504699707
2006-09-01,33.41550064086914
2006-09-05,33.740394592285156
2006-09-06,33.06492614746094
2006-09-07,32.911006927490234
2006-09-08,33.10768127441406
2006-09-11,33.31288528442383
2006-09-12,33.928531646728516
2006-09-13,34.159400939941406
2006-09-14,34.19359588623047
2006-09-15,34.31593704223633
2006-09-18,34.324485778808594
2006-09-19,34.0935173034668
2006-09-20,34.589725494384766
2006-09-21,34.375823974609375
2006-09-22,34.11060333251953
2006-09-25,34.709476470947266
2006-09-26,34.88063049316406
2006-09-27,34.83782958984375
2006-09-28,34.93193054199219
2006-09-29,34.77793502807617
2006-10-02,34.34162902832031
2006-10-03,34.487037658691406
2006-10-04,35.334041595458984
2006-10-05,35.505157470703125
2006-10-06,35.42814254760742
2006-10-09,35.54792404174805
2006-10-10,35.60783386230469
2006-10-11,35.53937911987305
2006-10-12,36.104034423828125
2006-10-13,36.300804138183594
2006-10-16,36.33502197265625
2006-10-17,35.93292236328125
2006-10-18,35.76179885864258
2006-10-19,35.84736251831055
2006-10-20,35.93292236328125
2006-10-23,36.300804138183594
2006-10-24,36.052696228027344
2006-10-25,36.300804138183594
2006-10-26,36.63446807861328
2006-10-27,36.11257553100586
2006-10-30,36.34358596801758
2006-10-31,36.429141998291016
2006-11-01,35.93292236328125
2006-11-02,35.96712875366211
2006-11-03,35.87303924560547
2006-11-06,36.39492416381836
2006-11-07,36.643043518066406
2006-11-08,36.81412124633789
2006-11-09,36.643043518066406
2006-11-10,36.81412124633789
2006-11-13,37.190574645996094
2006-11-14,37.58412170410156
2006-11-15,37.73811721801758
2006-11-16,37.90068435668945
2006-11-17,37.90068435668945
2006-11-20,37.977691650390625
2006-11-21,38.02900695800781
2006-11-22,38.268550872802734
2006-11-24,38.20013427734375
2006-11-27,37.336029052734375
2006-11-28,37.447242736816406
2006-11-29,37.70390319824219
2006-11-30,37.678260803222656
2006-12-01,37.35311508178711
2006-12-04,37.866455078125
2006-12-05,38.00334167480469
2006-12-06,37.866455078125
2006-12-07,37.387359619140625
2006-12-08,37.558467864990234
2006-12-11,37.695343017578125
2006-12-12,37.472896575927734
2006-12-13,37.541343688964844
2006-12-14,37.96056365966797
2006-12-15,38.05821990966797
2006-12-18,37.68132400512695
2006-12-19,37.56142044067383
2006-12-20,37.42433547973633
2006-12-21,37.1588020324707
2006-12-22,36.7733268737793
2006-12-26,36.92752456665039
2006-12-27,37.115962982177734
2006-12-28,36.93608856201172
2006-12-29,36.97034454345703
2007-01-03,37.03889083862305
2007-01-04,37.741294860839844
2007-01-05,37.56142044067383
2007-01-08,37.58711242675781
2007-01-09,37.775535583496094
2007-01-10,38.220970153808594
2007-01-11,38.614994049072266
2007-01-12,38.81201934814453
2007-01-16,38.78630828857422
2007-01-17,38.46937561035156
2007-01-18,37.7584114074707
2007-01-19,37.835514068603516
2007-01-22,37.42433547973633
2007-01-23,37.33012008666992
2007-01-24,37.946861267089844
2007-01-25,37.45859146118164
2007-01-26,37.32155990600586
2007-01-29,37.355804443359375
2007-01-30,37.37295913696289
2007-01-31,37.74983215332031
2007-02-01,37.689884185791016
2007-02-02,37.826942443847656
2007-02-05,37.79268264770508
2007-02-06,37.741294860839844
2007-02-07,38.08391571044922
2007-02-08,38.07533645629883
2007-02-09,37.58711242675781
2007-02-12,37.44146728515625
2007-02-13,37.569950103759766
2007-02-14,38.20383834838867
2007-02-15,38.42655944824219
2007-02-16,38.298065185546875
2007-02-20,38.58930969238281
2007-02-21,38.709228515625
2007-02-22,38.9062385559082
2007-02-23,38.769195556640625
2007-02-26,38.58074951171875
2007-02-27,36.99603271484375
2007-02-28,37.115962982177734
2007-03-01,36.94465255737305
2007-03-02,36.387874603271484
2007-03-05,36.10519027709961
2007-03-06,36.70480728149414
2007-03-07,36.559200286865234
2007-03-08,36.80759048461914
2007-03-09,36.7733268737793
2007-03-12,37.013187408447266
2007-03-13,36.293643951416016
2007-03-14,36.8247184753418
2007-03-15,36.73908233642578
2007-03-16,36.71078872680664
2007-03-19,37.087921142578125
2007-03-20,37.35364532470703
2007-03-21,38.0736198425293
2007-03-22,37.93647384643555
2007-03-23,37.81647872924805
2007-03-26,37.97077178955078
2007-03-27,37.70504379272461
2007-03-28,37.302207946777344
2007-03-29,37.345062255859375
2007-03-30,37.31076431274414
2007-04-02,37.36219024658203
2007-04-03,37.85077667236328
2007-04-04,38.005043029785156
2007-04-05,38.19361877441406
2007-04-09,38.09933090209961
2007-04-10,38.296478271484375
2007-04-11,37.89363479614258
2007-04-12,38.19361877441406
2007-04-13,38.270748138427734
2007-04-16,38.6221923828125
2007-04-17,38.70791244506836
2007-04-18,38.57932662963867
2007-04-19,38.69932174682617
2007-04-20,38.91361999511719
2007-04-23,38.973609924316406
2007-04-24,39.17075729370117
2007-04-25,39.693603515625
2007-04-26,39.8992919921875
2007-04-27,39.916465759277344
2007-04-30,39.39359664916992
2007-05-01,39.35929489135742
2007-05-02,39.787879943847656
2007-05-03,39.93357467651367
2007-05-04,39.96786880493164
2007-05-07,39.96786880493164
2007-05-08,40.05358123779297
2007-05-09,40.13930892944336
2007-05-10,39.59072494506836
2007-05-11,40.096431732177734
2007-05-14,39.8221549987793
2007-05-15,39.51358413696289
2007-05-16,39.8992919921875
2007-05-17,39.71072769165039
2007-05-18,40.036434173583984
2007-05-21,40.2935905456543
2007-05-22,40.3278694152832
2007-05-23,40.13930892944336
2007-05-24,39.56502914428711
2007-05-25,39.8135986328125
2007-05-29,40.12214279174805
2007-05-30,40.44784927368164
2007-05-31,40.636436462402344
2007-06-01,40.66216278076172
2007-06-04,40.78215026855469
2007-06-05,40.78215026855469
2007-06-06,40.34502029418945
2007-06-07,39.719322204589844
2007-06-08,40.2078742980957
2007-06-11,40.130733489990234
2007-06-12,39.89072799682617
2007-06-13,40.3278694152832
2007-06-14,40.59358596801758
2007-06-15,40.968441009521484
2007-06-18,40.97701644897461
2007-06-19,40.968441009521484
2007-06-20,40.58242416381836
2007-06-21,40.95128631591797
2007-06-22,40.56528091430664
2007-06-25,40.393699645996094
2007-06-26,40.162109375
2007-06-27,40.779727935791016
2007-06-28,40.76255416870117
2007-06-29,40.83118438720703
2007-07-02,41.20003890991211
2007-07-03,41.44023895263672
2007-07-05,41.74047088623047
2007-07-06,41.91201400756836
2007-07-09,41.93775939941406
2007-07-10,41.586036682128906
2007-07-11,41.869136810302734
2007-07-12,42.512474060058594
2007-07-13,42.80411148071289
2007-07-16,42.76123046875
2007-07-17,43.08720779418945
2007-07-18,43.03573226928711
2007-07-19,43.16440200805664
2007-07-20,42.932777404785156
2007-07-23,42.94995880126953
2007-07-24,42.315181732177734
2007-07-25,42.37522888183594
2007-07-26,42.01495361328125
2007-07-27,41.16574478149414
2007-07-30,41.64611053466797
2007-07-31,40.771148681640625
2007-08-01,41.08853530883789
2007-08-02,41.465965270996094
2007-08-03,40.676788330078125
2007-08-06,41.14856719970703
2007-08-07,41.44023895263672
2007-08-08,41.89484786987305
2007-08-09,40.92555236816406
2007-08-10,40.55669403076172
2007-08-13,40.83118438720703
2007-08-14,40.1363639831543
2007-08-15,39.3729248046875
2007-08-16,38.98691940307617
2007-08-17,39.72462844848633
2007-08-20,39.91334533691406
2007-08-21,40.33366394042969
2007-08-22,40.88265609741211
2007-08-23,40.771148681640625
2007-08-24,41.34585952758789
2007-08-27,41.07137680053711
2007-08-28,40.09349822998047
2007-08-29,41.24294662475586
2007-08-30,41.457374572753906
2007-08-31,41.92059326171875
2007-09-04,42.61540985107422
2007-09-05,42.1865119934082
2007-09-06,42.152191162109375
2007-09-07,41.37159729003906
2007-09-10,41.34585952758789
2007-09-11,41.9720573425293
2007-09-12,41.98062515258789
2007-09-13,42.1865119934082
2007-09-14,42.2208251953125
2007-09-17,41.869136810302734
2007-09-18,42.924224853515625
2007-09-19,43.03573226928711
2007-09-20,42.91564178466797
2007-09-21,43.221168518066406
2007-09-24,43.418582916259766
2007-09-25,43.830528259277344
2007-09-26,44.04508590698242
2007-09-27,44.26821517944336
2007-09-28,44.122314453125
2007-10-01,44.628700256347656
2007-10-02,44.637264251708984
2007-10-03,44.32830047607422
2007-10-04,44.43130111694336
2007-10-05,45.332427978515625
2007-10-08,45.615684509277344
2007-10-09,45.813072204589844
2007-10-10,45.92462921142578
2007-10-11,45.195133209228516
2007-10-12,45.94180679321289
2007-10-15,45.58991241455078
2007-10-16,45.375370025634766
2007-10-17,45.95896911621094
2007-10-18,46.15636444091797
2007-10-19,45.00632858276367
2007-10-22,45.54700469970703
2007-10-23,46.49965286254883
2007-10-24,46.14775466918945
2007-10-25,45.52982711791992
2007-10-26,46.28512191772461
2007-10-29,46.47393798828125
2007-10-30,46.568302154541016
2007-10-31,47.22918701171875
2007-11-01,46.345184326171875
2007-11-02,46.70564270019531
2007-11-05,46.40525436401367
2007-11-06,46.928810119628906
2007-11-07,45.78730773925781
2007-11-08,44.39697265625
2007-11-09,42.91220474243164
2007-11-12,41.82224655151367
2007-11-13,43.54730987548828
2007-11-14,42.98945617675781
2007-11-15,42.757713317871094
2007-11-16,43.152523040771484
2007-11-19,42.65473937988281
2007-11-20,42.82637023925781
2007-11-21,42.32002258300781
2007-11-23,42.77488708496094
2007-11-26,42.036800384521484
2007-11-27,42.87788009643555
2007-11-28,44.18240737915039
2007-11-29,44.3712158203125
2007-11-30,44.03650665283203
2007-12-03,43.66746520996094
2007-12-04,43.48722839355469
2007-12-05,44.26821517944336
2007-12-06,44.90333938598633
2007-12-07,44.91191482543945
2007-12-10,45.092140197753906
2007-12-11,44.04508590698242
2007-12-12,44.43987274169922
2007-12-13,44.1995735168457
2007-12-14,43.74470901489258
2007-12-17,42.68048095703125
2007-12-18,42.817787170410156
2007-12-19,42.8092041015625
2007-12-20,43.68462371826172
2007-12-21,44.54632568359375
2007-12-24,44.88141632080078
2007-12-26,45.104774475097656
2007-12-27,44.563514709472656
2007-12-28,44.520545959472656
2007-12-31,44.00508117675781
2008-01-02,43.309181213378906
2008-01-03,43.48958969116211
2008-01-04,41.58230972290039
2008-01-07,41.38471221923828
2008-01-08,40.3107795715332
2008-01-09,41.169918060302734
2008-01-10,41.23006057739258
2008-01-11,40.4224739074707
2008-01-14,41.12696075439453
2008-01-15,39.99288558959961
2008-01-16,39.56332778930664
2008-01-17,39.013484954833984
2008-01-18,38.96193313598633
2008-01-22,37.956748962402344
2008-01-23,37.810707092285156
2008-01-24,38.58393859863281
2008-01-25,37.793487548828125
2008-01-28,38.085609436035156
2008-01-29,38.15435791015625
2008-01-30,38.1199836730957
2008-01-31,38.7729377746582
2008-02-01,39.16813278198242
2008-02-04,38.61827850341797
2008-02-05,37.5185661315918
2008-02-06,36.77973937988281
2008-02-07,37.0374641418457
2008-02-08,37.45845413208008
2008-02-11,37.862247467041016
2008-02-12,37.647464752197266
2008-02-13,38.47221755981445
2008-02-14,37.776302337646484
2008-02-15,37.647464752197266
2008-02-19,37.5787353515625
2008-02-20,37.75053787231445
2008-02-21,37.389705657958984
2008-02-22,37.52716064453125
2008-02-25,37.71617889404297
2008-02-26,37.862247467041016
2008-02-27,38.0512580871582
2008-02-28,37.90519332885742
2008-02-29,36.89999771118164
2008-03-03,36.6594352722168
2008-03-04,36.86564254760742
2008-03-05,37.04607009887695
2008-03-06,36.22987365722656
2008-03-07,36.143951416015625
2008-03-10,35.44804000854492
2008-03-11,36.79691696166992
2008-03-12,36.69381332397461
2008-03-13,36.977325439453125
2008-03-14,36.29861068725586
2008-03-17,35.63707733154297
2008-03-18,37.22648239135742
2008-03-19,36.30719757080078
2008-03-20,37.04922103881836
2008-03-24,38.33032989501953
2008-03-25,38.5452880859375
2008-03-26,38.43351745605469
2008-03-27,37.58228302001953
2008-03-28,37.39314651489258
2008-03-31,37.59089279174805
2008-04-01,39.1987419128418
2008-04-02,39.11276626586914
2008-04-03,39.1987419128418
2008-04-04,39.430904388427734
2008-04-07,39.34489440917969
2008-04-08,39.04397964477539
2008-04-09,38.605464935302734
2008-04-10,39.15574264526367
2008-04-11,38.072391510009766
2008-04-14,37.90043640136719
2008-04-15,37.9520149230957
2008-04-16,39.00957107543945
2008-04-17,38.923606872558594
2008-04-18,40.161720275878906
2008-04-21,40.44548797607422
2008-04-22,39.843597412109375
2008-04-23,40.28209686279297
2008-04-24,40.64323425292969
2008-04-25,40.5400390625
2008-04-28,40.617435455322266
2008-04-29,40.92695999145508
2008-04-30,40.59163284301758
2008-05-01,41.87274932861328
2008-05-02,41.932926177978516
2008-05-05,41.81256866455078
2008-05-06,42.07050704956055
2008-05-07,41.305274963378906
2008-05-08,41.61481475830078
2008-05-09,41.45145034790039
2008-05-12,42.20806884765625
2008-05-13,42.319847106933594
2008-05-14,42.22526931762695
2008-05-15,42.964717864990234
2008-05-16,42.999107360839844
2008-05-19,42.68955993652344
2008-05-20,42.36285400390625
2008-05-21,41.42565155029297
2008-05-22,41.57181930541992
2008-05-23,41.442848205566406
2008-05-27,42.173683166503906
2008-05-28,42.34564971923828
2008-05-29,42.723960876464844
2008-05-30,42.999107360839844
2008-06-02,42.47462463378906
2008-06-03,42.242469787597656
2008-06-04,42.78416442871094
2008-06-05,43.46339416503906
2008-06-06,42.156494140625
2008-06-09,41.932926177978516
2008-06-10,41.73517608642578
2008-06-11,40.72920227050781
2008-06-12,40.77219009399414
2008-06-13,41.58902359008789
2008-06-16,41.95873260498047
2008-06-17,41.73517608642578
2008-06-18,41.28807830810547
2008-06-19,41.932926177978516
2008-06-20,40.800636291503906
2008-06-23,40.48228454589844
2008-06-24,40.275794982910156
2008-06-25,40.92972183227539
2008-06-26,39.2777099609375
2008-06-27,39.2777099609375
2008-06-30,38.86470413208008
2008-07-01,39.415382385253906
2008-07-02,38.46891784667969
2008-07-03,38.400089263916016
2008-07-07,38.63240432739258
2008-07-08,39.55303955078125
2008-07-09,38.50334548950195
2008-07-10,38.9593505859375
2008-07-11,38.339874267578125
2008-07-14,38.055931091308594
2008-07-15,38.06454086303711
2008-07-16,39.01100158691406
2008-07-17,39.269100189208984
2008-07-18,38.365665435791016
2008-07-21,38.529144287109375
2008-07-22,38.529144287109375
2008-07-23,39.036800384521484
2008-07-24,38.451725006103516
2008-07-25,38.95075225830078
2008-07-28,38.219390869140625
2008-07-29,39.01100158691406
2008-07-30,39.208892822265625
2008-07-31,39.11423110961914
2008-08-01,38.615203857421875
2008-08-04,38.2280158996582
2008-08-05,39.51862716674805
2008-08-06,40.12089920043945
2008-08-07,39.81116485595703
2008-08-08,40.714599609375
2008-08-11,41.08457565307617
2008-08-12,41.127601623535156
2008-08-13,41.04154968261719
2008-08-14,41.5147819519043
2008-08-15,41.437347412109375
2008-08-18,40.95552062988281
2008-08-19,40.447853088378906
2008-08-20,40.516700744628906
2008-08-21,40.32740783691406
2008-08-22,40.86084747314453
2008-08-25,40.00046920776367
2008-08-26,39.94883728027344
2008-08-27,40.20695114135742
2008-08-28,40.533912658691406
2008-08-29,39.682098388671875
2008-09-02,39.191680908203125
2008-09-03,38.821678161621094
2008-09-04,37.56549835205078
2008-09-05,37.38481140136719
2008-09-08,37.31597900390625
2008-09-09,36.52439498901367
2008-09-10,36.8255615234375
2008-09-11,37.51388168334961
2008-09-12,37.36759567260742
2008-09-15,36.20603561401367
2008-09-16,36.48997497558594
2008-09-17,34.597068786621094
2008-09-18,35.76722717285156
2008-09-19,36.93648147583008
2008-09-22,35.197269439697266
2008-09-23,34.93037033081055
2008-09-24,35.17143249511719
2008-09-25,35.73107147216797
2008-09-26,35.369468688964844
2008-09-29,32.56262969970703
2008-09-30,33.501121520996094
2008-10-01,33.14811325073242
2008-10-02,31.641372680664062
2008-10-03,31.150625228881836
2008-10-06,30.014108657836914
2008-10-07,28.11131477355957
2008-10-08,27.88745880126953
2008-10-09,27.138397216796875
2008-10-10,26.966197967529297
2008-10-13,30.246580123901367
2008-10-14,28.937864303588867
2008-10-15,26.346296310424805
2008-10-16,27.77552604675293
2008-10-17,27.80996322631836
2008-10-20,28.58486557006836
2008-10-21,27.103967666625977
2008-10-22,26.35489273071289
2008-10-23,26.25157356262207
2008-10-24,25.407806396484375
2008-10-27,24.701797485351562
2008-10-28,27.431127548217773
2008-10-29,27.36225700378418
2008-10-30,28.274904251098633
2008-10-31,28.317964553833008
2008-11-03,28.257692337036133
2008-11-04,29.05841827392578
2008-11-05,27.543066024780273
2008-11-06,26.31184196472168
2008-11-07,26.854276657104492
2008-11-10,26.49266815185547
2008-11-11,25.915796279907227
2008-11-12,24.71901512145996
2008-11-13,26.225746154785156
2008-11-14,24.951486587524414
2008-11-17,24.4262752532959
2008-11-18,24.400447845458984
2008-11-19,23.12618637084961
2008-11-20,22.006898880004883
2008-11-21,22.96259880065918
2008-11-24,24.366003036499023
2008-11-25,24.254087448120117
2008-11-26,25.270055770874023
2008-11-28,25.072023391723633
2008-12-01,23.18645477294922
2008-12-02,23.961355209350586
2008-12-03,24.641525268554688
2008-12-04,23.944122314453125
2008-12-05,24.91704750061035
2008-12-08,25.898582458496094
2008-12-09,25.838294982910156
2008-12-10,25.752197265625
2008-12-11,25.046184539794922
2008-12-12,25.554180145263672
2008-12-15,25.106454849243164
2008-12-16,26.31184196472168
2008-12-17,25.9932861328125
2008-12-18,25.536962509155273
2008-12-19,25.746484756469727
2008-12-22,25.186025619506836
2008-12-23,25.056682586669922
2008-12-24,25.12566375732422
2008-12-26,25.117046356201172
2008-12-29,24.910104751586914
2008-12-30,25.427452087402344
2008-12-31,25.64301109313965
2009-01-02,26.755306243896484
2009-01-05,26.746675491333008
2009-01-06,27.01397132873535
2009-01-07,26.24658203125
2009-01-08,26.52249526977539
2009-01-09,25.92755126953125
2009-01-12,25.453319549560547
2009-01-13,25.461944580078125
2009-01-14,24.685914993286133
2009-01-15,25.09117317199707
2009-01-16,25.367094039916992
2009-01-20,24.10822868347168
2009-01-21,25.134286880493164
2009-01-22,24.798015594482422
2009-01-23,24.918729782104492
2009-01-26,25.09980583190918
2009-01-27,25.28087615966797
2009-01-28,26.168981552124023
2009-01-29,25.50505828857422
2009-01-30,25.056682586669922
2009-02-02,25.358470916748047
2009-02-03,25.755104064941406
2009-02-04,25.78958511352539
2009-02-05,26.358671188354492
2009-02-06,27.04846954345703
2009-02-09,27.160551071166992
2009-02-10,26.160358428955078
2009-02-11,26.039644241333008
2009-02-12,26.358671188354492
2009-02-13,26.237957000732422
2009-02-17,25.194652557373047
2009-02-18,25.21189308166504
2009-02-19,24.82388687133789
2009-02-20,24.892860412597656
2009-02-23,24.022003173828125
2009-02-24,24.815265655517578
2009-02-25,24.65142822265625
2009-02-26,23.961641311645508
2009-02-27,23.737459182739258
2009-03-02,22.97007942199707
2009-03-03,22.952831268310547
2009-03-04,23.565013885498047
2009-03-05,22.85797691345215
2009-03-06,22.676897048950195
2009-03-09,22.194055557250977
2009-03-10,23.565013885498047
2009-03-11,23.927148818969727
2009-03-12,24.72041130065918
2009-03-13,24.780773162841797
2009-03-16,24.366899490356445
2009-03-17,25.289491653442383
2009-03-18,25.608522415161133
2009-03-19,25.591278076171875
2009-03-20,25.201763153076172
2009-03-23,26.687265396118164
2009-03-24,26.194976806640625
2009-03-25,26.315895080566406
2009-03-26,27.12773895263672
2009-03-27,26.618183135986328
2009-03-30,25.961793899536133
2009-03-31,26.18634605407715
2009-04-01,26.574993133544922
2009-04-02,27.430023193359375
2009-04-03,27.939586639404297
2009-04-06,27.870494842529297
2009-04-07,27.136377334594727
2009-04-08,27.59412384033203
2009-04-09,28.44915008544922
2009-04-13,28.405960083007812
2009-04-14,28.06049919128418
2009-04-15,27.982778549194336
2009-04-16,28.708250045776367
2009-04-17,28.76870346069336
2009-04-20,27.844581604003906
2009-04-21,28.233238220214844
2009-04-22,28.319599151611328
2009-04-23,28.595964431762695
2009-04-24,29.096895217895508
2009-04-27,29.131452560424805
2009-04-28,28.91552734375
2009-04-29,29.312820434570312
2009-04-30,29.60646629333496
2009-05-01,29.684188842773438
2009-05-04,30.27147674560547
2009-05-05,30.245582580566406
2009-05-06,30.254196166992188
2009-05-07,29.546009063720703
2009-05-08,29.563270568847656
2009-05-11,29.666919708251953
2009-05-12,29.30418586730957
2009-05-13,28.518247604370117
2009-05-14,28.837804794311523
2009-05-15,28.82052230834961
2009-05-18,29.571910858154297
2009-05-19,29.710098266601562
2009-05-20,29.60646629333496
2009-05-21,29.062345504760742
2009-05-22,28.96734619140625
2009-05-26,30.046924591064453
2009-05-27,29.83965301513672
2009-05-28,30.18511390686035
2009-05-29,30.556482315063477
2009-06-01,31.428791046142578
2009-06-02,31.47198486328125
2009-06-03,31.376972198486328
2009-06-04,31.731069564819336
2009-06-05,31.7656192779541
2009-06-08,31.670610427856445
2009-06-09,31.912433624267578
2009-06-10,31.800188064575195
2009-06-11,31.800188064575195
2009-06-12,31.653352737426758
2009-06-15,31.005619049072266
2009-06-16,30.70331573486328
2009-06-17,30.99697494506836
2009-06-18,30.936511993408203
2009-06-19,31.26856803894043
2009-06-22,30.33466148376465
2009-06-23,30.265485763549805
2009-06-24,30.775663375854492
2009-06-25,31.38097381591797
2009-06-26,31.45016098022461
2009-06-29,31.519330978393555
2009-06-30,31.458820343017578
2009-07-01,31.47610092163086
2009-07-02,30.784317016601562
2009-07-06,30.620010375976562
2009-07-07,29.859046936035156
2009-07-08,30.014698028564453
2009-07-09,30.06658363342285
2009-07-10,30.196308135986328
2009-07-13,30.775663375854492
2009-07-14,30.888078689575195
2009-07-15,31.925743103027344
2009-07-16,32.306243896484375
2009-07-17,32.479183197021484
2009-07-20,32.790489196777344
2009-07-21,33.015316009521484
2009-07-22,33.292030334472656
2009-07-23,34.02703857421875
2009-07-24,33.76762008666992
2009-07-27,34.02703857421875
2009-07-28,33.7935676574707
2009-07-29,34.018394470214844
2009-07-30,34.21729278564453
2009-07-31,34.11351776123047
2009-08-03,34.623687744140625
2009-08-04,34.623687744140625
2009-08-05,34.35564422607422
2009-08-06,34.05298614501953
2009-08-07,34.485347747802734
2009-08-10,34.24322509765625
2009-08-11,33.94921112060547
2009-08-12,34.4766960144043
2009-08-13,34.66693115234375
2009-08-14,34.269168853759766
2009-08-17,33.27471923828125
2009-08-18,33.75032424926758
2009-08-19,33.98381042480469
2009-08-20,34.38157272338867
2009-08-21,34.83988952636719
2009-08-24,34.8052978515625
2009-08-25,34.9090690612793
2009-08-26,34.84854507446289
2009-08-27,34.935020446777344
2009-08-28,34.96959686279297
2009-08-31,34.61505126953125
2009-09-01,33.966514587402344
2009-09-02,33.940582275390625
2009-09-03,34.1654167175293
2009-09-04,34.900428771972656
2009-09-08,35.229000091552734
2009-09-09,35.531673431396484
2009-09-10,35.86892318725586
2009-09-11,35.90351104736328
2009-09-14,36.0418586730957
2009-09-15,36.15427017211914
2009-09-16,36.68174743652344
2009-09-17,36.67311477661133
2009-09-18,36.734561920166016
2009-09-21,36.847076416015625
2009-09-22,36.91633224487305
2009-09-23,36.74321746826172
2009-09-24,36.414310455322266
2009-09-25,36.094051361083984
2009-09-28,36.70859909057617
2009-09-29,36.54414367675781
2009-09-30,36.570098876953125
2009-10-01,35.4881591796875
2009-10-02,35.38427734375
2009-10-05,35.66992950439453
2009-10-06,36.30179214477539
2009-10-07,36.405662536621094
2009-10-08,36.56144332885742
2009-10-09,36.769187927246094
2009-10-12,36.847076416015625
2009-10-13,36.855743408203125
2009-10-14,37.357765197753906
2009-10-15,37.271217346191406
2009-10-16,37.02886199951172
2009-10-19,37.40104675292969
2009-10-20,37.40969467163086
2009-10-21,37.34047317504883
2009-10-22,37.487606048583984
2009-10-23,37.331809997558594
2009-10-26,37.210636138916016
2009-10-27,36.64799118041992
2009-10-28,35.82572555541992
2009-10-29,36.43163299560547
2009-10-30,35.453529357910156
2009-11-02,35.600669860839844
2009-11-03,35.71318817138672
2009-11-04,35.773780822753906
2009-11-05,36.65665054321289
2009-11-06,36.87307357788086
2009-11-09,37.66070556640625
2009-11-10,37.75593566894531
2009-11-11,37.998294830322266
2009-11-12,37.78190612792969
2009-11-13,38.093505859375
2009-11-16,38.4830207824707
2009-11-17,38.60418701171875
2009-11-18,38.38779067993164
2009-11-19,37.79055404663086
2009-11-20,37.600128173828125
2009-11-23,38.206031799316406
2009-11-24,38.07621383666992
2009-11-25,38.24065017700195
2009-11-27,37.66070556640625
2009-11-30,37.704010009765625
2009-12-01,38.093505859375
2009-12-02,38.14543914794922
2009-12-03,37.989627838134766
2009-12-04,38.188720703125
2009-12-07,38.0069465637207
2009-12-08,37.77323532104492
2009-12-09,38.15410614013672
2009-12-10,38.344520568847656
2009-12-11,38.19737243652344
2009-12-14,38.56092071533203
2009-12-15,38.344520568847656
2009-12-16,38.396446228027344
2009-12-17,37.929046630859375
2009-12-18,38.54722595214844
2009-12-21,38.98072052001953
2009-12-22,39.21482849121094
2009-12-23,39.50093460083008
2009-12-24,39.86506652832031
2009-12-28,40.07314682006836
2009-12-29,39.90842819213867
2009-12-30,40.02981948852539
2009-12-31,39.66566848754883
2010-01-04,40.24654769897461
2010-01-05,40.24654769897461
2010-01-06,40.003807067871094
2010-01-07,40.02981948852539
2010-01-08,40.35926818847656
2010-01-11,40.19454574584961
2010-01-12,39.691673278808594
2010-01-13,40.18587112426758
2010-01-14,40.22056198120117
2010-01-15,39.75237274169922
2010-01-19,40.39395523071289
2010-01-20,39.813045501708984
2010-01-21,39.440242767333984
2010-01-22,38.28711700439453
2010-01-25,38.417171478271484
2010-01-26,38.45185852050781
2010-01-27,38.755306243896484
2010-01-28,37.758243560791016
2010-01-29,37.09932327270508
2010-02-01,37.50679016113281
2010-02-02,37.844947814941406
2010-02-03,38.05302810668945
2010-02-04,36.951934814453125
2010-02-05,37.26404571533203
2010-02-08,36.99528503417969
2010-02-09,37.37675476074219
2010-02-10,37.29873275756836
2010-02-11,37.862281799316406
2010-02-12,37.940311431884766
2010-02-16,38.42584991455078
2010-02-17,38.64259719848633
2010-02-18,38.885353088378906
2010-02-19,38.86802291870117
2010-02-22,38.78999328613281
2010-02-23,38.28711700439453
2010-02-24,38.677276611328125
2010-02-25,38.668601989746094
2010-02-26,38.80731964111328
2010-03-01,39.370887756347656
2010-03-02,39.49226760864258
2010-03-03,39.53561782836914
2010-03-04,39.66566848754883
2010-03-05,40.26390838623047
2010-03-08,40.3419303894043
2010-03-09,40.56734848022461
2010-03-10,40.89682388305664
2010-03-11,41.052886962890625
2010-03-12,41.06154251098633
2010-03-15,40.9575080871582
2010-03-16,41.21762466430664
2010-03-17,41.330318450927734
2010-03-18,41.46905517578125
2010-03-19,41.21821594238281
2010-03-22,41.5914192199707
2010-03-23,41.87782669067383
2010-03-24,41.678226470947266
2010-03-25,41.61745834350586
2010-03-26,41.660858154296875
2010-03-29,41.860477447509766
2010-03-30,41.999351501464844
2010-03-31,41.79972839355469
2010-04-01,41.79972839355469
2010-04-05,42.1903076171875
2010-04-06,42.31180953979492
2010-04-07,42.20765686035156
2010-04-08,42.303131103515625
2010-04-09,42.55482864379883
2010-04-12,42.58955383300781
2010-04-13,42.80654525756836
2010-04-14,43.31862258911133
2010-04-15,43.50956726074219
2010-04-16,42.988792419433594
2010-04-19,42.9627685546875
2010-04-20,43.179752349853516
2010-04-21,43.422767639160156
2010-04-22,43.66579055786133
2010-04-23,43.84806442260742
2010-04-26,43.752586364746094
2010-04-27,42.82388687133789
2010-04-28,42.84992599487305
2010-04-29,43.59634017944336
2010-04-30,42.737098693847656
2010-05-03,43.33597183227539
2010-05-04,42.0340690612793
2010-05-05,41.817100524902344
2010-05-06,40.419700622558594
2010-05-07,39.41290283203125
2010-05-10,41.46123123168945
2010-05-11,41.41782760620117
2010-05-12,42.198974609375
2010-05-13,41.530662536621094
2010-05-14,40.73216247558594
2010-05-17,40.86235427856445
2010-05-18,40.29820251464844
2010-05-19,39.97706604003906
2010-05-20,38.492881774902344
2010-05-21,38.91817855834961
2010-05-24,38.761962890625
2010-05-25,38.79667282104492
2010-05-26,38.362693786621094
2010-05-27,39.8121337890625
2010-05-28,39.57780838012695
2010-06-01,39.213279724121094
2010-06-02,40.14197540283203
2010-06-03,40.523841857910156
2010-06-04,39.135162353515625
2010-06-07,38.423465728759766
2010-06-08,38.354026794433594
2010-06-09,38.032894134521484
2010-06-10,39.1178092956543
2010-06-11,39.49102783203125
2010-06-14,39.48233413696289
2010-06-15,40.54121780395508
2010-06-16,40.70612335205078
2010-06-17,40.83632278442383
2010-06-18,40.8702392578125
2010-06-21,40.52239990234375
2010-06-22,40.209354400634766
2010-06-23,40.04413604736328
2010-06-24,39.435428619384766
2010-06-25,39.44327163696289
2010-06-28,39.303863525390625
2010-06-29,37.78781509399414
2010-06-30,37.212764739990234
2010-07-01,37.10822677612305
2010-07-02,37.003665924072266
2010-07-06,37.11692428588867
2010-07-07,38.3018913269043
2010-07-08,38.5109748840332
2010-07-09,38.87693786621094
2010-07-12,38.99020767211914
2010-07-13,39.49556350708008
2010-07-14,39.69595718383789
2010-07-15,39.730796813964844
2010-07-16,38.63296890258789
2010-07-19,38.964073181152344
2010-07-20,39.43455505371094
2010-07-21,38.89435958862305
2010-07-22,39.878910064697266
2010-07-23,40.131591796875
2010-07-26,40.462684631347656
2010-07-27,40.44525909423828
2010-07-28,40.12287521362305
2010-07-29,39.82664489746094
2010-07-30,39.913761138916016
2010-08-02,40.66306686401367
2010-08-03,40.48882293701172
2010-08-04,40.89833450317383
2010-08-05,40.80247116088867
2010-08-06,40.741485595703125
2010-08-09,41.020294189453125
2010-08-10,40.66306686401367
2010-08-11,39.55653762817383
2010-08-12,39.24287414550781
2010-08-13,38.964073181152344
2010-08-16,39.033748626708984
2010-08-17,39.530391693115234
2010-08-18,39.687232971191406
2010-08-19,39.0860481262207
2010-08-20,39.13832473754883
2010-08-23,38.75495147705078
2010-08-24,38.03178787231445
2010-08-25,38.39772415161133
2010-08-26,37.93593978881836
2010-08-27,38.39772415161133
2010-08-30,37.996917724609375
2010-08-31,37.86624526977539
2010-09-01,38.998905181884766
2010-09-02,39.43455505371094
2010-09-03,40.08802032470703
2010-09-07,39.817928314208984
2010-09-08,40.29712677001953
2010-09-09,40.45396423339844
2010-09-10,40.60208511352539
2010-09-13,41.16840744018555
2010-09-14,41.34268569946289
2010-09-15,41.60407257080078
2010-09-16,41.76960372924805
2010-09-17,41.91110610961914
2010-09-20,42.64468002319336
2010-09-21,42.635948181152344
2010-09-22,42.52241897583008
2010-09-23,42.504966735839844
2010-09-24,43.36956024169922
2010-09-27,43.13374328613281
2010-09-28,43.11625671386719
2010-09-29,43.046424865722656
2010-09-30,42.85429000854492
2010-10-01,42.80189514160156
2010-10-04,42.339027404785156
2010-10-05,43.36956024169922
2010-10-06,42.99401092529297
2010-10-07,43.151214599609375
2010-10-08,43.44816589355469
2010-10-11,43.465614318847656
2010-10-12,43.76255798339844
2010-10-13,44.120628356933594
2010-10-14,44.03327178955078
2010-10-15,44.96775817871094
2010-10-18,44.801815032958984
2010-10-19,44.38261413574219
2010-10-20,44.705745697021484
2010-10-21,44.79307174682617
2010-10-22,45.09873580932617
2010-10-25,45.317081451416016
2010-10-26,45.43934631347656
2010-10-27,45.57906723022461
2010-10-28,45.675148010253906
2010-10-29,45.57033920288086
2010-11-01,45.60527038574219
2010-11-02,46.094337463378906
2010-11-03,46.30392837524414
2010-11-04,46.87160110473633
2010-11-05,46.87160110473633
2010-11-08,46.9327507019043
2010-11-09,46.67947769165039
2010-11-10,46.915283203125
2010-11-11,46.618343353271484
2010-11-12,45.85854721069336
2010-11-15,45.683876037597656
2010-11-16,44.93282699584961
2010-11-17,45.06379699707031
2010-11-18,45.78868103027344
2010-11-19,45.82359313964844
2010-11-22,46.2078742980957
2010-11-23,45.47427749633789
2010-11-24,46.391265869140625
2010-11-26,46.085609436035156
2010-11-29,46.05066680908203
2010-11-30,45.491737365722656
2010-12-01,46.4524040222168
2010-12-02,46.92399978637695
2010-12-03,47.046268463134766
2010-12-06,47.0287971496582
2010-12-07,47.05499267578125
2010-12-08,47.22966384887695
2010-12-09,47.273338317871094
2010-12-10,47.587738037109375
2010-12-13,47.421810150146484
2010-12-14,47.50914001464844
2010-12-15,47.29952621459961
2010-12-16,47.66633987426758
2010-12-17,47.708343505859375
2010-12-20,47.74334716796875
2010-12-21,48.03212356567383
2010-12-22,48.02335739135742
2010-12-23,47.90083694458008
2010-12-27,47.92710876464844
2010-12-28,47.839599609375
2010-12-29,47.94459915161133
2010-12-30,47.83085632324219
2010-12-31,47.65582275390625
2011-01-03,48.3996467590332
2011-01-04,48.36463165283203
2011-01-05,48.775909423828125
2011-01-06,48.93341827392578
2011-01-07,48.88966751098633
2011-01-10,49.07341766357422
2011-01-11,49.143436431884766
2011-01-12,49.493473052978516
2011-01-13,49.51096725463867
2011-01-14,49.87848663330078
2011-01-18,50.01850128173828
2011-01-19,49.44969940185547
2011-01-20,49.09968948364258
2011-01-21,48.7234001159668
2011-01-24,49.39720153808594
2011-01-25,49.467193603515625
2011-01-26,49.729732513427734
2011-01-27,50.035987854003906
2011-01-28,48.76715087890625
2011-01-31,49.0034294128418
2011-02-01,49.922237396240234
2011-02-02,49.8434944152832
2011-02-03,49.930999755859375
2011-02-04,50.210994720458984
2011-02-07,50.447265625
2011-02-08,50.779808044433594
2011-02-09,50.69231414794922
2011-02-10,50.771053314208984
2011-02-11,51.138587951660156
2011-02-14,51.261070251464844
2011-02-15,51.191070556640625
2011-02-16,51.52362060546875
2011-02-17,51.506080627441406
2011-02-18,51.39234924316406
2011-02-22,49.90474319458008
2011-02-23,49.493473052978516
2011-02-24,49.7559814453125
2011-02-25,50.447265625
2011-02-28,50.55229187011719
2011-03-01,49.738468170166016
2011-03-02,50.001007080078125
2011-03-03,50.989830017089844
2011-03-04,50.72730255126953
2011-03-07,50.04475021362305
2011-03-08,50.24601364135742
2011-03-09,49.90474319458008
2011-03-10,49.12594223022461
2011-03-11,49.43221664428711
2011-03-14,49.25720977783203
2011-03-15,48.55714416503906
2011-03-16,47.384559631347656
2011-03-17,47.822105407714844
2011-03-18,47.71431350708008
2011-03-21,48.63442611694336
2011-03-22,48.54680252075195
2011-03-23,48.81844711303711
2011-03-24,49.68597412109375
2011-03-25,49.808650970458984
2011-03-28,49.536991119384766
2011-03-29,50.01898956298828
2011-03-30,50.25556945800781
2011-03-31,50.32567596435547
2011-04-01,50.35195541381836
2011-04-04,50.18547058105469
2011-04-05,50.05402374267578
2011-04-06,50.17671203613281
2011-04-07,50.14164733886719
2011-04-08,49.90507125854492
2011-04-11,49.73855209350586
2011-04-12,49.39679718017578
2011-04-13,49.817413330078125
2011-04-14,49.72978591918945
2011-04-15,49.64216613769531
2011-04-18,49.29164505004883
2011-04-19,49.59833526611328
2011-04-20,50.72002029418945
2011-04-21,51.123111724853516
2011-04-25,51.254539489746094
2011-04-26,51.54371643066406
2011-04-27,51.89424133300781
2011-04-28,51.815399169921875
2011-04-29,51.77156066894531
2011-05-02,51.6751823425293
2011-05-03,51.429805755615234
2011-05-04,51.3509521484375
2011-05-05,51.070533752441406
2011-05-06,51.23702621459961
2011-05-09,51.429805755615234
2011-05-10,51.867958068847656
2011-05-11,51.49113845825195
2011-05-12,51.797847747802734
2011-05-13,51.184444427490234
2011-05-16,50.29939270019531
2011-05-17,50.439598083496094
2011-05-18,50.8602180480957
2011-05-19,51.009178161621094
2011-05-20,50.623619079589844
2011-05-23,49.878761291503906
2011-05-24,49.572059631347656
2011-05-25,49.76484680175781
2011-05-26,50.07155990600586
2011-05-27,50.32567596435547
2011-05-31,51.14063262939453
2011-06-01,50.027740478515625
2011-06-02,50.13288116455078
2011-06-03,49.3792724609375
2011-06-06,48.97618865966797
2011-06-07,48.888553619384766
2011-06-08,48.538028717041016
2011-06-09,48.62565612792969
2011-06-10,47.880828857421875
2011-06-13,47.880828857421875
2011-06-14,48.494224548339844
2011-06-15,47.574100494384766
2011-06-16,47.39008331298828
2011-06-17,47.241661071777344
2011-06-20,47.48756790161133
2011-06-21,48.5063591003418
2011-06-22,48.15504837036133
2011-06-23,48.60296630859375
2011-06-24,47.75983428955078
2011-06-27,48.52391815185547
2011-06-28,49.24409103393555
2011-06-29,49.44609451293945
2011-06-30,50.10477828979492
2011-07-01,50.86009216308594
2011-07-05,51.11479187011719
2011-07-06,51.281654357910156
2011-07-07,51.9842643737793
2011-07-08,51.8437614440918
2011-07-11,50.904022216796875
2011-07-12,50.51756286621094
2011-07-13,50.728355407714844
2011-07-14,50.13991928100586
2011-07-15,50.80739212036133
2011-07-18,50.535133361816406
2011-07-19,51.68565368652344
2011-07-20,51.466102600097656
2011-07-21,51.808631896972656
2011-07-22,52.344364166259766
2011-07-25,52.238948822021484
2011-07-26,52.370697021484375
2011-07-27,51.0181884765625
2011-07-28,51.10599899291992
2011-07-29,50.93915557861328
2011-08-01,50.70201873779297
2011-08-02,49.41975402832031
2011-08-03,49.89400863647461
2011-08-04,47.57539367675781
2011-08-05,47.27678298950195
2011-08-08,44.43121337890625
2011-08-09,46.57416915893555
2011-08-10,44.66835403442383
2011-08-11,46.635658264160156
2011-08-12,47.04844284057617
2011-08-15,47.74226760864258
2011-08-16,47.338260650634766
2011-08-17,47.05723571777344
2011-08-18,44.74739456176758
2011-08-19,43.93939208984375
2011-08-22,44.09748840332031
2011-08-23,45.91548156738281
2011-08-24,46.275577545166016
2011-08-25,45.52027893066406
2011-08-26,46.66201400756836
2011-08-29,47.961849212646484
2011-08-30,48.27801513671875
2011-08-31,48.35704040527344
2011-09-01,47.917930603027344
2011-09-02,46.79374694824219
2011-09-06,46.80253219604492
2011-09-07,47.98818588256836
2011-09-08,47.768611907958984
2011-09-09,46.70591735839844
2011-09-12,47.303131103515625
2011-09-13,47.93549728393555
2011-09-14,48.62053680419922
2011-09-15,49.340702056884766
2011-09-16,49.792972564697266
2011-09-19,49.81056213378906
2011-09-20,49.590599060058594
2011-09-21,48.728302001953125
2011-09-22,47.14450454711914
2011-09-23,47.646034240722656
2011-09-26,48.20035934448242
2011-09-27,48.701904296875
2011-09-28,47.98039627075195
2011-09-29,47.4084587097168
2011-09-30,46.1854248046875
2011-10-03,44.99757385253906
2011-10-04,45.921443939208984
2011-10-05,47.10049057006836
2011-10-06,47.89241409301758
2011-10-07,47.57563781738281
2011-10-10,49.22102355957031
2011-10-11,49.55539321899414
2011-10-12,49.8017692565918
2011-10-13,50.259300231933594
2011-10-14,51.19199752807617
2011-10-17,50.40009689331055
2011-10-18,51.02481460571289
2011-10-19,50.03932189941406
2011-10-20,49.792972564697266
2011-10-21,50.41768264770508
2011-10-24,51.46474838256836
2011-10-25,50.452884674072266
2011-10-26,50.391292572021484
2011-10-27,51.781517028808594
2011-10-28,51.8607063293457
2011-10-31,50.9896240234375
2011-11-01,49.660972595214844
2011-11-02,50.08332824707031
2011-11-03,51.12161636352539
2011-11-04,50.857635498046875
2011-11-07,51.2183837890625
2011-11-08,51.80791473388672
2011-11-09,49.986541748046875
2011-11-10,49.96013641357422
2011-11-11,50.9016227722168
2011-11-14,50.584869384765625
2011-11-15,51.14799118041992
2011-11-16,50.303314208984375
2011-11-17,49.124244689941406
2011-11-18,48.74590301513672
2011-11-21,47.8132209777832
2011-11-22,47.97160339355469
2011-11-23,46.88933563232422
2011-11-25,46.5285758972168
2011-11-28,48.147579193115234
2011-11-29,47.848411560058594
2011-11-30,49.61698913574219
2011-12-01,49.96013641357422
2011-12-02,49.81936264038086
2011-12-05,50.36490249633789
2011-12-06,50.22411346435547
2011-12-07,50.22411346435547
2011-12-08,49.3794059753418
2011-12-09,50.17131805419922
2011-12-12,49.608184814453125
2011-12-13,49.062652587890625
2011-12-14,48.29715347290039
2011-12-15,48.165164947509766
2011-12-16,48.413150787353516
2011-12-19,47.936588287353516
2011-12-20,49.35741424560547
2011-12-21,48.65142822265625
2011-12-22,49.066184997558594
2011-12-23,49.48978042602539
2011-12-27,49.674381256103516
2011-12-28,49.10026550292969
2011-12-29,49.45355987548828
2011-12-30,49.31224060058594
2012-01-03,50.25733947753906
2012-01-04,50.469322204589844
2012-01-05,50.88445281982422
2012-01-06,51.06109619140625
2012-01-09,50.893287658691406
2012-01-10,51.264244079589844
2012-01-11,51.370235443115234
2012-01-12,51.573387145996094
2012-01-13,51.387916564941406
2012-01-17,51.85603713989258
2012-01-18,52.544960021972656
2012-01-19,52.87176513671875
2012-01-20,52.79227066040039
2012-01-23,52.8099365234375
2012-01-24,52.71278381347656
2012-01-25,53.37522888183594
2012-01-26,53.189727783203125
2012-01-27,53.34873580932617
2012-01-30,53.392887115478516
2012-01-31,53.463565826416016
2012-02-01,53.896358489990234
2012-02-02,54.06417465209961
2012-02-03,54.80610275268555
2012-02-06,54.76194763183594
2012-02-07,54.87675857543945
2012-02-08,55.1682243347168
2012-02-09,55.56570816040039
2012-02-10,55.17707061767578
2012-02-13,55.68936538696289
2012-02-14,55.83068084716797
2012-02-15,55.44206619262695
2012-02-16,56.201656341552734
2012-02-17,56.02500534057617
2012-02-21,56.18398666381836
2012-02-22,55.9278450012207
2012-02-23,56.29882049560547
2012-02-24,56.49311447143555
2012-02-27,56.572608947753906
2012-02-28,57.146728515625
2012-02-29,56.89060592651367
2012-03-01,57.34103775024414
2012-03-02,57.29689025878906
2012-03-05,56.70510482788086
2012-03-06,56.14865493774414
2012-03-07,56.58144760131836
2012-03-08,57.19091033935547
2012-03-09,57.429378509521484
2012-03-12,57.45589065551758
2012-03-13,58.52462387084961
2012-03-14,58.72776412963867
2012-03-15,58.89558792114258
2012-03-16,58.85399627685547
2012-03-19,59.26983642578125
2012-03-20,59.376007080078125
2012-03-21,59.38483810424805
2012-03-22,59.2609748840332
2012-03-23,59.22560501098633
2012-03-26,60.26078796386719
2012-03-27,60.349246978759766
2012-03-28,60.11035919189453
2012-03-29,59.880306243896484
2012-03-30,59.76530075073242
2012-04-02,60.38462829589844
2012-04-03,60.36695098876953
2012-04-04,59.544105529785156
2012-04-05,59.915706634521484
2012-04-09,59.46449661254883
2012-04-10,58.508934020996094
2012-04-11,58.79207229614258
2012-04-12,59.46449661254883
2012-04-13,58.56201934814453
2012-04-16,57.907310485839844
2012-04-17,59.08405303955078
2012-04-18,58.93363952636719
2012-04-19,58.27007293701172
2012-04-20,58.1108283996582
2012-04-23,57.57997131347656
2012-04-24,57.270301818847656
2012-04-25,58.79207229614258
2012-04-26,59.137115478515625
2012-04-27,59.49103546142578
2012-04-30,59.06633377075195
2012-05-01,59.163673400878906
2012-05-02,59.33177185058594
2012-05-03,58.703590393066406
2012-05-04,57.24372863769531
2012-05-07,57.296836853027344
2012-05-08,57.08448028564453
2012-05-09,56.90753936767578
2012-05-10,56.79252243041992
2012-05-11,56.783668518066406
2012-05-14,56.25279998779297
2012-05-15,56.067020416259766
2012-05-16,55.68657684326172
2012-05-17,54.50985336303711
2012-05-18,53.802040100097656
2012-05-21,55.306129455566406
2012-05-22,55.24419403076172
2012-05-23,55.350372314453125
2012-05-24,54.98760986328125
2012-05-25,54.916839599609375
2012-05-29,55.61579132080078
2012-05-30,55.146881103515625
2012-05-31,54.90799331665039
2012-06-01,53.448143005371094
2012-06-04,53.85512924194336
2012-06-05,54.07631301879883
2012-06-06,55.31498718261719
2012-06-07,55.09379196166992
2012-06-08,55.6246452331543
2012-06-11,54.68680953979492
2012-06-12,55.350372314453125
2012-06-13,54.96992111206055
2012-06-14,55.17342758178711
2012-06-15,55.85889434814453
2012-06-18,56.38211441040039
2012-06-19,56.9673957824707
2012-06-20,57.01172637939453
2012-06-21,55.59286880493164
2012-06-22,56.17815017700195
2012-06-25,55.096256256103516
2012-06-26,55.44213104248047
2012-06-27,55.77908706665039
2012-06-28,55.1583366394043
2012-06-29,56.89645767211914
2012-07-02,57.0649299621582
2012-07-03,57.5438117980957
2012-07-05,57.579261779785156
2012-07-06,56.860984802246094
2012-07-09,56.754547119140625
2012-07-10,56.195884704589844
2012-07-11,55.88551330566406
2012-07-12,55.3623046875
2012-07-13,56.204750061035156
2012-07-16,56.045135498046875
2012-07-17,56.33776092529297
2012-07-18,57.10040283203125
2012-07-19,57.73004150390625
2012-07-20,56.9673957824707
2012-07-23,56.27568435668945
2012-07-24,55.832313537597656
2012-07-25,55.45985412597656
2012-07-26,56.195884704589844
2012-07-27,57.52607727050781
2012-07-30,57.48172378540039
2012-07-31,57.463993072509766
2012-08-01,57.29550552368164
2012-08-02,57.09153747558594
2012-08-03,58.17341995239258
2012-08-06,58.61681365966797
2012-08-07,59.10455322265625
2012-08-08,59.077945709228516
2012-08-09,59.255287170410156
2012-08-10,59.29079055786133
2012-08-13,59.43265914916992
2012-08-14,59.45928955078125
2012-08-15,59.610023498535156
2012-08-16,60.319435119628906
2012-08-17,60.58550262451172
2012-08-20,60.67418670654297
2012-08-21,60.43473434448242
2012-08-22,60.68302917480469
2012-08-23,60.186466217041016
2012-08-24,60.55889129638672
2012-08-27,60.65644836425781
2012-08-28,60.65644836425781
2012-08-29,60.65644836425781
2012-08-30,60.044559478759766
2012-08-31,60.44361877441406
2012-09-04,60.38153839111328
2012-09-05,60.319435119628906
2012-09-06,61.65852355957031
2012-09-07,61.5698356628418
2012-09-10,60.78057098388672
2012-09-11,60.68302917480469
2012-09-12,60.86038589477539
2012-09-13,61.685081481933594
2012-09-14,62.23492431640625
2012-09-17,62.26151657104492
2012-09-18,62.31472396850586
2012-09-19,62.43000411987305
2012-09-20,62.36793899536133
2012-09-21,62.385738372802734
2012-09-24,62.02109909057617
2012-09-25,61.149574279785156
2012-09-26,60.65153503417969
2012-09-27,61.48747634887695
2012-09-28,60.980587005615234
2012-10-01,60.891658782958984
2012-10-02,61.06952667236328
2012-10-03,61.46084976196289
2012-10-04,61.67424392700195
2012-10-05,61.34521484375
2012-10-08,60.784950256347656
2012-10-09,59.81562805175781
2012-10-10,59.513221740722656
2012-10-11,59.32646942138672
2012-10-12,59.29978561401367
2012-10-15,59.73554229736328
2012-10-16,60.580421447753906
2012-10-17,60.54483413696289
2012-10-18,59.84227752685547
2012-10-19,58.410465240478516
2012-10-22,58.71284103393555
2012-10-23,58.15257263183594
2012-10-24,57.948036193847656
2012-10-25,57.948036193847656
2012-10-26,58.11699676513672
2012-10-31,57.76127624511719
2012-11-01,58.57943344116211
2012-11-02,57.9569091796875
2012-11-05,58.33934020996094
2012-11-06,58.44606018066406
2012-11-07,57.06761169433594
2012-11-08,56.16940689086914
2012-11-09,56.409515380859375
2012-11-12,56.40061950683594
2012-11-13,56.00932693481445
2012-11-14,55.35120391845703
2012-11-15,55.16445541381836
2012-11-16,55.404579162597656
2012-11-19,56.72076416015625
2012-11-20,56.73855209350586
2012-11-21,56.85416793823242
2012-11-23,57.71681213378906
2012-11-26,57.965816497802734
2012-11-27,57.770172119140625
2012-11-28,58.26820373535156
2012-11-29,58.615013122558594
2012-11-30,58.5172004699707
2012-12-03,58.401580810546875
2012-12-04,58.36599349975586
2012-12-05,57.71681213378906
2012-12-06,58.09032440185547
2012-12-07,57.74347686767578
2012-12-10,57.91245651245117
2012-12-11,58.66838455200195
2012-12-12,58.54385757446289
2012-12-13,58.0814208984375
2012-12-14,57.530052185058594
2012-12-17,58.294864654541016
2012-12-18,59.184181213378906
2012-12-19,58.926265716552734
2012-12-20,58.926265716552734
2012-12-21,58.30653381347656
2012-12-24,58.19029998779297
2012-12-26,57.680564880371094
2012-12-27,57.59112548828125
2012-12-28,57.03668975830078
2012-12-31,58.24394226074219
2013-01-02,60.09511947631836
2013-01-03,59.78207778930664
2013-01-04,59.58536911010742
2013-01-07,59.60323715209961
2013-01-08,59.48698043823242
2013-01-09,59.710548400878906
2013-01-10,60.06826400756836
2013-01-11,60.14873504638672
2013-01-14,59.88044738769531
2013-01-15,59.58536911010742
2013-01-16,59.82680892944336
2013-01-17,60.11297607421875
2013-01-18,59.97883605957031
2013-01-22,60.077213287353516
2013-01-23,60.443851470947266
2013-01-24,59.61219787597656
2013-01-25,59.91621398925781
2013-01-28,60.050384521484375
2013-01-29,60.05933380126953
2013-01-30,59.934120178222656
2013-01-31,59.80000305175781
2013-02-01,60.50645446777344
2013-02-04,59.45123291015625
2013-02-05,60.32762145996094
2013-02-06,60.13087844848633
2013-02-07,60.18452453613281
2013-02-08,60.80155563354492
2013-02-11,60.819435119628906
2013-02-12,60.56905746459961
2013-02-13,60.78368377685547
2013-02-14,60.765777587890625
2013-02-15,60.586944580078125
2013-02-19,61.025146484375
2013-02-20,60.08614730834961
2013-02-21,59.44226837158203
2013-02-22,60.04141616821289
2013-02-25,59.2991828918457
2013-02-26,59.52274703979492
2013-02-27,60.13087844848633
2013-02-28,60.00567626953125
2013-03-01,60.25606918334961
2013-03-04,60.52435302734375
2013-03-05,61.418601989746094
2013-03-06,61.26659393310547
2013-03-07,61.42754364013672
2013-03-08,61.49909591674805
2013-03-11,61.67793655395508
2013-03-12,61.454376220703125
2013-03-13,61.373878479003906
2013-03-14,61.57958221435547
2013-03-15,61.40838623046875
2013-03-18,61.2739143371582
2013-03-19,61.15739822387695
2013-03-20,61.587646484375
2013-03-21,60.88853454589844
2013-03-22,61.48007583618164
2013-03-25,61.2559814453125
2013-03-26,61.587646484375
2013-03-27,61.668338775634766
2013-03-28,61.8206901550293
2013-04-01,61.39942932128906
2013-04-02,61.88343048095703
2013-04-03,61.318729400634766
2013-04-04,61.33666229248047
2013-04-05,60.825775146484375
2013-04-08,61.148460388183594
2013-04-09,61.56074905395508
2013-04-10,62.7618522644043
2013-04-11,62.73494338989258
2013-04-12,62.69016647338867
2013-04-15,61.45317077636719
2013-04-16,62.26888656616211
2013-04-17,61.04983139038086
2013-04-18,60.2072868347168
2013-04-19,61.031898498535156
2013-04-22,61.65932846069336
2013-04-23,62.2509651184082
2013-04-24,62.22403335571289
2013-04-25,62.55571365356445
2013-04-26,62.35847854614258
2013-04-29,62.93214416503906
2013-04-30,63.38928985595703
2013-05-01,63.093505859375
2013-05-02,63.89125061035156
2013-05-03,64.64417266845703
2013-05-06,64.89515686035156
2013-05-07,64.85929107666016
2013-05-08,65.17301177978516
2013-05-09,65.08338928222656
2013-05-10,65.47776794433594
2013-05-13,65.55842590332031
2013-05-14,65.8990478515625
2013-05-15,66.0334701538086
2013-05-16,65.96175384521484
2013-05-17,66.59823608398438
2013-05-20,66.4996109008789
2013-05-21,66.57130432128906
2013-05-22,65.98872375488281
2013-05-23,65.8363037109375
2013-05-24,65.80042266845703
2013-05-28,66.23069763183594
2013-05-29,65.91696166992188
2013-05-30,66.26656341552734
2013-05-31,65.65702819824219
2013-06-03,65.77357482910156
2013-06-04,65.4329605102539
2013-06-05,64.58143615722656
2013-06-06,64.89515686035156
2013-06-07,65.78254699707031
2013-06-10,65.80939483642578
2013-06-11,65.15509033203125
2013-06-12,64.40214538574219
2013-06-13,65.21784210205078
2013-06-14,64.78759002685547
2013-06-17,65.41505432128906
2013-06-18,65.95284271240234
2013-06-19,65.21784210205078
2013-06-20,63.66716003417969
2013-06-21,63.329063415527344
2013-06-24,62.69964599609375
2013-06-25,63.15822219848633
2013-06-26,63.72471618652344
2013-06-27,63.99448013305664
2013-06-28,64.08436584472656
2013-07-01,64.47999572753906
2013-07-02,64.5069580078125
2013-07-03,64.76776123046875
2013-07-05,65.26231384277344
2013-07-08,65.32524871826172
2013-07-09,65.72085571289062
2013-07-10,66.09854888916016
2013-07-11,67.41131591796875
2013-07-12,67.70808410644531
2013-07-15,67.86093139648438
2013-07-16,67.77098846435547
2013-07-17,67.94183349609375
2013-07-18,67.77098846435547
2013-07-19,67.06961822509766
2013-07-22,67.26747131347656
2013-07-23,66.77291107177734
2013-07-24,66.98873138427734
2013-07-25,67.41131591796875
2013-07-26,67.77098846435547
2013-07-29,67.6451187133789
2013-07-30,68.00479888916016
2013-07-31,68.13068389892578
2013-08-01,68.82306671142578
2013-08-02,69.20970153808594
2013-08-05,69.25463104248047
2013-08-06,68.84104919433594
2013-08-07,68.71511840820312
2013-08-08,69.05683135986328
2013-08-09,68.7780990600586
2013-08-12,68.93995666503906
2013-08-13,69.32657623291016
2013-08-14,69.06581115722656
2013-08-15,67.89689636230469
2013-08-16,67.86992645263672
2013-08-19,67.7530288696289
2013-08-20,68.04975128173828
2013-08-21,67.81594848632812
2013-08-22,68.48135375976562
2013-08-23,68.93995666503906
2013-08-26,68.97591400146484
2013-08-27,67.56419372558594
2013-08-28,67.82495880126953
2013-08-29,68.30152130126953
2013-08-30,67.86093139648438
2013-09-03,68.24757385253906
2013-09-04,68.97591400146484
2013-09-05,69.09280395507812
2013-09-06,69.1737289428711
2013-09-09,69.98297882080078
2013-09-10,70.32466888427734
2013-09-11,70.18980407714844
2013-09-12,70.14484405517578
2013-09-13,70.18980407714844
2013-09-16,70.0009536743164
2013-09-17,70.4685287475586
2013-09-18,71.31376647949219
2013-09-19,71.484619140625
2013-09-20,71.23924255371094
2013-09-23,71.0949935913086
2013-09-24,71.0949935913086
2013-09-25,70.85147094726562
2013-09-26,71.40164947509766
2013-09-27,71.31143951416016
2013-09-30,71.14008331298828
2013-10-01,71.86158752441406
2013-10-02,71.83454132080078
2013-10-03,70.99576568603516
2013-10-04,71.60906982421875
2013-10-07,71.01383209228516
2013-10-08,69.64297485351562
2013-10-09,69.42655181884766
2013-10-10,70.8965835571289
2013-10-11,71.45576477050781
2013-10-14,71.96080017089844
2013-10-15,71.68120574951172
2013-10-16,72.4928970336914
2013-10-17,72.90777587890625
2013-10-18,74.0892333984375
2013-10-21,74.2515640258789
2013-10-22,74.35980224609375
2013-10-23,73.9088363647461
2013-10-24,74.2335205078125
2013-10-25,74.7656478881836
2013-10-28,74.78369903564453
2013-10-29,74.90994262695312
2013-10-30,74.83780670166016
2013-10-31,74.66643524169922
2013-11-01,74.6844711303711
2013-11-04,74.7927017211914
2013-11-05,74.8739013671875
2013-11-06,74.85579681396484
2013-11-07,73.44891357421875
2013-11-08,74.44098663330078
2013-11-11,74.32369995117188
2013-11-12,74.44098663330078
2013-11-13,75.34288024902344
2013-11-14,75.57733917236328
2013-11-15,75.72164154052734
2013-11-18,74.98210144042969
2013-11-19,74.7656478881836
2013-11-20,74.58525848388672
2013-11-21,75.34288024902344
2013-11-22,75.74866485595703
2013-11-25,75.9290542602539
2013-11-26,76.32588958740234
2013-11-27,76.85799407958984
2013-11-29,77.31796264648438
2013-12-02,77.09246826171875
2013-12-03,77.02934265136719
2013-12-04,77.10150146484375
2013-12-05,77.0022964477539
2013-12-06,77.56148529052734
2013-12-09,77.87712860107422
2013-12-10,77.82300567626953
2013-12-11,76.8219223022461
2013-12-12,76.62352752685547
2013-12-13,76.52429962158203
2013-12-16,76.94818878173828
2013-12-17,76.79486846923828
2013-12-18,77.68770599365234
2013-12-19,77.4712905883789
2013-12-20,78.26021575927734
2013-12-23,79.08353424072266
2013-12-24,79.11973571777344
2013-12-26,79.3821029663086
2013-12-27,79.18303680419922
2013-12-30,79.06544494628906
2013-12-31,79.58113861083984
2014-01-02,78.95684814453125
2014-01-03,78.38687133789062
2014-01-06,78.09733581542969
2014-01-07,78.82115936279297
2014-01-08,78.99305725097656
2014-01-09,78.73067474365234
2014-01-10,78.98401641845703
2014-01-13,77.81687927246094
2014-01-14,79.3006820678711
2014-01-15,79.95205688476562
2014-01-16,79.96115112304688
2014-01-17,79.50875854492188
2014-01-21,80.11492156982422
2014-01-22,80.3230209350586
2014-01-23,80.05158233642578
2014-01-24,78.47735595703125
2014-01-27,77.7173843383789
2014-01-28,77.672119140625
2014-01-29,76.83973693847656
2014-01-30,78.26021575927734
2014-01-31,78.05209350585938
2014-02-03,76.26071166992188
2014-02-04,76.82169342041016
2014-02-05,76.62258911132812
2014-02-06,77.59973907470703
2014-02-07,78.98401641845703
2014-02-10,79.4363784790039
2014-02-11,80.34111022949219
2014-02-12,80.49491882324219
2014-02-13,81.09205627441406
2014-02-14,81.25491333007812
2014-02-18,81.65300750732422
2014-02-19,81.09205627441406
2014-02-20,81.4720687866211
2014-02-21,81.36348724365234
2014-02-24,81.79776763916016
2014-02-25,81.70729064941406
2014-02-26,81.63488006591797
2014-02-27,82.16455078125
2014-02-28,82.07371520996094
2014-03-03,81.46502685546875
2014-03-04,82.50067901611328
2014-03-05,82.72782135009766
2014-03-06,82.65515899658203
2014-03-07,82.24632263183594
2014-03-10,82.31900787353516
2014-03-11,81.9646987915039
2014-03-12,82.2735595703125
2014-03-13,81.1106948852539
2014-03-14,80.5564956665039
2014-03-17,81.26515197753906
2014-03-18,82.24632263183594
2014-03-19,81.80116271972656
2014-03-20,82.02832794189453
2014-03-21,81.04122924804688
2014-03-24,80.33094024658203
2014-03-25,80.59503173828125
2014-03-26,79.55699157714844
2014-03-27,79.11080932617188
2014-03-28,79.26557922363281
2014-03-31,79.83015441894531
2014-04-01,81.23242950439453
2014-04-02,81.44186401367188
2014-04-03,80.79534912109375
2014-04-04,78.6463851928711
2014-04-07,77.89971160888672
2014-04-08,78.61907196044922
2014-04-09,79.96672058105469
2014-04-10,77.4899673461914
2014-04-11,76.5885009765625
2014-04-14,77.18946075439453
2014-04-15,77.44442749023438
2014-04-16,78.47340393066406
2014-04-17,78.49161529541016
2014-04-21,79.07440185546875
2014-04-22,79.70267486572266
2014-04-23,79.00153350830078
2014-04-24,79.75733184814453
2014-04-25,78.48248291015625
2014-04-28,78.73745727539062
2014-04-29,79.36576843261719
2014-04-30,79.57520294189453
2014-05-01,79.81196594238281
2014-05-02,79.66621398925781
2014-05-05,80.08512878417969
2014-05-06,79.04706573486328
2014-05-07,78.81941223144531
2014-05-08,78.74658966064453
2014-05-09,79.03797149658203
2014-05-12,80.34007263183594
2014-05-13,80.39472198486328
2014-05-14,79.97584533691406
2014-05-15,79.34754180908203
2014-05-16,79.86656188964844
2014-05-19,80.42203521728516
2014-05-20,80.13062286376953
2014-05-21,80.8955307006836
2014-05-22,81.25065612792969
2014-05-23,81.84254455566406
2014-05-27,82.86233520507812
2014-05-28,82.60740661621094
2014-05-29,83.13552856445312
2014-05-30,83.1446533203125
2014-06-02,83.06269073486328
2014-06-03,83.02626037597656
2014-06-04,83.33583068847656
2014-06-05,84.03701782226562
2014-06-06,84.51963806152344
2014-06-09,84.45587158203125
2014-06-10,84.60159301757812
2014-06-11,84.5833511352539
2014-06-12,83.81847381591797
2014-06-13,84.0643310546875
2014-06-16,84.13717651367188
2014-06-17,84.18268585205078
2014-06-18,84.65621185302734
2014-06-19,84.60159301757812
2014-06-20,84.70108032226562
2014-06-23,84.71935272216797
2014-06-24,84.63717651367188
2014-06-25,85.17587280273438
2014-06-26,85.22151947021484
2014-06-27,85.59584045410156
2014-06-30,85.74190521240234
2014-07-01,86.68235778808594
2014-07-02,86.82843017578125
2014-07-03,87.37625122070312
2014-07-07,87.1114730834961
2014-07-08,86.06147003173828
2014-07-09,86.70060729980469
2014-07-10,86.42672729492188
2014-07-11,86.98363494873047
2014-07-14,87.50407409667969
2014-07-15,87.20277404785156
2014-07-16,87.54972076416016
2014-07-17,86.39016723632812
2014-07-18,87.75971221923828
2014-07-21,87.65013122558594
2014-07-22,88.20709228515625
2014-07-23,88.77314758300781
2014-07-24,88.67274475097656
2014-07-25,88.32579040527344
2014-07-28,88.35316467285156
2014-07-29,88.19794464111328
2014-07-30,88.54490661621094
2014-07-31,86.75537872314453
2014-08-01,86.43582916259766
2014-08-04,87.02931213378906
2014-08-05,86.36278533935547
2014-08-06,86.29886627197266
2014-08-07,86.02494049072266
2014-08-08,86.64583587646484
2014-08-11,87.15711975097656
2014-08-12,87.12060546875
2014-08-13,88.04277038574219
2014-08-14,88.4992446899414
2014-08-15,88.92837524414062
2014-08-18,89.61316680908203
2014-08-19,90.11530303955078
2014-08-20,90.11530303955078
2014-08-21,90.29791259765625
2014-08-22,90.43484497070312
2014-08-25,90.75439453125
2014-08-26,90.84573364257812
2014-08-27,90.86396789550781
2014-08-28,90.7635498046875
2014-08-29,91.10135650634766
2014-09-02,91.36614227294922
2014-09-03,90.82746887207031
2014-09-04,90.74531555175781
2014-09-05,91.20178985595703
2014-09-08,91.37528991699219
2014-09-09,90.61746978759766
2014-09-10,91.36614227294922
2014-09-11,91.2931137084961
2014-09-12,90.82746887207031
2014-09-15,89.9509506225586
2014-09-16,90.73616027832031
2014-09-17,90.87311553955078
2014-09-18,91.55786895751953
2014-09-19,91.50113677978516
2014-09-22,90.64999389648438
2014-09-23,90.40292358398438
2014-09-24,91.37300109863281
2014-09-25,89.45110321044922
2014-09-26,90.40292358398438
2014-09-29,90.283935546875
2014-09-30,90.41204071044922
2014-10-01,88.96602630615234
2014-10-02,88.96602630615234
2014-10-03,89.84464263916016
2014-10-06,89.65245056152344
2014-10-07,88.38032531738281
2014-10-08,90.10089874267578
2014-10-09,88.64573669433594
2014-10-10,86.43096160888672
2014-10-13,85.07646179199219
2014-10-14,85.08563232421875
2014-10-15,84.53652954101562
2014-10-16,84.00572204589844
2014-10-17,85.11308288574219
2014-10-20,86.3852310180664
2014-10-21,88.65489196777344
2014-10-22,88.19728088378906
2014-10-23,89.5243148803711
2014-10-24,90.25648498535156
2014-10-27,90.3205337524414
2014-10-28,91.68415832519531
2014-10-29,91.34557342529297
2014-10-30,91.53773498535156
2014-10-31,92.80069732666016
2014-11-03,93.07528686523438
2014-11-04,92.76408386230469
2014-11-05,92.77326202392578
2014-11-06,93.06610870361328
2014-11-07,92.98373413085938
2014-11-10,93.31321716308594
2014-11-11,93.6060791015625
2014-11-12,93.77079010009766
2014-11-13,94.17350769042969
2014-11-14,94.46635437011719
2014-11-17,94.18267059326172
2014-11-18,94.88734436035156
2014-11-19,94.45722961425781
2014-11-20,94.87821197509766
2014-11-21,95.0612564086914
2014-11-24,95.80254364013672
2014-11-25,95.9489974975586
2014-11-26,96.57131958007812
2014-11-28,97.01976013183594
2014-12-01,95.92154693603516
2014-12-02,96.30591583251953
2014-12-03,96.47980499267578
2014-12-04,96.4340591430664
2014-12-05,96.44316864013672
2014-12-08,95.75679016113281
2014-12-09,96.05878448486328
2014-12-10,94.54871368408203
2014-12-11,94.99720001220703
2014-12-12,93.9630126953125
2014-12-15,92.99288940429688
2014-12-16,91.50113677978516
2014-12-17,93.1667709350586
2014-12-18,95.40902709960938
2014-12-19,95.82881927490234
2014-12-22,96.06766510009766
2014-12-23,95.72779846191406
2014-12-24,95.81044006347656
2014-12-26,96.49024200439453
2014-12-29,96.47183990478516
2014-12-30,95.82881927490234
2014-12-31,94.84593963623047
2015-01-02,94.56116485595703
2015-01-05,93.17403411865234
2015-01-06,91.92473602294922
2015-01-07,93.10973358154297
2015-01-08,94.89183807373047
2015-01-09,94.26719665527344
2015-01-12,93.28429412841797
2015-01-13,93.2567367553711
2015-01-14,92.7423095703125
2015-01-15,91.53893280029297
2015-01-16,92.61371612548828
2015-01-20,93.3486099243164
2015-01-21,93.82624816894531
2015-01-22,95.56243896484375
2015-01-23,95.77371978759766
2015-01-26,95.66346740722656
2015-01-27,93.1832504272461
2015-01-28,92.70555877685547
2015-01-29,93.59661865234375
2015-01-30,92.87090301513672
2015-02-02,93.67929077148438
2015-02-03,94.57952880859375
2015-02-04,94.49686431884766
2015-02-05,95.3144302368164
2015-02-06,94.73567199707031
2015-02-09,94.43255615234375
2015-02-10,95.90231323242188
2015-02-11,96.25135803222656
2015-02-12,97.37206268310547
2015-02-13,98.20801544189453
2015-02-17,98.29988861083984
2015-02-18,98.43765258789062
2015-02-19,98.92451477050781
2015-02-20,99.5859375
2015-02-23,99.68698120117188
2015-02-24,99.76046752929688
2015-02-25,99.5124282836914
2015-02-26,100.01763153076172
2015-02-27,99.57672882080078
2015-03-02,100.4769287109375
2015-03-03,100.00846862792969
2015-03-04,99.62263488769531
2015-03-05,99.79719543457031
2015-03-06,98.66734313964844
2015-03-09,98.95208740234375
2015-03-10,97.1148681640625
2015-03-11,96.55450439453125
2015-03-12,97.18838500976562
2015-03-13,96.76577758789062
2015-03-16,98.01510620117188
2015-03-17,98.17124938964844
2015-03-18,99.13579559326172
2015-03-19,99.28278350830078
2015-03-20,99.92540740966797
2015-03-23,99.73211669921875
2015-03-24,99.37298583984375
2015-03-25,97.0988540649414
2015-03-26,96.7673568725586
2015-03-27,97.15409851074219
2015-03-30,98.26815795898438
2015-03-31,97.22773742675781
2015-04-01,96.72135925292969
2015-04-02,96.7857894897461
2015-04-06,97.57759094238281
2015-04-07,97.41188049316406
2015-04-08,98.18525695800781
2015-04-09,98.80216979980469
2015-04-10,99.20728302001953
2015-04-13,98.95870208740234
2015-04-14,98.67327880859375
2015-04-15,99.2901382446289
2015-04-16,99.15202331542969
2015-04-17,97.60523986816406
2015-04-20,99.06916809082031
2015-04-21,99.49270629882812
2015-04-22,100.03594207763672
2015-04-23,100.41339874267578
2015-04-24,101.77607727050781
2015-04-27,101.51827239990234
2015-04-28,101.31571960449219
2015-04-29,100.68042755126953
2015-04-30,99.0967788696289
2015-05-01,100.40422058105469
2015-05-04,100.56993103027344
2015-05-05,98.93106079101562
2015-05-06,98.24972534179688
2015-05-07,98.83897399902344
2015-05-08,100.07275390625
2015-05-11,99.68606567382812
2015-05-12,99.23490142822266
2015-05-13,99.43743133544922
2015-05-14,100.8922119140625
2015-05-15,100.8922119140625
2015-05-18,101.33411407470703
2015-05-19,101.2236557006836
2015-05-20,101.28809356689453
2015-05-21,101.81291198730469
2015-05-22,101.71161651611328
2015-05-26,100.54228973388672
2015-05-27,102.16278076171875
2015-05-28,101.93260192871094
2015-05-29,101.32491302490234
2015-06-01,101.66558074951172
2015-06-02,101.3433609008789
2015-06-03,101.64720153808594
2015-06-04,100.87377166748047
2015-06-05,100.6343994140625
2015-06-08,99.61239624023438
2015-06-09,99.44667053222656
2015-06-10,100.80934143066406
2015-06-11,100.95664978027344
2015-06-12,100.12798309326172
2015-06-15,99.63082122802734
2015-06-16,100.17404174804688
2015-06-17,100.4502182006836
2015-06-18,101.9141845703125
2015-06-19,101.41031646728516
2015-06-22,102.1578140258789
2015-06-23,102.2408676147461
2015-06-24,101.71487426757812
2015-06-25,101.51185607910156
2015-06-26,100.83819580078125
2015-06-29,98.45723724365234
2015-06-30,98.80790710449219
2015-07-01,99.59233856201172
2015-07-02,99.62003326416016
2015-07-06,99.38929748535156
2015-07-07,99.63848114013672
2015-07-08,97.90353393554688
2015-07-09,97.84817504882812
2015-07-10,99.34317016601562
2015-07-13,101.08731079101562
2015-07-14,101.75175476074219
2015-07-15,101.8625259399414
2015-07-16,103.30211639404297
2015-07-17,104.8248062133789
2015-07-20,105.18470001220703
2015-07-21,105.12012481689453
2015-07-22,103.92967987060547
2015-07-23,103.54207611083984
2015-07-24,102.52696990966797
2015-07-27,101.6779556274414
2015-07-28,102.55461120605469
2015-07-29,102.9422378540039
2015-07-30,103.43135070800781
2015-07-31,103.3113784790039
2015-08-03,102.98837280273438
2015-08-04,102.79454040527344
2015-08-05,103.5882339477539
2015-08-06,101.92711639404297
2015-08-07,101.79789733886719
2015-08-10,102.96068572998047
2015-08-11,101.6410140991211
2015-08-12,101.99171447753906
2015-08-13,101.82562255859375
2015-08-14,101.98248291015625
2015-08-17,102.83149719238281
2015-08-18,102.30547332763672
2015-08-19,101.63179016113281
2015-08-20,98.8171615600586
2015-08-21,94.498291015625
2015-08-24,90.86231994628906
2015-08-25,90.52085876464844
2015-08-26,95.07967376708984
2015-08-27,97.48828125
2015-08-28,97.4698257446289
2015-08-31,96.26089477539062
2015-09-01,93.2524642944336
2015-09-02,95.88253784179688
2015-09-03,95.41189575195312
2015-09-04,94.27681732177734
2015-09-08,96.9345703125
2015-09-09,95.84562683105469
2015-09-10,96.888427734375
2015-09-11,97.42364501953125
2015-09-14,97.12834930419922
2015-09-15,98.27267456054688
2015-09-16,98.82638549804688
2015-09-17,98.86327362060547
2015-09-18,97.45716094970703
2015-09-21,97.76246643066406
2015-09-22,96.30081939697266
2015-09-23,96.37483215332031
2015-09-24,96.0233383178711
2015-09-25,95.20922088623047
2015-09-28,92.49874114990234
2015-09-29,92.01768493652344
2015-09-30,94.13615417480469
2015-10-01,94.56169128417969
2015-10-02,96.21759796142578
2015-10-05,97.59591674804688
2015-10-06,97.1333999633789
2015-10-07,97.71619415283203
2015-10-08,98.10472106933594
2015-10-09,98.54877471923828
2015-10-12,98.78931427001953
2015-10-13,98.15101623535156
2015-10-14,97.99372100830078
2015-10-15,99.60337829589844
2015-10-16,100.01966094970703
2015-10-19,100.59319305419922
2015-10-20,100.07514953613281
2015-10-21,99.46459197998047
2015-10-22,101.49053955078125
2015-10-23,104.33052062988281
2015-10-26,104.39527893066406
2015-10-27,104.60804748535156
2015-10-28,105.47760772705078
2015-10-29,105.31109619140625
2015-10-30,104.83929443359375
2015-11-02,106.0234146118164
2015-11-03,106.39346313476562
2015-11-04,106.40270233154297
2015-11-05,106.11590576171875
2015-11-06,106.18992614746094
2015-11-09,105.06129455566406
2015-11-10,104.79307556152344
2015-11-11,104.66355895996094
2015-11-12,103.64595794677734
2015-11-13,101.61077117919922
2015-11-16,103.07240295410156
2015-11-17,103.13719940185547
2015-11-18,105.11683654785156
2015-11-19,105.19084167480469
2015-11-20,105.9031753540039
2015-11-23,105.5978775024414
2015-11-24,105.50537872314453
2015-11-25,105.5978775024414
2015-11-27,105.74590301513672
2015-11-30,105.47760772705078
2015-12-01,106.53221893310547
2015-12-02,105.8753890991211
2015-12-03,104.08073425292969
2015-12-04,106.51372528076172
2015-12-07,106.03268432617188
2015-12-08,106.04192352294922
2015-12-09,104.43226623535156
2015-12-10,104.90408325195312
2015-12-11,102.48959350585938
2015-12-14,103.26668548583984
2015-12-15,103.8957290649414
2015-12-16,105.44060516357422
2015-12-17,103.90497589111328
2015-12-18,101.91183471679688
2015-12-21,103.04388427734375
2015-12-22,103.72125244140625
2015-12-23,104.49142456054688
2015-12-24,104.47286224365234
2015-12-28,104.41720581054688
2015-12-29,106.05958557128906
2015-12-30,105.10383605957031
2015-12-31,103.79549407958984
2016-01-04,101.60565948486328
2016-01-05,101.42932891845703
2016-01-06,100.45503997802734
2016-01-07,97.3094711303711
2016-01-08,96.51145935058594
2016-01-11,96.80838012695312
2016-01-12,97.93112182617188
2016-01-13,94.55357360839844
2016-01-14,96.56710052490234
2016-01-15,93.56995391845703
2016-01-19,93.77409362792969
2016-01-20,93.4864730834961
2016-01-21,93.57925415039062
2016-01-22,96.28874206542969
2016-01-25,94.85975646972656
2016-01-26,95.71341705322266
2016-01-27,93.3287124633789
2016-01-28,94.6463394165039
2016-01-29,96.62279510498047
2016-02-01,96.88257598876953
2016-02-02,94.7855224609375
2016-02-03,94.33084869384766
2016-02-04,94.32157135009766
2016-02-05,91.04607391357422
2016-02-08,89.65420532226562
2016-02-09,89.3758316040039
2016-02-10,89.71916198730469
2016-02-11,89.58924865722656
2016-02-12,90.9532699584961
2016-02-16,93.00394439697266
2016-02-17,95.11028289794922
2016-02-18,94.02466583251953
2016-02-19,94.30301666259766
2016-02-22,95.83404541015625
2016-02-23,94.25660705566406
2016-02-24,95.15669250488281
2016-02-25,96.09385681152344
2016-02-26,95.97325134277344
2016-02-29,95.11028289794922
2016-03-01,98.16314697265625
2016-03-02,98.2002182006836
2016-03-03,98.0146484375
2016-03-04,98.05177307128906
2016-03-07,97.44862365722656
2016-03-08,96.6413345336914
2016-03-09,97.26302337646484
2016-03-10,97.11457061767578
2016-03-11,98.81265258789062
2016-03-14,98.97966003417969
2016-03-15,98.94254302978516
2016-03-16,99.82402801513672
2016-03-17,99.76835632324219
2016-03-18,99.92472839355469
2016-03-21,100.31560516357422
2016-03-22,100.62272644042969
2016-03-23,99.79444885253906
2016-03-24,99.82235717773438
2016-03-28,99.68278503417969
2016-03-29,101.28350830078125
2016-03-30,101.77674102783203
2016-03-31,101.62781524658203
2016-04-01,102.70740509033203
2016-04-04,102.31653594970703
2016-04-05,101.33001708984375
2016-04-06,102.99588775634766
2016-04-07,101.51615142822266
2016-04-08,101.44170379638672
2016-04-11,101.06942749023438
2016-04-12,101.91634368896484
2016-04-13,103.21924591064453
2016-04-14,103.22856140136719
2016-04-15,102.96800231933594
2016-04-18,103.51709747314453
2016-04-19,102.88423156738281
2016-04-20,102.96800231933594
2016-04-21,102.97731018066406
2016-04-22,101.423095703125
2016-04-25,101.423095703125
2016-04-26,100.92984008789062
2016-04-27,100.12014770507812
2016-04-28,98.91030883789062
2016-04-29,98.3891372680664
2016-05-02,99.3198013305664
2016-05-03,98.39846801757812
2016-05-04,97.76559448242188
2016-05-05,97.73770141601562
2016-05-06,98.25888061523438
2016-05-09,98.53805541992188
2016-05-10,99.88748931884766
2016-05-11,98.98477172851562
2016-05-12,98.54736328125
2016-05-13,98.18441772460938
2016-05-16,99.41287231445312
2016-05-17,98.16578674316406
2016-05-18,98.51944732666016
2016-05-19,98.007568359375
2016-05-20,99.08712768554688
2016-05-23,98.95686340332031
2016-05-24,100.93916320800781
2016-05-25,101.66505432128906
2016-05-26,101.96282196044922
2016-05-27,102.49331665039062
2016-05-31,102.68880462646484
2016-06-01,102.69805908203125
2016-06-02,102.91213989257812
2016-06-03,102.42819213867188
2016-06-06,102.80047607421875
2016-06-07,102.53988647460938
2016-06-08,102.71671295166016
2016-06-09,102.54917907714844
2016-06-10,101.38585662841797
2016-06-13,100.53894805908203
2016-06-14,100.53894805908203
2016-06-15,100.25045013427734
2016-06-16,100.54827117919922
2016-06-17,99.36971282958984
2016-06-20,99.99491882324219
2016-06-21,100.31219482421875
2016-06-22,100.06958770751953
2016-06-23,101.49726104736328
2016-06-24,97.31682586669922
2016-06-27,95.38524627685547
2016-06-28,97.47544860839844
2016-06-29,99.20176696777344
2016-06-30,100.34949493408203
2016-07-01,100.85338592529297
2016-07-05,100.23751068115234
2016-07-06,101.05870056152344
2016-07-07,101.3572998046875
2016-07-08,102.92496490478516
2016-07-11,103.51283264160156
2016-07-12,104.03539276123047
2016-07-13,103.78343963623047
2016-07-14,104.49263763427734
2016-07-15,104.32466125488281
2016-07-18,105.01517486572266
2016-07-19,104.63258361816406
2016-07-20,105.85503387451172
2016-07-21,105.6124038696289
2016-07-22,106.05098724365234
2016-07-25,106.06031036376953
2016-07-26,106.18160247802734
2016-07-27,106.91878509521484
2016-07-28,107.29205322265625
2016-07-29,107.52534484863281
2016-08-01,108.09453582763672
2016-08-02,107.27339172363281
2016-08-03,107.62797546386719
2016-08-04,107.93590545654297
2016-08-05,108.97167205810547
2016-08-08,108.85041046142578
2016-08-09,109.10235595703125
2016-08-10,108.8223876953125
2016-08-11,109.28895568847656
2016-08-12,109.36358642578125
2016-08-15,109.83013916015625
2016-08-16,109.22364807128906
2016-08-17,109.41960906982422
2016-08-18,109.44757843017578
2016-08-19,109.41960906982422
2016-08-22,109.50357818603516
2016-08-23,109.69953155517578
2016-08-24,108.99037170410156
2016-08-25,108.81305694580078
2016-08-26,108.97167205810547
2016-08-29,109.12098693847656
2016-08-30,108.76642608642578
2016-08-31,108.6543960571289
2016-09-01,108.93435668945312
2016-09-02,109.28895568847656
2016-09-06,109.97014617919922
2016-09-07,110.03546142578125
2016-09-08,109.39160919189453
2016-09-09,106.63883972167969
2016-09-12,108.5517807006836
2016-09-13,107.58132934570312
2016-09-14,108.09453582763672
2016-09-15,109.77416229248047
2016-09-16,109.72179412841797
2016-09-19,109.24468994140625
2016-09-20,109.45049285888672
2016-09-21,110.52631378173828
2016-09-22,111.4056396484375
2016-09-23,110.69470977783203
2016-09-26,109.76856994628906
2016-09-27,110.85371398925781
2016-09-28,111.04082489013672
2016-09-29,110.2363052368164
2016-09-30,111.05953979492188
2016-10-03,110.9005126953125
2016-10-04,110.73210906982422
2016-10-05,111.12501525878906
2016-10-06,111.06890106201172
2016-10-07,110.82566833496094
2016-10-10,111.52727508544922
2016-10-11,109.93698120117188
2016-10-12,109.84342956542969
2016-10-13,109.45049285888672
2016-10-14,109.58146667480469
2016-10-17,109.28215026855469
2016-10-18,110.25499725341797
2016-10-19,110.24566650390625
2016-10-20,110.11470794677734
2016-10-21,110.52631378173828
2016-10-24,111.85469818115234
2016-10-25,111.49922943115234
2016-10-26,110.74147033691406
2016-10-27,110.2363052368164
2016-10-28,109.54407501220703
2016-10-31,109.44116973876953
2016-11-01,108.61791229248047
2016-11-02,107.74796295166016
2016-11-03,106.69084930419922
2016-11-04,106.31668853759766
2016-11-07,108.84246826171875
2016-11-08,109.55342102050781
2016-11-09,110.05858612060547
2016-11-10,108.28117370605469
2016-11-11,108.32792663574219
2016-11-14,107.23343658447266
2016-11-15,108.7208480834961
2016-11-16,109.3663330078125
2016-11-17,110.16149139404297
2016-11-18,109.7498779296875
2016-11-21,110.89114379882812
2016-11-22,111.2279281616211
2016-11-23,110.77888488769531
2016-11-25,111.13436126708984
2016-11-28,110.88179779052734
2016-11-29,111.26535034179688
2016-11-30,109.91826629638672
2016-12-01,108.01924133300781
2016-12-02,108.23440551757812
2016-12-05,109.07632446289062
2016-12-06,109.33824157714844
2016-12-07,110.72277069091797
2016-12-08,110.91923522949219
2016-12-09,111.7892074584961
2016-12-12,111.28404998779297
2016-12-13,112.68724822998047
2016-12-14,112.453369140625
2016-12-15,112.63114166259766
2016-12-16,112.21359252929688
2016-12-19,112.67335510253906
2016-12-20,113.10492706298828
2016-12-21,113.0204849243164
2016-12-22,112.70152282714844
2016-12-23,112.77655792236328
2016-12-27,113.35826873779297
2016-12-28,112.47628784179688
2016-12-29,112.31680297851562
2016-12-30,111.16278839111328
2017-01-03,112.15733337402344
2017-01-04,112.76717376708984
2017-01-05,113.40515899658203
2017-01-06,114.39971160888672
2017-01-09,114.7750015258789
2017-01-10,115.02835083007812
2017-01-11,115.33795166015625
2017-01-12,115.1596908569336
2017-01-13,115.55376434326172
2017-01-17,115.20661163330078
2017-01-18,115.44115447998047
2017-01-19,115.3848648071289
2017-01-20,115.63818359375
2017-01-23,115.73202514648438
2017-01-24,116.5107650756836
2017-01-25,117.68355560302734
2017-01-26,117.80549621582031
2017-01-27,118.03070831298828
2017-01-30,117.11124420166016
2017-01-31,116.87665557861328
2017-02-01,117.68355560302734
2017-02-02,117.5803451538086
2017-02-03,117.9181137084961
2017-02-06,118.05889129638672
2017-02-07,118.49044799804688
2017-02-08,118.68749237060547
2017-02-09,119.11905670166016
2017-02-10,119.51313018798828
2017-02-13,120.18864440917969
2017-02-14,120.59211730957031
2017-02-15,121.30512237548828
2017-02-16,121.26766204833984
2017-02-17,121.79307556152344
2017-02-21,122.39353942871094
2017-02-22,122.4404525756836
2017-02-23,121.98065948486328
2017-02-24,122.2152328491211
2017-02-27,122.36541748046875
2017-02-28,121.99008178710938
2017-03-01,123.3223876953125
2017-03-02,122.70315551757812
2017-03-03,122.9283676147461
2017-03-06,122.65624237060547
2017-03-07,122.44982147216797
2017-03-08,122.66561126708984
2017-03-09,122.75946807861328
2017-03-10,123.27547454833984
2017-03-13,123.48189544677734
2017-03-14,123.18167114257812
2017-03-15,123.94160461425781
2017-03-16,123.8572006225586
2017-03-17,123.81391906738281
2017-03-20,123.92671966552734
2017-03-21,122.04638671875
2017-03-22,122.87374877929688
2017-03-23,122.56346893310547
2017-03-24,122.81734466552734
2017-03-27,123.0147933959961
2017-03-28,123.76691436767578
2017-03-29,124.3404541015625
2017-03-30,124.54729461669922
2017-03-31,124.46268463134766
2017-04-03,124.38739776611328
2017-04-04,124.58484649658203
2017-04-05,124.07723236083984
2017-04-06,124.14301300048828
2017-04-07,124.07723236083984
2017-04-10,124.12415313720703
2017-04-11,123.58828735351562
2017-04-12,123.08998107910156
2017-04-13,122.60110473632812
2017-04-17,123.61650085449219
2017-04-18,123.42843627929688
2017-04-19,123.62588500976562
2017-04-20,124.66011810302734
2017-04-21,124.63191223144531
2017-04-24,126.13621520996094
2017-04-25,127.04823303222656
2017-04-26,126.86953735351562
2017-04-27,127.63111877441406
2017-04-28,127.85680389404297
2017-05-01,128.99436950683594
2017-05-02,129.2106475830078
2017-05-03,128.79696655273438
2017-05-04,128.84396362304688
2017-05-05,129.3140411376953
2017-05-08,129.5961456298828
2017-05-09,130.04742431640625
2017-05-10,130.1226043701172
2017-05-11,130.01919555664062
2017-05-12,130.31065368652344
2017-05-15,130.72433471679688
2017-05-16,131.2696533203125
2017-05-17,127.93196105957031
2017-05-18,129.05084228515625
2017-05-19,129.5961456298828
2017-05-22,130.68673706054688
2017-05-23,130.81838989257812
2017-05-24,131.42010498046875
2017-05-25,132.53890991210938
2017-05-26,132.7740020751953
2017-05-30,132.88681030273438
2017-05-31,132.83975219726562
2017-06-01,133.35690307617188
2017-06-02,134.88002014160156
2017-06-05,134.85182189941406
2017-06-06,134.31588745117188
2017-06-07,134.8424072265625
2017-06-08,134.9833984375
2017-06-09,131.608154296875
2017-06-12,130.90296936035156
2017-06-13,131.96539306640625
2017-06-14,131.39187622070312
2017-06-15,130.80897521972656
2017-06-16,130.2413787841797
2017-06-19,132.419189453125
2017-06-20,131.3821258544922
2017-06-21,132.6831512451172
2017-06-22,132.64541625976562
2017-06-23,133.15455627441406
2017-06-26,132.53233337402344
2017-06-27,130.1282501220703
2017-06-28,132.00437927246094
2017-06-29,129.71351623535156
2017-06-30,129.7606201171875
2017-07-03,128.39364624023438
2017-07-05,129.6569061279297
2017-07-06,128.4879150390625
2017-07-07,129.87379455566406
2017-07-10,130.7222137451172
2017-07-11,131.0899200439453
2017-07-12,132.64541625976562
2017-07-13,132.937744140625
2017-07-14,133.984130859375
2017-07-17,134.05015563964844
2017-07-18,134.94577026367188
2017-07-19,135.73764038085938
2017-07-20,135.9168243408203
2017-07-21,135.8602294921875
2017-07-24,136.48245239257812
2017-07-25,136.1336212158203
2017-07-26,136.5767364501953
2017-07-27,135.71884155273438
2017-07-28,135.605712890625
2017-07-31,135.03062438964844
2017-08-01,135.3417205810547
2017-08-02,135.70936584472656
2017-08-03,135.18145751953125
2017-08-04,135.4265594482422
2017-08-07,136.2845001220703
2017-08-08,136.04879760742188
2017-08-09,135.86964416503906
2017-08-10,132.95654296875
2017-08-11,133.96531677246094
2017-08-14,135.6905517578125
2017-08-15,135.78485107421875
2017-08-16,136.0205078125
2017-08-17,133.23941040039062
2017-08-18,133.1451416015625
2017-08-21,132.9754180908203
2017-08-22,135.00238037109375
2017-08-23,134.5215606689453
2017-08-24,134.1255645751953
2017-08-25,133.84275817871094
2017-08-28,134.25759887695312
2017-08-29,134.78553771972656
2017-08-30,136.3693389892578
2017-08-31,137.83062744140625
2017-09-01,137.64205932617188
2017-09-05,136.4070587158203
2017-09-06,136.82186889648438
2017-09-07,137.14242553710938
2017-09-08,135.95452880859375
2017-09-11,137.5194854736328
2017-09-12,137.84945678710938
2017-09-13,138.0380401611328
2017-09-14,137.2272491455078
2017-09-15,137.69863891601562
2017-09-18,137.51812744140625
2017-09-19,137.75439453125
2017-09-20,137.32916259765625
2017-09-21,136.4883270263672
2017-09-22,136.3560028076172
2017-09-25,134.91990661621094
2017-09-26,135.26953125
2017-09-27,136.4883270263672
2017-09-28,136.44102478027344
2017-09-29,137.42367553710938
2017-10-02,137.54647827148438
2017-10-03,137.8394012451172
2017-10-04,137.97166442871094
2017-10-05,139.32275390625
2017-10-06,139.5116729736328
2017-10-09,139.35110473632812
2017-10-10,139.45501708984375
2017-10-11,139.87078857421875
2017-10-12,139.61566162109375
2017-10-13,140.15420532226562
2017-10-16,140.6360321044922
2017-10-17,140.81552124023438
2017-10-18,140.64553833007812
2017-10-19,140.12588500976562
2017-10-20,140.50376892089844
2017-10-23,139.5872802734375
2017-10-24,139.8235321044922
2017-10-25,139.2943878173828
2017-10-26,138.85032653808594
2017-10-27,142.89414978027344
2017-10-30,143.2153778076172
2017-10-31,143.7539520263672
2017-11-01,143.70669555664062
2017-11-02,143.43272399902344
2017-11-03,144.8121337890625
2017-11-06,145.30345153808594
2017-11-07,145.38848876953125
2017-11-08,145.97430419921875
2017-11-09,145.2089385986328
2017-11-10,145.19947814941406
2017-11-13,145.37904357910156
2017-11-14,144.8499755859375
2017-11-15,144.16966247558594
2017-11-16,146.01205444335938
2017-11-17,145.4546356201172
2017-11-20,145.3412628173828
2017-11-21,146.91905212402344
2017-11-22,147.09866333007812
2017-11-24,147.6371612548828
2017-11-27,147.57098388671875
2017-11-28,147.94898986816406
2017-11-29,145.36961364746094
2017-11-30,146.58836364746094
2017-12-01,145.96482849121094
2017-12-04,144.28305053710938
2017-12-05,144.37754821777344
2017-12-06,145.02944946289062
2017-12-07,145.52076721191406
2017-12-08,146.16323852539062
2017-12-11,147.29698181152344
2017-12-12,147.09866333007812
2017-12-13,147.3820343017578
2017-12-14,147.27813720703125
2017-12-15,148.950439453125
2017-12-18,150.1992645263672
2017-12-19,149.30926513671875
2017-12-20,149.14833068847656
2017-12-21,149.16725158691406
2017-12-22,148.99681091308594
2017-12-26,148.1920166015625
2017-12-27,148.2109832763672
2017-12-28,148.39089965820312
2017-12-29,147.47247314453125
2018-01-02,150.05726623535156
2018-01-03,151.5153045654297
2018-01-04,151.78038024902344
2018-01-05,153.30471801757812
2018-01-08,153.90121459960938
2018-01-09,153.9106903076172
2018-01-10,153.55093383789062
2018-01-11,154.60183715820312
2018-01-12,155.73797607421875
2018-01-16,155.2930450439453
2018-01-17,156.96884155273438
2018-01-18,156.99728393554688
2018-01-19,157.48956298828125
2018-01-22,159.17489624023438
2018-01-23,160.4908905029297
2018-01-24,159.44943237304688
2018-01-25,159.3926239013672
2018-01-26,161.8353729248047
2018-01-29,161.0495147705078
2018-01-30,159.72402954101562
2018-01-31,160.38671875
2018-02-01,159.0233917236328
2018-02-02,155.85157775878906
2018-02-05,149.70693969726562
2018-02-06,153.67398071289062
2018-02-07,151.6857452392578
2018-02-08,145.28543090820312
2018-02-09,147.79440307617188
2018-02-12,150.41700744628906
2018-02-13,151.1934051513672
2018-02-14,154.0242919921875
2018-02-15,156.88363647460938
2018-02-16,156.1830596923828
2018-02-20,156.49537658691406
2018-02-21,156.05044555664062
2018-02-22,156.03150939941406
2018-02-23,159.2222137451172
2018-02-26,161.3335723876953
2018-02-27,159.33580017089844
2018-02-28,158.31332397460938
2018-03-01,155.72853088378906
2018-03-02,157.158203125
2018-03-05,158.90023803710938
2018-03-06,159.572509765625
2018-03-07,159.94174194335938
2018-03-08,160.82229614257812
2018-03-09,163.94668579101562
2018-03-12,164.81777954101562
2018-03-13,162.5738067626953
2018-03-14,162.54544067382812
2018-03-15,162.40345764160156
2018-03-16,161.92054748535156
2018-03-19,158.46580505371094
2018-03-20,158.9873504638672
2018-03-21,158.2951202392578
2018-03-22,154.387939453125
2018-03-23,150.31959533691406
2018-03-26,155.90528869628906
2018-03-27,150.86021423339844
2018-03-28,149.12478637695312
2018-03-29,151.85592651367188
2018-04-02,147.4746551513672
2018-04-03,149.1342315673828
2018-04-04,151.48611450195312
2018-04-05,152.3490447998047
2018-04-06,148.53677368164062
2018-04-09,149.57992553710938
2018-04-10,152.88015747070312
2018-04-11,151.9982147216797
2018-04-12,153.8284912109375
2018-04-13,153.03182983398438
2018-04-16,154.19834899902344
2018-04-17,157.5174560546875
2018-04-18,157.83990478515625
2018-04-19,156.38893127441406
2018-04-20,153.913818359375
2018-04-23,153.5249786376953
2018-04-24,150.27224731445312
2018-04-25,150.45237731933594
2018-04-26,153.619873046875
2018-04-27,153.71466064453125
2018-04-30,152.6240692138672
2018-05-01,154.36903381347656
2018-05-02,153.45860290527344
2018-05-03,153.4396209716797
2018-05-04,156.35101318359375
2018-05-07,157.65025329589844
2018-05-08,157.489013671875
2018-05-09,159.2054901123047
2018-05-10,160.85557556152344
2018-05-11,160.70382690429688
2018-05-14,160.9788360595703
2018-05-15,159.19602966308594
2018-05-16,160.24868774414062
2018-05-17,159.63221740722656
2018-05-18,158.80723571777344
2018-05-21,159.6986083984375
2018-05-22,159.489990234375
2018-05-23,160.8365936279297
2018-05-24,160.78921508789062
2018-05-25,160.95045471191406
2018-05-29,160.2391815185547
2018-05-30,161.38662719726562
2018-05-31,161.28236389160156
2018-06-01,163.8143768310547
2018-06-04,165.2937774658203
2018-06-05,165.80587768554688
2018-06-06,166.77316284179688
2018-06-07,165.41702270507812
2018-06-08,165.426513671875
2018-06-11,165.87225341796875
2018-06-12,166.74472045898438
2018-06-13,166.7352294921875
2018-06-14,168.4232177734375
2018-06-15,167.83529663085938
2018-06-18,167.73834228515625
2018-06-19,167.26319885253906
2018-06-20,168.4511260986328
2018-06-21,166.9876251220703
2018-06-22,166.61692810058594
2018-06-25,162.86302185058594
2018-06-26,163.52825927734375
2018-06-27,161.30438232421875
2018-06-28,162.69189453125
2018-06-29,163.12908935546875
2018-07-02,164.22201538085938
2018-07-03,162.32131958007812
2018-07-05,164.3359832763672
2018-07-06,166.89254760742188
2018-07-09,168.3941192626953
2018-07-10,168.51766967773438
2018-07-11,167.66232299804688
2018-07-12,170.55140686035156
2018-07-13,170.69393920898438
2018-07-16,170.28524780273438
2018-07-17,171.3212127685547
2018-07-18,170.998046875
2018-07-19,170.14280700683594
2018-07-20,170.1047821044922
2018-07-23,170.64642333984375
2018-07-24,171.34971618652344
2018-07-25,173.74465942382812
2018-07-26,171.1121063232422
2018-07-27,168.8027801513672
2018-07-30,166.41737365722656
2018-07-31,167.69085693359375
2018-08-01,168.3275604248047
2018-08-02,170.6179656982422
2018-08-03,171.140625
2018-08-06,172.14804077148438
2018-08-07,172.77525329589844
2018-08-08,172.9842987060547
2018-08-09,172.8798065185547
2018-08-10,171.55877685546875
2018-08-13,171.3687286376953
2018-08-14,172.442626953125
2018-08-15,170.33282470703125
2018-08-16,170.8935546875
2018-08-17,170.9315643310547
2018-08-20,170.77951049804688
2018-08-21,171.40672302246094
2018-08-22,172.07196044921875
2018-08-23,171.82489013671875
2018-08-24,173.42147827148438
2018-08-27,175.18917846679688
2018-08-28,175.44573974609375
2018-08-29,177.47006225585938
2018-08-30,177.15640258789062
2018-08-31,177.3844757080078
2018-09-04,176.62420654296875
2018-09-05,174.34332275390625
2018-09-06,172.7847900390625
2018-09-07,172.11949157714844
2018-09-10,172.69921875
2018-09-11,174.0297088623047
2018-09-12,173.51654052734375
2018-09-13,175.3697509765625
2018-09-14,174.85655212402344
2018-09-17,172.3380584716797
2018-09-18,173.7635498046875
2018-09-19,173.63052368164062
2018-09-20,175.55026245117188
2018-09-21,174.5904541015625
2018-09-24,175.07601928710938
2018-09-25,175.3140106201172
2018-09-26,175.4378204345703
2018-09-27,176.92300415039062
2018-09-28,176.8849639892578
2018-10-01,177.24671936035156
2018-10-02,176.84683227539062
2018-10-03,177.03724670410156
2018-10-04,173.63836669921875
2018-10-05,171.51527404785156
2018-10-08,170.4679718017578
2018-10-09,171.02020263671875
2018-10-10,163.4988250732422
2018-10-11,161.47093200683594
2018-10-12,165.96469116210938
2018-10-15,163.95582580566406
2018-10-16,168.7256622314453
2018-10-17,168.79234313964844
2018-10-18,164.87930297851562
2018-10-19,164.72706604003906
2018-10-22,165.57435607910156
2018-10-23,164.96502685546875
2018-10-24,157.4150848388672
2018-10-25,162.86093139648438
2018-10-26,158.6718292236328
2018-10-29,155.4062042236328
2018-10-30,157.96728515625
2018-10-31,161.68043518066406
2018-11-01,163.81300354003906
2018-11-02,161.261474609375
2018-11-05,160.86158752441406
2018-11-06,162.08023071289062
2018-11-07,167.16427612304688
2018-11-08,166.09791564941406
2018-11-09,163.2989044189453
2018-11-12,158.35763549804688
2018-11-13,158.49090576171875
2018-11-14,157.28184509277344
2018-11-15,160.03330993652344
2018-11-16,159.4716339111328
2018-11-19,154.29232788085938
2018-11-20,151.53134155273438
2018-11-21,152.68328857421875
2018-11-23,151.5789031982422
2018-11-26,155.0825958251953
2018-11-27,155.6061553955078
2018-11-28,160.61407470703125
2018-11-29,160.09043884277344
2018-11-30,161.25193786621094
2018-12-03,164.07009887695312
2018-12-04,157.77685546875
2018-12-06,158.89080810546875
2018-12-07,153.64491271972656
2018-12-10,155.25392150878906
2018-12-11,155.7680206298828
2018-12-12,157.13900756835938
2018-12-13,157.1865997314453
2018-12-14,153.35926818847656
2018-12-17,149.8842010498047
2018-12-18,150.8267822265625
2018-12-19,147.123291015625
2018-12-20,144.99066162109375
2018-12-21,140.4968719482422
2018-12-24,137.0128173828125
2018-12-26,145.56773376464844
2018-12-27,146.131103515625
2018-12-28,146.05467224121094
2018-12-31,147.28634643554688
2019-01-02,147.87832641601562
2019-01-03,143.0470733642578
2019-01-04,149.1672821044922
2019-01-07,150.9431915283203
2019-01-08,152.30856323242188
2019-01-09,153.5498504638672
2019-01-10,153.989013671875
2019-01-11,153.42567443847656
2019-01-14,152.06985473632812
2019-01-15,155.03929138183594
2019-01-16,155.01068115234375
2019-01-17,156.23280334472656
2019-01-18,157.779541015625
2019-01-22,154.6192169189453
2019-01-23,154.8196563720703
2019-01-24,155.82225036621094
2019-01-25,157.68405151367188
2019-01-28,155.73629760742188
2019-01-29,154.265869140625
2019-01-30,158.1900634765625
2019-01-31,160.55799865722656
2019-02-01,159.88011169433594
2019-02-04,161.86605834960938
2019-02-05,163.2982635498047
2019-02-06,162.81129455566406
2019-02-07,160.62481689453125
2019-02-08,160.93992614746094
2019-02-11,160.78712463378906
2019-02-12,163.16456604003906
2019-02-13,163.27914428710938
2019-02-14,163.47962951660156
2019-02-15,164.1671142578125
2019-02-19,164.4917449951172
2019-02-20,164.4630889892578
2019-02-21,163.86160278320312
2019-02-22,165.0741729736328
2019-02-25,165.6756591796875
2019-02-26,165.84751892089844
2019-02-27,165.7425079345703
2019-02-28,165.36058044433594
2019-03-01,166.50634765625
2019-03-04,166.5349578857422
2019-03-05,166.6591339111328
2019-03-06,165.71388244628906
2019-03-07,163.6800994873047
2019-03-08,163.43191528320312
2019-03-11,166.83094787597656
2019-03-12,167.74761962890625
2019-03-13,169.0079345703125
2019-03-14,168.72146606445312
2019-03-15,170.28733825683594
2019-03-18,170.69288635253906
2019-03-19,171.26681518554688
2019-03-20,171.9459228515625
2019-03-21,174.63377380371094
2019-03-22,170.7981414794922
2019-03-25,170.47283935546875
2019-03-26,171.26681518554688
2019-03-27,170.1667938232422
2019-03-28,170.55897521972656
2019-03-29,171.85031127929688
2019-04-01,174.12686157226562
2019-04-02,174.786865234375
2019-04-03,175.79122924804688
2019-04-04,175.7242889404297
2019-04-05,176.6329803466797
2019-04-08,177.0825653076172
2019-04-09,176.46080017089844
2019-04-10,177.40774536132812
2019-04-11,176.98692321777344
2019-04-12,177.75210571289062
2019-04-15,177.78079223632812
2019-04-16,178.39297485351562
2019-04-17,179.0147247314453
2019-04-18,179.2443084716797
2019-04-22,179.751220703125
2019-04-23,182.037353515625
2019-04-24,181.46343994140625
2019-04-25,182.199951171875
2019-04-26,182.3625946044922
2019-04-29,182.71646118164062
2019-04-30,181.30084228515625
2019-05-01,180.71734619140625
2019-05-02,179.93295288085938
2019-05-03,182.80258178710938
2019-05-06,181.68341064453125
2019-05-07,178.14431762695312
2019-05-08,177.69471740722656
2019-05-09,176.73818969726562
2019-05-10,176.9581756591797
2019-05-13,170.81723022460938
2019-05-14,172.69207763671875
2019-05-15,175.13121032714844
2019-05-16,176.89117431640625
2019-05-17,175.0833740234375
2019-05-20,172.127685546875
2019-05-21,173.92596435546875
2019-05-22,173.15121459960938
2019-05-23,170.50160217285156
2019-05-24,170.41546630859375
2019-05-28,169.7746124267578
2019-05-29,168.3781280517578
2019-05-30,169.08595275878906
2019-05-31,166.38856506347656
2019-06-03,162.72499084472656
2019-06-04,167.30674743652344
2019-06-05,168.5502471923828
2019-06-06,169.88941955566406
2019-06-07,173.17031860351562
2019-06-10,175.18856811523438
2019-06-11,175.42770385742188
2019-06-12,174.4137725830078
2019-06-13,175.44683837890625
2019-06-14,174.7007598876953
2019-06-17,175.75291442871094
2019-06-18,178.30686950683594
2019-06-19,178.9764404296875
2019-06-20,180.64080810546875
2019-06-21,180.37303161621094
2019-06-24,180.37875366210938
2019-06-25,177.28231811523438
2019-06-26,178.1067352294922
2019-06-27,178.7873992919922
2019-06-28,179.0175018310547
2019-07-01,181.43328857421875
2019-07-02,182.15219116210938
2019-07-03,183.52313232421875
2019-07-05,183.14920043945312
2019-07-08,181.8646240234375
2019-07-09,182.7753448486328
2019-07-10,184.59677124023438
2019-07-11,184.46255493164062
2019-07-12,185.52670288085938
2019-07-15,186.12098693847656
2019-07-16,185.16236877441406
2019-07-17,184.25167846679688
2019-07-18,184.46255493164062
2019-07-19,183.11090087890625
2019-07-22,184.56800842285156
2019-07-23,185.77587890625
2019-07-24,187.0796356201172
2019-07-25,185.30616760253906
2019-07-26,187.21388244628906
2019-07-29,186.5715789794922
2019-07-30,185.76634216308594
2019-07-31,183.1971435546875
2019-08-01,182.28643798828125
2019-08-02,179.6022491455078
2019-08-05,173.2559814453125
2019-08-06,175.6813507080078
2019-08-07,176.6304168701172
2019-08-08,180.47462463378906
2019-08-09,178.77781677246094
2019-08-12,176.726318359375
2019-08-13,180.5992431640625
2019-08-14,175.2020263671875
2019-08-15,175.00076293945312
2019-08-16,177.80955505371094
2019-08-19,180.6376190185547
2019-08-20,179.2379608154297
2019-08-21,180.82933044433594
2019-08-22,180.2445068359375
2019-08-23,174.5405731201172
2019-08-26,177.17686462402344
2019-08-27,176.80299377441406
2019-08-28,177.43572998046875
2019-08-29,180.14866638183594
2019-08-30,179.71730041503906
2019-09-03,177.97254943847656
2019-09-04,180.5417022705078
2019-09-05,183.8489990234375
2019-09-06,183.6669158935547
2019-09-09,183.28343200683594
2019-09-10,182.75619506835938
2019-09-11,184.47216796875
2019-09-12,185.23902893066406
2019-09-13,184.5775909423828
2019-09-16,183.75318908691406
2019-09-17,184.63510131835938
2019-09-18,184.5584259033203
2019-09-19,184.86520385742188
2019-09-20,182.9095916748047
2019-09-23,182.9902801513672
2019-09-24,180.5600128173828
2019-09-25,182.5867919921875
2019-09-26,181.91444396972656
2019-09-27,179.65704345703125
2019-09-30,181.3668975830078
2019-10-01,179.8875732421875
2019-10-02,176.79454040527344
2019-10-03,178.73492431640625
2019-10-04,181.3668975830078
2019-10-07,180.8193359375
2019-10-08,178.1105194091797
2019-10-09,179.84913635253906
2019-10-10,181.2420196533203
2019-10-11,183.57618713378906
2019-10-14,183.5570068359375
2019-10-15,185.89125061035156
2019-10-16,185.43017578125
2019-10-17,185.92002868652344
2019-10-18,184.13336181640625
2019-10-21,185.76632690429688
2019-10-22,184.2870635986328
2019-10-23,184.6424560546875
2019-10-24,186.438720703125
2019-10-25,187.9276580810547
2019-10-28,189.78155517578125
2019-10-29,188.31182861328125
2019-10-30,189.2244110107422
2019-10-31,189.31080627441406
2019-11-01,191.0302734375
2019-11-04,192.21180725097656
2019-11-05,192.31744384765625
2019-11-06,191.88522338867188
2019-11-07,192.52874755859375
2019-11-08,193.2972869873047
2019-11-11,193.03787231445312
2019-11-12,193.5950164794922
2019-11-13,193.64303588867188
2019-11-14,193.48941040039062
2019-11-15,194.91099548339844
2019-11-18,195.0647430419922
2019-11-19,195.35289001464844
2019-11-20,194.1809844970703
2019-11-21,193.74871826171875
2019-11-22,193.8736114501953
2019-11-25,196.16934204101562
2019-11-26,196.54400634765625
2019-11-27,197.9176483154297
2019-11-29,197.01467895507812
2019-12-02,194.99746704101562
2019-12-03,193.47019958496094
2019-12-04,194.44992065429688
2019-12-05,194.8341827392578
2019-12-06,196.91864013671875
2019-12-09,196.02528381347656
2019-12-10,195.8619842529297
2019-12-11,196.89944458007812
2019-12-12,198.369140625
2019-12-13,199.0223388671875
2019-12-16,201.02032470703125
2019-12-17,201.13560485839844
2019-12-18,201.289306640625
2019-12-19,202.547607421875
2019-12-20,203.36410522460938
2019-12-23,203.9012908935547
2019-12-24,204.00718688964844
2019-12-26,205.807373046875
2019-12-27,205.63409423828125
2019-12-30,204.28634643554688
2019-12-31,204.6714324951172
2020-01-02,208.08889770507812
2020-01-03,206.1827850341797
2020-01-06,207.51123046875
2020-01-07,207.482421875
2020-01-08,209.04188537597656
2020-01-09,210.81317138671875
2020-01-10,210.27413940429688
2020-01-13,212.7000274658203
2020-01-14,211.8625030517578
2020-01-15,211.94915771484375
2020-01-16,213.9803466796875
2020-01-17,215.03933715820312
2020-01-21,214.94300842285156
2020-01-22,215.51100158691406
2020-01-23,216.20408630371094
2020-01-24,214.38470458984375
2020-01-27,209.95645141601562
2020-01-28,213.1813507080078
2020-01-29,213.52792358398438
2020-01-30,214.2884063720703
2020-01-31,210.89019775390625
2020-02-03,214.0766143798828
2020-02-04,218.9766082763672
2020-02-05,219.69859313964844
2020-02-06,221.594970703125
2020-02-07,220.64195251464844
2020-02-10,223.3085479736328
2020-02-11,223.3470001220703
2020-02-12,225.52267456054688
2020-02-13,225.23387145996094
2020-02-14,225.87884521484375
2020-02-18,225.9654998779297
2020-02-19,228.1314697265625
2020-02-20,226.01365661621094
2020-02-21,221.6720428466797
2020-02-24,213.1235809326172
2020-02-25,207.32838439941406
2020-02-26,208.3969268798828
2020-02-27,197.96165466308594
2020-02-28,198.11569213867188
2020-03-02,208.33921813964844
2020-03-03,201.65826416015625
2020-03-04,210.0719451904297
2020-03-05,203.6894989013672
2020-03-06,200.25279235839844
2020-03-09,186.3423614501953
2020-03-10,196.48876953125
2020-03-11,187.93072509765625
2020-03-12,170.6990966796875
2020-03-13,185.1582489013672
2020-03-16,162.97857666015625
2020-03-17,175.3391571044922
2020-03-18,170.00599670410156
2020-03-19,171.02642822265625
2020-03-20,164.3262939453125
2020-03-23,164.44493103027344
2020-03-24,177.17910766601562
2020-03-25,175.86715698242188
2020-03-26,185.12840270996094
2020-03-27,178.76124572753906
2020-03-30,185.26341247558594
2020-03-31,183.68128967285156
2020-04-01,175.8767852783203
2020-04-02,179.44619750976562
2020-04-03,176.8993377685547
2020-04-06,189.54673767089844
2020-04-07,189.46958923339844
2020-04-08,193.49244689941406
2020-04-09,193.77220153808594
2020-04-13,195.8656005859375
2020-04-14,204.38406372070312
2020-04-15,202.039794921875
2020-04-16,205.72499084472656
2020-04-17,207.6929931640625
2020-04-20,205.23301696777344
2020-04-21,197.66000366210938
2020-04-22,203.52545166015625
2020-04-23,203.09133911132812
2020-04-24,206.29417419433594
2020-04-27,207.95346069335938
2020-04-28,204.0367431640625
2020-04-29,211.27212524414062
2020-04-30,211.18531799316406
2020-05-01,205.23301696777344
2020-05-04,207.62548828125
2020-05-05,209.9793701171875
2020-05-06,211.27212524414062
2020-05-07,213.99258422851562
2020-05-08,216.92532348632812
2020-05-11,218.8643798828125
2020-05-12,214.2820281982422
2020-05-13,211.60011291503906
2020-05-14,214.002197265625
2020-05-15,215.39141845703125
2020-05-18,219.40463256835938
2020-05-19,218.854736328125
2020-05-20,223.2248992919922
2020-05-21,220.79379272460938
2020-05-22,221.55593872070312
2020-05-26,220.95779418945312
2020-05-27,222.16372680664062
2020-05-28,221.87428283691406
2020-05-29,225.12535095214844
2020-06-01,225.8007049560547
2020-06-02,227.31524658203125
2020-06-03,228.337890625
2020-06-04,226.7364501953125
2020-06-05,231.2320098876953
2020-06-08,233.02638244628906
2020-06-09,234.71461486816406
2020-06-10,237.53160095214844
2020-06-11,225.7620849609375
2020-06-12,227.55645751953125
2020-06-15,230.3251495361328
2020-06-16,234.28050231933594
2020-06-17,235.02334594726562
2020-06-18,235.6600341796875
2020-06-19,235.6214599609375
2020-06-22,238.4471435546875
2020-06-23,240.47665405273438
2020-06-24,235.5189971923828
2020-06-25,237.7610626220703
2020-06-26,232.1463165283203
2020-06-29,234.67825317382812
2020-06-30,239.2782745361328
2020-07-01,242.0711212158203
2020-07-02,243.71400451660156
2020-07-06,249.70567321777344
2020-07-07,247.98544311523438
2020-07-08,251.25184631347656
2020-07-09,253.36822509765625
2020-07-10,255.0980224609375
2020-07-13,249.85057067871094
2020-07-14,251.6190643310547
2020-07-15,252.1312713623047
2020-07-16,250.4110565185547
2020-07-17,250.7010040283203
2020-07-20,257.8135681152344
2020-07-21,255.12705993652344
2020-07-22,256.0258483886719
2020-07-23,249.33840942382812
2020-07-24,246.97073364257812
2020-07-27,251.37745666503906
2020-07-28,248.17874145507812
2020-07-29,251.03921508789062
2020-07-30,252.35357666015625
2020-07-31,256.85693359375
2020-08-03,260.3262939453125
2020-08-04,261.2925720214844
2020-08-05,261.9401550292969
2020-08-06,265.40948486328125
2020-08-07,262.3460388183594
2020-08-10,261.2249450683594
2020-08-11,256.27703857421875
2020-08-12,262.72283935546875
2020-08-13,263.3220520019531
2020-08-14,263.01275634765625
2020-08-17,266.0665588378906
2020-08-18,268.6275634765625
2020-08-19,266.82037353515625
2020-08-20,270.521728515625
2020-08-21,272.3964538574219
2020-08-24,274.0973205566406
2020-08-25,276.25238037109375
2020-08-26,282.14727783203125
2020-08-27,281.2679443359375
2020-08-28,282.6982116699219
2020-08-31,284.96923828125
2020-09-01,289.83984375
2020-09-02,292.5843505859375
2020-09-03,277.7502136230469
2020-09-04,274.0489501953125
2020-09-08,260.8771057128906
2020-09-09,268.54058837890625
2020-09-10,263.1868591308594
2020-09-11,261.3602294921875
2020-09-14,265.91204833984375
2020-09-15,269.6809997558594
2020-09-16,265.3804626464844
2020-09-17,261.23468017578125
2020-09-18,257.900634765625
2020-09-21,258.5190734863281
2020-09-22,263.3220520019531
2020-09-23,255.28172302246094
2020-09-24,256.4703369140625
2020-09-25,262.43304443359375
2020-09-28,267.8834533691406
2020-09-29,266.6755065917969
2020-09-30,268.50189208984375
2020-10-01,272.7636413574219
2020-10-02,265.09051513671875
2020-10-05,270.7439880371094
2020-10-06,265.91204833984375
2020-10-07,270.51202392578125
2020-10-08,271.951904296875
2020-10-09,276.1073913574219
2020-10-12,284.6309509277344
2020-10-13,284.62127685546875
2020-10-14,282.2439880371094
2020-10-15,280.3498840332031
2020-10-16,278.8133239746094
2020-10-19,274.26165771484375
2020-10-20,274.8511047363281
2020-10-21,274.6385498046875
2020-10-22,274.62884521484375
2020-10-23,275.169921875
2020-10-26,271.04351806640625
2020-10-27,273.159912109375
2020-10-28,262.5102844238281
2020-10-29,267.1007385253906
2020-10-30,260.3262939453125
2020-11-02,260.9061584472656
2020-11-03,265.4191589355469
2020-11-04,277.2670593261719
2020-11-05,284.4957275390625
2020-11-06,284.7082824707031
2020-11-09,278.8906555175781
2020-11-10,273.8943786621094
2020-11-11,280.0212707519531
2020-11-12,278.70703125
2020-11-13,281.1520080566406
2020-11-16,283.3457336425781
2020-11-17,282.4468994140625
2020-11-18,280.3594665527344
2020-11-19,282.5532531738281
2020-11-20,280.620361328125
2020-11-23,280.630126953125
2020-11-24,284.572998046875
2020-11-25,286.3221435546875
2020-11-27,288.9604187011719
2020-11-30,289.5498352050781
2020-12-01,293.26080322265625
2020-12-02,293.6377258300781
2020-12-03,294.05322265625
2020-12-04,295.2515563964844
2020-12-07,296.9234924316406
2020-12-08,297.92852783203125
2020-12-09,291.18316650390625
2020-12-10,292.3524475097656
2020-12-11,291.7049865722656
2020-12-14,293.8212890625
2020-12-15,296.9621276855469
2020-12-16,298.5953369140625
2020-12-17,300.54736328125
2020-12-18,299.6390075683594
2020-12-21,299.07843017578125
2020-12-22,299.8916931152344
2020-12-23,298.38134765625
2020-12-24,299.697998046875
2020-12-28,302.71868896484375
2020-12-29,302.98974609375
2020-12-30,302.9993896484375
2020-12-31,303.7448425292969
2021-01-04,299.4560241699219
2021-01-05,301.9247741699219
2021-01-06,297.742431640625
2021-01-07,304.9454345703125
2021-01-08,308.86639404296875
2021-01-11,304.40325927734375
2021-01-12,303.9191589355469
2021-01-13,305.97161865234375
2021-01-14,304.33544921875
2021-01-15,301.9247741699219
2021-01-19,306.3298645019531
2021-01-20,313.4554138183594
2021-01-21,315.9628601074219
2021-01-22,315.0528259277344
2021-01-25,317.6570739746094
2021-01-26,318.121826171875
2021-01-27,309.2536315917969
2021-01-28,311.08343505859375
2021-01-29,304.53875732421875
2021-02-01,312.1483459472656
2021-02-02,317.2408142089844
2021-02-03,315.98223876953125
2021-02-04,319.71929931640625
2021-02-05,320.80352783203125
2021-02-08,322.9528503417969
2021-02-09,322.8851013183594
2021-02-10,322.1493225097656
2021-02-11,323.9209289550781
2021-02-12,325.73138427734375
2021-02-16,324.8504333496094
2021-02-17,323.29168701171875
2021-02-18,321.8782043457031
2021-02-19,320.4743347167969
2021-02-22,312.167724609375
2021-02-23,311.2383117675781
2021-02-24,313.80389404296875
2021-02-25,302.86383056640625
2021-02-26,304.13214111328125
2021-03-01,313.2811279296875
2021-03-02,308.2564697265625
2021-03-03,299.310791015625
2021-03-04,294.4119567871094
2021-03-05,298.8460693359375
2021-03-08,290.3844909667969
2021-03-09,301.8376159667969
2021-03-10,300.97607421875
2021-03-11,307.9079284667969
2021-03-12,305.4100341796875
2021-03-15,308.6727294921875
2021-03-16,310.3669738769531
2021-03-17,311.6448974609375
2021-03-18,302.0989990234375
2021-03-19,303.1639709472656
2021-03-22,308.8493347167969
2021-03-23,307.501953125
2021-03-24,302.3157653808594
2021-03-25,301.7923889160156
2021-03-26,306.3193664550781
2021-03-29,306.2320861816406
2021-03-30,304.6907043457031
2021-03-31,309.3533630371094
2021-04-01,314.626708984375
2021-04-05,320.9082946777344
2021-04-06,320.6852722167969
2021-04-07,321.4607238769531
2021-04-08,324.8146667480469
2021-04-09,326.7825622558594
2021-04-12,326.3560791015625
2021-04-13,330.1656494140625
2021-04-14,326.200927734375
2021-04-15,331.1447448730469
2021-04-16,331.532470703125
2021-04-19,328.4983215332031
2021-04-20,326.1040954589844
2021-04-21,328.89581298828125
2021-04-22,324.93109130859375
2021-04-23,329.0218200683594
2021-04-26,331.16412353515625
2021-04-27,329.7294921875
2021-04-28,328.6147155761719
2021-04-29,329.79730224609375
2021-04-30,327.6356201171875
2021-05-03,325.8907775878906
2021-05-04,320.0261535644531
2021-05-05,318.9500732421875
2021-05-06,321.3541564941406
2021-05-07,323.9617004394531
2021-05-10,315.7802734375
2021-05-11,315.3441162109375
2021-05-12,307.1819763183594
2021-05-13,309.55694580078125
2021-05-14,316.3909606933594
2021-05-17,314.47161865234375
2021-05-18,312.34869384765625
2021-05-19,312.70733642578125
2021-05-20,318.7562255859375
2021-05-21,316.9920349121094
2021-05-24,322.32354736328125
2021-05-25,322.76947021484375
2021-05-26,323.89385986328125
2021-05-27,322.6821594238281
2021-05-28,323.7000427246094
2021-06-01,322.62396240234375
2021-06-02,323.2541198730469
2021-06-03,319.8904724121094
2021-06-04,325.3187255859375
2021-06-07,326.28826904296875
2021-06-08,326.4433288574219
2021-06-09,326.52081298828125
2021-06-10,329.92333984375
2021-06-11,330.7861328125
2021-06-14,333.9559326171875
2021-06-15,331.77484130859375
2021-06-16,330.5630187988281
2021-06-17,334.760498046875
2021-06-18,332.13348388671875
2021-06-21,334.1976623535156
2021-06-22,337.31292724609375
2021-06-23,337.4779052734375
2021-06-24,339.5645446777344
2021-06-25,339.147216796875
2021-06-28,343.2717590332031
2021-06-29,344.5140075683594
2021-06-30,343.9704895019531
2021-07-01,344.1064453125
2021-07-02,348.0563659667969
2021-07-06,349.56048583984375
2021-07-07,350.298095703125
2021-07-08,348.1824035644531
2021-07-09,350.3563232421875
2021-07-12,351.7247619628906
2021-07-13,351.7247619628906
2021-07-14,352.3556213378906
2021-07-15,349.8807373046875
2021-07-16,347.0469665527344
2021-07-19,344.2034606933594
2021-07-20,348.2018737792969
2021-07-21,350.8901062011719
2021-07-22,353.2095947265625
2021-07-23,357.3341369628906
2021-07-26,357.61572265625
2021-07-27,353.6754150390625
2021-07-28,355.0340881347656
2021-07-29,355.6649475097656
2021-07-30,353.811279296875
2021-08-02,353.8404235839844
2021-08-03,355.9851989746094
2021-08-04,356.4995422363281
2021-08-05,358.7608642578125
2021-08-06,357.1885986328125
2021-08-09,357.8484802246094
2021-08-10,356.0143127441406
2021-08-11,355.40289306640625
2021-08-12,356.6839294433594
2021-08-13,357.9359130859375
2021-08-16,358.09112548828125
2021-08-17,354.93707275390625
2021-08-18,351.52099609375
2021-08-19,353.2192687988281
2021-08-20,356.8780212402344
2021-08-23,362.2157287597656
2021-08-24,363.32208251953125
2021-08-25,363.7394104003906
2021-08-26,361.4295654296875
2021-08-27,364.9429016113281
2021-08-30,369.0382995605469
2021-08-31,368.7374572753906
2021-09-01,369.34881591796875
2021-09-02,369.1741638183594
2021-09-03,370.30963134765625
2021-09-07,370.8336486816406
2021-09-08,369.5429992675781
2021-09-09,368.2716064453125
2021-09-10,365.47650146484375
2021-09-13,365.2242736816406
2021-09-14,364.1858215332031
2021-09-15,366.8934326171875
2021-09-16,367.1458435058594
2021-09-17,362.7980041503906
2021-09-20,355.30145263671875
2021-09-21,355.7386474609375
2021-09-22,359.06134033203125
2021-09-23,362.3744201660156
2021-09-24,362.7144775390625
2021-09-27,359.8192138671875
2021-09-28,349.63720703125
2021-09-29,349.06402587890625
2021-09-30,347.7815246582031
2021-10-01,349.9383544921875
2021-10-04,342.5933532714844
2021-10-05,347.218017578125
2021-10-06,349.44287109375
2021-10-07,352.6490173339844
2021-10-08,350.8905334472656
2021-10-11,348.1993103027344
2021-10-12,346.9847412109375
2021-10-13,349.7635192871094
2021-10-14,356.20489501953125
2021-10-15,358.44927978515625
2021-10-18,362.05377197265625
2021-10-19,364.7935791015625
2021-10-20,364.3175964355469
2021-10-21,366.54241943359375
2021-10-22,363.46258544921875
2021-10-25,367.18365478515625
2021-10-26,368.3398742675781
2021-10-27,369.1948547363281
2021-10-28,373.2948913574219
2021-10-29,375.13104248046875
2021-11-01,376.4135437011719
2021-11-02,377.98748779296875
2021-11-03,381.9999694824219
2021-11-04,386.8966979980469
2021-11-05,387.2659606933594
2021-11-08,386.7413024902344
2021-11-09,384.0792236328125
2021-11-10,378.43438720703125
2021-11-11,379.483642578125
2021-11-12,383.4767761230469
2021-11-15,383.3893737792969
2021-11-16,386.11944580078125
2021-11-17,386.323486328125
2021-11-18,390.32635498046875
2021-11-19,392.50262451171875
2021-11-22,387.94598388671875
2021-11-23,386.1777648925781
2021-11-24,387.4213562011719
2021-11-26,380.07635498046875
2021-11-29,388.32489013671875
2021-11-30,382.6218566894531
2021-12-01,376.1123352050781
2021-12-02,378.82305908203125
2021-12-03,372.23577880859375
2021-12-06,375.218505859375
2021-12-07,386.5178527832031
2021-12-08,388.2471618652344
2021-12-09,382.53436279296875
2021-12-10,386.69268798828125
2021-12-13,381.1061096191406
2021-12-14,377.16162109375
2021-12-15,385.7599792480469
2021-12-16,375.8403625488281
2021-12-17,373.9652099609375
2021-12-20,370.33758544921875
2021-12-21,378.6258544921875
2021-12-22,383.2369384765625
2021-12-23,386.1262512207031
2021-12-27,392.50787353515625
2021-12-28,390.6886901855469
2021-12-29,390.6303405761719
2021-12-30,389.46295166015625
2021-12-31,387.03094482421875
2022-01-03,390.7567443847656
2022-01-04,385.6884765625
2022-01-05,373.8397216796875
2022-01-06,373.5770263671875
2022-01-07,369.5301208496094
2022-01-10,369.77337646484375
2022-01-11,375.3280944824219
2022-01-12,376.8165283203125
2022-01-13,367.3899841308594
2022-01-14,369.67608642578125
2022-01-18,360.4732971191406
2022-01-19,356.51409912109375
2022-01-20,351.8835144042969
2022-01-21,342.1261901855469
2022-01-24,343.69244384765625
2022-01-25,335.72509765625
2022-01-26,335.1998291015625
2022-01-27,331.82415771484375
2022-01-28,342.2332763671875
2022-01-31,353.1772155761719
2022-02-01,355.5801086425781
2022-02-02,358.4693908691406
2022-02-03,343.9356384277344
2022-02-04,348.2743225097656
2022-02-07,345.4726257324219
2022-02-08,349.35418701171875
2022-02-09,356.7572021484375
2022-02-10,348.6828918457031
2022-02-11,337.62213134765625
2022-02-14,338.04034423828125
2022-02-15,346.4454650878906
2022-02-16,346.3580017089844
2022-02-17,336.05584716796875
2022-02-18,332.2229919433594
2022-02-22,328.8863220214844
2022-02-23,320.4618225097656
2022-02-24,331.230712890625
2022-02-25,336.3671875
2022-02-28,337.369140625
2022-03-01,332.20361328125
2022-03-02,337.7777404785156
2022-03-03,332.9526672363281
2022-03-04,328.1274719238281
2022-03-07,316.02581787109375
2022-03-08,314.556884765625
2022-03-09,325.8803405761719
2022-03-10,322.261474609375
2022-03-11,315.5783386230469
2022-03-14,309.51776123046875
2022-03-15,319.22637939453125
2022-03-16,331.06536865234375
2022-03-17,335.0733337402344
2022-03-18,341.931640625
2022-03-21,340.9810485839844
2022-03-22,347.6822509765625
2022-03-23,342.68548583984375
2022-03-24,350.3023376464844
2022-03-25,350.01007080078125
2022-03-28,355.42559814453125
2022-03-29,361.54241943359375
2022-03-30,357.54888916015625
2022-03-31,353.1171875
2022-04-01,352.4450988769531
2022-04-04,359.70147705078125
2022-04-05,351.7145690917969
2022-04-06,344.0783996582031
2022-04-07,344.896484375
2022-04-08,340.0752258300781
2022-04-11,332.0299072265625
2022-04-12,330.62738037109375
2022-04-13,337.3480224609375
2022-04-14,329.6338195800781
2022-04-18,329.8871154785156
2022-04-19,337.26031494140625
2022-04-20,332.3415832519531
2022-04-21,325.4650573730469
2022-04-22,316.9425048828125
2022-04-25,321.0138244628906
2022-04-26,308.8971862792969
2022-04-27,308.5270690917969
2022-04-28,319.4846496582031
2022-04-29,305.1082763671875
2022-05-02,310.202392578125
2022-05-03,310.5335388183594
2022-05-04,321.0333251953125
2022-05-05,304.86480712890625
2022-05-06,301.2122497558594
2022-05-09,289.4267272949219
2022-05-10,292.94287109375
2022-05-11,284.2547302246094
2022-05-12,283.58270263671875
2022-05-13,294.0921936035156
2022-05-16,290.6832275390625
2022-05-17,298.2123107910156
2022-05-18,283.57293701171875
2022-05-19,282.053466796875
2022-05-20,281.1769104003906
2022-05-23,285.8521728515625
2022-05-24,279.7743225097656
2022-05-25,283.68975830078125
2022-05-26,291.5500793457031
2022-05-27,301.06610107421875
2022-05-31,300.2674560546875
2022-06-01,298.04669189453125
2022-06-02,306.2089538574219
2022-06-03,298.2415466308594
2022-06-06,299.2350158691406
2022-06-07,301.8161315917969
2022-06-08,299.6441650390625
2022-06-09,291.6181945800781
2022-06-10,281.33270263671875
2022-06-13,268.25177001953125
2022-06-14,268.7387390136719
2022-06-15,275.44970703125
2022-06-16,264.3362731933594
2022-06-17,267.5505065917969
2022-06-21,274.3006591796875
2022-06-22,273.9006042480469
2022-06-23,277.979736328125
2022-06-24,287.50433349609375
2022-06-27,285.39654541015625
2022-06-28,276.70135498046875
2022-06-29,276.9551086425781
2022-06-30,273.5199279785156
2022-07-01,275.32537841796875
2022-07-05,280.038818359375
2022-07-06,281.83447265625
2022-07-07,287.8654479980469
2022-07-08,288.2265930175781
2022-07-11,282.0686340332031
2022-07-12,279.33624267578125
2022-07-13,278.7604675292969
2022-07-14,279.755859375
2022-07-15,284.8304443359375
2022-07-18,282.41998291015625
2022-07-19,291.1053771972656
2022-07-20,295.72125244140625
2022-07-21,299.96630859375
2022-07-22,294.70635986328125
2022-07-25,293.02777099609375
2022-07-26,287.2701110839844
2022-07-27,299.4101257324219
2022-07-28,302.3377380371094
2022-07-29,307.8515319824219
2022-08-01,307.6660461425781
2022-08-02,306.74871826171875
2022-08-03,315.102294921875
2022-08-04,316.5758056640625
2022-08-05,313.98968505859375
2022-08-08,312.9748229980469
2022-08-09,309.432373046875
2022-08-10,318.0689697265625
2022-08-11,316.2635192871094
2022-08-12,322.42138671875
2022-08-15,325.0270080566406
2022-08-16,324.26580810546875
2022-08-17,320.56719970703125
2022-08-18,321.33819580078125
2022-08-19,315.0729675292969
2022-08-22,306.7779846191406
2022-08-23,306.5243225097656
2022-08-24,307.412353515625
2022-08-25,312.8479309082031
2022-08-26,300.02496337890625
2022-08-29,297.0679931640625
2022-08-30,293.7597351074219
2022-08-31,292.05194091796875
2022-09-01,292.17877197265625
2022-09-02,288.05084228515625
2022-09-06,285.9819030761719
2022-09-07,291.7591857910156
2022-09-08,293.2718505859375
2022-09-09,299.683349609375
2022-09-12,303.2452392578125
2022-09-13,286.6162414550781
2022-09-14,288.89007568359375
2022-09-15,284.07904052734375
2022-09-16,282.3419189453125
2022-09-19,284.5406799316406
2022-09-20,282.2725830078125
2022-09-21,277.2181396484375
2022-09-22,273.80621337890625
2022-09-23,269.3482666015625
2022-09-26,268.23370361328125
2022-09-27,268.34124755859375
2022-09-28,273.6790771484375
2022-09-29,265.78961181640625
2022-09-30,261.2826843261719
2022-10-03,267.4125061035156
2022-10-04,275.82012939453125
2022-10-05,275.67352294921875
2022-10-06,273.50311279296875
2022-10-07,263.08154296875
2022-10-10,260.45172119140625
2022-10-11,256.87359619140625
2022-10-12,256.78564453125
2022-10-13,262.8078308105469
2022-10-14,254.90847778320312
2022-10-17,263.325927734375
2022-10-18,265.40838623046875
2022-10-19,264.4403991699219
2022-10-20,263.09130859375
2022-10-21,269.2601623535156
2022-10-24,272.2224426269531
2022-10-25,277.8536376953125
2022-10-26,271.714111328125
2022-10-27,266.7672119140625
2022-10-28,274.93048095703125
2022-10-31,271.7336730957031
2022-11-01,268.9571533203125
2022-11-02,259.7380676269531
2022-11-03,254.66409301757812
2022-11-04,258.7603759765625
2022-11-07,261.60528564453125
2022-11-08,263.5116882324219
2022-11-09,257.4307556152344
2022-11-10,276.4262390136719
2022-11-11,281.5197448730469
2022-11-14,279.05609130859375
2022-11-15,282.9177551269531
2022-11-16,279.05609130859375
2022-11-17,278.44012451171875
2022-11-18,278.45001220703125
2022-11-21,275.58551025390625
2022-11-22,279.55474853515625
2022-11-23,282.3604736328125
2022-11-25,280.50299072265625
2022-11-28,276.38714599609375
2022-11-29,274.2949523925781
2022-11-30,286.7989501953125
2022-12-01,287.15087890625
2022-12-02,286.0070495605469
2022-12-05,281.2069091796875
2022-12-06,275.3802185058594
2022-12-07,274.25592041015625
2022-12-08,277.501708984375
2022-12-09,275.7321472167969
2022-12-12,279.1929016113281
2022-12-13,282.19427490234375
2022-12-14,280.10223388671875
2022-12-15,270.69732666015625
2022-12-16,268.1163330078125
2022-12-19,264.3483581542969
2022-12-20,264.142578125
2022-12-21,267.9743347167969
2022-12-22,261.41827392578125
2022-12-23,262.0062561035156
2022-12-27,258.3018798828125
2022-12-28,254.89163208007812
2022-12-29,261.1046142578125
2022-12-30,260.9479064941406
2023-01-03,259.18389892578125
2023-01-04,260.4186096191406
2023-01-05,256.3420104980469
2023-01-06,263.41729736328125
2023-01-09,265.12255859375
2023-01-10,267.36663818359375
2023-01-11,271.9920959472656
2023-01-12,273.4620666503906
2023-01-13,275.3436584472656
2023-01-17,275.9023132324219
2023-01-18,272.3155212402344
2023-01-19,269.6402282714844
2023-01-20,277.0194396972656
2023-01-23,283.17376708984375
2023-01-24,282.5954895019531
2023-01-25,281.96832275390625
2023-01-26,287.4659729003906
2023-01-27,290.3275451660156
2023-01-30,284.4574890136719
2023-01-31,288.7203063964844
2023-02-01,294.89422607421875
2023-02-02,305.47796630859375
2023-02-03,300.0488586425781
2023-02-06,297.5108337402344
2023-02-07,303.6747741699219
2023-02-08,298.275146484375
2023-02-09,295.638916015625
2023-02-10,293.6986389160156
2023-02-13,298.4024658203125
2023-02-14,300.6075439453125
2023-02-15,302.9103698730469
2023-02-16,297.2265625
2023-02-17,295.1294250488281
2023-02-21,288.14215087890625
2023-02-22,288.3578186035156
2023-02-23,290.8763122558594
2023-02-24,286.0057678222656
2023-02-27,288.05401611328125
2023-02-28,287.6815490722656
2023-03-01,285.36883544921875
2023-03-02,287.7305603027344
2023-03-03,293.6790466308594
2023-03-06,294.0121765136719
2023-03-07,290.4058837890625
2023-03-08,291.8562927246094
2023-03-09,286.7995910644531
2023-03-10,282.7718811035156
2023-03-13,284.8691101074219
2023-03-14,291.4152526855469
2023-03-15,292.9440002441406
2023-03-16,300.6662292480469
2023-03-17,299.24530029296875
2023-03-20,300.30731201171875
2023-03-21,304.596435546875
2023-03-22,300.4544372558594
2023-03-23,304.017333984375
2023-03-24,305.13616943359375
2023-03-27,303.0456237792969
2023-03-28,301.43597412109375
2023-03-29,306.9322814941406
2023-03-30,309.8375549316406
2023-03-31,314.9903869628906
2023-04-03,314.22479248046875
2023-04-04,313.1648864746094
2023-04-05,310.0731201171875
2023-04-06,312.1636962890625
2023-04-10,311.9870910644531
2023-04-11,309.9847717285156
2023-04-12,307.2464294433594
2023-04-13,313.262939453125
2023-04-14,312.6741027832031
2023-04-17,312.9391174316406
2023-04-18,312.95867919921875
2023-04-19,312.8114013671875
2023-04-20,310.42645263671875
2023-04-21,310.7503356933594
2023-04-24,310.1025695800781
2023-04-25,304.2528381347656
2023-04-26,306.09808349609375
2023-04-27,314.4211730957031
2023-04-28,316.5902404785156
2023-05-01,316.22711181640625
2023-05-02,313.4691162109375
2023-05-03,311.417724609375
2023-05-04,310.3185119628906
2023-05-05,316.9140930175781
2023-05-08,317.6993408203125
2023-05-09,315.687255859375
2023-05-10,319.1224670410156
2023-05-11,320.16290283203125
2023-05-12,319.0145263671875
2023-05-15,320.7420349121094
2023-05-16,321.1051330566406
2023-05-17,324.9918212890625
2023-05-18,331.0279846191406
2023-05-19,330.2821044921875
2023-05-22,331.3911437988281
2023-05-23,327.1903381347656
2023-05-24,325.5120544433594
2023-05-25,333.4326477050781
2023-05-26,341.9520568847656
2023-05-30,343.50274658203125
2023-05-31,341.5495910644531
2023-06-01,345.4952087402344
2023-06-02,348.0863037109375
2023-06-05,348.3316955566406
2023-06-06,348.2728271484375
2023-06-07,342.3642272949219
2023-06-08,346.6140441894531
2023-06-09,347.9391174316406
2023-06-12,353.81817626953125
2023-06-13,356.5369873046875
2023-06-14,359.1281433105469
2023-06-15,363.4074401855469
2023-06-16,361.1205139160156
2023-06-20,360.6035461425781
2023-06-21,355.6894226074219
2023-06-22,359.8861999511719
2023-06-23,356.318359375
2023-06-26,351.54180908203125
2023-06-27,357.5862731933594
2023-06-28,358.2840881347656
2023-06-29,357.5666198730469
2023-06-30,363.080322265625
2023-07-03,363.93536376953125
2023-07-05,363.9256286621094
2023-07-06,361.1539611816406
2023-07-07,359.95489501953125
2023-07-10,360.0728759765625
2023-07-11,361.851806640625
2023-07-12,366.4220275878906
2023-07-13,372.64337158203125
2023-07-14,372.56475830078125
2023-07-17,376.0439147949219
2023-07-18,379.1202697753906
2023-07-19,379.03179931640625
2023-07-20,370.29437255859375
2023-07-21,369.1837463378906
2023-07-24,369.7735290527344
2023-07-25,372.27972412109375
2023-07-26,371.04132080078125
2023-07-27,370.15679931640625
2023-07-28,376.8990783691406
2023-07-31,377.0956115722656
2023-08-01,376.2209777832031
2023-08-02,367.96502685546875
2023-08-03,367.3753356933594
2023-08-04,365.6553649902344
2023-08-07,368.7513427734375
2023-08-08,365.6160583496094
2023-08-09,361.59625244140625
2023-08-10,362.2646179199219
2023-08-11,359.95489501953125
2023-08-14,363.9944152832031
2023-08-15,360.13189697265625
2023-08-16,356.318359375
2023-08-17,352.42633056640625
2023-08-18,351.9841003417969
2023-08-21,357.6550598144531
2023-08-22,357.1440124511719
2023-08-23,362.7756652832031
2023-08-24,355.0210876464844
2023-08-25,357.7729797363281
2023-08-28,360.46600341796875
2023-08-29,368.3385009765625
2023-08-30,370.3926696777344
2023-08-31,371.5032043457031
2023-09-01,371.110107421875
2023-09-05,371.5818786621094
2023-09-06,368.30902099609375
2023-09-07,365.6750793457031
2023-09-08,366.18609619140625
2023-09-11,370.5007629394531
2023-09-12,366.3924865722656
2023-09-13,367.7880859375
2023-09-14,370.7956237792969
2023-09-15,364.4465026855469
2023-09-18,364.8263854980469
2023-09-19,364.0487976074219
2023-09-20,358.8027648925781
2023-09-21,352.22784423828125
2023-09-22,352.277099609375
2023-09-25,353.9503173828125
2023-09-26,348.63525390625
2023-09-27,349.4522705078125
2023-09-28,352.3755187988281
2023-09-29,352.63134765625
2023-10-02,355.5743713378906
2023-10-03,349.3341369628906
2023-10-04,354.0881652832031
2023-10-05,353.0447998046875
2023-10-06,358.9601745605469
2023-10-09,360.7908935546875
2023-10-10,362.7889709472656
2023-10-11,365.3775634765625
2023-10-12,364.10791015625
2023-10-13,359.5310974121094
2023-10-16,363.5960693359375
2023-10-17,362.4051513671875
2023-10-18,357.651123046875
2023-10-19,354.3046875
2023-10-20,349.0191650390625
2023-10-23,350.0722961425781
2023-10-24,353.47784423828125
2023-10-25,344.8262023925781
2023-10-26,338.2513122558594
2023-10-27,339.8753662109375
2023-10-30,343.7042236328125
2023-10-31,345.3478698730469
2023-11-01,351.34197998046875
2023-11-02,357.7200622558594
2023-11-03,361.9227600097656
2023-11-06,363.3992004394531
2023-11-07,366.8343200683594
2023-11-08,367.07049560546875
2023-11-09,364.2456970214844
2023-11-10,372.4347839355469
2023-11-13,371.27325439453125
2023-11-14,379.2655029296875
2023-11-15,379.5509338378906
2023-11-16,379.8758239746094
2023-11-17,379.96441650390625
2023-11-20,384.59033203125
2023-11-21,382.3560791015625
2023-11-22,383.9210510253906
2023-11-24,383.3797607421875
2023-11-27,383.0450744628906
2023-11-28,384.0490417480469
2023-11-29,383.6749572753906
2023-11-30,382.71044921875
2023-12-01,383.802978515625
2023-12-04,380.2398986816406
2023-12-05,381.1947326660156
2023-12-06,378.98992919921875
2023-12-07,384.2852783203125
2023-12-08,385.99786376953125
2023-12-11,389.2951354980469
2023-12-12,392.39556884765625
2023-12-13,397.3857727050781
2023-12-14,397.04132080078125
2023-12-15,398.9605407714844
2023-12-18,401.4735412597656
2023-12-19,403.5248107910156
2023-12-20,397.5285949707031
2023-12-21,402.1539611816406
2023-12-22,402.755615234375
2023-12-26,405.2212219238281
2023-12-27,406.0460510253906
2023-12-28,405.8487548828125
2023-12-29,404.09234619140625
2024-01-02,397.25421142578125
2024-01-03,393.0506591796875
2024-01-04,391.02783203125
2024-01-05,391.4915771484375
2024-01-08,399.5829162597656
2024-01-09,400.37237548828125
2024-01-10,403.08587646484375
2024-01-11,403.92462158203125
2024-01-12,404.1318054199219
2024-01-16,404.09234619140625
2024-01-17,401.8129577636719
2024-01-18,407.5163269042969
2024-01-19,415.5978088378906
2024-01-22,416.1405334472656
2024-01-23,417.86737060546875
2024-01-24,420.1861572265625
2024-01-25,420.6992492675781
2024-01-26,418.19293212890625
2024-01-29,422.47540283203125
2024-01-30,419.6632385253906
2024-01-31,411.443603515625
2024-02-01,416.2885437011719
2024-02-02,423.32403564453125
2024-02-05,422.771484375
2024-02-06,421.9228210449219
2024-02-07,426.2644958496094
2024-02-08,427.0539855957031
2024-02-09,431.2574462890625
2024-02-12,429.57012939453125
2024-02-13,422.8701171875
2024-02-14,427.4782409667969
2024-02-15,428.75115966796875
2024-02-16,424.86334228515625
2024-02-20,421.6564636230469
2024-02-21,419.9691162109375
2024-02-22,432.263916015625
2024-02-23,430.9910888671875
2024-02-26,430.7640686035156
2024-02-27,431.8002014160156
2024-02-28,429.50103759765625
2024-02-29,433.18157958984375
2024-03-01,439.7040100097656
2024-03-04,438.1351013183594
2024-03-05,430.270751953125
2024-03-06,432.974365234375
2024-03-07,439.5461120605469
2024-03-08,433.20135498046875
2024-03-11,431.593017578125
2024-03-12,437.7798767089844
2024-03-13,434.4150695800781
2024-03-14,433.3197937011719
2024-03-15,428.1689453125
2024-03-18,432.2526550292969
2024-03-19,433.3295593261719
2024-03-20,438.4674072265625
2024-03-21,440.5423278808594
2024-03-22,441.0462341308594
2024-03-25,439.44561767578125
2024-03-26,438.0227966308594
2024-03-27,439.5147705078125
2024-03-28,438.7045593261719
2024-04-01,439.63336181640625
2024-04-02,435.83917236328125
2024-04-03,436.8173828125
2024-04-04,430.1381530761719
2024-04-05,435.20684814453125
2024-04-08,435.3352966308594
2024-04-09,436.9458312988281
2024-04-10,433.1319580078125
2024-04-11,440.0483093261719
2024-04-12,433.03314208984375
2024-04-15,425.9093017578125
2024-04-16,425.9488220214844
2024-04-17,420.75164794921875
2024-04-18,418.3507385253906
2024-04-19,409.6954040527344
2024-04-22,413.8155517578125
2024-04-23,419.9908447265625
2024-04-24,421.4136657714844
2024-04-25,419.3782958984375
2024-04-26,425.85003662109375
2024-04-29,427.5790710449219
2024-04-30,419.5166320800781
2024-05-01,416.4832458496094
2024-05-02,421.7989807128906
2024-05-03,430.27642822265625
2024-05-06,434.989501953125
2024-05-07,435.0586242675781
2024-05-08,434.8017578125
2024-05-09,435.750244140625
2024-05-10,436.7778625488281
2024-05-13,437.7856750488281
2024-05-14,440.60162353515625
2024-05-15,447.48828125
2024-05-16,446.5793762207031
2024-05-17,446.3619384765625
2024-05-20,449.4743347167969
2024-05-21,450.3536376953125
2024-05-22,450.2647399902344
2024-05-23,448.23931884765625
2024-05-24,452.47802734375
2024-05-28,454.18731689453125
2024-05-29,450.9860534667969
2024-05-30,446.1543884277344
2024-05-31,445.32452392578125
2024-06-03,447.7156066894531
2024-06-04,448.9407653808594
2024-06-05,457.9913635253906
2024-06-06,457.83319091796875
2024-06-07,457.4281005859375
2024-06-10,459.2757568359375
2024-06-11,462.4276428222656
2024-06-12,468.4844055175781
2024-06-13,471.0236511230469
2024-06-14,473.46417236328125
2024-06-17,479.2640686035156
2024-06-18,479.41229248046875
2024-06-20,475.7169494628906
2024-06-21,474.4423522949219
2024-06-24,469.0409851074219
2024-06-25,474.4047546386719
2024-06-26,475.3844909667969
2024-06-27,476.611572265625
2024-06-28,474.1375732421875
2024-07-01,476.9183654785156
2024-07-02,481.9258728027344
2024-07-03,485.94378662109375
2024-07-05,491.0105895996094
2024-07-08,492.1783142089844
2024-07-09,492.6039123535156
2024-07-10,497.74005126953125
2024-07-11,486.8244934082031
2024-07-12,489.68450927734375
2024-07-15,491.0007019042969
2024-07-16,491.188720703125
2024-07-17,476.7699279785156
2024-07-18,474.5135803222656
2024-07-19,470.3077087402344
2024-07-22,477.31427001953125
2024-07-23,475.6319274902344
2024-07-24,458.5708312988281
2024-07-25,453.51385498046875
2024-07-26,458.1650695800781
2024-07-29,459.08538818359375
2024-07-30,452.7815246582031
2024-07-31,466.1809997558594
2024-08-01,454.889404296875
2024-08-02,444.0926208496094
2024-08-05,430.85150146484375
2024-08-06,434.9683532714844
2024-08-07,430.2577209472656
2024-08-08,443.41973876953125
2024-08-09,445.73541259765625
2024-08-12,446.69537353515625
2024-08-13,457.7790832519531
2024-08-14,457.92755126953125
2024-08-15,469.49627685546875
2024-08-16,470.0999450683594
2024-08-19,476.27508544921875
2024-08-20,475.275634765625
2024-08-21,477.4924011230469
2024-08-22,469.9217529296875
2024-08-23,475.0183410644531
2024-08-26,470.4067077636719
2024-08-27,471.81195068359375
2024-08-28,466.4581298828125
2024-08-29,465.7752685546875
2024-08-30,471.3270263671875
2024-09-03,457.0171203613281
2024-09-04,455.82952880859375
2024-09-05,456.2551574707031
2024-09-06,444.03326416015625
2024-09-09,449.7433776855469
2024-09-10,453.8998718261719
2024-09-11,463.75640869140625
2024-09-12,468.3086853027344
2024-09-13,470.4067077636719
2024-09-16,468.32843017578125
2024-09-17,468.5758972167969
2024-09-18,466.54718017578125
2024-09-19,478.3434143066406
2024-09-20,477.4330139160156
2024-09-23,478.69854736328125
2024-09-24,481.00750732421875
2024-09-25,481.4535217285156
2024-09-26,485.07073974609375
2024-09-27,482.37518310546875
2024-09-30,483.68328857421875
2024-10-01,476.94439697265625
2024-10-02,477.61834716796875
2024-10-03,477.26153564453125
2024-10-04,482.9400939941406
2024-10-07,477.7669982910156
2024-10-08,484.90228271484375
2024-10-09,488.7176208496094
2024-10-10,488.16265869140625
2024-10-11,488.92572021484375
2024-10-14,493.028564453125
2024-10-15,486.4383544921875
2024-10-16,486.4977722167969
2024-10-17,486.834716796875
2024-10-18,490.02581787109375
2024-10-21,490.9672546386719
2024-10-22,491.50238037109375
2024-10-23,483.97064208984375
2024-10-24,487.8951110839844
2024-10-25,490.8681335449219
2024-10-28,490.9473876953125
2024-10-29,495.6646423339844
2024-10-30,491.9186096191406
2024-10-31,479.5012512207031
2024-11-01,483.049072265625
2024-11-04,481.641845703125
2024-11-05,487.7861022949219
2024-11-06,501.0359191894531
2024-11-07,508.92437744140625
2024-11-08,509.51904296875
2024-11-11,509.2217102050781
2024-11-12,508.29998779296875
2024-11-13,507.64599609375
2024-11-14,504.11798095703125
2024-11-15,492.1069030761719
2024-11-18,495.52587890625
2024-11-19,498.9349060058594
2024-11-20,498.6476135253906
2024-11-21,500.4413757324219
2024-11-22,501.2440490722656
2024-11-25,502.036865234375
2024-11-26,504.7323913574219
2024-11-27,500.7584533691406
2024-11-29,505.1585388183594
2024-12-02,510.6585998535156
2024-12-03,512.2244262695312
2024-12-04,518.5570068359375
2024-12-05,517.1200561523438
2024-12-06,521.7479858398438
2024-12-09,517.6849365234375
2024-12-10,515.9209594726562
2024-12-11,525.1571655273438
2024-12-12,521.7679443359375
2024-12-13,525.76171875
2024-12-16,533.3329467773438
2024-12-17,530.9843139648438
2024-12-18,511.8280334472656
2024-12-19,509.5487060546875
2024-12-20,513.9984130859375
2024-12-23,519.006103515625
2024-12-24,526.043701171875
2024-12-26,525.6864013671875
2024-12-27,518.6984252929688
2024-12-30,511.7997741699219
2024-12-31,507.4521484375
2025-01-02,506.4595031738281
2025-01-03,514.747802734375
2025-01-06,520.6637573242188
2025-01-07,511.3728332519531
2025-01-08,511.4622497558594
2025-01-10,503.44195556640625
2025-01-13,501.8240051269531
2025-01-14,501.3475341796875
2025-01-15,512.8817138671875
2025-01-16,509.2884521484375
2025-01-17,517.8844604492188
2025-01-21,520.9217529296875
2025-01-22,527.5823364257812
2025-01-23,528.7039184570312
2025-01-24,525.716064453125
2025-01-27,510.41009521484375
2025-01-28,517.9539184570312
2025-01-29,516.9812622070312
2025-01-30,519.1847534179688
2025-01-31,518.4303588867188
2025-02-03,514.2813720703125
2025-02-04,520.5941772460938
2025-02-05,522.9566650390625
2025-02-06,525.6864013671875
2025-02-07,519.0557250976562
2025-02-10,525.3388671875
2025-02-11,524.0881958007812
2025-02-12,524.39599609375
2025-02-13,531.9397583007812
2025-02-14,534.1732177734375
2025-02-18,535.3841552734375
2025-02-19,535.5330810546875
2025-02-20,533.260009765625
2025-02-21,522.1923828125
2025-02-24,516.0281982421875
2025-02-25,509.5267639160156
2025-02-26,510.7574768066406
2025-02-27,496.5730895996094
2025-02-28,504.41473388671875
2025-03-03,493.37689208984375
2025-03-04,491.88800048828125
2025-03-05,498.3002014160156
2025-03-06,484.5923156738281
2025-03-07,488.1557922363281
2025-03-10,469.23663330078125
2025-03-11,468.11492919921875
2025-03-12,473.3956604003906
2025-03-13,464.8790283203125
2025-03-14,476.1153564453125
2025-03-17,479.202392578125
2025-03-18,471.0332336425781
2025-03-19,477.33636474609375
2025-03-20,475.7183837890625
2025-03-21,477.2867126464844
2025-03-24,487.76043701171875
2025-03-25,490.5438537597656
2025-03-26,481.5175476074219
2025-03-27,478.7738342285156
2025-03-28,466.1687927246094
2025-03-31,466.14892578125
2025-04-01,469.90655517578125
2025-04-02,473.336181640625
2025-04-03,447.99676513671875
2025-04-04,420.1722106933594
2025-04-07,421.1861877441406
2025-04-08,413.60125732421875
2025-04-09,463.24615478515625
2025-04-10,443.54327392578125
2025-04-11,451.71466064453125
2025-04-14,454.7765197753906
2025-04-15,455.28350830078125
2025-04-16,441.5550842285156
2025-04-17,441.4755859375
2025-04-21,430.55047607421875
2025-04-22,441.8533630371094
2025-04-23,451.8737487792969
2025-04-24,464.5881652832031
2025-04-25,469.76739501953125
2025-04-28,469.61822509765625
2025-04-29,472.7198181152344
2025-04-30,472.6601867675781
2025-05-01,478.8334655761719
2025-05-02,485.9411926269531
2025-05-05,483.058349609375
2025-05-06,478.5650634765625
2025-05-07,480.44390869140625
2025-05-08,485.4044189453125
2025-05-09,485.0862731933594
2025-05-12,504.84881591796875
2025-05-13,512.5431518554688
2025-05-14,515.6148071289062
2025-05-15,516.1814575195312
2025-05-16,518.4280395507812
2025-05-19,518.9251098632812
2025-05-20,517.1954345703125
2025-05-21,510.00811767578125
2025-05-22,510.9624938964844
2025-05-23,506.2306213378906
2025-05-27,518.1398315429688
2025-05-28,515.8434448242188
2025-05-29,516.857421875
2025-05-30,516.0422973632812
2025-06-02,520.1181030273438
2025-06-03,524.183837890625
2025-06-04,525.6452026367188
2025-06-05,521.6886596679688
2025-06-06,526.7883911132812
2025-06-09,527.5638427734375
2025-06-10,531.0530395507812
2025-06-11,529.2636108398438
2025-06-12,530.5062866210938
2025-06-13,523.8458251953125
2025-06-16,531.1326293945312
2025-06-17,525.953369140625
2025-06-18,525.8638916015625
2025-06-20,523.7167358398438
2025-06-23,529.1017456054688
2025-06-24,537.1928100585938
2025-06-25,538.5661010742188
2025-06-26,543.6018676757812
2025-06-27,545.4629516601562
2025-06-30,548.9959716796875
2025-07-01,544.3681640625
2025-07-02,548.1599731445312
2025-07-03,553.5538940429688
2025-07-07,549.3841552734375
2025-07-08,549.6925659179688
2025-07-09,553.5838623046875
2025-07-10,552.7876586914062
2025-07-11,551.543701171875
2025-07-14,553.5440063476562
2025-07-15,554.051513671875
2025-07-16,554.6187744140625
2025-07-17,559.1072387695312
2025-07-18,558.56982421875
2025-07-21,561.4658203125
2025-07-22,558.5598754882812
2025-07-23,561.1076049804688
2025-07-24,562.3018188476562
2025-07-25,563.6553344726562
2025-07-28,565.4169311523438
2025-07-29,564.5410766601562
2025-07-30,565.2974243164062
2025-07-31,562.3018188476562
2025-08-01,551.2251586914062
2025-08-04,561.3961181640625
2025-08-05,557.5845947265625
2025-08-06,564.6007690429688
2025-08-07,566.5115356445312
2025-08-08,571.7960815429688
2025-08-11,570.104248046875
2025-08-12,577.2697143554688
2025-08-13,577.558349609375
2025-08-14,577.1104736328125
2025-08-15,574.57275390625
2025-08-18,574.3438110351562
2025-08-19,566.5513916015625
2025-08-20,563.1876220703125
2025-08-21,560.5802001953125
2025-08-22,569.2284545898438
2025-08-25,567.5864868164062
2025-08-26,569.8653564453125
2025-08-27,570.7412109375
2025-08-28,574.3140258789062
2025-08-29,567.666015625
2025-09-02,562.9088745117188
2025-09-03,567.3375854492188
2025-09-04,572.4728393554688
2025-09-05,573.298828125
2025-09-08,576.0953979492188
2025-09-09,577.7276000976562
2025-09-10,577.9166870117188
2025-09-11,581.2804565429688
2025-09-12,583.8480224609375
2025-09-15,588.8439331054688
2025-09-16,588.3463745117188
2025-09-17,587.1720581054688
2025-09-18,592.466552734375
2025-09-19,596.4771728515625
2025-09-22,600.0083618164062
2025-09-23,596.0228881835938
2025-09-24,593.9305419921875
2025-09-25,591.3699340820312
2025-09-26,593.8009643554688
2025-09-29,596.5509643554688
2025-09-30,598.1849975585938
2025-10-01,601.0545043945312
2025-10-02,603.5255126953125
2025-10-03,600.9848022460938
2025-10-06,605.498291015625
2025-10-07,602.3099975585938
2025-10-08,609.2147216796875
2025-10-09,608.4774169921875
2025-10-10,587.3545532226562
2025-10-13,599.8190307617188
2025-10-14,595.8236694335938
2025-10-15,600.0282592773438
2025-10-16,597.806396484375
2025-10-17,601.7320556640625
2025-10-20,609.3143310546875
2025-10-21,609.1549072265625
2025-10-22,603.286376953125
2025-10-23,608.35791015625
2025-10-24,614.8540649414062
2025-10-27,625.80419921875
2025-10-28,630.6165161132812
2025-10-29,633.4561767578125
2025-10-30,623.7715454101562
2025-10-31,626.7805786132812
2025-11-03,629.7796630859375
2025-11-04,616.996337890625
2025-11-05,621.0116577148438
2025-11-06,609.44384765625
2025-11-07,607.5209350585938
2025-11-10,620.9617919921875
2025-11-11,619.307861328125
2025-11-12,618.8196411132812
2025-11-13,606.1858520507812
2025-11-14,606.64404296875
2025-11-17,601.4630126953125
2025-11-18,594.1397705078125
2025-11-19,597.6868286132812
2025-11-20,583.5385131835938
2025-11-21,587.9224853515625
2025-11-24,602.9575805664062
2025-11-25,606.674072265625
2025-11-26,612.034423828125
2025-11-28,616.996337890625
2025-12-01,614.923828125
2025-12-02,619.7362670898438
2025-12-03,621.2507934570312
2025-12-04,620.6728515625
2025-12-05,623.2036743164062
2025-12-08,622.0079956054688
2025-12-09,622.7752075195312
2025-12-10,625.3258666992188
2025-12-11,623.3033447265625
2025-12-12,611.3867797851562
2025-12-15,608.3179931640625
2025-12-16,609.5235595703125
2025-12-17,598.2247924804688
2025-12-18,606.8931884765625
2025-12-19,614.8042602539062
2025-12-22,617.7513427734375
2025-12-23,620.6444702148438
2025-12-24,622.460205078125
2025-12-26,622.4203491210938
2025-12-29,619.4074096679688
2025-12-30,617.9707641601562
2025-12-31,612.8628540039062
2026-01-02,611.6756591796875
2026-01-05,616.5341796875
2026-01-06,621.951416015625
2026-01-07,622.550048828125
2026-01-08,619.0083618164062
2026-01-09,625.173828125
2026-01-12,625.6925659179688
2026-01-13,624.7647705078125
2026-01-14,618.0905151367188
2026-01-15,620.3153076171875
2026-01-16,619.7965087890625
2026-01-20,606.6276245117188
2026-01-21,614.8282470703125
2026-01-22,619.2976684570312
2026-01-23,621.2530517578125
2026-01-26,623.9866333007812
2026-01-27,629.6432495117188
2026-01-28,631.728271484375
2026-01-29,627.9472045898438
2026-01-30,620.405029296875
2026-02-02,624.6650390625
2026-02-03,615.0676879882812
2026-02-04,604.322998046875
2026-02-05,595.6235961914062
2026-02-06,608.2138671875
2026-02-09,612.8728637695312
2026-02-10,610.029541015625
2026-02-11,611.6657104492188
2026-02-12,599.22509765625
2026-02-13,600.5020141601562
2026-02-17,599.8834838867188
2026-02-18,604.3629760742188
2026-02-19,602.04833984375
2026-02-20,607.3757934570312
2026-02-23,599.9932250976562
2026-02-24,606.4380493164062
2026-02-25,615.227294921875
2026-02-26,607.8048095703125
2026-02-27,605.8594360351562
2026-03-02,606.6575317382812
2026-03-03,600.162841796875
2026-03-04,609.3112182617188
2026-03-05,607.4755859375
2026-03-06,598.337158203125
2026-03-09,606.3283081054688
2026-03-10,606.3383178710938
2026-03-11,606.2584228515625
2026-03-12,595.85302734375
2026-03-13,592.3213500976562
2026-03-16,598.9656982421875
2026-03-17,601.8887939453125
2026-03-18,593.4986572265625
2026-03-19,591.623046875
2026-03-20,580.6888427734375
2026-03-23,587.3545532226562
2026-03-24,583.3389282226562
2026-03-25,587.1747436523438
2026-03-26,573.1600952148438
2026-03-27,561.9624633789062
2026-03-30,557.6671752929688
2026-03-31,576.54638671875
2026-04-01,583.6685791015625
2026-04-02,584.3378295898438
2026-04-06,587.85400390625
2026-04-07,587.9439086914062
2026-04-08,605.4246826171875
2026-04-09,609.5202026367188
2026-04-10,610.3992309570312
2026-04-13,616.7122802734375
2026-04-14,627.909912109375
2026-04-15,636.7003173828125
2026-04-16,639.7669067382812
2026-04-17,648.1376953125
2026-04-20,646.0799560546875
2026-04-21,643.6226806640625
2026-04-22,654.390869140625
2026-04-23,650.7048950195312
2026-04-24,663.1512451171875
2026-04-27,663.5008544921875
2026-04-28,656.8281860351562
2026-04-29,660.84375
2026-04-30,667.0069580078125
2026-05-01,673.4099731445312
2026-05-04,672.141357421875
2026-05-05,680.8617553710938
2026-05-06,695.0062255859375
2026-05-07,694.1771240234375
2026-05-08,710.44921875
2026-05-11,712.5069580078125
2026-05-12,706.463623046875
2026-05-13,713.9254760742188
2026-05-14,718.9998168945312
2026-05-15,708.1517944335938
2026-05-18,705.1051025390625
2026-05-19,700.7599487304688
2026-05-20,712.3671875
2026-05-21,713.7256469726562
2026-05-22,716.7523193359375
2026-05-26,729.4783935546875
2026-05-27,728.6492919921875
2026-05-28,734.79248046875
2026-05-29,737.49951171875
2026-06-01,741.9246826171875
2026-06-02,745.3408813476562
2026-06-03,743.39306640625
2026-06-04,739.7969970703125
2026-06-05,704.2860107421875
2026-06-08,715.283935546875
2026-06-09,707.052978515625
2026-06-10,692.9285278320312
2026-06-11,716.332763671875
2026-06-12,720.5481567382812
2026-06-15,743.1832885742188
2026-06-16,729.0587768554688
2026-06-17,721.7168579101562
2026-06-18,739.8070068359375
2026-06-22,737.9500122070312
2026-06-23,713.6500244140625
2026-06-24,710.6199951171875
2026-06-25,716.3800048828125
2026-06-26,706.52001953125
2026-06-29,724.0800170898438
2026-06-30,736.4000244140625
2026-07-01,725.1699829101562
2026-07-02,712.5999755859375
2026-07-06,722.8200073242188
2026-07-07,709.4299926757812
2026-07-08,711.4400024414062
2026-07-09,723.280029296875
2026-07-10,725.510009765625
2026-07-13,711.739990234375
2026-07-14,719.6900024414062
2026-07-15,717.739990234375
2026-07-16,705.9400024414062
2026-07-17,695.3300170898438
2026-07-20,696.0599975585938
2026-07-21,708.969970703125
2026-07-22,705.3499755859375
