Date,adj_close
1993-01-29,24.113265991210938
1993-02-01,24.284753799438477
1993-02-02,24.336238861083984
1993-02-03,24.593463897705078
1993-02-04,24.69635009765625
1993-02-05,24.679222106933594
1993-02-08,24.679222106933594
1993-02-09,24.507720947265625
1993-02-10,24.54201316833496
1993-02-11,24.662067413330078
1993-02-12,24.47341537475586
1993-02-16,23.856008529663086
1993-02-17,23.838848114013672
1993-02-18,23.82171630859375
1993-02-19,23.907472610473633
1993-02-22,23.99320411682129
1993-02-23,23.976055145263672
1993-02-24,24.284753799438477
1993-02-25,24.336238861083984
1993-02-26,24.370508193969727
1993-03-01,24.301916122436523
1993-03-02,24.662067413330078
1993-03-03,24.76497459411621
1993-03-04,24.627763748168945
1993-03-05,24.559165954589844
1993-03-08,25.107973098754883
1993-03-09,25.022226333618164
1993-03-10,25.07368278503418
1993-03-11,25.005081176757812
1993-03-12,24.747814178466797
1993-03-15,24.86785888671875
1993-03-16,24.86785888671875
1993-03-17,24.713520050048828
1993-03-18,24.86785888671875
1993-03-19,24.830245971679688
1993-03-22,24.69239044189453
1993-03-23,24.744083404541016
1993-03-24,24.744083404541016
1993-03-25,24.899152755737305
1993-03-26,24.76131820678711
1993-03-29,24.864694595336914
1993-03-30,24.933618545532227
1993-03-31,24.91638946533203
1993-04-01,24.830245971679688
1993-04-02,24.313297271728516
1993-04-05,24.43391990661621
1993-04-06,24.365005493164062
1993-04-07,24.451156616210938
1993-04-08,24.416688919067383
1993-04-12,24.76131820678711
1993-04-13,24.8129940032959
1993-04-14,24.778549194335938
1993-04-15,24.778549194335938
1993-04-16,24.778549194335938
1993-04-19,24.67516326904297
1993-04-20,24.554533004760742
1993-04-21,24.537294387817383
1993-04-22,24.227148056030273
1993-04-23,24.123775482177734
1993-04-26,23.934223175048828
1993-04-27,24.19268035888672
1993-04-28,24.1409912109375
1993-04-29,24.244386672973633
1993-04-30,24.278841018676758
1993-05-03,24.43391990661621
1993-05-04,24.520084381103516
1993-05-05,24.589000701904297
1993-05-06,24.502843856811523
1993-05-07,24.451156616210938
1993-05-10,24.502843856811523
1993-05-11,24.606233596801758
1993-05-12,24.571775436401367
1993-05-13,24.278841018676758
1993-05-14,24.2616024017334
1993-05-17,24.34775733947754
1993-05-18,24.330547332763672
1993-05-19,24.830245971679688
1993-05-20,24.899152755737305
1993-05-21,24.67516326904297
1993-05-24,24.778549194335938
1993-05-25,24.830245971679688
1993-05-26,25.14040184020996
1993-05-27,25.054241180419922
1993-05-28,24.933618545532227
1993-06-01,25.174850463867188
1993-06-02,25.14040184020996
1993-06-03,25.054241180419922
1993-06-04,24.968093872070312
1993-06-07,24.88193702697754
1993-06-08,24.657917022705078
1993-06-09,24.744083404541016
1993-06-10,24.76131820678711
1993-06-11,24.864694595336914
1993-06-14,24.830245971679688
1993-06-15,24.778549194335938
1993-06-16,24.830245971679688
1993-06-17,24.91638946533203
1993-06-18,24.71120262145996
1993-06-21,24.763263702392578
1993-06-22,24.78061866760254
1993-06-23,24.555021286010742
1993-06-24,24.884737014770508
1993-06-25,24.867395401000977
1993-06-28,25.14505386352539
1993-06-29,25.02357292175293
1993-06-30,25.02357292175293
1993-07-01,24.95416259765625
1993-07-02,24.81533432006836
1993-07-06,24.555021286010742
1993-07-07,24.624446868896484
1993-07-08,24.902088165283203
1993-07-09,24.971513748168945
1993-07-12,24.95416259765625
1993-07-13,24.936805725097656
1993-07-14,25.02357292175293
1993-07-15,24.91944694519043
1993-07-16,24.850038528442383
1993-07-19,24.832674026489258
1993-07-20,24.902088165283203
1993-07-21,24.884737014770508
1993-07-22,24.71120262145996
1993-07-23,24.832674026489258
1993-07-26,24.971513748168945
1993-07-27,24.95416259765625
1993-07-28,24.902088165283203
1993-07-29,25.040916442871094
1993-07-30,24.902088165283203
1993-08-02,24.971513748168945
1993-08-03,24.988847732543945
1993-08-04,24.988847732543945
1993-08-05,24.936805725097656
1993-08-06,24.971513748168945
1993-08-09,25.110326766967773
1993-08-10,25.092973709106445
1993-08-11,25.092973709106445
1993-08-12,25.02357292175293
1993-08-13,25.058277130126953
1993-08-16,25.197093963623047
1993-08-17,25.28386688232422
1993-08-18,25.422698974609375
1993-08-19,25.422698974609375
1993-08-20,25.440044403076172
1993-08-23,25.387969970703125
1993-08-24,25.6656436920166
1993-08-25,25.682994842529297
1993-08-26,25.700340270996094
1993-08-27,25.682994842529297
1993-08-30,25.787111282348633
1993-08-31,25.85651969909668
1993-09-01,25.821821212768555
1993-09-02,25.73506736755371
1993-09-03,25.75240135192871
1993-09-07,25.578872680664062
1993-09-08,25.492103576660156
1993-09-09,25.544157028198242
1993-09-10,25.769763946533203
1993-09-13,25.787111282348633
1993-09-14,25.682994842529297
1993-09-15,25.75240135192871
1993-09-16,25.64829444885254
1993-09-17,25.598552703857422
1993-09-20,25.38903045654297
1993-09-21,25.301713943481445
1993-09-22,25.511245727539062
1993-09-23,25.650930404663086
1993-09-24,25.58110809326172
1993-09-27,25.860477447509766
1993-09-28,25.808086395263672
1993-09-29,25.720792770385742
1993-09-30,25.66840362548828
1993-10-01,25.790634155273438
1993-10-04,25.825565338134766
1993-10-05,25.790634155273438
1993-10-06,25.773170471191406
1993-10-07,25.703317642211914
1993-10-08,25.738256454467773
1993-10-11,25.790634155273438
1993-10-12,25.825565338134766
1993-10-13,25.825565338134766
1993-10-14,26.157312393188477
1993-10-15,26.297025680541992
1993-10-18,26.227170944213867
1993-10-19,26.035099029541016
1993-10-20,26.070022583007812
1993-10-21,26.035099029541016
1993-10-22,25.912857055664062
1993-10-25,25.982709884643555
1993-10-26,25.96525001525879
1993-10-27,25.982709884643555
1993-10-28,26.174787521362305
1993-10-29,26.174787521362305
1993-11-01,26.244632720947266
1993-11-02,26.227170944213867
1993-11-03,25.895408630371094
1993-11-04,25.61602020263672
1993-11-05,25.738256454467773
1993-11-08,25.773170471191406
1993-11-09,25.790634155273438
1993-11-10,25.982709884643555
1993-11-11,25.912857055664062
1993-11-12,26.035099029541016
1993-11-15,26.01762580871582
1993-11-16,26.139875411987305
1993-11-17,26.000173568725586
1993-11-18,25.930334091186523
1993-11-19,25.877944946289062
1993-11-22,25.720792770385742
1993-11-23,25.860477447509766
1993-11-24,25.96525001525879
1993-11-26,25.982709884643555
1993-11-29,25.877944946289062
1993-11-30,25.895408630371094
1993-12-01,25.930334091186523
1993-12-02,26.000173568725586
1993-12-03,26.104938507080078
1993-12-06,26.192249298095703
1993-12-07,26.174787521362305
1993-12-08,26.174787521362305
1993-12-09,26.08749008178711
1993-12-10,26.035099029541016
1993-12-13,26.192249298095703
1993-12-14,26.000173568725586
1993-12-15,25.96525001525879
1993-12-16,26.052562713623047
1993-12-17,26.195728302001953
1993-12-20,26.230905532836914
1993-12-21,26.142993927001953
1993-12-22,26.318815231323242
1993-12-23,26.30120849609375
1993-12-27,26.44188117980957
1993-12-28,26.49461555480957
1993-12-29,26.45945167541504
1993-12-30,26.353965759277344
1993-12-31,26.213321685791016
1994-01-03,26.142993927001953
1994-01-04,26.248483657836914
1994-01-05,26.30120849609375
1994-01-06,26.30120849609375
1994-01-07,26.45945167541504
1994-01-10,26.775897979736328
1994-01-11,26.723176956176758
1994-01-12,26.63526725769043
1994-01-13,26.564943313598633
1994-01-14,26.670434951782227
1994-01-17,26.670434951782227
1994-01-18,26.70559310913086
1994-01-19,26.63526725769043
1994-01-20,26.70559310913086
1994-01-21,26.65285301208496
1994-01-24,26.547359466552734
1994-01-25,26.547359466552734
1994-01-26,26.617671966552734
1994-01-27,26.86380958557129
1994-01-28,26.934133529663086
1994-01-31,27.127538681030273
1994-02-01,26.98688316345215
1994-02-02,27.162702560424805
1994-02-03,27.039642333984375
1994-02-04,26.42428970336914
1994-02-07,26.547359466552734
1994-02-08,26.564943313598633
1994-02-09,26.670434951782227
1994-02-10,26.44188117980957
1994-02-11,26.52979278564453
1994-02-14,26.564943313598633
1994-02-15,26.70559310913086
1994-02-16,26.68800926208496
1994-02-17,26.52979278564453
1994-02-18,26.37154769897461
1994-02-22,26.63526725769043
1994-02-23,26.564943313598633
1994-02-24,26.213321685791016
1994-02-25,26.33637046813965
1994-02-28,26.33637046813965
1994-03-01,26.230905532836914
1994-03-02,26.266071319580078
1994-03-03,26.195728302001953
1994-03-04,26.266071319580078
1994-03-07,26.406707763671875
1994-03-08,26.30120849609375
1994-03-09,26.42428970336914
1994-03-10,26.213321685791016
1994-03-11,26.353965759277344
1994-03-14,26.389142990112305
1994-03-15,26.37154769897461
1994-03-16,26.582517623901367
1994-03-17,26.582517623901367
1994-03-18,26.57672882080078
1994-03-21,26.505990982055664
1994-03-22,26.57672882080078
1994-03-23,26.559040069580078
1994-03-24,26.240768432617188
1994-03-25,25.993207931518555
1994-03-28,26.028562545776367
1994-03-29,25.51575469970703
1994-03-30,25.16212272644043
1994-03-31,25.23284912109375
1994-04-04,24.84383773803711
1994-04-05,25.35661506652832
1994-04-06,25.35661506652832
1994-04-07,25.48041534423828
1994-04-08,25.28590202331543
1994-04-11,25.391990661621094
1994-04-12,25.35661506652832
1994-04-13,25.224008560180664
1994-04-14,25.23284912109375
1994-04-15,25.23284912109375
1994-04-18,25.064868927001953
1994-04-19,25.100238800048828
1994-04-20,25.073701858520508
1994-04-21,25.409679412841797
1994-04-22,25.383153915405273
1994-04-25,25.648393630981445
1994-04-26,25.621889114379883
1994-04-28,25.436203002929688
1994-04-29,25.51575469970703
1994-05-02,25.674917221069336
1994-05-03,25.648393630981445
1994-05-04,25.60419273376465
1994-05-05,25.56882095336914
1994-05-06,25.321279525756836
1994-05-09,25.100238800048828
1994-05-10,25.294734954833984
1994-05-11,25.064868927001953
1994-05-12,25.18864631652832
1994-05-13,25.18864631652832
1994-05-16,25.19747543334961
1994-05-17,25.56882095336914
1994-05-18,25.75448989868164
1994-05-19,25.878259658813477
1994-05-20,25.78102684020996
1994-05-23,25.736804962158203
1994-05-24,25.842905044555664
1994-05-25,25.91363525390625
1994-05-26,25.931303024291992
1994-05-27,25.957828521728516
1994-05-31,25.92247772216797
1994-06-01,26.037410736083984
1994-06-02,26.010887145996094
1994-06-03,26.161178588867188
1994-06-06,26.15234375
1994-06-07,26.116975784301758
1994-06-08,25.9047908782959
1994-06-09,26.046255111694336
1994-06-10,26.090450286865234
1994-06-13,26.12583351135254
1994-06-14,26.32918357849121
1994-06-15,26.223068237304688
1994-06-16,26.276123046875
1994-06-17,26.12944984436035
1994-06-20,25.906967163085938
1994-06-21,25.684452056884766
1994-06-22,25.78237533569336
1994-06-23,25.631071090698242
1994-06-24,25.09709358215332
1994-06-27,25.53316879272461
1994-06-28,25.4085750579834
1994-06-29,25.488683700561523
1994-06-30,25.328475952148438
1994-07-01,25.381860733032227
1994-07-05,25.515369415283203
1994-07-06,25.479774475097656
1994-07-07,25.586578369140625
1994-07-08,25.57767677307129
1994-07-11,25.488683700561523
1994-07-12,25.52426528930664
1994-07-13,25.568777084350586
1994-07-14,25.84466552734375
1994-07-15,25.853565216064453
1994-07-18,25.89805793762207
1994-07-19,25.84466552734375
1994-07-20,25.728961944580078
1994-07-21,25.78237533569336
1994-07-22,25.826873779296875
1994-07-25,25.862472534179688
1994-07-26,25.83577537536621
1994-07-27,25.83577537536621
1994-07-28,25.889171600341797
1994-07-29,26.147253036499023
1994-08-01,26.271846771240234
1994-08-02,26.307456970214844
1994-08-03,26.316335678100586
1994-08-04,26.165061950683594
1994-08-05,26.07605743408203
1994-08-08,26.13835334777832
1994-08-09,26.182859420776367
1994-08-10,26.28074073791504
1994-08-11,26.182859420776367
1994-08-12,26.387548446655273
1994-08-15,26.37864112854004
1994-08-16,26.565532684326172
1994-08-17,26.547739028930664
1994-08-18,26.458740234375
1994-08-19,26.440950393676758
1994-08-22,26.414257049560547
1994-08-23,26.565532684326172
1994-08-24,26.85032844543457
1994-08-25,26.779138565063477
1994-08-26,27.16181755065918
1994-08-29,27.14402198791504
1994-08-30,27.2152156829834
1994-08-31,27.14402198791504
1994-09-01,27.05501937866211
1994-09-02,26.93931770324707
1994-09-06,26.94822120666504
1994-09-07,26.921512603759766
1994-09-08,27.05501937866211
1994-09-09,26.770235061645508
1994-09-12,26.690128326416016
1994-09-13,26.770235061645508
1994-09-14,26.796932220458984
1994-09-15,27.13511848449707
1994-09-16,26.942007064819336
1994-09-19,26.96886444091797
1994-09-20,26.458499908447266
1994-09-21,26.458499908447266
1994-09-22,26.395816802978516
1994-09-23,26.306289672851562
1994-09-26,26.440587997436523
1994-09-27,26.42266845703125
1994-09-28,26.628618240356445
1994-09-29,26.494314193725586
1994-09-30,26.458499908447266
1994-10-03,26.395816802978516
1994-10-04,26.00185775756836
1994-10-05,26.01081085205078
1994-10-06,25.930219650268555
1994-10-07,26.046619415283203
1994-10-10,26.32418441772461
1994-10-11,26.718156814575195
1994-10-12,26.753965377807617
1994-10-13,26.843509674072266
1994-10-14,26.959901809692383
1994-10-17,26.906179428100586
1994-10-18,26.843509674072266
1994-10-19,26.96886444091797
1994-10-20,26.78978157043457
1994-10-21,26.682334899902344
1994-10-24,26.458499908447266
1994-10-25,26.4853572845459
1994-10-26,26.583847045898438
1994-10-27,26.745018005371094
1994-10-28,27.309114456176758
1994-10-31,27.21061134338379
1994-11-01,26.906179428100586
1994-11-02,26.753965377807617
1994-11-03,26.89722442626953
1994-11-04,26.54804039001465
1994-11-07,26.628618240356445
1994-11-08,26.83456802368164
1994-11-09,26.87933349609375
1994-11-10,26.691295623779297
1994-11-11,26.592803955078125
1994-11-14,26.843509674072266
1994-11-15,26.753965377807617
1994-11-16,26.843509674072266
1994-11-17,26.664430618286133
1994-11-18,26.628618240356445
1994-11-21,26.360000610351562
1994-11-22,25.786954879760742
1994-11-23,25.930219650268555
1994-11-25,26.055580139160156
1994-11-28,26.171974182128906
1994-11-29,26.16301727294922
1994-11-30,26.127233505249023
1994-12-01,25.8675537109375
1994-12-02,26.10930824279785
1994-12-05,26.13616943359375
1994-12-06,26.15407371520996
1994-12-07,25.966035842895508
1994-12-08,25.7153377532959
1994-12-09,25.813800811767578
1994-12-12,25.98394775390625
1994-12-13,26.082447052001953
1994-12-14,26.21674919128418
1994-12-15,26.297327041625977
1994-12-16,26.42578125
1994-12-19,26.46188735961914
1994-12-20,26.380651473999023
1994-12-21,26.660430908203125
1994-12-22,26.579208374023438
1994-12-23,26.606277465820312
1994-12-27,26.75067710876465
1994-12-28,26.61532211303711
1994-12-29,26.633346557617188
1994-12-30,26.317480087280273
1995-01-03,26.443819046020508
1995-01-04,26.570175170898438
1995-01-05,26.570175170898438
1995-01-06,26.597259521484375
1995-01-09,26.624326705932617
1995-01-10,26.651390075683594
1995-01-11,26.669452667236328
1995-01-12,26.678485870361328
1995-01-13,26.9943790435791
1995-01-16,27.156818389892578
1995-01-17,27.165828704833984
1995-01-18,27.138769149780273
1995-01-19,26.985328674316406
1995-01-20,26.88606834411621
1995-01-23,26.96728515625
1995-01-24,27.003381729125977
1995-01-25,27.075592041015625
1995-01-26,27.102672576904297
1995-01-27,27.210968017578125
1995-01-30,27.09364891052246
1995-01-31,27.201942443847656
1995-02-01,27.19291114807129
1995-02-02,27.355369567871094
1995-02-03,27.74344825744629
1995-02-06,27.86077880859375
1995-02-07,27.89688491821289
1995-02-08,27.89688491821289
1995-02-09,27.89688491821289
1995-02-10,27.932979583740234
1995-02-13,27.942012786865234
1995-02-14,27.978097915649414
1995-02-15,28.13153839111328
1995-02-16,28.095430374145508
1995-02-17,27.987140655517578
1995-02-21,27.978097915649414
1995-02-22,28.185701370239258
1995-02-23,28.230817794799805
1995-02-24,28.303014755249023
1995-02-27,28.077402114868164
1995-02-28,28.31203269958496
1995-03-01,28.13153839111328
1995-03-02,28.167644500732422
1995-03-03,28.176668167114258
1995-03-06,28.19470977783203
1995-03-07,27.978097915649414
1995-03-08,28.050302505493164
1995-03-09,28.04126739501953
1995-03-10,28.456438064575195
1995-03-13,28.42938995361328
1995-03-14,28.636943817138672
1995-03-15,28.582799911499023
1995-03-16,28.754274368286133
1995-03-17,28.782882690429688
1995-03-20,28.782882690429688
1995-03-21,28.710277557373047
1995-03-22,28.73751449584961
1995-03-23,28.755664825439453
1995-03-24,29.16398811340332
1995-03-27,29.281953811645508
1995-03-28,29.281953811645508
1995-03-29,29.272878646850586
1995-03-30,29.218429565429688
1995-03-31,29.100460052490234
1995-04-03,29.173057556152344
1995-04-04,29.363609313964844
1995-04-05,29.363609313964844
1995-04-06,29.472518920898438
1995-04-07,29.44527816772461
1995-04-10,29.499725341796875
1995-04-11,29.399911880493164
1995-04-12,29.499725341796875
1995-04-13,29.663053512573242
1995-04-17,29.49064826965332
1995-04-18,29.390851974487305
1995-04-19,29.363609313964844
1995-04-20,29.408987045288086
1995-04-21,29.55417251586914
1995-04-24,29.898969650268555
1995-04-25,29.81732177734375
1995-04-26,29.84453010559082
1995-04-27,29.91712760925293
1995-04-28,29.96250343322754
1995-05-01,29.880844116210938
1995-05-02,29.944347381591797
1995-05-03,30.361764907836914
1995-05-04,30.34360694885254
1995-05-05,30.307313919067383
1995-05-08,30.525100708007812
1995-05-09,30.497875213623047
1995-05-10,30.534160614013672
1995-05-11,30.615846633911133
1995-05-12,30.633987426757812
1995-05-15,30.779163360595703
1995-05-16,30.79731559753418
1995-05-17,30.679338455200195
1995-05-18,30.234729766845703
1995-05-19,30.252866744995117
1995-05-22,30.58860969543457
1995-05-23,30.869911193847656
1995-05-24,30.851764678955078
1995-05-25,30.87898063659668
1995-05-26,30.525100708007812
1995-05-30,30.516021728515625
1995-05-31,31.151208877563477
1995-06-01,31.069541931152344
1995-06-02,31.096742630004883
1995-06-05,31.28729248046875
1995-06-06,31.232864379882812
1995-06-07,31.069541931152344
1995-06-08,30.996957778930664
1995-06-09,30.81546401977539
1995-06-12,30.98786735534668
1995-06-13,31.323612213134766
1995-06-14,31.296388626098633
1995-06-15,31.43250846862793
1995-06-16,31.525833129882812
1995-06-19,31.881784439086914
1995-06-20,31.799640655517578
1995-06-21,31.7813777923584
1995-06-22,32.20124053955078
1995-06-23,32.137351989746094
1995-06-26,31.753999710083008
1995-06-27,31.69011116027832
1995-06-28,31.85439109802246
1995-06-29,31.799640655517578
1995-06-30,31.7813777923584
1995-07-03,31.900035858154297
1995-07-05,32.01869201660156
1995-07-06,32.4294319152832
1995-07-07,32.575462341308594
1995-07-10,32.593719482421875
1995-07-11,32.43855285644531
1995-07-12,32.84014129638672
1995-07-13,32.76713180541992
1995-07-14,32.739768981933594
1995-07-17,32.92231369018555
1995-07-18,32.63935089111328
1995-07-19,32.28339385986328
1995-07-20,32.40205764770508
1995-07-21,32.365535736083984
1995-07-24,32.60284423828125
1995-07-25,32.849281311035156
1995-07-26,32.821903228759766
1995-07-27,33.095726013183594
1995-07-28,32.88580322265625
1995-07-31,32.80363464355469
1995-08-01,32.74888229370117
1995-08-02,32.67587661743164
1995-08-03,32.66673278808594
1995-08-04,32.7032470703125
1995-08-07,32.77626037597656
1995-08-08,32.77626037597656
1995-08-09,32.76713180541992
1995-08-10,32.694114685058594
1995-08-11,32.51156234741211
1995-08-14,32.80363464355469
1995-08-15,32.739768981933594
1995-08-16,32.83100891113281
1995-08-17,32.77626037597656
1995-08-18,32.812767028808594
1995-08-21,32.721492767333984
1995-08-22,32.785400390625
1995-08-23,32.66673278808594
1995-08-24,32.7032470703125
1995-08-25,32.88580322265625
1995-08-28,32.76713180541992
1995-08-29,32.849281311035156
1995-08-30,32.92231369018555
1995-08-31,32.949684143066406
1995-09-01,33.095726013183594
1995-09-05,33.40604019165039
1995-09-06,33.469940185546875
1995-09-07,33.488189697265625
1995-09-08,33.615970611572266
1995-09-11,33.70724868774414
1995-09-12,33.862430572509766
1995-09-13,34.017578125
1995-09-14,34.3278923034668
1995-09-15,34.31843566894531
1995-09-18,34.18997573852539
1995-09-19,34.35514450073242
1995-09-20,34.520301818847656
1995-09-21,34.2358512878418
1995-09-22,34.24503707885742
1995-09-25,34.18997573852539
1995-09-26,34.1807975769043
1995-09-27,34.15327835083008
1995-09-28,34.410179138183594
1995-09-29,34.3459587097168
1995-10-02,34.17162322998047
1995-10-03,34.20831298828125
1995-10-04,34.17162322998047
1995-10-05,34.2725715637207
1995-10-06,34.30007553100586
1995-10-09,34.015625
1995-10-10,33.997283935546875
1995-10-11,34.10739517211914
1995-10-12,34.31843566894531
1995-10-13,34.42854690551758
1995-10-16,34.263370513916016
1995-10-17,34.4927864074707
1995-10-18,34.59371566772461
1995-10-19,34.758888244628906
1995-10-20,34.54783248901367
1995-10-23,34.47444152832031
1995-10-24,34.51112365722656
1995-10-25,34.22667694091797
1995-10-26,33.91469955444336
1995-10-27,34.17162322998047
1995-10-30,34.391845703125
1995-10-31,34.24503707885742
1995-11-01,34.520301818847656
1995-11-02,34.74052810668945
1995-11-03,34.78641128540039
1995-11-06,34.66712951660156
1995-11-07,34.538658142089844
1995-11-08,34.85063552856445
1995-11-09,34.9791145324707
1995-11-10,34.96074295043945
1995-11-13,34.92406463623047
1995-11-14,34.694664001464844
1995-11-15,35.043331146240234
1995-11-16,35.236053466796875
1995-11-17,35.346160888671875
1995-11-20,35.16264343261719
1995-11-21,35.447105407714844
1995-11-22,35.33696365356445
1995-11-24,35.42874526977539
1995-11-27,35.437904357910156
1995-11-28,35.81414794921875
1995-11-29,35.85083770751953
1995-11-30,35.76826095581055
1995-12-01,35.81414794921875
1995-12-04,36.25456619262695
1995-12-05,36.4931755065918
1995-12-06,36.575740814208984
1995-12-07,36.38304901123047
1995-12-08,36.502349853515625
1995-12-11,36.6583366394043
1995-12-12,36.54823303222656
1995-12-13,36.777610778808594
1995-12-14,36.51151657104492
1995-12-15,36.524864196777344
1995-12-18,35.82320785522461
1995-12-19,36.201744079589844
1995-12-20,35.85088348388672
1995-12-21,36.035552978515625
1995-12-22,36.164798736572266
1995-12-26,36.340213775634766
1995-12-27,36.32177734375
1995-12-28,36.28483963012695
1995-12-29,36.33100509643555
1996-01-02,36.7187614440918
1996-01-03,36.82033920288086
1996-01-04,36.469478607177734
1996-01-05,36.395626068115234
1996-01-08,36.53410339355469
1996-01-09,35.90628433227539
1996-01-10,35.43541717529297
1996-01-11,35.647769927978516
1996-01-12,35.592376708984375
1996-01-15,35.51850128173828
1996-01-16,35.952449798583984
1996-01-17,35.84165954589844
1996-01-18,35.961708068847656
1996-01-19,36.201744079589844
1996-01-22,36.21096420288086
1996-01-23,36.29407501220703
1996-01-24,36.58950424194336
1996-01-25,36.46025085449219
1996-01-26,36.77417755126953
1996-01-29,36.92189407348633
1996-01-30,37.235816955566406
1996-01-31,37.62359619140625
1996-02-01,37.76206588745117
1996-02-02,37.60511779785156
1996-02-05,37.909812927246094
1996-02-06,38.26988220214844
1996-02-07,38.49146270751953
1996-02-08,38.90694046020508
1996-02-09,38.897708892822266
1996-02-12,39.19314956665039
1996-02-13,39.11005783081055
1996-02-14,38.76844024658203
1996-02-15,38.52838134765625
1996-02-16,38.37144470214844
1996-02-20,37.992889404296875
1996-02-21,38.46377944946289
1996-02-22,39.073123931884766
1996-02-23,38.962345123291016
1996-02-26,38.40837860107422
1996-02-27,38.288352966308594
1996-02-28,38.11293029785156
1996-02-29,37.74362564086914
1996-03-01,38.34375
1996-03-04,38.565345764160156
1996-03-05,38.925411224365234
1996-03-06,38.58378982543945
1996-03-07,38.7776985168457
1996-03-08,37.522029876708984
1996-03-11,37.95594787597656
1996-03-12,37.660526275634766
1996-03-13,37.91901779174805
1996-03-14,38.085227966308594
1996-03-15,38.059627532958984
1996-03-18,38.79226303100586
1996-03-19,38.708805084228516
1996-03-20,38.66242980957031
1996-03-21,38.56966781616211
1996-03-22,38.67170333862305
1996-03-25,38.59751510620117
1996-03-26,38.782997131347656
1996-03-27,38.430606842041016
1996-03-28,38.57897186279297
1996-03-29,38.393489837646484
1996-04-01,38.83864974975586
1996-04-02,38.91282272338867
1996-04-03,38.91282272338867
1996-04-04,38.885009765625
1996-04-08,38.2172966003418
1996-04-09,38.06889343261719
1996-04-10,37.39192199707031
1996-04-11,37.34556198120117
1996-04-12,37.81850814819336
1996-04-15,38.13380432128906
1996-04-16,38.245094299316406
1996-04-17,38.152366638183594
1996-04-18,38.208011627197266
1996-04-19,38.30075454711914
1996-04-22,38.59751510620117
1996-04-23,38.71806716918945
1996-04-24,38.57897186279297
1996-04-25,38.755165100097656
1996-04-26,38.83864974975586
1996-04-29,38.83864974975586
1996-04-30,38.81079864501953
1996-05-01,38.89427947998047
1996-05-02,38.226558685302734
1996-05-03,38.17091751098633
1996-05-06,38.13380432128906
1996-05-07,37.97615432739258
1996-05-08,38.44913101196289
1996-05-09,38.42130661010742
1996-05-10,38.801517486572266
1996-05-13,39.38577651977539
1996-05-14,39.62690734863281
1996-05-15,39.58051681518555
1996-05-16,39.66399383544922
1996-05-17,39.877296447753906
1996-05-20,40.146236419677734
1996-05-21,40.09059524536133
1996-05-22,40.47079849243164
1996-05-23,40.303897857666016
1996-05-24,40.4615364074707
1996-05-28,40.053489685058594
1996-05-29,39.7845573425293
1996-05-30,39.988582611083984
1996-05-31,39.691810607910156
1996-06-03,39.803096771240234
1996-06-04,40.081321716308594
1996-06-05,40.433719635009766
1996-06-06,40.136966705322266
1996-06-07,40.136966705322266
1996-06-10,40.00712585449219
1996-06-11,39.970027923583984
1996-06-12,39.895851135253906
1996-06-13,39.895851135253906
1996-06-14,39.72893142700195
1996-06-17,39.70108413696289
1996-06-18,39.37651062011719
1996-06-19,39.55270004272461
1996-06-20,39.524879455566406
1996-06-21,39.86484146118164
1996-06-24,39.93943405151367
1996-06-25,39.8928108215332
1996-06-26,39.622440338134766
1996-06-27,39.9021110534668
1996-06-28,40.04197692871094
1996-07-01,40.38692855834961
1996-07-02,40.237762451171875
1996-07-03,40.15385818481445
1996-07-05,39.12833786010742
1996-07-08,38.9698371887207
1996-07-09,39.12833786010742
1996-07-10,39.28681182861328
1996-07-11,38.4943733215332
1996-07-12,38.52235794067383
1996-07-15,37.38493728637695
1996-07-16,37.47816848754883
1996-07-17,37.92568588256836
1996-07-18,38.44775390625
1996-07-19,38.16808319091797
1996-07-22,37.88838577270508
1996-07-23,37.40359878540039
1996-07-24,37.47816848754883
1996-07-25,37.813785552978516
1996-07-26,38.01887512207031
1996-07-29,37.5993537902832
1996-07-30,37.96296310424805
1996-07-31,38.24264907836914
1996-08-01,38.87660598754883
1996-08-02,39.71567916870117
1996-08-05,39.48262405395508
1996-08-06,39.603790283203125
1996-08-07,39.706356048583984
1996-08-08,39.6411018371582
1996-08-09,39.51054382324219
1996-08-12,39.7995719909668
1996-08-13,39.48262405395508
1996-08-14,39.622440338134766
1996-08-15,39.54785919189453
1996-08-16,39.88346862792969
1996-08-19,39.9021110534668
1996-08-20,39.87416458129883
1996-08-21,39.734317779541016
1996-08-22,40.10723876953125
1996-08-23,39.8928108215332
1996-08-26,39.697025299072266
1996-08-27,39.846195220947266
1996-08-28,39.78093338012695
1996-08-29,39.38936233520508
1996-08-30,38.97916793823242
1996-09-03,39.23086166381836
1996-09-04,39.2681999206543
1996-09-05,38.79269790649414
1996-09-06,39.3427619934082
1996-09-09,39.80891036987305
1996-09-10,39.79025650024414
1996-09-11,40.01401901245117
1996-09-12,40.29368591308594
1996-09-13,40.909019470214844
1996-09-16,41.058170318603516
1996-09-17,40.964942932128906
1996-09-18,40.862388610839844
1996-09-19,41.02088928222656
1996-09-20,41.166412353515625
1996-09-23,41.15702438354492
1996-09-24,41.147640228271484
1996-09-25,41.17575454711914
1996-09-26,41.15702438354492
1996-09-27,41.19451141357422
1996-09-30,41.15702438354492
1996-10-01,41.381919860839844
1996-10-02,41.66305923461914
1996-10-03,41.625553131103516
1996-10-04,42.18782424926758
1996-10-07,42.234683990478516
1996-10-08,42.06599807739258
1996-10-09,41.73802947998047
1996-10-10,41.6536865234375
1996-10-11,42.169063568115234
1996-10-14,42.22530746459961
1996-10-15,42.169063568115234
1996-10-16,42.375267028808594
1996-10-17,42.487693786621094
1996-10-18,42.71259307861328
1996-10-21,42.6563835144043
1996-10-22,42.35651397705078
1996-10-23,42.4970588684082
1996-10-24,42.13159942626953
1996-10-25,42.169063568115234
1996-10-28,41.88795471191406
1996-10-29,42.22530746459961
1996-10-30,42.084739685058594
1996-10-31,42.487693786621094
1996-11-01,42.3377571105957
1996-11-04,42.618892669677734
1996-11-05,42.86254119873047
1996-11-06,43.68717956542969
1996-11-07,43.790252685546875
1996-11-08,44.03391647338867
1996-11-11,43.98702621459961
1996-11-12,43.85586166381836
1996-11-13,44.05262756347656
1996-11-14,44.343135833740234
1996-11-15,44.39936065673828
1996-11-18,44.408729553222656
1996-11-19,44.72734451293945
1996-11-20,44.80232238769531
1996-11-21,44.7366943359375
1996-11-22,45.08343505859375
1996-11-25,45.655052185058594
1996-11-26,45.505130767822266
1996-11-27,45.4207763671875
1996-11-29,45.58946990966797
1996-12-02,45.60816955566406
1996-12-03,44.830421447753906
1996-12-04,44.95222473144531
1996-12-05,44.830421447753906
1996-12-06,44.568023681640625
1996-12-09,45.22397994995117
1996-12-10,45.00847244262695
1996-12-11,44.59614562988281
1996-12-12,43.85586166381836
1996-12-13,43.96830368041992
1996-12-16,43.40602111816406
1996-12-17,43.75278854370117
1996-12-18,44.09947967529297
1996-12-19,45.00847244262695
1996-12-20,45.10722351074219
1996-12-23,44.99422836303711
1996-12-24,45.323814392089844
1996-12-26,45.67226791381836
1996-12-27,45.72874069213867
1996-12-30,45.333229064941406
1996-12-31,44.50455856323242
1997-01-02,44.6175422668457
1997-01-03,45.25790023803711
1997-01-06,44.862403869628906
1997-01-07,45.408565521240234
1997-01-08,45.013065338134766
1997-01-09,45.389739990234375
1997-01-10,45.8794059753418
1997-01-13,45.81352233886719
1997-01-14,46.38793182373047
1997-01-15,46.274925231933594
1997-01-16,46.4632568359375
1997-01-17,46.745784759521484
1997-01-20,46.802276611328125
1997-01-21,47.178955078125
1997-01-22,47.517948150634766
1997-01-23,46.858795166015625
1997-01-24,46.2561149597168
1997-01-27,46.124271392822266
1997-01-28,46.2561149597168
1997-01-29,46.70812225341797
1997-01-30,47.31080627441406
1997-01-31,47.254295349121094
1997-02-03,47.395538330078125
1997-02-04,47.68751525878906
1997-02-05,46.79286193847656
1997-02-06,47.10362243652344
1997-02-07,47.74396896362305
1997-02-10,47.29195022583008
1997-02-11,47.83816146850586
1997-02-12,48.51614761352539
1997-02-13,49.043521881103516
1997-02-14,48.930503845214844
1997-02-18,49.344852447509766
1997-02-19,49.01526641845703
1997-02-20,48.4219970703125
1997-02-21,48.440834045410156
1997-02-24,49.01526641845703
1997-02-25,49.05291748046875
1997-02-26,48.572662353515625
1997-02-27,47.847557067871094
1997-02-28,47.7062873840332
1997-03-03,48.02649688720703
1997-03-04,47.7628059387207
1997-03-05,48.572662353515625
1997-03-06,48.2901611328125
1997-03-07,48.72336196899414
1997-03-10,49.231868743896484
1997-03-11,48.96821594238281
1997-03-12,48.53501510620117
1997-03-13,47.781654357910156
1997-03-14,48.02649688720703
1997-03-17,48.158321380615234
1997-03-18,47.64036560058594
1997-03-19,47.480308532714844
1997-03-20,47.23546600341797
1997-03-21,47.45416259765625
1997-03-24,48.11588668823242
1997-03-25,47.64323806762695
1997-03-26,47.851192474365234
1997-03-27,46.58450698852539
1997-03-31,45.601383209228516
1997-04-01,45.894439697265625
1997-04-02,45.07200622558594
1997-04-03,45.317771911621094
1997-04-04,45.88495635986328
1997-04-07,46.06458282470703
1997-04-08,46.39541244506836
1997-04-09,46.01731491088867
1997-04-10,45.8471565246582
1997-04-11,44.391387939453125
1997-04-14,44.98691940307617
1997-04-15,45.752620697021484
1997-04-16,46.28200149536133
1997-04-17,46.092933654785156
1997-04-18,46.319801330566406
1997-04-21,46.01731491088867
1997-04-22,47.02880859375
1997-04-23,47.07604217529297
1997-04-24,46.83972930908203
1997-04-25,46.300907135009766
1997-04-28,46.75463104248047
1997-04-29,48.22932434082031
1997-04-30,48.456199645996094
1997-05-01,48.399471282958984
1997-05-02,49.26913833618164
1997-05-05,50.44133758544922
1997-05-06,50.403499603271484
1997-05-07,49.30698013305664
1997-05-08,49.647274017333984
1997-05-09,49.98757553100586
1997-05-12,50.8194465637207
1997-05-13,50.611480712890625
1997-05-14,50.706016540527344
1997-05-15,51.04629898071289
1997-05-16,50.34678649902344
1997-05-19,50.498046875
1997-05-20,51.103031158447266
1997-05-21,50.98961639404297
1997-05-22,50.8194465637207
1997-05-23,51.292091369628906
1997-05-27,51.50006103515625
1997-05-28,51.49058151245117
1997-05-29,51.188114166259766
1997-05-30,51.518943786621094
1997-06-02,51.292091369628906
1997-06-03,51.121944427490234
1997-06-04,51.06523132324219
1997-06-05,51.2542839050293
1997-06-06,52.256324768066406
1997-06-09,52.520965576171875
1997-06-10,52.68166732788086
1997-06-11,52.80457305908203
1997-06-12,53.82552719116211
1997-06-13,54.27927780151367
1997-06-16,54.29814910888672
1997-06-17,54.2225456237793
1997-06-18,54.03346633911133
1997-06-19,54.59120559692383
1997-06-20,54.40522003173828
1997-06-23,53.08609390258789
1997-06-24,54.43366241455078
1997-06-25,54.054080963134766
1997-06-26,53.788333892822266
1997-06-27,53.997135162353516
1997-06-30,53.63652420043945
1997-07-01,54.26285171508789
1997-07-02,55.154930114746094
1997-07-03,55.91409683227539
1997-07-07,55.344722747802734
1997-07-08,55.92356491088867
1997-07-09,55.306724548339844
1997-07-10,55.5534553527832
1997-07-11,55.74324035644531
1997-07-14,55.91409683227539
1997-07-15,56.19876480102539
1997-07-16,56.9389762878418
1997-07-17,56.65428161621094
1997-07-18,55.4490966796875
1997-07-21,55.458580017089844
1997-07-22,56.92949676513672
1997-07-23,56.882057189941406
1997-07-24,57.14775085449219
1997-07-25,57.10981750488281
1997-07-28,57.07185745239258
1997-07-29,57.26164627075195
1997-07-30,57.94489669799805
1997-07-31,57.88796615600586
1997-08-01,57.66020202636719
1997-08-04,57.812076568603516
1997-08-05,57.85002136230469
1997-08-06,58.324485778808594
1997-08-07,57.88796615600586
1997-08-08,56.71125030517578
1997-08-11,57.1287841796875
1997-08-12,56.217769622802734
1997-08-13,56.046939849853516
1997-08-14,56.255706787109375
1997-08-15,54.52854537963867
1997-08-18,55.74324035644531
1997-08-19,56.388580322265625
1997-08-20,57.24264907836914
1997-08-21,56.23673629760742
1997-08-22,56.217769622802734
1997-08-25,56.008975982666016
1997-08-26,55.183380126953125
1997-08-27,55.515499114990234
1997-08-28,54.670928955078125
1997-08-29,54.88913345336914
1997-09-02,56.67327880859375
1997-09-03,56.369564056396484
1997-09-04,56.7302131652832
1997-09-05,56.56887435913086
1997-09-08,56.815616607666016
1997-09-09,56.84404754638672
1997-09-10,55.66733169555664
1997-09-11,55.38267517089844
1997-09-12,56.27467346191406
1997-09-15,56.17976379394531
1997-09-16,57.584285736083984
1997-09-17,57.584285736083984
1997-09-18,57.83101272583008
1997-09-19,57.9288330078125
1997-09-22,58.25270462036133
1997-09-23,57.985984802246094
1997-09-24,57.509769439697266
1997-09-25,57.1097526550293
1997-09-26,57.58594512939453
1997-09-29,58.13841247558594
1997-09-30,57.52883529663086
1997-10-01,58.290802001953125
1997-10-02,58.614646911621094
1997-10-03,58.90991973876953
1997-10-06,59.300384521484375
1997-10-07,59.85285568237305
1997-10-08,59.43376159667969
1997-10-09,59.22419738769531
1997-10-10,59.052757263183594
1997-10-13,59.109901428222656
1997-10-14,59.128936767578125
1997-10-15,58.995643615722656
1997-10-16,58.062191009521484
1997-10-17,57.4716911315918
1997-10-20,58.290802001953125
1997-10-21,59.42422866821289
1997-10-22,59.03373718261719
1997-10-23,57.871726989746094
1997-10-24,57.300254821777344
1997-10-27,53.14748001098633
1997-10-28,56.214420318603516
1997-10-29,56.0620002746582
1997-10-30,54.823822021484375
1997-10-31,56.11918640136719
1997-11-03,57.300254821777344
1997-11-04,57.300254821777344
1997-11-05,57.49073791503906
1997-11-06,57.27167510986328
1997-11-07,56.652549743652344
1997-11-10,56.309661865234375
1997-11-11,56.32870864868164
1997-11-12,55.166725158691406
1997-11-13,55.96678924560547
1997-11-14,56.7287712097168
1997-11-17,57.77646255493164
1997-11-18,57.41453552246094
1997-11-19,57.700286865234375
1997-11-20,58.5765266418457
1997-11-21,58.976593017578125
1997-11-24,57.90979766845703
1997-11-25,58.062191009521484
1997-11-26,58.2336540222168
1997-11-28,58.290802001953125
1997-12-01,59.79569625854492
1997-12-02,59.43376159667969
1997-12-03,59.60519790649414
1997-12-04,59.54806900024414
1997-12-05,60.30998229980469
1997-12-08,60.13858413696289
1997-12-09,59.776634216308594
1997-12-10,59.26232147216797
1997-12-11,58.25270462036133
1997-12-12,58.36698532104492
1997-12-15,58.957515716552734
1997-12-16,59.319461822509766
1997-12-17,59.014671325683594
1997-12-18,58.44317626953125
1997-12-19,58.00636672973633
1997-12-22,58.379302978515625
1997-12-23,57.33700180053711
1997-12-24,57.16485595703125
1997-12-26,57.394371032714844
1997-12-29,58.52274703979492
1997-12-30,59.44076156616211
1997-12-31,59.40250778198242
1998-01-02,59.7085075378418
1998-01-05,59.842384338378906
1998-01-06,58.88615036010742
1998-01-07,59.03910446166992
1998-01-08,58.52274703979492
1998-01-09,56.49549865722656
1998-01-12,57.52826690673828
1998-01-13,58.33152770996094
1998-01-14,58.5992431640625
1998-01-15,58.1115608215332
1998-01-16,58.943504333496094
1998-01-20,59.89976501464844
1998-01-21,59.325992584228516
1998-01-22,58.800071716308594
1998-01-23,58.713993072509766
1998-01-26,58.67573547363281
1998-01-27,59.26865005493164
1998-01-28,59.80412292480469
1998-01-29,60.12922668457031
1998-01-30,60.167510986328125
1998-02-02,61.16204071044922
1998-02-03,61.620967864990234
1998-02-04,61.54450988769531
1998-02-05,61.50625228881836
1998-02-06,62.19474792480469
1998-02-09,61.98441696166992
1998-02-10,62.57728576660156
1998-02-11,62.51991271972656
1998-02-12,62.78765869140625
1998-02-13,62.424293518066406
1998-02-17,62.73024368286133
1998-02-18,63.30402374267578
1998-02-19,62.969329833984375
1998-02-20,63.4378547668457
1998-02-23,63.68653106689453
1998-02-24,63.18925094604492
1998-02-25,63.97339630126953
1998-02-26,64.33676147460938
1998-02-27,64.33676147460938
1998-03-02,64.20291137695312
1998-03-03,64.5662612915039
1998-03-04,64.14555358886719
1998-03-05,63.55266571044922
1998-03-06,64.83403015136719
1998-03-09,64.6045150756836
1998-03-10,65.21651458740234
1998-03-11,65.5225601196289
1998-03-12,65.79027557373047
1998-03-13,65.54165649414062
1998-03-16,66.2492904663086
1998-03-17,66.4405746459961
1998-03-18,66.68917083740234
1998-03-19,66.86129760742188
1998-03-20,67.43701171875
1998-03-23,67.2835693359375
1998-03-24,67.85895538330078
1998-03-25,67.6095962524414
1998-03-26,67.5712661743164
1998-03-27,67.2835693359375
1998-03-30,67.24518585205078
1998-03-31,67.47535705566406
1998-04-01,68.02198028564453
1998-04-02,68.76038360595703
1998-04-03,69.10565185546875
1998-04-06,68.5494384765625
1998-04-07,68.08911895751953
1998-04-08,67.70550537109375
1998-04-09,68.24254608154297
1998-04-13,68.05076599121094
1998-04-14,68.62615203857422
1998-04-15,68.81797790527344
1998-04-16,68.01242065429688
1998-04-17,68.91382598876953
1998-04-20,68.89466857910156
1998-04-21,69.22073364257812
1998-04-22,69.41253662109375
1998-04-23,68.74124908447266
1998-04-24,68.01242065429688
1998-04-27,66.7273178100586
1998-04-28,66.63147735595703
1998-04-29,67.09176635742188
1998-04-30,68.3384780883789
1998-05-01,69.10565185546875
1998-05-04,68.93302154541016
1998-05-05,68.45352935791016
1998-05-06,67.64798736572266
1998-05-07,67.11096954345703
1998-05-08,68.20423889160156
1998-05-11,67.97400665283203
1998-05-12,68.70291900634766
1998-05-13,68.87550354003906
1998-05-14,68.53028106689453
1998-05-15,68.14665985107422
1998-05-18,67.8781509399414
1998-05-19,68.3384780883789
1998-05-20,68.9905776977539
1998-05-21,68.5494384765625
1998-05-22,68.28092193603516
1998-05-26,67.18766784667969
1998-05-27,67.2835693359375
1998-05-28,67.59043884277344
1998-05-29,66.91912078857422
1998-06-01,67.22602081298828
1998-06-02,67.2835693359375
1998-06-03,66.20948028564453
1998-06-04,67.43701171875
1998-06-05,68.74124908447266
1998-06-08,68.66451263427734
1998-06-09,68.87550354003906
1998-06-10,68.43431091308594
1998-06-11,67.1492919921875
1998-06-12,67.78228759765625
1998-06-15,65.99844360351562
1998-06-16,67.01504516601562
1998-06-17,68.41516876220703
1998-06-18,68.1082992553711
1998-06-19,67.76700592041016
1998-06-22,68.09416198730469
1998-06-23,68.90226745605469
1998-06-24,69.82582092285156
1998-06-25,69.71036529541016
1998-06-26,69.99900817871094
1998-06-29,70.24911499023438
1998-06-30,69.76810455322266
1998-07-01,70.57621765136719
1998-07-02,70.7109375
1998-07-06,71.42283630371094
1998-07-07,71.28815460205078
1998-07-08,71.8076400756836
1998-07-09,71.3266372680664
1998-07-10,71.71146392822266
1998-07-13,71.73072052001953
1998-07-14,72.53883361816406
1998-07-15,72.4041519165039
1998-07-16,72.90440368652344
1998-07-17,73.00061798095703
1998-07-20,73.00061798095703
1998-07-21,71.73072052001953
1998-07-22,71.73072052001953
1998-07-23,70.30689239501953
1998-07-24,70.24911499023438
1998-07-27,70.74939727783203
1998-07-28,69.5564193725586
1998-07-29,69.28707885742188
1998-07-30,70.32606506347656
1998-07-31,68.8252944946289
1998-08-03,68.53665161132812
1998-08-04,65.88142395019531
1998-08-05,66.78573608398438
1998-08-06,67.07438659667969
1998-08-07,67.18980407714844
1998-08-10,66.80499267578125
1998-08-11,65.8044662475586
1998-08-12,66.92044067382812
1998-08-13,66.1123046875
1998-08-14,65.34265899658203
1998-08-17,66.72801971435547
1998-08-18,67.95944213867188
1998-08-19,67.7862777709961
1998-08-20,67.38219451904297
1998-08-21,66.84346008300781
1998-08-24,67.26676177978516
1998-08-25,67.42070770263672
1998-08-26,67.0358657836914
1998-08-27,63.88035583496094
1998-08-28,63.64945602416992
1998-08-31,59.10854721069336
1998-09-01,61.6098747253418
1998-09-02,61.16738510131836
1998-09-03,60.68633270263672
1998-09-04,60.186065673828125
1998-09-08,63.418548583984375
1998-09-09,61.8792610168457
1998-09-10,60.647865295410156
1998-09-11,62.61042022705078
1998-09-14,63.68798065185547
1998-09-15,64.07276916503906
1998-09-16,64.65000915527344
1998-09-17,62.802860260009766
1998-09-18,63.082576751708984
1998-09-21,63.04396057128906
1998-09-22,63.56533432006836
1998-09-23,66.11409759521484
1998-09-24,64.49215698242188
1998-09-25,64.41490936279297
1998-09-28,64.99415588378906
1998-09-29,64.83971405029297
1998-09-30,62.87016296386719
1998-10-01,61.05516052246094
1998-10-02,62.23297119140625
1998-10-05,60.977935791015625
1998-10-06,60.91997528076172
1998-10-07,60.01243591308594
1998-10-08,59.6841926574707
1998-10-09,60.881343841552734
1998-10-12,61.769569396972656
1998-10-13,61.55718994140625
1998-10-14,62.13645553588867
1998-10-15,65.47692108154297
1998-10-16,65.49622344970703
1998-10-19,65.72793579101562
1998-10-20,66.11409759521484
1998-10-21,65.88240814208984
1998-10-22,66.86714935302734
1998-10-23,66.01754760742188
1998-10-26,66.50028991699219
1998-10-27,66.11409759521484
1998-10-28,65.99826049804688
1998-10-29,67.60090637207031
1998-10-30,67.9677505493164
1998-11-02,69.12633514404297
1998-11-03,68.6242904663086
1998-11-04,69.35802459716797
1998-11-05,70.30416870117188
1998-11-06,70.5165786743164
1998-11-09,70.0145263671875
1998-11-10,69.82147216796875
1998-11-11,69.35802459716797
1998-11-12,69.28079223632812
1998-11-13,69.95660400390625
1998-11-16,70.47796630859375
1998-11-17,70.47796630859375
1998-11-18,70.90277862548828
1998-11-19,71.52063751220703
1998-11-20,72.0613021850586
1998-11-23,73.76048278808594
1998-11-24,73.2970962524414
1998-11-25,73.2970962524414
1998-11-27,73.83770751953125
1998-11-30,71.75231170654297
1998-12-01,72.67918395996094
1998-12-02,72.46678161621094
1998-12-03,71.26964569091797
1998-12-04,73.14261627197266
1998-12-07,73.49017333984375
1998-12-08,73.16192626953125
1998-12-09,73.2970962524414
1998-12-10,72.22545623779297
1998-12-11,72.3702163696289
1998-12-14,70.28487396240234
1998-12-15,72.09991455078125
1998-12-16,72.00335693359375
1998-12-17,73.15225219726562
1998-12-18,73.46304321289062
1998-12-21,74.48983764648438
1998-12-22,74.81920623779297
1998-12-23,76.38841247558594
1998-12-24,76.05904388427734
1998-12-28,75.86538696289062
1998-12-29,77.06646728515625
1998-12-30,76.44652557373047
1998-12-31,76.44652557373047
1999-01-04,76.27216339111328
1999-01-05,77.14398193359375
1999-01-06,79.0038070678711
1999-01-07,78.61632537841797
1999-01-08,79.19754028320312
1999-01-11,78.44196319580078
1999-01-12,77.02774047851562
1999-01-13,76.48526763916016
1999-01-14,75.1485366821289
1999-01-15,77.1052474975586
1999-01-19,77.60894775390625
1999-01-20,78.2289047241211
1999-01-21,76.15593719482422
1999-01-22,75.9815673828125
1999-01-25,76.7564926147461
1999-01-26,78.15138244628906
1999-01-27,77.24085998535156
1999-01-28,78.53886413574219
1999-01-29,79.13945007324219
1999-02-01,78.67445373535156
1999-02-02,78.19010162353516
1999-02-03,78.98444366455078
1999-02-04,77.80266571044922
1999-02-05,76.91148376464844
1999-02-08,77.06646728515625
1999-02-09,75.34229278564453
1999-02-10,75.82656860351562
1999-02-11,77.57018280029297
1999-02-12,76.64027404785156
1999-02-16,76.17534637451172
1999-02-17,76.09785461425781
1999-02-18,76.69837951660156
1999-02-19,77.02774047851562
1999-02-22,79.08129119873047
1999-02-23,79.04253387451172
1999-02-24,77.64768981933594
1999-02-25,76.91148376464844
1999-02-26,76.60152435302734
1999-03-01,76.81464385986328
1999-03-02,76.13661193847656
1999-03-03,76.54342651367188
1999-03-04,77.51203155517578
1999-03-05,79.07162475585938
1999-03-08,79.58497619628906
1999-03-09,79.39126586914062
1999-03-10,80.08869171142578
1999-03-11,80.9798355102539
1999-03-12,80.20492553710938
1999-03-15,81.34793090820312
1999-03-16,81.03799438476562
1999-03-17,80.68927001953125
1999-03-18,81.98728942871094
1999-03-19,80.59365844726562
1999-03-22,80.74906158447266
1999-03-23,78.41863250732422
1999-03-24,78.86529541015625
1999-03-25,80.47718811035156
1999-03-26,79.89451599121094
1999-03-29,81.50643157958984
1999-03-30,81.07919311523438
1999-03-31,79.77802276611328
1999-04-01,80.38003540039062
1999-04-05,82.2832260131836
1999-04-06,82.0890121459961
1999-04-07,82.7492904663086
1999-04-08,83.79802703857422
1999-04-09,83.81741333007812
1999-04-12,84.71076965332031
1999-04-13,84.16699981689453
1999-04-14,82.7492904663086
1999-04-15,82.4385986328125
1999-04-16,81.7394790649414
1999-04-19,80.47718811035156
1999-04-20,81.48700714111328
1999-04-21,83.81741333007812
1999-04-22,84.61365509033203
1999-04-23,84.40001678466797
1999-04-26,84.88550567626953
1999-04-27,85.29340362548828
1999-04-28,84.12816619873047
1999-04-29,83.48727416992188
1999-04-30,82.80756378173828
1999-05-03,84.32231903076172
1999-05-04,83.1183090209961
1999-05-05,83.7785415649414
1999-05-06,83.26395416259766
1999-05-07,83.89511108398438
1999-05-10,83.47756958007812
1999-05-11,84.32231903076172
1999-05-12,84.9826431274414
1999-05-13,85.3516616821289
1999-05-14,83.13774871826172
1999-05-17,83.39019012451172
1999-05-18,83.23483276367188
1999-05-19,83.83683013916016
1999-05-20,83.33190155029297
1999-05-21,82.86583709716797
1999-05-24,81.48700714111328
1999-05-25,80.16645812988281
1999-05-26,81.05977630615234
1999-05-27,79.89451599121094
1999-05-28,80.91413879394531
1999-06-01,80.63251495361328
1999-06-02,80.71021270751953
1999-06-03,81.1568832397461
1999-06-04,82.78810119628906
1999-06-07,83.0018081665039
1999-06-08,82.18612670898438
1999-06-09,82.10845184326172
1999-06-10,81.3510513305664
1999-06-11,80.67133331298828
1999-06-14,80.74906158447266
1999-06-15,81.29281616210938
1999-06-16,82.84642791748047
1999-06-17,83.62322998046875
1999-06-18,83.71981811523438
1999-06-21,83.91462707519531
1999-06-22,83.33028411865234
1999-06-23,82.92121887207031
1999-06-24,82.29789733886719
1999-06-25,82.09332275390625
1999-06-28,83.09650421142578
1999-06-29,83.87567138671875
1999-06-30,85.39500427246094
1999-07-01,86.03778076171875
1999-07-02,86.89485168457031
1999-07-06,86.87541961669922
1999-07-07,86.99225616455078
1999-07-08,87.06044006347656
1999-07-09,87.57660675048828
1999-07-12,87.18704986572266
1999-07-13,86.87541961669922
1999-07-14,87.36231994628906
1999-07-15,87.91753387451172
1999-07-16,88.39476013183594
1999-07-19,87.81034851074219
1999-07-20,86.00862121582031
1999-07-21,85.9112319946289
1999-07-22,84.78144836425781
1999-07-23,84.61585235595703
1999-07-26,83.99253845214844
1999-07-27,84.69376373291016
1999-07-28,84.96647644042969
1999-07-29,83.77826690673828
1999-07-30,82.74590301513672
1999-08-02,82.94068145751953
1999-08-03,82.55110931396484
1999-08-04,81.42133331298828
1999-08-05,82.16155242919922
1999-08-06,81.2655029296875
1999-08-09,81.09024810791016
1999-08-10,80.19417572021484
1999-08-11,81.16812133789062
1999-08-12,81.1194076538086
1999-08-13,82.99911499023438
1999-08-16,83.36925506591797
1999-08-17,83.91462707519531
1999-08-18,83.31076049804688
1999-08-19,82.62901306152344
1999-08-20,83.46661376953125
1999-08-23,85.06393432617188
1999-08-24,85.37555694580078
1999-08-25,86.2520751953125
1999-08-26,85.21974182128906
1999-08-27,84.18728637695312
1999-08-30,82.62901306152344
1999-08-31,82.31732940673828
1999-09-01,83.33028411865234
1999-09-02,82.3465805053711
1999-09-03,84.7522201538086
1999-09-07,84.44054412841797
1999-09-08,84.03146362304688
1999-09-09,83.99253845214844
1999-09-10,84.69376373291016
1999-09-13,84.1191635131836
1999-09-14,83.56401824951172
1999-09-15,82.23945617675781
1999-09-16,82.56084442138672
1999-09-17,83.60404205322266
1999-09-20,83.48680877685547
1999-09-21,81.72877502441406
1999-09-22,81.64088439941406
1999-09-23,79.93172454833984
1999-09-24,79.85356903076172
1999-09-27,80.38095092773438
1999-09-28,80.22471618652344
1999-09-29,79.26751708984375
1999-09-30,80.47862243652344
1999-10-01,80.3028335571289
1999-10-04,81.72877502441406
1999-10-05,81.6506576538086
1999-10-06,82.90082550048828
1999-10-07,82.4320068359375
1999-10-08,83.68216705322266
1999-10-11,83.54541778564453
1999-10-12,82.2562026977539
1999-10-13,80.12702941894531
1999-10-14,80.1075210571289
1999-10-15,78.05645751953125
1999-10-18,78.62294006347656
1999-10-19,79.38473510742188
1999-10-20,80.1661148071289
1999-10-21,80.63492584228516
1999-10-22,81.31861114501953
1999-10-25,80.90835571289062
1999-10-26,79.89265441894531
1999-10-27,81.33812713623047
1999-10-28,84.11185455322266
1999-10-29,85.63552856445312
1999-11-01,84.73697662353516
1999-11-02,84.13143157958984
1999-11-03,84.69792175292969
1999-11-04,85.34254455566406
1999-11-05,86.18246459960938
1999-11-08,86.26058197021484
1999-11-09,85.44994354248047
1999-11-10,86.0848159790039
1999-11-11,86.5731201171875
1999-11-12,87.35450744628906
1999-11-15,87.55960083007812
1999-11-16,88.2921142578125
1999-11-17,88.5265121459961
1999-11-18,89.15157318115234
1999-11-19,89.07343292236328
1999-11-22,89.05389404296875
1999-11-23,88.2725830078125
1999-11-24,88.74136352539062
1999-11-26,88.40926361083984
1999-11-29,88.09673309326172
1999-11-30,87.06148529052734
1999-12-01,87.76470184326172
1999-12-02,88.2921142578125
1999-12-03,89.91338348388672
1999-12-06,89.24921417236328
1999-12-07,88.5265121459961
1999-12-08,87.96001434326172
1999-12-09,88.38975524902344
1999-12-10,88.68280792236328
1999-12-13,88.83904266357422
1999-12-14,87.97958374023438
1999-12-15,88.44837951660156
1999-12-16,88.83904266357422
1999-12-17,89.40958404541016
1999-12-20,88.76335144042969
1999-12-21,90.1145248413086
1999-12-22,90.34950256347656
1999-12-23,91.78870391845703
1999-12-27,91.66145324707031
1999-12-28,91.60270690917969
1999-12-29,91.99436950683594
1999-12-30,91.88660430908203
1999-12-31,92.03348541259766
2000-01-03,91.13272857666016
2000-01-04,87.5689468383789
2000-01-05,87.72559356689453
2000-01-06,86.31568908691406
2000-01-07,91.32854461669922
2000-01-10,91.64189147949219
2000-01-11,90.54528045654297
2000-01-12,89.64457702636719
2000-01-13,90.85859680175781
2000-01-14,92.09221649169922
2000-01-18,91.36772155761719
2000-01-19,92.11186218261719
2000-01-20,90.70189666748047
2000-01-21,90.50611114501953
2000-01-24,87.9409408569336
2000-01-25,88.93960571289062
2000-01-26,88.23468017578125
2000-01-27,87.88220977783203
2000-01-28,85.1407699584961
2000-01-31,87.4513931274414
2000-02-01,88.31297302246094
2000-02-02,88.39136505126953
2000-02-03,89.72293090820312
2000-02-04,89.35081481933594
2000-02-07,89.21379852294922
2000-02-08,90.42781829833984
2000-02-09,88.52838134765625
2000-02-10,88.70464324951172
2000-02-11,86.90315246582031
2000-02-14,87.41224670410156
2000-02-15,88.40113830566406
2000-02-16,87.09893035888672
2000-02-17,86.6485824584961
2000-02-18,84.78833770751953
2000-02-22,84.57291412353516
2000-02-23,85.571533203125
2000-02-24,83.84839630126953
2000-02-25,83.54489135742188
2000-02-28,85.29740905761719
2000-02-29,86.1198959350586
2000-03-01,86.7464599609375
2000-03-02,86.80522155761719
2000-03-03,88.43046569824219
2000-03-06,87.5689468383789
2000-03-07,85.87508392333984
2000-03-08,85.76738739013672
2000-03-09,88.27383422851562
2000-03-10,87.80390930175781
2000-03-13,86.84437561035156
2000-03-14,85.6107406616211
2000-03-15,87.60806274414062
2000-03-16,91.70059967041016
2000-03-17,92.3066177368164
2000-03-20,91.83550262451172
2000-03-21,93.72013092041016
2000-03-22,94.28939819335938
2000-03-23,95.89917755126953
2000-03-24,96.46849822998047
2000-03-27,95.44772338867188
2000-03-28,94.89805603027344
2000-03-29,94.99613952636719
2000-03-30,93.40601348876953
2000-03-31,94.46611022949219
2000-04-03,95.01583099365234
2000-04-04,94.30913543701172
2000-04-05,93.72013092041016
2000-04-06,94.53482818603516
2000-04-07,95.13359832763672
2000-04-10,94.76062774658203
2000-04-11,94.48573303222656
2000-04-12,91.8944091796875
2000-04-13,90.6183853149414
2000-04-14,85.43568420410156
2000-04-17,88.419677734375
2000-04-18,90.75582885742188
2000-04-19,89.91168975830078
2000-04-20,90.34352111816406
2000-04-24,89.36201477050781
2000-04-25,93.07230377197266
2000-04-26,92.02198028564453
2000-04-27,91.71768951416016
2000-04-28,91.14844512939453
2000-05-01,92.38517761230469
2000-05-02,90.53984069824219
2000-05-03,88.419677734375
2000-05-04,89.08711242675781
2000-05-05,90.16685485839844
2000-05-08,89.48954772949219
2000-05-09,88.77303314208984
2000-05-10,86.77063751220703
2000-05-11,88.7533950805664
2000-05-12,89.71533966064453
2000-05-15,91.26618957519531
2000-05-16,92.14959716796875
2000-05-17,91.1876449584961
2000-05-18,90.06864166259766
2000-05-19,88.65522766113281
2000-05-22,87.9877700805664
2000-05-23,86.69210052490234
2000-05-24,88.1055679321289
2000-05-25,86.59394836425781
2000-05-26,86.69210052490234
2000-05-30,89.51900482177734
2000-05-31,89.71533966064453
2000-06-01,91.28583526611328
2000-06-02,92.87596130371094
2000-06-05,92.4244613647461
2000-06-06,92.01220703125
2000-06-07,92.65023803710938
2000-06-08,92.28707122802734
2000-06-09,92.09074401855469
2000-06-12,91.01099395751953
2000-06-13,92.71893310546875
2000-06-14,92.87596130371094
2000-06-15,93.07230377197266
2000-06-16,92.30754089355469
2000-06-19,93.48822784423828
2000-06-20,93.1537094116211
2000-06-21,93.11431884765625
2000-06-22,91.6975326538086
2000-06-23,90.9104232788086
2000-06-26,92.08124542236328
2000-06-27,91.40237426757812
2000-06-28,91.6582260131836
2000-06-29,90.79237365722656
2000-06-30,91.4810562133789
2000-07-03,92.74048614501953
2000-07-05,91.0678939819336
2000-07-06,91.7762222290039
2000-07-07,93.25205993652344
2000-07-10,93.09465026855469
2000-07-11,93.29145050048828
2000-07-12,93.9014663696289
2000-07-13,94.31464385986328
2000-07-14,95.23953247070312
2000-07-17,95.08206939697266
2000-07-18,94.30480194091797
2000-07-19,93.54727172851562
2000-07-20,94.84596252441406
2000-07-21,92.99624633789062
2000-07-24,92.46498107910156
2000-07-25,92.76011657714844
2000-07-26,91.85497283935547
2000-07-27,91.54013061523438
2000-07-28,89.47398376464844
2000-07-31,90.04463958740234
2000-08-01,90.59563446044922
2000-08-02,91.04821014404297
2000-08-03,91.6778793334961
2000-08-04,92.16979217529297
2000-08-07,93.27176666259766
2000-08-08,93.62593078613281
2000-08-09,92.83885192871094
2000-08-10,92.38623046875
2000-08-11,92.81916809082031
2000-08-14,93.99983215332031
2000-08-15,93.92108154296875
2000-08-16,93.58660125732422
2000-08-17,94.57051849365234
2000-08-18,94.25566864013672
2000-08-21,94.76725006103516
2000-08-22,94.60983276367188
2000-08-23,94.98369598388672
2000-08-24,95.27881622314453
2000-08-25,95.23953247070312
2000-08-28,95.56420135498047
2000-08-29,95.5838851928711
2000-08-30,94.66888427734375
2000-08-31,95.92823791503906
2000-09-01,96.026611328125
2000-09-05,95.25919342041016
2000-09-06,94.17695617675781
2000-09-07,94.98369598388672
2000-09-08,94.33434295654297
2000-09-11,94.19659423828125
2000-09-12,93.50788116455078
2000-09-13,93.75385284423828
2000-09-14,94.22612762451172
2000-09-15,92.1646499633789
2000-09-18,91.31637573242188
2000-09-19,92.14495849609375
2000-09-20,91.46434020996094
2000-09-21,90.07359313964844
2000-09-22,91.71089935302734
2000-09-25,91.05994415283203
2000-09-26,89.89604187011719
2000-09-27,90.3694839477539
2000-09-28,91.53339385986328
2000-09-29,90.6654052734375
2000-10-02,90.80345153808594
2000-10-03,89.95520782470703
2000-10-04,90.70482635498047
2000-10-05,91.02046203613281
2000-10-06,89.04780578613281
2000-10-09,88.37711334228516
2000-10-10,86.91722869873047
2000-10-11,86.1873779296875
2000-10-12,84.03709411621094
2000-10-13,86.83836364746094
2000-10-16,87.2328872680664
2000-10-17,85.06293487548828
2000-10-18,84.74730682373047
2000-10-19,87.94306945800781
2000-10-20,88.31788635253906
2000-10-23,88.71245574951172
2000-10-24,88.12059020996094
2000-10-25,86.04927062988281
2000-10-26,86.28596496582031
2000-10-27,87.92333984375
2000-10-30,88.71245574951172
2000-10-31,90.24124145507812
2000-11-01,89.93548583984375
2000-11-02,90.08341979980469
2000-11-03,90.13274383544922
2000-11-06,90.76403045654297
2000-11-07,90.74432373046875
2000-11-08,88.73217010498047
2000-11-09,88.39677429199219
2000-11-10,86.24653625488281
2000-11-13,85.57584381103516
2000-11-14,87.82465362548828
2000-11-15,88.10083770751953
2000-11-16,86.7199478149414
2000-11-17,86.25643920898438
2000-11-20,85.02345275878906
2000-11-21,85.45746612548828
2000-11-22,83.41571044921875
2000-11-24,85.1220703125
2000-11-27,85.87171936035156
2000-11-28,84.3922119140625
2000-11-29,84.234375
2000-11-30,83.50447082519531
2000-12-01,83.46501159667969
2000-12-04,84.1751708984375
2000-12-05,86.93700408935547
2000-12-06,85.54619598388672
2000-12-07,84.37248992919922
2000-12-08,84.56974029541016
2000-12-11,87.50907135009766
2000-12-12,87.1342544555664
2000-12-13,85.9407730102539
2000-12-14,84.84595489501953
2000-12-15,82.92953491210938
2000-12-18,84.03767395019531
2000-12-19,82.32600402832031
2000-12-20,79.94161987304688
2000-12-21,80.49566650390625
2000-12-22,82.90977478027344
2000-12-26,83.8001708984375
2000-12-27,84.4135971069336
2000-12-28,84.67080688476562
2000-12-29,83.06807708740234
2001-01-02,81.56423950195312
2001-01-03,85.48213195800781
2001-01-04,84.56196594238281
2001-01-05,81.80164337158203
2001-01-08,82.43485260009766
2001-01-09,82.21715545654297
2001-01-10,83.66166687011719
2001-01-11,83.7408218383789
2001-01-12,83.58252716064453
2001-01-16,84.1167984008789
2001-01-17,84.50265502929688
2001-01-18,85.34362030029297
2001-01-19,84.85882568359375
2001-01-22,85.4227523803711
2001-01-23,86.09557342529297
2001-01-24,86.35279083251953
2001-01-25,86.13514709472656
2001-01-26,86.03614044189453
2001-01-29,86.4952392578125
2001-01-30,87.25504302978516
2001-01-31,86.76116180419922
2001-02-01,87.33741760253906
2001-02-02,85.35546875
2001-02-05,85.98238372802734
2001-02-06,85.72909545898438
2001-02-07,85.28582000732422
2001-02-08,84.29168701171875
2001-02-09,83.4811782836914
2001-02-12,84.43737030029297
2001-02-13,83.74714660644531
2001-02-14,83.6205062866211
2001-02-15,84.4310073852539
2001-02-16,82.56942749023438
2001-02-20,81.29666900634766
2001-02-21,79.54269409179688
2001-02-22,79.66297149658203
2001-02-23,79.12477111816406
2001-02-26,80.80908966064453
2001-02-27,80.06190490722656
2001-02-28,78.48526000976562
2001-03-01,78.8968505859375
2001-03-02,78.26998901367188
2001-03-05,78.98548126220703
2001-03-06,79.83393859863281
2001-03-07,80.4038314819336
2001-03-08,80.49252319335938
2001-03-09,78.1116714477539
2001-03-12,74.76836395263672
2001-03-13,75.9968032836914
2001-03-14,74.49608612060547
2001-03-15,74.51509857177734
2001-03-16,73.02053833007812
2001-03-19,74.50621795654297
2001-03-20,72.50624084472656
2001-03-21,71.2745132446289
2001-03-22,70.55071258544922
2001-03-23,72.68403625488281
2001-03-26,73.61097717285156
2001-03-27,75.11568450927734
2001-03-28,73.03958892822266
2001-03-29,73.31890106201172
2001-03-30,74.08714294433594
2001-04-02,72.50624084472656
2001-04-03,70.08724975585938
2001-04-04,70.37933349609375
2001-04-05,73.04596710205078
2001-04-06,71.93485260009766
2001-04-09,72.73477935791016
2001-04-10,74.06175994873047
2001-04-11,74.11256408691406
2001-04-12,75.45855712890625
2001-04-16,74.66494750976562
2001-04-17,75.7188949584961
2001-04-18,78.72833251953125
2001-04-19,79.7759017944336
2001-04-20,79.0457992553711
2001-04-23,77.61087799072266
2001-04-24,77.19183349609375
2001-04-25,78.20133972167969
2001-04-26,78.55052185058594
2001-04-27,79.85843658447266
2001-04-30,80.41717529296875
2001-05-01,80.66481018066406
2001-05-02,80.51876831054688
2001-05-03,79.49653625488281
2001-05-04,80.84890747070312
2001-05-07,80.15052032470703
2001-05-08,80.11241912841797
2001-05-09,79.7759017944336
2001-05-10,80.01080322265625
2001-05-11,79.45843505859375
2001-05-14,79.61717224121094
2001-05-15,79.98538208007812
2001-05-16,81.87112426757812
2001-05-17,81.998046875
2001-05-18,82.37268829345703
2001-05-21,83.58536529541016
2001-05-22,83.47740173339844
2001-05-23,82.06156921386719
2001-05-24,82.30284118652344
2001-05-25,81.33145904541016
2001-05-29,80.68385314941406
2001-05-30,79.55368041992188
2001-05-31,79.96641540527344
2001-06-01,80.46162414550781
2001-06-04,80.84890747070312
2001-06-05,81.77588653564453
2001-06-06,81.09654235839844
2001-06-07,81.38858795166016
2001-06-08,80.6330337524414
2001-06-11,80.06163024902344
2001-06-12,79.92191314697266
2001-06-13,79.23628234863281
2001-06-14,77.45851135253906
2001-06-15,77.58328247070312
2001-06-18,77.20765686035156
2001-06-19,77.54509735107422
2001-06-20,77.95258331298828
2001-06-21,78.83761596679688
2001-06-22,78.22004699707031
2001-06-25,77.50054168701172
2001-06-26,77.39229583740234
2001-06-27,77.34773254394531
2001-06-28,77.77434539794922
2001-06-29,78.0608139038086
2001-07-02,79.03500366210938
2001-07-03,79.01594543457031
2001-07-05,77.47504425048828
2001-07-06,75.80050659179688
2001-07-09,76.2143783569336
2001-07-10,75.29751586914062
2001-07-11,75.37391662597656
2001-07-12,77.16304016113281
2001-07-13,77.83164978027344
2001-07-16,76.85745239257812
2001-07-17,77.57694244384766
2001-07-18,77.04847717285156
2001-07-19,77.72341918945312
2001-07-20,77.25859069824219
2001-07-23,75.73683166503906
2001-07-24,75.00460815429688
2001-07-25,75.83235168457031
2001-07-26,76.62822723388672
2001-07-27,76.92109680175781
2001-07-30,76.94657135009766
2001-07-31,77.26492309570312
2001-08-01,77.74884033203125
2001-08-02,78.06722259521484
2001-08-03,77.64061737060547
2001-08-06,76.59638977050781
2001-08-07,76.8956527709961
2001-08-08,75.46942138671875
2001-08-09,75.69227600097656
2001-08-10,75.953369140625
2001-08-13,75.97241973876953
2001-08-14,75.94058990478516
2001-08-15,75.28478240966797
2001-08-16,75.54583740234375
2001-08-17,74.33609771728516
2001-08-20,75.02373504638672
2001-08-21,73.74393463134766
2001-08-22,74.50798034667969
2001-08-23,74.24055480957031
2001-08-24,75.78144836425781
2001-08-27,75.32933044433594
2001-08-28,74.22785949707031
2001-08-29,73.56563568115234
2001-08-30,72.15216064453125
2001-08-31,72.6806411743164
2001-09-04,72.21580505371094
2001-09-05,72.3940658569336
2001-09-06,70.52855682373047
2001-09-07,69.22328186035156
2001-09-10,70.07010650634766
2001-09-17,66.40901184082031
2001-09-18,66.24981689453125
2001-09-19,64.91273498535156
2001-09-20,62.84978485107422
2001-09-21,62.17172622680664
2001-09-24,64.35746002197266
2001-09-25,65.02848052978516
2001-09-26,64.79841613769531
2001-09-27,65.36083984375
2001-09-28,66.74766540527344
2001-10-01,66.63902282714844
2001-10-02,67.47626495361328
2001-10-03,68.60747528076172
2001-10-04,68.66499328613281
2001-10-05,68.5307388305664
2001-10-08,68.0833740234375
2001-10-09,67.71908569335938
2001-10-10,69.22738647460938
2001-10-11,70.30106353759766
2001-10-12,69.98152160644531
2001-10-15,69.85369110107422
2001-10-16,70.29468536376953
2001-10-17,68.7991943359375
2001-10-18,68.65217590332031
2001-10-19,68.60747528076172
2001-10-22,69.96234130859375
2001-10-23,69.60447692871094
2001-10-24,69.41910552978516
2001-10-25,70.66534423828125
2001-10-26,70.5055923461914
2001-10-29,68.67137908935547
2001-10-30,67.8469467163086
2001-10-31,67.61682891845703
2001-11-01,69.34883880615234
2001-11-02,69.8217544555664
2001-11-05,70.73563385009766
2001-11-06,71.83492279052734
2001-11-07,71.73902893066406
2001-11-08,71.96272277832031
2001-11-09,72.0394287109375
2001-11-12,71.59844970703125
2001-11-13,73.20899200439453
2001-11-14,73.27928924560547
2001-11-15,73.41352081298828
2001-11-16,73.0875473022461
2001-11-19,73.98866271972656
2001-11-20,73.36878204345703
2001-11-21,72.8830337524414
2001-11-23,73.93116760253906
2001-11-26,74.0909423828125
2001-11-27,73.77139282226562
2001-11-28,72.43566131591797
2001-11-29,73.41352081298828
2001-11-30,72.889404296875
2001-12-03,72.45482635498047
2001-12-04,73.68192291259766
2001-12-05,75.03045654296875
2001-12-06,74.99210357666016
2001-12-07,74.49354553222656
2001-12-10,73.10031127929688
2001-12-11,72.95335388183594
2001-12-12,73.0363998413086
2001-12-13,71.61763763427734
2001-12-14,72.30146026611328
2001-12-17,73.04922485351562
2001-12-18,73.48377227783203
2001-12-19,74.00144958496094
2001-12-20,73.27288055419922
2001-12-21,73.71730041503906
2001-12-24,73.57623291015625
2001-12-26,73.980224609375
2001-12-27,74.42913818359375
2001-12-28,74.39067077636719
2001-12-31,73.30049133300781
2002-01-02,74.0892562866211
2002-01-03,74.92936706542969
2002-01-04,75.42955780029297
2002-01-07,74.89728546142578
2002-01-08,74.72415161132812
2002-01-09,74.11493682861328
2002-01-10,74.44197845458984
2002-01-11,73.71090698242188
2002-01-14,73.2491683959961
2002-01-15,73.84556579589844
2002-01-16,72.35134887695312
2002-01-17,72.89642333984375
2002-01-18,72.56298065185547
2002-01-22,72.06278228759766
2002-01-23,72.6142807006836
2002-01-24,72.8387222290039
2002-01-25,72.8194808959961
2002-01-28,73.018310546875
2002-01-29,70.72246551513672
2002-01-30,71.74211883544922
2002-01-31,72.58221435546875
2002-02-01,72.24232482910156
2002-02-04,70.44671630859375
2002-02-05,70.01061248779297
2002-02-06,69.709228515625
2002-02-07,69.27307891845703
2002-02-08,70.60061645507812
2002-02-11,71.46635437011719
2002-02-12,71.24188232421875
2002-02-13,71.99858856201172
2002-02-14,71.86396026611328
2002-02-15,71.11363220214844
2002-02-19,69.74764251708984
2002-02-20,70.9212646484375
2002-02-21,69.45265197753906
2002-02-22,70.3120346069336
2002-02-25,71.47277069091797
2002-02-26,71.32524108886719
2002-02-27,71.60102081298828
2002-02-28,71.28038024902344
2002-03-01,72.94134521484375
2002-03-04,74.2303237915039
2002-03-05,73.99308013916016
2002-03-06,74.8716812133789
2002-03-07,74.7113037109375
2002-03-08,75.02559661865234
2002-03-11,75.18588256835938
2002-03-12,75.14099884033203
2002-03-13,74.41632843017578
2002-03-14,74.31372833251953
2002-03-15,75.02178192138672
2002-03-18,75.03466796875
2002-03-19,75.53631591796875
2002-03-20,74.1150131225586
2002-03-21,74.14715576171875
2002-03-22,73.98635864257812
2002-03-25,73.06666564941406
2002-03-26,73.49113464355469
2002-03-27,73.68404388427734
2002-03-28,73.65192413330078
2002-04-01,73.68404388427734
2002-04-02,73.2789077758789
2002-04-03,72.7643814086914
2002-04-04,72.4621353149414
2002-04-05,72.4749755859375
2002-04-08,72.62933349609375
2002-04-09,72.12128448486328
2002-04-10,72.93804168701172
2002-04-11,71.12442016601562
2002-04-12,71.6581802368164
2002-04-15,71.11152648925781
2002-04-16,72.80300903320312
2002-04-17,72.64862060546875
2002-04-18,72.3335189819336
2002-04-19,72.59716033935547
2002-04-22,71.38812255859375
2002-04-23,71.07937622070312
2002-04-24,70.36550903320312
2002-04-25,70.40408325195312
2002-04-26,69.06639862060547
2002-04-29,68.72547912597656
2002-04-30,69.36862182617188
2002-05-01,70.21756744384766
2002-05-02,69.94743347167969
2002-05-03,69.18856048583984
2002-05-06,67.83155822753906
2002-05-07,67.59355926513672
2002-05-08,70.10821533203125
2002-05-09,69.29788970947266
2002-05-10,67.99231719970703
2002-05-13,69.3750991821289
2002-05-14,70.88643646240234
2002-05-15,70.60991668701172
2002-05-16,70.97647857666016
2002-05-17,71.32376098632812
2002-05-20,70.55203247070312
2002-05-21,69.90892028808594
2002-05-22,70.0632553100586
2002-05-23,70.80928039550781
2002-05-24,69.90242004394531
2002-05-28,69.52301025390625
2002-05-29,69.00852966308594
2002-05-30,68.8155288696289
2002-05-31,68.95703125
2002-06-03,67.12410736083984
2002-06-04,67.29132843017578
2002-06-05,67.92157745361328
2002-06-06,66.5388412475586
2002-06-07,66.46166229248047
2002-06-10,66.71890258789062
2002-06-11,65.57416534423828
2002-06-12,65.97290802001953
2002-06-13,65.31047058105469
2002-06-14,65.21399688720703
2002-06-17,66.96331787109375
2002-06-18,67.50997924804688
2002-06-19,65.93429565429688
2002-06-20,65.09178161621094
2002-06-21,64.07402038574219
2002-06-24,64.40962982177734
2002-06-25,62.96397018432617
2002-06-26,63.06721878051758
2002-06-27,64.17082214355469
2002-06-28,63.86749267578125
2002-07-01,62.621891021728516
2002-07-02,61.29240036010742
2002-07-03,61.640907287597656
2002-07-05,64.09335327148438
2002-07-08,63.293094635009766
2002-07-09,61.699005126953125
2002-07-10,59.45307540893555
2002-07-11,59.93709945678711
2002-07-12,59.27878189086914
2002-07-15,59.59503936767578
2002-07-16,58.446224212646484
2002-07-17,58.56241226196289
2002-07-18,56.66497802734375
2002-07-19,54.67073059082031
2002-07-22,53.050819396972656
2002-07-23,51.59869384765625
2002-07-24,54.67720031738281
2002-07-25,54.21253204345703
2002-07-26,55.24514389038086
2002-07-29,57.93640899658203
2002-07-30,58.69148254394531
2002-07-31,58.833473205566406
2002-08-01,57.29744338989258
2002-08-02,56.01313781738281
2002-08-05,54.064048767089844
2002-08-06,55.88405227661133
2002-08-07,56.85858154296875
2002-08-08,58.69793701171875
2002-08-09,58.91738510131836
2002-08-12,58.484954833984375
2002-08-13,57.42005157470703
2002-08-14,59.5175895690918
2002-08-15,60.34368896484375
2002-08-16,60.162967681884766
2002-08-19,61.56991195678711
2002-08-20,60.91806411743164
2002-08-21,61.7957878112793
2002-08-22,62.396018981933594
2002-08-23,61.05360412597656
2002-08-26,61.479557037353516
2002-08-27,60.76961135864258
2002-08-28,59.44013977050781
2002-08-29,59.46595764160156
2002-08-30,59.23358917236328
2002-09-03,56.9747428894043
2002-09-04,57.78794479370117
2002-09-05,57.29744338989258
2002-09-06,58.084861755371094
2002-09-09,58.510799407958984
2002-09-10,59.182010650634766
2002-09-11,58.814090728759766
2002-09-12,57.729888916015625
2002-09-13,57.87188720703125
2002-09-16,58.01384353637695
2002-09-17,56.68433380126953
2002-09-18,56.11637496948242
2002-09-19,54.664283752441406
2002-09-20,54.68242645263672
2002-09-23,54.235130310058594
2002-09-24,53.35993576049805
2002-09-25,54.68242645263672
2002-09-26,55.57704162597656
2002-09-27,53.645179748535156
2002-09-30,53.02283477783203
2002-10-01,55.570560455322266
2002-10-02,53.90449523925781
2002-10-03,53.35993576049805
2002-10-04,52.381019592285156
2002-10-07,51.29840087890625
2002-10-08,52.10227584838867
2002-10-09,50.630672454833984
2002-10-10,52.270816802978516
2002-10-11,54.559261322021484
2002-10-14,54.8638916015625
2002-10-15,57.50244140625
2002-10-16,56.10865020751953
2002-10-17,57.22367477416992
2002-10-18,57.46354293823242
2002-10-21,58.45539093017578
2002-10-22,58.03403854370117
2002-10-23,58.4748420715332
2002-10-24,57.28203201293945
2002-10-25,58.4748420715332
2002-10-28,58.0923957824707
2002-10-29,57.41816711425781
2002-10-30,57.9757080078125
2002-10-31,57.38574981689453
2002-11-01,58.5202522277832
2002-11-04,59.07773971557617
2002-11-05,59.54451370239258
2002-11-06,60.316009521484375
2002-11-07,58.837890625
2002-11-08,58.11832046508789
2002-11-11,57.217247009277344
2002-11-12,57.67099380493164
2002-11-13,57.72935104370117
2002-11-14,58.81846618652344
2002-11-15,59.25282287597656
2002-11-18,58.65639877319336
2002-11-19,58.57858657836914
2002-11-20,59.88164520263672
2002-11-21,60.99669647216797
2002-11-22,60.56233215332031
2002-11-25,60.60123825073242
2002-11-26,59.44729995727539
2002-11-27,61.119834899902344
2002-11-29,60.92534637451172
2002-12-02,61.022613525390625
2002-12-03,60.20577621459961
2002-12-04,59.93348693847656
2002-12-05,59.27226638793945
2002-12-06,59.66116714477539
2002-12-09,58.02107238769531
2002-12-10,58.79901123046875
2002-12-11,58.85087203979492
2002-12-12,58.84440612792969
2002-12-13,57.91733169555664
2002-12-16,59.41482925415039
2002-12-17,58.896236419677734
2002-12-18,58.21556854248047
2002-12-19,57.800655364990234
2002-12-20,58.62540054321289
2002-12-23,58.64494705200195
2002-12-24,58.20846939086914
2002-12-26,58.23453140258789
2002-12-27,56.92509078979492
2002-12-30,57.40065002441406
2002-12-31,57.478816986083984
2003-01-02,59.32898712158203
2003-01-03,59.51140213012695
2003-01-06,60.560264587402344
2003-01-07,60.41041564941406
2003-01-08,59.5374755859375
2003-01-09,60.46249771118164
2003-01-10,60.62537384033203
2003-01-13,60.605873107910156
2003-01-14,60.801300048828125
2003-01-15,60.195438385009766
2003-01-16,59.9478759765625
2003-01-17,59.061920166015625
2003-01-21,58.143341064453125
2003-01-22,57.43972396850586
2003-01-23,57.791542053222656
2003-01-24,56.27360153198242
2003-01-27,55.504886627197266
2003-01-28,55.915283203125
2003-01-29,56.33877944946289
2003-01-30,55.00326919555664
2003-01-31,56.065147399902344
2003-02-03,56.17588806152344
2003-02-04,55.62216567993164
2003-02-05,55.27686309814453
2003-02-06,55.01629638671875
2003-02-07,54.34528350830078
2003-02-10,54.729644775390625
2003-02-11,54.351802825927734
2003-02-12,53.4853401184082
2003-02-13,53.648216247558594
2003-02-14,54.82088088989258
2003-02-18,55.78498458862305
2003-02-19,55.49185562133789
2003-02-20,54.93810272216797
2003-02-21,55.49185562133789
2003-02-24,54.59284210205078
2003-02-25,55.029319763183594
2003-02-26,54.228023529052734
2003-02-27,54.944644927978516
2003-02-28,55.30945587158203
2003-03-03,54.78177261352539
2003-03-04,53.908817291259766
2003-03-05,54.364830017089844
2003-03-06,53.908817291259766
2003-03-07,54.280155181884766
2003-03-10,52.97718811035156
2003-03-11,52.45598220825195
2003-03-12,52.80783462524414
2003-03-13,54.631919860839844
2003-03-14,54.80782699584961
2003-03-17,56.534210205078125
2003-03-18,56.86644744873047
2003-03-19,57.30293273925781
2003-03-20,57.426727294921875
2003-03-21,58.65250015258789
2003-03-24,56.703311920166016
2003-03-25,57.24619674682617
2003-03-26,56.95839309692383
2003-03-27,57.00416946411133
2003-03-28,56.71635055541992
2003-03-31,55.42778778076172
2003-04-01,56.278114318847656
2003-04-02,57.638633728027344
2003-04-03,57.363914489746094
2003-04-04,57.70405578613281
2003-04-07,57.59284591674805
2003-04-08,57.68443298339844
2003-04-09,56.9256591796875
2003-04-10,57.23965072631836
2003-04-11,57.00416946411133
2003-04-14,58.18153381347656
2003-04-15,58.72444152832031
2003-04-16,57.72370910644531
2003-04-17,58.580535888671875
2003-04-21,58.63938522338867
2003-04-22,59.744815826416016
2003-04-23,60.29425811767578
2003-04-24,59.7579345703125
2003-04-25,59.01875686645508
2003-04-28,60.039146423339844
2003-04-29,60.24850082397461
2003-04-30,60.11763000488281
2003-05-01,60.11109924316406
2003-05-02,60.9680061340332
2003-05-05,60.850223541259766
2003-05-06,61.42583465576172
2003-05-07,61.0857048034668
2003-05-08,60.47083282470703
2003-05-09,61.30808639526367
2003-05-12,62.060302734375
2003-05-13,61.949100494384766
2003-05-14,61.81829071044922
2003-05-15,62.21074676513672
2003-05-16,62.05377960205078
2003-05-19,60.601661682128906
2003-05-20,60.4774055480957
2003-05-21,60.601661682128906
2003-05-22,61.203433990478516
2003-05-23,61.327693939208984
2003-05-27,62.40043640136719
2003-05-28,62.57701110839844
2003-05-29,62.41351318359375
2003-05-30,63.41429901123047
2003-06-02,63.67589569091797
2003-06-03,63.937557220458984
2003-06-04,64.85983276367188
2003-06-05,65.1803207397461
2003-06-06,64.92523956298828
2003-06-09,64.26458740234375
2003-06-10,64.91868591308594
2003-06-11,65.60550689697266
2003-06-12,65.80827331542969
2003-06-13,65.1214828491211
2003-06-16,66.49503326416016
2003-06-17,66.49503326416016
2003-06-18,66.43617248535156
2003-06-19,65.4223403930664
2003-06-20,65.27790069580078
2003-06-23,64.60836029052734
2003-06-24,64.6739730834961
2003-06-25,64.02413940429688
2003-06-26,64.85775756835938
2003-06-27,64.10940551757812
2003-06-30,64.08971405029297
2003-07-01,64.68054962158203
2003-07-02,65.49457550048828
2003-07-03,64.81841278076172
2003-07-07,66.10506439208984
2003-07-08,66.40044403076172
2003-07-09,66.02629089355469
2003-07-10,65.18602752685547
2003-07-11,65.8030776977539
2003-07-14,66.12476348876953
2003-07-15,65.98030853271484
2003-07-16,65.59300994873047
2003-07-17,64.66089630126953
2003-07-18,65.32388305664062
2003-07-21,64.51644134521484
2003-07-22,65.10065460205078
2003-07-23,65.14662170410156
2003-07-24,64.65428161621094
2003-07-25,65.79652404785156
2003-07-28,65.55365753173828
2003-07-29,65.25164031982422
2003-07-30,65.09412384033203
2003-07-31,65.24507904052734
2003-08-01,64.66741943359375
2003-08-04,64.66741943359375
2003-08-05,63.29544448852539
2003-08-06,63.663047790527344
2003-08-07,64.33263397216797
2003-08-08,64.51644134521484
2003-08-11,64.75930786132812
2003-08-12,65.35014343261719
2003-08-13,65.0153579711914
2003-08-14,65.19256591796875
2003-08-15,65.39610290527344
2003-08-18,65.96066284179688
2003-08-19,66.2100830078125
2003-08-20,65.94090270996094
2003-08-21,66.15099334716797
2003-08-22,65.49457550048828
2003-08-25,65.59957885742188
2003-08-26,65.71773529052734
2003-08-27,65.73745727539062
2003-08-28,66.14443969726562
2003-08-29,66.5908203125
2003-09-02,67.48359680175781
2003-09-03,67.85124206542969
2003-09-04,67.88404846191406
2003-09-05,67.5033187866211
2003-09-08,68.0613021850586
2003-09-09,67.61492156982422
2003-09-10,66.93217468261719
2003-09-11,67.1291275024414
2003-09-12,67.25384521484375
2003-09-15,67.01753997802734
2003-09-16,67.99565124511719
2003-09-17,67.86436462402344
2003-09-18,68.66522979736328
2003-09-19,68.31594848632812
2003-09-22,67.57791900634766
2003-09-23,67.83491516113281
2003-09-24,66.62903594970703
2003-09-25,66.08201599121094
2003-09-26,65.86459350585938
2003-09-29,66.51038360595703
2003-09-30,65.86459350585938
2003-10-01,67.26819610595703
2003-10-02,67.51200866699219
2003-10-03,68.13146209716797
2003-10-06,68.44117736816406
2003-10-07,68.70478057861328
2003-10-08,68.533447265625
2003-10-09,68.71794128417969
2003-10-10,68.9090576171875
2003-10-13,69.12650299072266
2003-10-14,69.3703384399414
2003-10-15,69.18580627441406
2003-10-16,69.4626235961914
2003-10-17,68.70478057861328
2003-10-20,69.21878814697266
2003-10-21,69.10016632080078
2003-10-22,68.23029327392578
2003-10-23,68.10508728027344
2003-10-24,68.25668334960938
2003-10-27,68.28964233398438
2003-10-28,69.21878814697266
2003-10-29,69.3110122680664
2003-10-30,69.45598602294922
2003-10-31,69.39010620117188
2003-11-03,69.84480285644531
2003-11-04,69.6932601928711
2003-11-05,69.74596405029297
2003-11-06,70.11495971679688
2003-11-07,69.59440612792969
2003-11-10,69.3110122680664
2003-11-11,69.2912368774414
2003-11-12,70.06883239746094
2003-11-13,70.088623046875
2003-11-14,69.49552917480469
2003-11-17,69.14625549316406
2003-11-18,68.42801666259766
2003-11-19,69.00791931152344
2003-11-20,68.38846588134766
2003-11-21,68.67182159423828
2003-11-24,69.58119201660156
2003-11-25,69.84480285644531
2003-11-26,70.09526062011719
2003-11-28,70.14794158935547
2003-12-01,70.90574645996094
2003-12-02,70.72782135009766
2003-12-03,70.6158218383789
2003-12-04,70.90574645996094
2003-12-05,70.41153717041016
2003-12-08,70.885986328125
2003-12-09,70.33902740478516
2003-12-10,70.33247375488281
2003-12-11,71.12318420410156
2003-12-12,71.26158905029297
2003-12-15,70.90574645996094
2003-12-16,71.27479553222656
2003-12-17,71.4988784790039
2003-12-18,72.30278778076172
2003-12-19,72.10148620605469
2003-12-22,72.60469818115234
2003-12-23,72.65103149414062
2003-12-24,72.57820129394531
2003-12-26,72.63117980957031
2003-12-29,73.59781646728516
2003-12-30,73.61105346679688
2003-12-31,73.67727661132812
2004-01-02,73.64415740966797
2004-01-05,74.4453125
2004-01-06,74.51808166503906
2004-01-07,74.76974487304688
2004-01-08,75.06767272949219
2004-01-09,74.41218566894531
2004-01-12,74.96173858642578
2004-01-13,74.52474212646484
2004-01-14,75.14710235595703
2004-01-15,75.3324966430664
2004-01-16,75.63045501708984
2004-01-20,75.6105728149414
2004-01-21,76.20646667480469
2004-01-22,76.00785064697266
2004-01-23,75.76284790039062
2004-01-26,76.71623229980469
2004-01-27,75.92838287353516
2004-01-28,75.06102752685547
2004-01-29,75.1338882446289
2004-01-30,75.1338882446289
2004-02-02,75.45829010009766
2004-02-03,75.3324966430664
2004-02-04,74.71675109863281
2004-02-05,74.93523406982422
2004-02-06,75.7761001586914
2004-02-09,75.79596710205078
2004-02-10,76.04093933105469
2004-02-11,76.84869384765625
2004-02-12,76.57059478759766
2004-02-13,76.226318359375
2004-02-17,76.91487884521484
2004-02-18,76.57722473144531
2004-02-19,76.29251098632812
2004-02-20,76.0608139038086
2004-02-23,75.86878204345703
2004-02-24,75.73638153076172
2004-02-25,76.05418395996094
2004-02-26,76.10053253173828
2004-02-27,76.15347290039062
2004-03-01,76.90827941894531
2004-03-02,76.4580307006836
2004-03-03,76.59709167480469
2004-03-04,76.79572296142578
2004-03-05,77.05394744873047
2004-03-08,76.11376190185547
2004-03-09,75.8092269897461
2004-03-10,74.53800201416016
2004-03-11,73.57131958007812
2004-03-12,74.53800201416016
2004-03-15,73.62430572509766
2004-03-16,74.01490020751953
2004-03-17,74.84256744384766
2004-03-18,74.8624038696289
2004-03-19,73.78938293457031
2004-03-22,72.8525619506836
2004-03-23,72.7263412475586
2004-03-24,72.78610229492188
2004-03-25,73.74952697753906
2004-03-26,73.76944732666016
2004-03-29,74.80593872070312
2004-03-30,75.05838012695312
2004-03-31,75.14476776123047
2004-04-01,75.59661102294922
2004-04-02,76.16797637939453
2004-04-05,76.58655548095703
2004-04-06,76.34071350097656
2004-04-07,76.16130065917969
2004-04-08,75.98858642578125
2004-04-12,76.28755950927734
2004-04-13,75.21784210205078
2004-04-14,75.33747100830078
2004-04-15,75.0517578125
2004-04-16,75.62982940673828
2004-04-19,75.62982940673828
2004-04-20,74.36077880859375
2004-04-21,74.85907745361328
2004-04-22,75.90889739990234
2004-04-23,75.98191833496094
2004-04-26,75.87564849853516
2004-04-27,75.94210052490234
2004-04-28,74.9587173461914
2004-04-29,74.30099487304688
2004-04-30,73.72295379638672
2004-05-03,74.51358032226562
2004-05-04,74.45380401611328
2004-05-05,74.93216705322266
2004-05-06,74.28770446777344
2004-05-07,73.05856323242188
2004-05-10,72.30777740478516
2004-05-11,72.91903686523438
2004-05-12,73.38410186767578
2004-05-13,73.07847595214844
2004-05-14,73.11172485351562
2004-05-17,72.48713684082031
2004-05-18,72.8525619506836
2004-05-19,72.60008239746094
2004-05-20,72.8326416015625
2004-05-21,72.95885467529297
2004-05-24,73.2645034790039
2004-05-25,74.31428527832031
2004-05-26,74.57339477539062
2004-05-27,74.9919662475586
2004-05-28,74.98530578613281
2004-06-01,74.88568878173828
2004-06-02,75.16472625732422
2004-06-03,74.47373962402344
2004-06-04,75.0650863647461
2004-06-07,76.20784759521484
2004-06-08,76.31416320800781
2004-06-09,75.60321807861328
2004-06-10,75.97528076171875
2004-06-14,75.22451782226562
2004-06-15,75.75602722167969
2004-06-16,75.74274444580078
2004-06-17,75.62982940673828
2004-06-18,75.77246856689453
2004-06-21,75.48577117919922
2004-06-22,75.8658447265625
2004-06-23,76.5193862915039
2004-06-24,76.27932739257812
2004-06-25,75.91256713867188
2004-06-28,75.65250396728516
2004-06-29,75.96587371826172
2004-06-30,76.37266540527344
2004-07-01,75.31238555908203
2004-07-02,75.2723617553711
2004-07-06,74.61221313476562
2004-07-07,74.83226776123047
2004-07-08,74.3121566772461
2004-07-09,74.5055160522461
2004-07-12,74.53885650634766
2004-07-13,74.59223937988281
2004-07-14,74.365478515625
2004-07-15,73.88536834716797
2004-07-16,73.82534790039062
2004-07-19,73.511962890625
2004-07-20,74.44550323486328
2004-07-21,73.07182312011719
2004-07-22,73.2718734741211
2004-07-23,72.65840911865234
2004-07-26,72.51839447021484
2004-07-27,73.19852447509766
2004-07-28,73.4185791015625
2004-07-29,73.73197937011719
2004-07-30,73.91204833984375
2004-08-02,74.06542205810547
2004-08-03,73.4919204711914
2004-08-04,73.48524475097656
2004-08-05,72.28497314453125
2004-08-06,71.25137329101562
2004-08-09,71.35137176513672
2004-08-10,72.27164459228516
2004-08-11,72.12489318847656
2004-08-12,71.33807373046875
2004-08-13,71.47811126708984
2004-08-16,72.21832275390625
2004-08-17,72.62507629394531
2004-08-18,73.37189483642578
2004-08-19,73.15853118896484
2004-08-20,73.67196655273438
2004-08-23,73.48524475097656
2004-08-24,73.58528137207031
2004-08-25,74.08544158935547
2004-08-26,74.08544158935547
2004-08-27,74.31880187988281
2004-08-30,73.70535278320312
2004-08-31,74.09205627441406
2004-09-01,74.23209381103516
2004-09-02,75.07235717773438
2004-09-03,74.76560974121094
2004-09-07,75.25901794433594
2004-09-08,75.07235717773438
2004-09-09,75.00563049316406
2004-09-10,75.39241790771484
2004-09-13,75.63912200927734
2004-09-14,75.79251098632812
2004-09-15,75.21904754638672
2004-09-16,75.44575500488281
2004-09-17,75.76652526855469
2004-09-20,75.3111572265625
2004-09-21,75.63925170898438
2004-09-22,74.69512176513672
2004-09-23,74.29337310791016
2004-09-24,74.6348648071289
2004-09-27,74.15945434570312
2004-09-28,74.51431274414062
2004-09-29,74.88932800292969
2004-09-30,74.83576202392578
2004-10-01,76.1012954711914
2004-10-04,76.22854614257812
2004-10-05,76.26868438720703
2004-10-06,76.79100036621094
2004-10-07,75.9674072265625
2004-10-08,75.33796691894531
2004-10-11,75.64594268798828
2004-10-12,75.35135650634766
2004-10-13,74.6884536743164
2004-10-14,74.08578491210938
2004-10-15,74.5009536743164
2004-10-18,74.78217315673828
2004-10-19,74.15271759033203
2004-10-20,74.00545501708984
2004-10-21,74.48753356933594
2004-10-22,73.65055847167969
2004-10-25,73.56349182128906
2004-10-26,74.6884536743164
2004-10-27,75.58570098876953
2004-10-28,75.8133544921875
2004-10-29,75.79998779296875
2004-11-01,76.007568359375
2004-11-02,76.03435516357422
2004-11-03,76.99191284179688
2004-11-04,78.0431900024414
2004-11-05,78.53199768066406
2004-11-08,78.41816711425781
2004-11-09,78.26414489746094
2004-11-10,78.32442474365234
2004-11-11,78.9203872680664
2004-11-12,79.54309844970703
2004-11-15,79.73854064941406
2004-11-16,79.16767120361328
2004-11-17,79.6378402709961
2004-11-18,79.74526977539062
2004-11-19,78.85873413085938
2004-11-22,79.23487091064453
2004-11-23,79.35575103759766
2004-11-24,79.54375457763672
2004-11-26,79.48333740234375
2004-11-29,79.12069702148438
2004-11-30,79.17443084716797
2004-12-01,80.07432556152344
2004-12-02,80.14148712158203
2004-12-03,80.08781433105469
2004-12-06,80.0609359741211
2004-12-07,79.31546783447266
2004-12-08,79.77883911132812
2004-12-09,80.0609359741211
2004-12-10,80.14148712158203
2004-12-13,80.83997344970703
2004-12-14,81.12202453613281
2004-12-15,81.1824722290039
2004-12-16,81.13545227050781
2004-12-17,80.59429168701172
2004-12-20,80.61454772949219
2004-12-21,81.23532104492188
2004-12-22,81.43102264404297
2004-12-23,81.49175262451172
2004-12-27,81.32303619384766
2004-12-28,81.76839447021484
2004-12-29,81.88986206054688
2004-12-30,81.73462677001953
2004-12-31,81.5592269897461
2005-01-03,81.1745834350586
2005-01-04,80.18269348144531
2005-01-05,79.62940216064453
2005-01-06,80.03423309326172
2005-01-07,79.91950988769531
2005-01-10,80.29742431640625
2005-01-11,79.74409484863281
2005-01-12,80.00724029541016
2005-01-13,79.36625671386719
2005-01-14,79.78456115722656
2005-01-18,80.61454772949219
2005-01-19,79.7710952758789
2005-01-20,79.28520965576172
2005-01-21,78.79943084716797
2005-01-24,78.64421081542969
2005-01-25,78.86691284179688
2005-01-26,79.1030502319336
2005-01-27,79.23799133300781
2005-01-28,79.23799133300781
2005-01-31,79.73062133789062
2005-02-01,80.2366714477539
2005-02-02,80.47962188720703
2005-02-03,80.27044677734375
2005-02-04,81.12738037109375
2005-02-07,81.01939392089844
2005-02-08,81.11388397216797
2005-02-09,80.50659942626953
2005-02-10,80.79671478271484
2005-02-11,81.49175262451172
2005-02-14,81.43102264404297
2005-02-15,81.73462677001953
2005-02-16,81.78865051269531
2005-02-17,81.12738037109375
2005-02-18,81.23532104492188
2005-02-22,80.02750396728516
2005-02-23,80.60104370117188
2005-02-24,81.13411712646484
2005-02-25,81.93709564208984
2005-02-28,81.39726257324219
2005-03-01,81.8021011352539
2005-03-02,81.76164245605469
2005-03-03,81.79540252685547
2005-03-04,82.8143081665039
2005-03-07,82.85477447509766
2005-03-08,82.54436492919922
2005-03-09,81.62667083740234
2005-03-10,81.80889129638672
2005-03-11,81.23532104492188
2005-03-14,81.74139404296875
2005-03-15,81.06664276123047
2005-03-16,80.37834930419922
2005-03-17,80.54032135009766
2005-03-18,80.30120086669922
2005-03-21,80.00312042236328
2005-03-22,79.19025421142578
2005-03-23,79.25796508789062
2005-03-24,79.35282897949219
2005-03-28,79.46797180175781
2005-03-29,78.9395980834961
2005-03-30,80.05732727050781
2005-03-31,79.90831756591797
2005-04-01,79.54924774169922
2005-04-04,79.68473815917969
2005-04-05,80.06409454345703
2005-04-06,80.3418197631836
2005-04-07,80.77535247802734
2005-04-08,79.93537139892578
2005-04-11,79.99639129638672
2005-04-12,80.4095687866211
2005-04-13,79.46121215820312
2005-04-14,78.42472839355469
2005-04-15,77.32732391357422
2005-04-18,77.56442260742188
2005-04-19,78.18087005615234
2005-04-20,77.09021759033203
2005-04-21,78.58729553222656
2005-04-22,78.28924560546875
2005-04-25,78.8040771484375
2005-04-26,78.03860473632812
2005-04-27,78.3434829711914
2005-04-28,77.36122131347656
2005-04-29,78.41116333007812
2005-05-02,78.85150909423828
2005-05-03,78.98698425292969
2005-05-04,79.5966567993164
2005-05-05,79.56956481933594
2005-05-06,79.3189468383789
2005-05-09,79.81343841552734
2005-05-10,78.98698425292969
2005-05-11,79.4205322265625
2005-05-12,78.54666137695312
2005-05-13,78.39087677001953
2005-05-16,79.1224594116211
2005-05-17,79.65084838867188
2005-05-18,80.4705581665039
2005-05-19,80.80924224853516
2005-05-20,80.69408416748047
2005-05-23,81.14118957519531
2005-05-24,80.95152282714844
2005-05-25,80.89053344726562
2005-05-26,81.32404327392578
2005-05-27,81.45955657958984
2005-05-31,80.93797302246094
2005-06-01,81.62893676757812
2005-06-02,81.80504608154297
2005-06-03,81.39185333251953
2005-06-06,81.31732177734375
2005-06-07,81.37832641601562
2005-06-08,81.22929382324219
2005-06-09,81.61540222167969
2005-06-10,81.42566680908203
2005-06-13,81.68316650390625
2005-06-14,81.87281799316406
2005-06-15,82.02861022949219
2005-06-16,82.2386245727539
2005-06-17,82.54334259033203
2005-06-20,82.5705337524414
2005-06-21,82.61813354492188
2005-06-22,82.6861572265625
2005-06-23,81.52307891845703
2005-06-24,80.92459106445312
2005-06-27,81.04017639160156
2005-06-28,81.72029876708984
2005-06-29,81.50267028808594
2005-06-30,81.0605697631836
2005-07-01,81.29865264892578
2005-07-05,81.9515380859375
2005-07-06,81.2646255493164
2005-07-07,81.58428955078125
2005-07-08,82.51612091064453
2005-07-11,82.93780517578125
2005-07-12,83.1554946899414
2005-07-13,83.27107238769531
2005-07-14,83.59756469726562
2005-07-15,83.54991912841797
2005-07-18,83.21664428710938
2005-07-19,83.67237091064453
2005-07-20,83.95803833007812
2005-07-21,83.46832275390625
2005-07-22,84.02605438232422
2005-07-25,83.78801727294922
2005-07-26,83.89002990722656
2005-07-27,84.19609069824219
2005-07-28,84.72662353515625
2005-07-29,84.16206359863281
2005-08-01,84.10089111328125
2005-08-02,84.60419464111328
2005-08-03,84.82864379882812
2005-08-04,84.14847564697266
2005-08-05,83.57715606689453
2005-08-08,83.42072296142578
2005-08-09,83.92403411865234
2005-08-10,83.88323211669922
2005-08-11,84.21649932861328
2005-08-12,83.69956970214844
2005-08-15,84.21649932861328
2005-08-16,83.12142181396484
2005-08-17,83.11466217041016
2005-08-18,83.10786437988281
2005-08-19,83.29826354980469
2005-08-22,83.29826354980469
2005-08-23,83.14185333251953
2005-08-24,82.40049743652344
2005-08-25,82.69973754882812
2005-08-26,82.13522338867188
2005-08-29,82.76774597167969
2005-08-30,82.3324966430664
2005-08-31,83.37308502197266
2005-09-01,83.31190490722656
2005-09-02,83.16226196289062
2005-09-06,84.13487243652344
2005-09-07,84.27771759033203
2005-09-08,83.99885559082031
2005-09-09,84.74700927734375
2005-09-12,84.57696533203125
2005-09-13,84.10770416259766
2005-09-14,83.80158233642578
2005-09-15,83.76077270507812
2005-09-16,84.3564224243164
2005-09-19,84.07636260986328
2005-09-20,83.36598205566406
2005-09-21,82.58734130859375
2005-09-22,82.88103485107422
2005-09-23,82.9493179321289
2005-09-26,83.0449447631836
2005-09-27,83.02445220947266
2005-09-28,83.10643005371094
2005-09-29,83.78266143798828
2005-09-30,84.04220581054688
2005-10-03,83.74166107177734
2005-10-04,82.79907989501953
2005-10-05,81.71305084228516
2005-10-06,81.41929626464844
2005-10-07,81.6993408203125
2005-10-10,81.00948333740234
2005-10-11,80.89337921142578
2005-10-12,80.25808715820312
2005-10-13,80.21028900146484
2005-10-14,81.05728149414062
2005-10-17,81.35784149169922
2005-10-18,80.47669982910156
2005-10-19,81.81546783447266
2005-10-20,80.37422943115234
2005-10-21,80.68846130371094
2005-10-24,81.93836212158203
2005-10-25,81.77449798583984
2005-10-26,81.53543090820312
2005-10-27,80.6679458618164
2005-10-28,81.82913970947266
2005-10-31,82.05455017089844
2005-11-01,82.30039978027344
2005-11-02,83.16107177734375
2005-11-03,83.51628112792969
2005-11-04,83.406982421875
2005-11-07,83.48892974853516
2005-11-08,83.48892974853516
2005-11-09,83.59821319580078
2005-11-10,84.24712371826172
2005-11-11,84.53398895263672
2005-11-14,84.48617553710938
2005-11-15,84.17880249023438
2005-11-16,84.34957885742188
2005-11-17,85.13508605957031
2005-11-18,85.46976470947266
2005-11-21,85.90011596679688
2005-11-22,86.2689437866211
2005-11-23,86.7675552368164
2005-11-25,86.83589172363281
2005-11-28,86.22112274169922
2005-11-29,86.12554168701172
2005-11-30,85.6610336303711
2005-12-01,86.53533172607422
2005-12-02,86.64460754394531
2005-12-05,86.46021270751953
2005-12-06,86.62409973144531
2005-12-07,86.1186752319336
2005-12-08,86.06402587890625
2005-12-09,86.2894058227539
2005-12-12,86.37139892578125
2005-12-13,86.9588394165039
2005-12-14,87.30036163330078
2005-12-15,87.0476303100586
2005-12-16,86.76742553710938
2005-12-19,86.32113647460938
2005-12-20,86.40352630615234
2005-12-21,86.54087829589844
2005-12-22,86.99403381347656
2005-12-23,87.04212951660156
2005-12-27,86.15631103515625
2005-12-28,86.34857177734375
2005-12-29,85.96404266357422
2005-12-30,85.49711608886719
2006-01-03,87.00093078613281
2006-01-04,87.41293334960938
2006-01-05,87.46785736083984
2006-01-06,88.19574737548828
2006-01-09,88.42232513427734
2006-01-10,88.51158142089844
2006-01-11,88.79312133789062
2006-01-12,88.44295501708984
2006-01-13,88.36051940917969
2006-01-17,88.12020111083984
2006-01-18,87.7699966430664
2006-01-19,88.10646057128906
2006-01-20,86.4996337890625
2006-01-23,86.80866241455078
2006-01-24,86.89794158935547
2006-01-25,86.97345733642578
2006-01-26,87.45409393310547
2006-01-27,88.26439666748047
2006-01-30,88.19574737548828
2006-01-31,87.55021667480469
2006-02-01,88.16139221191406
2006-02-02,87.13827514648438
2006-02-03,86.70565032958984
2006-02-06,86.9322738647461
2006-02-07,86.1631851196289
2006-02-08,86.94598388671875
2006-02-09,86.8017807006836
2006-02-10,86.95970916748047
2006-02-13,86.8017807006836
2006-02-14,87.72191619873047
2006-02-15,88.03093719482422
2006-02-16,88.69014739990234
2006-02-17,88.44978332519531
2006-02-21,88.23005676269531
2006-02-22,88.76564025878906
2006-02-23,88.63520050048828
2006-02-24,88.86180877685547
2006-02-27,88.89611053466797
2006-02-28,88.0515365600586
2006-03-01,88.83430480957031
2006-03-02,88.82745361328125
2006-03-03,88.41542053222656
2006-03-06,88.01031494140625
2006-03-07,87.87299346923828
2006-03-08,88.05838012695312
2006-03-09,87.46785736083984
2006-03-10,88.29873657226562
2006-03-13,88.4635009765625
2006-03-14,89.39053344726562
2006-03-15,89.78880310058594
2006-03-16,89.9742431640625
2006-03-17,90.04934692382812
2006-03-20,89.90453338623047
2006-03-21,89.33924865722656
2006-03-22,89.88386535644531
2006-03-23,89.6977310180664
2006-03-24,89.76668548583984
2006-03-27,89.63565826416016
2006-03-28,89.08416748046875
2006-03-29,89.64260864257812
2006-03-30,89.48399353027344
2006-03-31,89.5047378540039
2006-04-03,89.435791015625
2006-04-04,90.00797271728516
2006-04-05,90.31819915771484
2006-04-06,90.2216796875
2006-04-07,89.30480194091797
2006-04-10,89.44263458251953
2006-04-11,88.68431091308594
2006-04-12,88.84978485107422
2006-04-13,88.73260498046875
2006-04-17,88.69813537597656
2006-04-18,90.1044921875
2006-04-19,90.2768325805664
2006-04-20,90.40089416503906
2006-04-21,90.41470336914062
2006-04-24,90.24927520751953
2006-04-25,89.87699890136719
2006-04-26,89.89765167236328
2006-04-27,90.3320083618164
2006-04-28,90.63533782958984
2006-05-01,89.89765167236328
2006-05-02,90.57328033447266
2006-05-03,90.2354965209961
2006-05-04,90.55949401855469
2006-05-05,91.35917663574219
2006-05-08,91.24891662597656
2006-05-09,91.42815399169922
2006-05-10,91.37989807128906
2006-05-11,90.2768325805664
2006-05-12,89.09797668457031
2006-05-15,89.27723693847656
2006-05-16,89.14619445800781
2006-05-17,87.4502944946289
2006-05-18,87.00910949707031
2006-05-19,87.62261962890625
2006-05-22,86.95391845703125
2006-05-23,86.2921142578125
2006-05-24,86.98151397705078
2006-05-25,88.05696868896484
2006-05-26,88.50509643554688
2006-05-30,86.93324279785156
2006-05-31,87.90530395507812
2006-06-01,88.7463607788086
2006-06-02,88.9324951171875
2006-06-05,87.63643646240234
2006-06-06,87.42273712158203
2006-06-07,86.76781463623047
2006-06-08,86.69197845458984
2006-06-09,86.41616821289062
2006-06-12,85.4786376953125
2006-06-13,84.48587799072266
2006-06-14,85.14082336425781
2006-06-15,86.9470443725586
2006-06-16,86.31343841552734
2006-06-19,85.63484191894531
2006-06-20,85.92567443847656
2006-06-21,86.56272888183594
2006-06-22,86.18186950683594
2006-06-23,86.16801452636719
2006-06-26,86.54887390136719
2006-06-27,85.80105590820312
2006-06-28,86.38267517089844
2006-06-29,88.127685546875
2006-06-30,88.13459777832031
2006-07-03,88.49466705322266
2006-07-05,87.98916625976562
2006-07-06,88.24536895751953
2006-07-07,87.67063903808594
2006-07-10,87.83680725097656
2006-07-11,88.22460174560547
2006-07-12,87.28286743164062
2006-07-13,85.86335754394531
2006-07-14,85.531005859375
2006-07-17,85.4063491821289
2006-07-18,85.84256744384766
2006-07-19,87.03363037109375
2006-07-20,86.43809509277344
2006-07-21,85.82875061035156
2006-07-24,87.39368438720703
2006-07-25,87.70527648925781
2006-07-26,87.82295989990234
2006-07-27,87.73987579345703
2006-07-28,88.61929321289062
2006-07-31,88.5293197631836
2006-08-01,88.09303283691406
2006-08-02,88.68852996826172
2006-08-03,88.92395782470703
2006-08-04,88.7716293334961
2006-08-07,88.56391143798828
2006-08-08,88.22460174560547
2006-08-09,87.92686462402344
2006-08-10,88.19690704345703
2006-08-11,87.94762420654297
2006-08-14,88.01688385009766
2006-08-15,89.06936645507812
2006-08-16,89.810302734375
2006-08-17,90.03882598876953
2006-08-18,90.49581909179688
2006-08-21,90.10802459716797
2006-08-22,90.10115051269531
2006-08-23,89.85188293457031
2006-08-24,89.77568817138672
2006-08-25,89.88644409179688
2006-08-28,90.31575775146484
2006-08-29,90.4196548461914
2006-08-30,90.47506713867188
2006-08-31,90.46119689941406
2006-09-01,91.00132751464844
2006-09-05,91.1744613647461
2006-09-06,90.37115478515625
2006-09-07,89.9557113647461
2006-09-08,90.21190643310547
2006-09-11,90.30194091796875
2006-09-12,91.18827819824219
2006-09-13,91.55525207519531
2006-09-14,91.56218719482422
2006-09-15,91.77713775634766
2006-09-18,91.90225219726562
2006-09-19,91.67277526855469
2006-09-20,92.15962219238281
2006-09-21,91.71451568603516
2006-09-22,91.436279296875
2006-09-25,92.1387710571289
2006-09-26,92.90383911132812
2006-09-27,93.01508331298828
2006-09-28,92.9803237915039
2006-09-29,92.90383911132812
2006-10-02,92.55604553222656
2006-10-03,92.75077819824219
2006-10-04,93.83576202392578
2006-10-05,94.01655578613281
2006-10-06,93.89837646484375
2006-10-09,93.9540023803711
2006-10-10,94.07917022705078
2006-10-11,93.96791076660156
2006-10-12,94.78162384033203
2006-10-13,95.0250473022461
2006-10-16,95.17110443115234
2006-10-17,94.87205505371094
2006-10-18,94.9972152709961
2006-10-19,95.1502456665039
2006-10-20,95.17110443115234
2006-10-23,95.60924530029297
2006-10-24,95.89445495605469
2006-10-25,96.22130584716797
2006-10-26,96.52035522460938
2006-10-27,95.915283203125
2006-10-30,95.84574890136719
2006-10-31,95.8318099975586
2006-11-01,95.18501281738281
2006-11-02,95.12939453125
2006-11-03,94.96244049072266
2006-11-06,96.03348541259766
2006-11-07,96.40214538574219
2006-11-08,96.61080169677734
2006-11-09,96.10303497314453
2006-11-10,96.1447982788086
2006-11-13,96.38124084472656
2006-11-14,97.1046142578125
2006-11-15,97.3827896118164
2006-11-16,97.63314056396484
2006-11-17,97.66094207763672
2006-11-20,97.71661376953125
2006-11-21,97.81395721435547
2006-11-22,98.00870513916016
2006-11-24,97.61229705810547
2006-11-27,96.26998138427734
2006-11-28,96.68729400634766
2006-11-29,97.69573211669922
2006-11-30,97.7374496459961
2006-12-01,97.52188110351562
2006-12-04,98.26604461669922
2006-12-05,98.69029235839844
2006-12-06,98.60682678222656
2006-12-07,98.17558288574219
2006-12-08,98.35649108886719
2006-12-11,98.6416015625
2006-12-12,98.56504821777344
2006-12-13,98.6694107055664
2006-12-14,99.53881072998047
2006-12-15,99.54784393310547
2006-12-18,99.27513122558594
2006-12-19,99.46395111083984
2006-12-20,99.40800476074219
2006-12-21,99.0443344116211
2006-12-22,98.43587493896484
2006-12-26,99.01632690429688
2006-12-27,99.6667709350586
2006-12-28,99.45697021484375
2006-12-29,99.0443344116211
2007-01-03,98.86952209472656
2007-01-04,99.0793228149414
2007-01-05,98.2890625
2007-01-08,98.74361419677734
2007-01-09,98.65971374511719
2007-01-10,98.9883804321289
2007-01-11,99.42198944091797
2007-01-12,100.1773452758789
2007-01-16,99.98147583007812
2007-01-17,100.0234375
2007-01-18,99.68775177001953
2007-01-19,99.88357543945312
2007-01-22,99.57588195800781
2007-01-23,99.86959075927734
2007-01-24,100.67387390136719
2007-01-25,99.491943359375
2007-01-26,99.4010238647461
2007-01-29,99.34505462646484
2007-01-30,99.86258697509766
2007-01-31,100.53397369384766
2007-02-01,101.13542175292969
2007-02-02,101.27532958984375
2007-02-05,101.30331420898438
2007-02-06,101.33126831054688
2007-02-07,101.5550308227539
2007-02-08,101.42218780517578
2007-02-09,100.66686248779297
2007-02-12,100.3241958618164
2007-02-13,101.17044067382812
2007-02-14,101.83480834960938
2007-02-15,101.96773529052734
2007-02-16,101.91876983642578
2007-02-20,102.13552856445312
2007-02-21,102.0936050415039
2007-02-22,102.01664733886719
2007-02-23,101.61800384521484
2007-02-26,101.5270767211914
2007-02-27,97.56169891357422
2007-02-28,98.56179809570312
2007-03-01,98.26805114746094
2007-03-02,96.9812240600586
2007-03-05,96.05805969238281
2007-03-06,97.70155334472656
2007-03-07,97.60365295410156
2007-03-08,98.42889404296875
2007-03-09,98.45689392089844
2007-03-12,98.60375213623047
2007-03-13,96.6874771118164
2007-03-14,97.4078369140625
2007-03-15,97.54071807861328
2007-03-16,97.26758575439453
2007-03-19,98.44013214111328
2007-03-20,98.98078155517578
2007-03-21,100.6097183227539
2007-03-22,100.53252410888672
2007-03-23,100.679931640625
2007-03-26,100.5466079711914
2007-03-27,100.30785369873047
2007-03-28,99.57762145996094
2007-03-29,99.68292236328125
2007-03-30,99.7039794921875
2007-04-02,99.81632232666016
2007-04-03,100.8906021118164
2007-04-04,101.00292205810547
2007-04-05,101.27678680419922
2007-04-09,101.41722869873047
2007-04-10,101.53655242919922
2007-04-11,101.1223373413086
2007-04-12,101.57170867919922
2007-04-13,102.03509521484375
2007-04-16,103.00405883789062
2007-04-17,103.27788543701172
2007-04-18,103.40425109863281
2007-04-19,103.37618255615234
2007-04-20,104.35216522216797
2007-04-23,103.95893859863281
2007-04-24,104.0010757446289
2007-04-25,104.95597839355469
2007-04-26,105.07536315917969
2007-04-27,104.9911117553711
2007-04-30,104.12040710449219
2007-05-01,104.38726043701172
2007-05-02,104.99813079833984
2007-05-03,105.5668716430664
2007-05-04,105.96708679199219
2007-05-07,105.98812866210938
2007-05-08,105.8477783203125
2007-05-09,106.13556671142578
2007-05-10,105.02622985839844
2007-05-11,105.92498779296875
2007-05-14,105.6932601928711
2007-05-15,105.7213363647461
2007-05-16,106.44454956054688
2007-05-17,106.23390197753906
2007-05-18,107.1607437133789
2007-05-21,107.10454559326172
2007-05-22,107.02032470703125
2007-05-23,107.03433990478516
2007-05-24,106.06538391113281
2007-05-25,106.50773620605469
2007-05-29,106.89392852783203
2007-05-30,107.76454162597656
2007-05-31,107.65221405029297
2007-06-01,108.18586730957031
2007-06-04,108.19994354248047
2007-06-05,107.77157592773438
2007-06-06,106.61305236816406
2007-06-07,104.68919372558594
2007-06-08,106.05135345458984
2007-06-11,106.23390197753906
2007-06-12,105.07536315917969
2007-06-13,106.64817810058594
2007-06-14,107.32927703857422
2007-06-15,107.9399642944336
2007-06-18,107.81295776367188
2007-06-19,108.08097076416016
2007-06-20,106.57893371582031
2007-06-21,107.17130279541016
2007-06-22,106.16291046142578
2007-06-25,105.65520477294922
2007-06-26,104.5691909790039
2007-06-27,106.0571060180664
2007-06-28,106.04305267333984
2007-06-29,106.07833099365234
2007-07-02,107.03731536865234
2007-07-03,107.4251708984375
2007-07-05,107.3123779296875
2007-07-06,107.87641906738281
2007-07-09,107.96109771728516
2007-07-10,106.423828125
2007-07-11,107.17835235595703
2007-07-12,108.87074279785156
2007-07-13,109.1950912475586
2007-07-16,109.1810531616211
2007-07-17,109.12462615966797
2007-07-18,108.92713928222656
2007-07-19,109.3502197265625
2007-07-20,108.2431640625
2007-07-23,108.57453155517578
2007-07-24,106.6917953491211
2007-07-25,106.91038513183594
2007-07-26,104.37882232666016
2007-07-27,102.32678985595703
2007-07-30,103.92755889892578
2007-07-31,102.75695037841797
2007-08-01,103.257568359375
2007-08-02,104.08267974853516
2007-08-03,101.40303802490234
2007-08-06,103.10250091552734
2007-08-07,104.2025375366211
2007-08-08,105.65520477294922
2007-08-09,102.52424621582031
2007-08-10,102.04471588134766
2007-08-13,102.4113540649414
2007-08-14,100.84593200683594
2007-08-15,99.45672607421875
2007-08-16,100.20425415039062
2007-08-17,102.04471588134766
2007-08-20,101.99535369873047
2007-08-21,102.19983673095703
2007-08-22,103.4127426147461
2007-08-23,103.32107543945312
2007-08-24,104.5974349975586
2007-08-27,103.62425231933594
2007-08-28,101.34664154052734
2007-08-29,103.33518981933594
2007-08-30,103.06016540527344
2007-08-31,104.07555389404297
2007-09-04,105.1263198852539
2007-09-05,104.21663665771484
2007-09-06,104.4563980102539
2007-09-07,103.00375366210938
2007-09-10,102.80625915527344
2007-09-11,104.00506591796875
2007-09-12,104.27307891845703
2007-09-13,105.00641632080078
2007-09-14,104.99938201904297
2007-09-17,104.43525695800781
2007-09-18,107.50971221923828
2007-09-19,108.14445495605469
2007-09-20,107.38286590576172
2007-09-21,107.67263793945312
2007-09-24,107.47425079345703
2007-09-25,107.26168823242188
2007-09-26,107.82849884033203
2007-09-27,108.46615600585938
2007-09-28,108.10482788085938
2007-10-01,109.32347869873047
2007-10-02,109.17469787597656
2007-10-03,108.95504760742188
2007-10-04,109.12506866455078
2007-10-05,110.42161560058594
2007-10-08,109.83354187011719
2007-10-09,110.8680191040039
2007-10-10,110.68376922607422
2007-10-11,110.15242767333984
2007-10-12,110.7617416381836
2007-10-15,109.82648468017578
2007-10-16,108.95504760742188
2007-10-17,109.28803253173828
2007-10-18,108.89124298095703
2007-10-19,106.04300689697266
2007-10-22,106.65943908691406
2007-10-23,107.52384185791016
2007-10-24,107.32547760009766
2007-10-25,107.58049774169922
2007-10-26,108.84166717529297
2007-10-29,109.20303344726562
2007-10-30,108.44490814208984
2007-10-31,109.5714111328125
2007-11-01,107.00662994384766
2007-11-02,107.12708282470703
2007-11-05,106.312255859375
2007-11-06,107.74346923828125
2007-11-07,104.79603576660156
2007-11-08,104.2646713256836
2007-11-09,102.83343505859375
2007-11-12,101.81321716308594
2007-11-13,104.91650390625
2007-11-14,104.62602233886719
2007-11-15,103.11688995361328
2007-11-16,103.2939682006836
2007-11-19,101.855712890625
2007-11-20,102.47921752929688
2007-11-21,100.38202667236328
2007-11-23,102.11783599853516
2007-11-26,99.86483001708984
2007-11-27,101.01260375976562
2007-11-28,104.24342346191406
2007-11-29,104.2788314819336
2007-11-30,105.32743835449219
2007-12-03,104.63311004638672
2007-12-04,103.69788360595703
2007-12-05,105.43374633789062
2007-12-06,106.94282531738281
2007-12-07,106.92158508300781
2007-12-10,107.7505111694336
2007-12-11,104.79603576660156
2007-12-12,105.8305435180664
2007-12-13,105.61089324951172
2007-12-14,104.2717514038086
2007-12-17,102.78385925292969
2007-12-18,103.35775756835938
2007-12-19,103.35775756835938
2007-12-20,104.00960540771484
2007-12-21,105.50892639160156
2007-12-24,106.29243469238281
2007-12-26,106.5204086303711
2007-12-27,105.18131256103516
2007-12-28,104.91775512695312
2007-12-31,104.14138793945312
2008-01-02,103.22968292236328
2008-01-03,103.1798324584961
2008-01-04,100.6512222290039
2008-01-07,100.5657958984375
2008-01-08,98.9417953491211
2008-01-09,99.9817123413086
2008-01-10,100.63700866699219
2008-01-11,99.82501983642578
2008-01-14,100.62984466552734
2008-01-15,98.41471862792969
2008-01-16,97.56709289550781
2008-01-17,95.03851318359375
2008-01-18,94.06271362304688
2008-01-22,93.10826873779297
2008-01-23,95.34478759765625
2008-01-24,96.1496810913086
2008-01-25,94.76074981689453
2008-01-28,96.32772064208984
2008-01-29,96.80500793457031
2008-01-30,96.09272003173828
2008-01-31,97.84489440917969
2008-02-01,99.41902923583984
2008-02-04,98.16542053222656
2008-02-05,95.53716278076172
2008-02-06,94.76786804199219
2008-02-07,95.39466857910156
2008-02-08,94.78213500976562
2008-02-11,95.2664794921875
2008-02-12,96.1496810913086
2008-02-13,97.13262176513672
2008-02-14,96.27791595458984
2008-02-15,96.25653076171875
2008-02-19,96.52718353271484
2008-02-20,96.8121337890625
2008-02-21,96.0072250366211
2008-02-22,96.59840393066406
2008-02-25,97.81640625
2008-02-26,98.550048828125
2008-02-27,98.45033264160156
2008-02-28,97.48877716064453
2008-02-29,95.31634521484375
2008-03-03,95.08841705322266
2008-03-04,94.72513580322266
2008-03-05,95.32347869873047
2008-03-06,93.35044860839844
2008-03-07,92.38893127441406
2008-03-10,91.17089080810547
2008-03-11,94.44737243652344
2008-03-12,93.56414031982422
2008-03-13,93.77070617675781
2008-03-14,92.31768035888672
2008-03-17,91.38458251953125
2008-03-18,95.18101501464844
2008-03-19,92.8233642578125
2008-03-20,94.54270935058594
2008-03-24,96.43241882324219
2008-03-25,96.52544403076172
2008-03-26,95.34442138671875
2008-03-27,95.04378509521484
2008-03-28,94.13470458984375
2008-03-31,94.46395111083984
2008-04-01,97.7852783203125
2008-04-02,97.84969329833984
2008-04-03,98.09307098388672
2008-04-04,97.98567962646484
2008-04-07,98.03582000732422
2008-04-08,97.93558502197266
2008-04-09,97.22697448730469
2008-04-10,97.36296844482422
2008-04-11,95.47321319580078
2008-04-14,95.15113830566406
2008-04-15,95.37300109863281
2008-04-16,97.95708465576172
2008-04-17,98.10021209716797
2008-04-18,99.12384033203125
2008-04-21,99.17393493652344
2008-04-22,98.73729705810547
2008-04-23,98.5798110961914
2008-04-24,99.00930786132812
2008-04-25,99.92554473876953
2008-04-28,99.94703674316406
2008-04-29,99.55330657958984
2008-04-30,98.96633911132812
2008-05-01,101.0135269165039
2008-05-02,101.29269409179688
2008-05-05,100.80594635009766
2008-05-06,101.67922973632812
2008-05-07,99.86830139160156
2008-05-08,99.61058044433594
2008-05-09,99.42446899414062
2008-05-12,100.5411148071289
2008-05-13,100.55541229248047
2008-05-14,100.76300048828125
2008-05-15,102.02283477783203
2008-05-16,102.11590576171875
2008-05-19,102.39500427246094
2008-05-20,101.56470489501953
2008-05-21,99.84679412841797
2008-05-22,99.86109924316406
2008-05-23,98.5226058959961
2008-05-27,99.25267028808594
2008-05-28,99.7107925415039
2008-05-29,100.21185302734375
2008-05-30,100.46238708496094
2008-06-02,99.42446899414062
2008-06-03,98.84465789794922
2008-06-04,98.79457092285156
2008-06-05,100.77015686035156
2008-06-06,97.55622100830078
2008-06-09,97.7924575805664
2008-06-10,97.30570220947266
2008-06-11,95.87408447265625
2008-06-12,96.23918914794922
2008-06-13,97.45604705810547
2008-06-16,97.51329040527344
2008-06-17,97.04084777832031
2008-06-18,96.09599304199219
2008-06-19,96.21769714355469
2008-06-20,94.65591430664062
2008-06-23,94.5624008178711
2008-06-24,94.3753433227539
2008-06-25,94.82134246826172
2008-06-26,92.2459945678711
2008-06-27,91.74242401123047
2008-06-30,92.06615447998047
2008-07-01,92.35394287109375
2008-07-02,90.77127838134766
2008-07-03,90.86474609375
2008-07-07,89.936767578125
2008-07-08,91.53382110595703
2008-07-09,89.77130126953125
2008-07-10,90.13821411132812
2008-07-11,89.08795166015625
2008-07-14,88.2822036743164
2008-07-15,87.03766632080078
2008-07-16,89.17425537109375
2008-07-17,90.0662841796875
2008-07-18,90.62739562988281
2008-07-21,90.67774200439453
2008-07-22,91.70645904541016
2008-07-23,92.20284271240234
2008-07-24,90.28929901123047
2008-07-25,90.2677001953125
2008-07-28,88.94403076171875
2008-07-29,90.84319305419922
2008-07-30,92.46178436279297
2008-07-31,91.23885345458984
2008-08-01,90.75688934326172
2008-08-04,89.91519165039062
2008-08-05,92.33951568603516
2008-08-06,92.74956512451172
2008-08-07,91.36831665039062
2008-08-08,93.06609344482422
2008-08-11,94.03006744384766
2008-08-12,93.05170440673828
2008-08-13,92.49058532714844
2008-08-14,93.18840026855469
2008-08-15,93.64159393310547
2008-08-18,92.36112213134766
2008-08-19,91.35396575927734
2008-08-20,91.77841186523438
2008-08-21,91.93667602539062
2008-08-22,93.26750946044922
2008-08-25,91.37554931640625
2008-08-26,91.64173126220703
2008-08-27,92.53374481201172
2008-08-28,93.65599822998047
2008-08-29,92.64887237548828
2008-09-02,92.0733413696289
2008-09-03,91.99419403076172
2008-09-04,89.22456359863281
2008-09-05,89.50517272949219
2008-09-08,91.35396575927734
2008-09-09,88.64190673828125
2008-09-10,89.00160217285156
2008-09-11,90.28929901123047
2008-09-12,90.70650482177734
2008-09-15,86.39025115966797
2008-09-16,87.83618927001953
2008-09-17,83.8868179321289
2008-09-18,86.37586212158203
2008-09-19,89.80615234375
2008-09-22,87.77301788330078
2008-09-23,85.77603912353516
2008-09-24,86.05101013183594
2008-09-25,87.39680480957031
2008-09-26,87.44022369384766
2008-09-29,80.58822631835938
2008-09-30,83.92376708984375
2008-10-01,83.97441101074219
2008-10-02,80.92829895019531
2008-10-03,79.83573913574219
2008-10-06,75.76942443847656
2008-10-07,72.37602233886719
2008-10-08,70.55269622802734
2008-10-09,65.62535858154297
2008-10-10,64.0335693359375
2008-10-13,73.33110046386719
2008-10-14,72.24579620361328
2008-10-15,65.13333892822266
2008-10-16,67.84662628173828
2008-10-17,67.44145202636719
2008-10-20,71.49330139160156
2008-10-21,69.35883331298828
2008-10-22,65.58193969726562
2008-10-23,66.3416748046875
2008-10-24,62.97719955444336
2008-10-27,60.74143600463867
2008-10-28,67.83940887451172
2008-10-29,67.34739685058594
2008-10-30,69.67721557617188
2008-10-31,70.06067657470703
2008-11-03,70.26329040527344
2008-11-04,72.65095520019531
2008-11-05,69.59762573242188
2008-11-06,65.74113464355469
2008-11-07,67.9117431640625
2008-11-10,67.02181243896484
2008-11-11,64.95247650146484
2008-11-12,62.0944709777832
2008-11-13,65.96544647216797
2008-11-14,62.67328643798828
2008-11-17,61.84123229980469
2008-11-18,63.006141662597656
2008-11-19,58.968746185302734
2008-11-20,54.591346740722656
2008-11-21,57.5361328125
2008-11-24,61.5228385925293
2008-11-25,61.97871780395508
2008-11-26,64.37364959716797
2008-11-28,65.18397521972656
2008-12-01,59.410125732421875
2008-12-02,61.69651794433594
2008-12-03,63.17979431152344
2008-12-04,61.71821975708008
2008-12-05,63.62114334106445
2008-12-08,65.8424301147461
2008-12-09,64.75711822509766
2008-12-10,65.19847106933594
2008-12-11,63.62838363647461
2008-12-12,64.38813018798828
2008-12-15,63.490909576416016
2008-12-16,66.47916412353516
2008-12-17,65.8351821899414
2008-12-18,64.60518646240234
2008-12-19,64.32727813720703
2008-12-22,63.50300979614258
2008-12-23,62.84653854370117
2008-12-24,63.21124267578125
2008-12-26,63.57596206665039
2008-12-29,63.39360427856445
2008-12-30,64.89620208740234
2008-12-31,65.82256317138672
2009-01-02,67.80657196044922
2009-01-05,67.72634887695312
2009-01-06,68.1785659790039
2009-01-07,66.13619995117188
2009-01-08,66.40612030029297
2009-01-09,64.9837417602539
2009-01-12,63.42280960083008
2009-01-13,63.53947830200195
2009-01-14,61.5408935546875
2009-01-15,61.56278991699219
2009-01-16,62.0442008972168
2009-01-20,58.76910400390625
2009-01-21,61.30750274658203
2009-01-22,60.3592414855957
2009-01-23,60.62181091308594
2009-01-26,61.03758239746094
2009-01-27,61.657596588134766
2009-01-28,63.74369430541992
2009-01-29,61.67219161987305
2009-01-30,60.4176025390625
2009-02-02,60.2352294921875
2009-02-03,61.081363677978516
2009-02-04,60.782318115234375
2009-02-05,61.686790466308594
2009-02-06,63.44465637207031
2009-02-09,63.53217697143555
2009-02-10,60.62181091308594
2009-02-11,60.9792594909668
2009-02-12,61.02299499511719
2009-02-13,60.36653137207031
2009-02-17,57.78437042236328
2009-02-18,57.64579772949219
2009-02-19,57.02581787109375
2009-02-20,56.4714469909668
2009-02-23,54.45097351074219
2009-02-24,56.51522445678711
2009-02-25,56.070247650146484
2009-02-26,55.158470153808594
2009-02-27,53.92578887939453
2009-03-02,51.4968147277832
2009-03-03,51.11023712158203
2009-03-04,52.321044921875
2009-03-05,50.183868408203125
2009-03-06,50.271400451660156
2009-03-09,49.680572509765625
2009-03-10,52.64200210571289
2009-03-11,52.984832763671875
2009-03-12,55.070960998535156
2009-03-13,55.5013313293457
2009-03-16,55.33354949951172
2009-03-17,57.02581787109375
2009-03-18,58.302268981933594
2009-03-19,57.58015823364258
2009-03-20,56.35401916503906
2009-03-23,60.40190124511719
2009-03-24,59.2117805480957
2009-03-25,59.83621597290039
2009-03-26,61.05574417114258
2009-03-27,59.953758239746094
2009-03-30,57.88209533691406
2009-03-31,58.41837692260742
2009-04-01,59.54970169067383
2009-04-02,61.290794372558594
2009-04-03,61.90054702758789
2009-04-06,61.41569137573242
2009-04-07,59.983158111572266
2009-04-08,60.629642486572266
2009-04-09,63.039241790771484
2009-04-13,63.05393981933594
2009-04-14,61.9666748046875
2009-04-15,62.62783432006836
2009-04-16,63.54615783691406
2009-04-17,63.97224426269531
2009-04-20,61.290794372558594
2009-04-21,62.488285064697266
2009-04-22,62.10625457763672
2009-04-23,62.71601867675781
2009-04-24,63.66367721557617
2009-04-27,63.06128692626953
2009-04-28,62.8629264831543
2009-04-29,64.19996643066406
2009-04-30,64.2220230102539
2009-05-01,64.5672836303711
2009-05-04,66.76387023925781
2009-05-05,66.5361099243164
2009-05-06,67.68949127197266
2009-05-07,66.74915313720703
2009-05-08,68.3066177368164
2009-05-11,67.02832794189453
2009-05-12,66.8299560546875
2009-05-13,65.14767456054688
2009-05-14,65.70600128173828
2009-05-15,65.16971588134766
2009-05-18,67.0209732055664
2009-05-19,66.94017791748047
2009-05-20,66.4920425415039
2009-05-21,65.53703308105469
2009-05-22,65.3974380493164
2009-05-26,67.0724105834961
2009-05-27,65.87496948242188
2009-05-28,66.79326629638672
2009-05-29,67.97602844238281
2009-06-01,69.62158966064453
2009-06-02,69.68035125732422
2009-06-03,68.79878997802734
2009-06-04,69.44528198242188
2009-06-05,69.45999145507812
2009-06-08,69.1734848022461
2009-06-09,69.52607727050781
2009-06-10,69.34980773925781
2009-06-11,69.6583251953125
2009-06-12,69.84935760498047
2009-06-15,68.24781799316406
2009-06-16,67.32220458984375
2009-06-17,67.25605773925781
2009-06-18,67.748291015625
2009-06-19,67.99798583984375
2009-06-22,65.95891571044922
2009-06-23,66.0106430053711
2009-06-24,66.5794906616211
2009-06-25,68.02751159667969
2009-06-26,67.85023498535156
2009-06-29,68.4855728149414
2009-06-30,67.9315185546875
2009-07-01,68.21224212646484
2009-07-02,66.3504638671875
2009-07-06,66.34309387207031
2009-07-07,65.05762481689453
2009-07-08,65.0132827758789
2009-07-09,65.13890838623047
2009-07-10,64.98371887207031
2009-07-13,66.56474304199219
2009-07-14,66.94152069091797
2009-07-15,68.89928436279297
2009-07-16,68.78849029541016
2009-07-17,69.54206848144531
2009-07-20,70.28085327148438
2009-07-21,70.60586547851562
2009-07-22,70.59114837646484
2009-07-23,72.14997100830078
2009-07-24,72.44549560546875
2009-07-27,72.65971374511719
2009-07-28,72.31989288330078
2009-07-29,72.14257049560547
2009-07-30,72.89613342285156
2009-07-31,72.99957275390625
2009-08-03,74.20379638671875
2009-08-04,74.39588165283203
2009-08-05,74.18162536621094
2009-08-06,73.79750061035156
2009-08-07,74.7652587890625
2009-08-10,74.61015319824219
2009-08-11,73.67927551269531
2009-08-12,74.46977233886719
2009-08-13,75.03861999511719
2009-08-14,74.46237182617188
2009-08-17,72.63018798828125
2009-08-18,73.20645141601562
2009-08-19,73.84919738769531
2009-08-20,74.61015319824219
2009-08-21,76.07293701171875
2009-08-24,76.06551361083984
2009-08-25,76.21329498291016
2009-08-26,76.22068786621094
2009-08-27,76.39059448242188
2009-08-28,76.37583923339844
2009-08-31,75.6961669921875
2009-09-01,74.0264892578125
2009-09-02,73.74574279785156
2009-09-03,74.35891723632812
2009-09-04,75.400634765625
2009-09-08,76.05076599121094
2009-09-09,76.63442993164062
2009-09-10,77.41753387451172
2009-09-11,77.40274810791016
2009-09-14,77.77953338623047
2009-09-15,78.1046142578125
2009-09-16,79.28663635253906
2009-09-17,79.16844177246094
2009-09-18,79.21891784667969
2009-09-21,79.01850891113281
2009-09-22,79.47872924804688
2009-09-23,78.8180923461914
2009-09-24,77.94956970214844
2009-09-25,77.53392028808594
2009-09-28,78.92198944091797
2009-09-29,78.6844711303711
2009-09-30,78.38016510009766
2009-10-01,76.43528747558594
2009-10-02,76.0789566040039
2009-10-05,77.2146987915039
2009-10-06,78.32072448730469
2009-10-07,78.53602600097656
2009-10-08,79.13726043701172
2009-10-09,79.61978149414062
2009-10-12,79.9315414428711
2009-10-13,79.76822662353516
2009-10-14,81.14151763916016
2009-10-15,81.43841552734375
2009-10-16,80.82972717285156
2009-10-19,81.49779510498047
2009-10-20,81.0672836303711
2009-10-21,80.33981323242188
2009-10-22,81.15635681152344
2009-10-23,80.22850799560547
2009-10-26,79.3599853515625
2009-10-27,78.9962158203125
2009-10-28,77.50420379638672
2009-10-29,79.1669692993164
2009-10-30,76.87323760986328
2009-11-02,77.4374008178711
2009-11-03,77.68232727050781
2009-11-04,77.88275146484375
2009-11-05,79.3154296875
2009-11-06,79.52325439453125
2009-11-09,81.33451080322266
2009-11-10,81.34934997558594
2009-11-11,81.76504516601562
2009-11-12,80.93364715576172
2009-11-13,81.37159729003906
2009-11-16,82.5518798828125
2009-11-17,82.64836120605469
2009-11-18,82.5964126586914
2009-11-19,81.52008056640625
2009-11-20,81.23054504394531
2009-11-23,82.26236724853516
2009-11-24,82.38856506347656
2009-11-25,82.67808532714844
2009-11-27,81.33451080322266
2009-11-30,81.60917663574219
2009-12-01,82.61869049072266
2009-12-02,82.5815658569336
2009-12-03,81.93572998046875
2009-12-04,82.4034194946289
2009-12-07,82.2771987915039
2009-12-08,81.36421203613281
2009-12-09,81.66854095458984
2009-12-10,82.12877655029297
2009-12-11,82.47763061523438
2009-12-14,83.04179382324219
2009-12-15,82.65580749511719
2009-12-16,82.78199005126953
2009-12-17,81.78732299804688
2009-12-18,82.25004577636719
2009-12-21,83.08584594726562
2009-12-22,83.3843994140625
2009-12-23,83.54859161376953
2009-12-24,83.94410705566406
2009-12-28,84.12322998046875
2009-12-29,84.00381469726562
2009-12-30,83.9739761352539
2009-12-31,83.1679458618164
2010-01-04,84.5784912109375
2010-01-05,84.80233764648438
2010-01-06,84.86209106445312
2010-01-07,85.22030639648438
2010-01-08,85.50390625
2010-01-11,85.62329864501953
2010-01-12,84.82476043701172
2010-01-13,85.54119873046875
2010-01-14,85.77257537841797
2010-01-15,84.80982971191406
2010-01-19,85.86955261230469
2010-01-20,84.99639892578125
2010-01-21,83.36203002929688
2010-01-22,81.50370788574219
2010-01-25,81.9216537475586
2010-01-26,81.57833862304688
2010-01-27,81.96643829345703
2010-01-28,81.02609252929688
2010-01-29,80.14541625976562
2010-02-01,81.39178466796875
2010-02-02,82.37688446044922
2010-02-03,81.96643829345703
2010-02-04,79.43643188476562
2010-02-05,79.60064697265625
2010-02-08,79.02598571777344
2010-02-09,80.01856231689453
2010-02-10,79.86187744140625
2010-02-11,80.69771575927734
2010-02-12,80.63050842285156
2010-02-16,81.89923858642578
2010-02-17,82.28732299804688
2010-02-18,82.77242279052734
2010-02-19,82.94407653808594
2010-02-22,82.9590072631836
2010-02-23,81.95146942138672
2010-02-24,82.70524597167969
2010-02-25,82.59332275390625
2010-02-26,82.64556884765625
2010-03-01,83.5038070678711
2010-03-02,83.73514556884766
2010-03-03,83.8097915649414
2010-03-04,84.06351470947266
2010-03-05,85.26509094238281
2010-03-08,85.27999114990234
2010-03-09,85.42182159423828
2010-03-10,85.8024673461914
2010-03-11,86.16062927246094
2010-03-12,86.1681137084961
2010-03-15,86.19050598144531
2010-03-16,86.87711334228516
2010-03-17,87.3920669555664
2010-03-18,87.3472671508789
2010-03-19,86.9051513671875
2010-03-22,87.36973571777344
2010-03-23,87.98423767089844
2010-03-24,87.55709075927734
2010-03-25,87.41471862792969
2010-03-26,87.36224365234375
2010-03-29,87.9167709350586
2010-03-30,87.97673797607422
2010-03-31,87.677001953125
2010-04-01,88.27649688720703
2010-04-05,88.99592590332031
2010-04-06,89.20569610595703
2010-04-07,88.69611358642578
2010-04-08,89.00336456298828
2010-04-09,89.58790588378906
2010-04-12,89.73027038574219
2010-04-13,89.79772186279297
2010-04-14,90.81686401367188
2010-04-15,90.8918228149414
2010-04-16,89.44551086425781
2010-04-19,89.78273010253906
2010-04-20,90.58456420898438
2010-04-21,90.41969299316406
2010-04-22,90.68949127197266
2010-04-23,91.28146362304688
2010-04-26,90.9367904663086
2010-04-27,88.78607940673828
2010-04-28,89.4604721069336
2010-04-29,90.569580078125
2010-04-30,89.03337860107422
2010-05-03,90.18739318847656
2010-05-04,88.0666732788086
2010-05-05,87.5420913696289
2010-05-06,84.63453674316406
2010-05-07,83.3755874633789
2010-05-10,87.04751586914062
2010-05-11,86.80018615722656
2010-05-12,88.0141830444336
2010-05-13,86.92010498046875
2010-05-14,85.34638977050781
2010-05-17,85.39139556884766
2010-05-18,84.22987365722656
2010-05-19,83.75027465820312
2010-05-20,80.58787536621094
2010-05-21,81.76441192626953
2010-05-24,80.71527099609375
2010-05-25,80.79773712158203
2010-05-26,80.31063079833984
2010-05-27,83.0008773803711
2010-05-28,81.95925903320312
2010-06-01,80.58039855957031
2010-06-02,82.67863464355469
2010-06-03,82.9634017944336
2010-06-04,80.04833221435547
2010-06-07,79.05168151855469
2010-06-08,79.89844512939453
2010-06-09,79.47132110595703
2010-06-10,81.79440307617188
2010-06-11,82.19155883789062
2010-06-14,82.06417846679688
2010-06-15,83.93008422851562
2010-06-16,83.90013885498047
2010-06-17,84.03501892089844
2010-06-18,84.12614440917969
2010-06-21,83.88519287109375
2010-06-22,82.49978637695312
2010-06-23,82.2437744140625
2010-06-24,80.88092041015625
2010-06-25,81.21975708007812
2010-06-28,80.9637680053711
2010-06-29,78.4639892578125
2010-06-30,77.71858978271484
2010-07-01,77.37223815917969
2010-07-02,76.95060729980469
2010-07-06,77.45506286621094
2010-07-07,79.89460754394531
2010-07-08,80.68519592285156
2010-07-09,81.28753662109375
2010-07-12,81.34027099609375
2010-07-13,82.56754302978516
2010-07-14,82.55999755859375
2010-07-15,82.58260345458984
2010-07-16,80.30870819091797
2010-07-19,80.78306579589844
2010-07-20,81.6790771484375
2010-07-21,80.6174087524414
2010-07-22,82.41693115234375
2010-07-23,83.13224792480469
2010-07-26,83.9981460571289
2010-07-27,83.99060821533203
2010-07-28,83.44847869873047
2010-07-29,83.04190063476562
2010-07-30,83.02684020996094
2010-08-02,84.90167236328125
2010-08-03,84.49505615234375
2010-08-04,85.05976104736328
2010-08-05,84.96944427490234
2010-08-06,84.623046875
2010-08-09,85.0748519897461
2010-08-10,84.61553955078125
2010-08-11,82.29647064208984
2010-08-12,81.79199981689453
2010-08-13,81.55107879638672
2010-08-16,81.51344299316406
2010-08-17,82.51484680175781
2010-08-18,82.66539764404297
2010-08-19,81.227294921875
2010-08-20,80.9637680053711
2010-08-23,80.65503692626953
2010-08-24,79.4579086303711
2010-08-25,79.76659393310547
2010-08-26,79.23198699951172
2010-08-27,80.45931243896484
2010-08-30,79.29222869873047
2010-08-31,79.29222869873047
2010-09-01,81.66400146484375
2010-09-02,82.42448425292969
2010-09-03,83.49364471435547
2010-09-07,82.55248260498047
2010-09-08,83.13224792480469
2010-09-09,83.51624298095703
2010-09-10,83.93790435791016
2010-09-13,84.87152862548828
2010-09-14,84.81883239746094
2010-09-15,85.14260864257812
2010-09-16,85.12000274658203
2010-09-17,85.15182495117188
2010-09-20,86.4538345336914
2010-09-21,86.27967071533203
2010-09-22,85.8558120727539
2010-09-23,85.15937042236328
2010-09-24,86.91555786132812
2010-09-27,86.49918365478516
2010-09-28,86.8019790649414
2010-09-29,86.65060424804688
2010-09-30,86.39324188232422
2010-10-01,86.75655364990234
2010-10-04,86.10559844970703
2010-10-05,87.83902740478516
2010-10-06,87.83149719238281
2010-10-07,87.72553253173828
2010-10-08,88.21752166748047
2010-10-11,88.30081939697266
2010-10-12,88.5733413696289
2010-10-13,89.26216125488281
2010-10-14,88.9139175415039
2010-10-15,89.09561920166016
2010-10-18,89.53466033935547
2010-10-19,88.36135864257812
2010-10-20,89.22428894042969
2010-10-21,89.42111206054688
2010-10-22,89.58765411376953
2010-10-25,89.85256958007812
2010-10-26,89.86772918701172
2010-10-27,89.61038208007812
2010-10-28,89.62552642822266
2010-10-29,89.69361877441406
2010-11-01,89.72390747070312
2010-11-02,90.43550872802734
2010-11-03,90.79881286621094
2010-11-04,92.54742431640625
2010-11-05,92.89561462402344
2010-11-08,92.7215347290039
2010-11-09,92.05537414550781
2010-11-10,92.42631530761719
2010-11-11,92.07809448242188
2010-11-12,90.98806762695312
2010-11-15,90.85935974121094
2010-11-16,89.44384002685547
2010-11-17,89.48925018310547
2010-11-18,90.806396484375
2010-11-19,91.05618286132812
2010-11-22,90.98047637939453
2010-11-23,89.66336059570312
2010-11-24,90.98806762695312
2010-11-26,89.92830657958984
2010-11-29,90.20079040527344
2010-11-30,89.69361877441406
2010-12-01,91.6012191772461
2010-12-02,92.77452850341797
2010-12-03,93.02432250976562
2010-12-06,92.92589569091797
2010-12-07,92.97889709472656
2010-12-08,93.31954956054688
2010-12-09,93.6828842163086
2010-12-10,94.22789001464844
2010-12-13,94.2884750366211
2010-12-14,94.37174224853516
2010-12-15,93.94025421142578
2010-12-16,94.48529815673828
2010-12-17,94.58647918701172
2010-12-20,94.81476593017578
2010-12-21,95.41590118408203
2010-12-22,95.71269226074219
2010-12-23,95.57569122314453
2010-12-27,95.61376953125
2010-12-28,95.75072479248047
2010-12-29,95.81922912597656
2010-12-30,95.66703033447266
2010-12-31,95.68985748291016
2011-01-03,96.6791000366211
2011-01-04,96.6258316040039
2011-01-05,97.1280517578125
2011-01-06,96.93782043457031
2011-01-07,96.74761962890625
2011-01-10,96.6258316040039
2011-01-11,96.9682846069336
2011-01-12,97.8433609008789
2011-01-13,97.68354034423828
2011-01-14,98.39125061035156
2011-01-18,98.55866241455078
2011-01-19,97.59224700927734
2011-01-20,97.46286010742188
2011-01-21,97.68354034423828
2011-01-24,98.23906707763672
2011-01-25,98.29227447509766
2011-01-26,98.6728286743164
2011-01-27,98.91629791259766
2011-01-28,97.18895721435547
2011-01-31,97.91947174072266
2011-02-01,99.48699951171875
2011-02-02,99.29678344726562
2011-02-03,99.51748657226562
2011-02-04,99.79898071289062
2011-02-07,100.4229736328125
2011-02-08,100.87957763671875
2011-02-09,100.65127563476562
2011-02-10,100.68931579589844
2011-02-11,101.29047393798828
2011-02-14,101.53398895263672
2011-02-15,101.21436309814453
2011-02-16,101.85359191894531
2011-02-17,102.15799713134766
2011-02-18,102.37106323242188
2011-02-22,100.31646728515625
2011-02-23,99.70010375976562
2011-02-24,99.63160705566406
2011-02-25,100.6968994140625
2011-02-28,101.3208999633789
2011-03-01,99.63160705566406
2011-03-02,99.84464263916016
2011-03-03,101.56442260742188
2011-03-04,100.80348205566406
2011-03-07,100.0120620727539
2011-03-08,100.88715362548828
2011-03-09,100.74259185791016
2011-03-10,98.87828826904297
2011-03-11,99.56314086914062
2011-03-14,98.96196746826172
2011-03-15,97.82811737060547
2011-03-16,96.01707458496094
2011-03-17,97.287841796875
2011-03-18,97.64173889160156
2011-03-21,99.15496826171875
2011-03-22,98.8110122680664
2011-03-23,99.09380340576172
2011-03-24,100.04146575927734
2011-03-25,100.34722137451172
2011-03-28,100.10260772705078
2011-03-29,100.7751693725586
2011-03-30,101.47063446044922
2011-03-31,101.33308410644531
2011-04-01,101.76105499267578
2011-04-04,101.84514617919922
2011-04-05,101.82987976074219
2011-04-06,102.15088653564453
2011-04-07,101.89099884033203
2011-04-08,101.5394515991211
2011-04-11,101.23372650146484
2011-04-12,100.47711181640625
2011-04-13,100.46949768066406
2011-04-14,100.54588317871094
2011-04-15,100.91273498535156
2011-04-18,99.7816390991211
2011-04-19,100.35482788085938
2011-04-20,101.72285461425781
2011-04-21,102.24254608154297
2011-04-25,102.13554382324219
2011-04-26,103.01445770263672
2011-04-27,103.68699645996094
2011-04-28,104.02328491210938
2011-04-29,104.26785278320312
2011-05-02,104.10733795166016
2011-05-03,103.73284912109375
2011-05-04,103.04502868652344
2011-05-05,102.11263275146484
2011-05-06,102.56356811523438
2011-05-09,102.9609603881836
2011-05-10,103.83985137939453
2011-05-11,102.7469482421875
2011-05-12,103.236083984375
2011-05-13,102.44123077392578
2011-05-16,101.79163360595703
2011-05-17,101.77638244628906
2011-05-18,102.68582153320312
2011-05-19,102.93037414550781
2011-05-20,102.11263275146484
2011-05-23,100.92803192138672
2011-05-24,100.84394836425781
2011-05-25,101.18023681640625
2011-05-26,101.64643859863281
2011-05-27,102.03620147705078
2011-05-31,103.0985336303711
2011-06-01,100.78279113769531
2011-06-02,100.67582702636719
2011-06-03,99.6746597290039
2011-06-06,98.61995697021484
2011-06-07,98.5588607788086
2011-06-08,98.14612579345703
2011-06-09,98.8951187133789
2011-06-10,97.51945495605469
2011-06-13,97.59586334228516
2011-06-14,98.83397674560547
2011-06-15,97.07618713378906
2011-06-16,97.29016876220703
2011-06-17,97.5804672241211
2011-06-20,98.07969665527344
2011-06-21,99.42377471923828
2011-06-22,98.82473754882812
2011-06-23,98.54051971435547
2011-06-24,97.39613342285156
2011-06-27,98.2640380859375
2011-06-28,99.54666137695312
2011-06-29,100.39918518066406
2011-06-30,101.35926818847656
2011-07-01,102.85694885253906
2011-07-05,102.7724609375
2011-07-06,102.89534759521484
2011-07-07,103.96297454833984
2011-07-08,103.22562408447266
2011-07-11,101.35926818847656
2011-07-12,100.92146301269531
2011-07-13,101.25943756103516
2011-07-14,100.5605239868164
2011-07-15,101.14423370361328
2011-07-18,100.31472778320312
2011-07-19,101.94300079345703
2011-07-20,101.88155364990234
2011-07-21,103.29476165771484
2011-07-22,103.36388397216797
2011-07-25,102.78785705566406
2011-07-26,102.4038314819336
2011-07-27,100.30706024169922
2011-07-28,100.01517486572266
2011-07-29,99.33162689208984
2011-08-01,98.90919494628906
2011-08-02,96.38232421875
2011-08-03,96.90459442138672
2011-08-04,92.36544036865234
2011-08-05,92.22718048095703
2011-08-08,86.22107696533203
2011-08-09,90.23027038574219
2011-08-10,86.24410247802734
2011-08-11,90.11505126953125
2011-08-12,90.7218246459961
2011-08-15,92.6419448852539
2011-08-16,91.85083770751953
2011-08-17,91.91227722167969
2011-08-18,87.94917297363281
2011-08-19,86.51287841796875
2011-08-22,86.5820541381836
2011-08-23,89.43147277832031
2011-08-24,90.69108581542969
2011-08-25,89.30860900878906
2011-08-26,90.60663604736328
2011-08-29,93.21028900146484
2011-08-30,93.45603942871094
2011-08-31,93.87081146240234
2011-09-01,92.88773345947266
2011-09-02,90.51444244384766
2011-09-06,89.85395050048828
2011-09-07,92.3884506225586
2011-09-08,91.42840576171875
2011-09-09,89.03211975097656
2011-09-12,89.608154296875
2011-09-13,90.4299545288086
2011-09-14,91.681884765625
2011-09-15,93.26405334472656
2011-09-16,93.81604766845703
2011-09-19,92.88186645507812
2011-09-20,92.7738037109375
2011-09-21,90.04085540771484
2011-09-22,87.1303482055664
2011-09-23,87.65531158447266
2011-09-26,89.73977661132812
2011-09-27,90.74340057373047
2011-09-28,88.89055633544922
2011-09-29,89.59309387207031
2011-09-30,87.3542251586914
2011-10-03,84.86833190917969
2011-10-04,86.72888946533203
2011-10-05,88.33468627929688
2011-10-06,89.93277740478516
2011-10-07,89.33060455322266
2011-10-10,92.31830596923828
2011-10-11,92.41096496582031
2011-10-12,93.22158813476562
2011-10-13,93.03629302978516
2011-10-14,94.62667846679688
2011-10-17,92.82013702392578
2011-10-18,94.63436889648438
2011-10-19,93.51495361328125
2011-10-20,93.92414093017578
2011-10-21,95.70750427246094
2011-10-24,96.88097381591797
2011-10-25,94.99725341796875
2011-10-26,95.96228790283203
2011-10-27,99.30512237548828
2011-10-28,99.28196716308594
2011-10-31,96.888671875
2011-11-01,94.18663024902344
2011-11-02,95.72291564941406
2011-11-03,97.46770477294922
2011-11-04,96.8732681274414
2011-11-07,97.47540283203125
2011-11-08,98.72610473632812
2011-11-09,95.0821304321289
2011-11-10,95.97769927978516
2011-11-11,97.78426361083984
2011-11-14,96.85778045654297
2011-11-15,97.3364486694336
2011-11-16,95.79241943359375
2011-11-17,94.27155303955078
2011-11-18,94.17117309570312
2011-11-21,92.38005828857422
2011-11-22,92.0172348022461
2011-11-23,89.98681640625
2011-11-25,89.8169937133789
2011-11-28,92.41870880126953
2011-11-29,92.68118286132812
2011-11-30,96.49495697021484
2011-12-01,96.47952270507812
2011-12-02,96.39462280273438
2011-12-05,97.44456481933594
2011-12-06,97.47540283203125
2011-12-07,97.8382797241211
2011-12-08,95.69205474853516
2011-12-09,97.31330871582031
2011-12-12,95.89279174804688
2011-12-13,94.99725341796875
2011-12-14,93.98590087890625
2011-12-15,94.3255844116211
2011-12-16,94.46539306640625
2011-12-19,93.45543670654297
2011-12-20,96.2834243774414
2011-12-21,96.46985626220703
2011-12-22,97.324462890625
2011-12-23,98.19461822509766
2011-12-27,98.27230072021484
2011-12-28,96.98263549804688
2011-12-29,97.98486328125
2011-12-30,97.50316619873047
2012-01-03,99.05699920654297
2012-01-04,99.21239471435547
2012-01-05,99.4765625
2012-01-06,99.22015380859375
2012-01-09,99.46100616455078
2012-01-10,100.32340240478516
2012-01-11,100.37774658203125
2012-01-12,100.61860656738281
2012-01-13,100.09806060791016
2012-01-17,100.48655700683594
2012-01-18,101.5975570678711
2012-01-19,102.13360595703125
2012-01-20,102.5142822265625
2012-01-23,102.25015258789062
2012-01-24,102.13360595703125
2012-01-25,102.98822021484375
2012-01-26,102.4599380493164
2012-01-27,102.41326904296875
2012-01-30,102.06366729736328
2012-01-31,102.02484130859375
2012-02-01,102.91831970214844
2012-02-02,103.08143615722656
2012-02-03,104.52650451660156
2012-02-06,104.4565658569336
2012-02-07,104.72071075439453
2012-02-08,105.03152465820312
2012-02-09,105.16358947753906
2012-02-10,104.38662719726562
2012-02-13,105.16358947753906
2012-02-14,105.03152465820312
2012-02-15,104.54207611083984
2012-02-16,105.69966125488281
2012-02-17,105.9793701171875
2012-02-21,106.02594757080078
2012-02-22,105.68413543701172
2012-02-23,106.1502914428711
2012-02-24,106.38334655761719
2012-02-27,106.56204223632812
2012-02-28,106.87281036376953
2012-02-29,106.45325469970703
2012-03-01,107.0048828125
2012-03-02,106.6785888671875
2012-03-05,106.2435531616211
2012-03-06,104.68965148925781
2012-03-07,105.41997528076172
2012-03-08,106.46881866455078
2012-03-09,106.8805923461914
2012-03-12,106.88834381103516
2012-03-13,108.81507110595703
2012-03-14,108.69857788085938
2012-03-15,109.3278579711914
2012-03-16,109.47927856445312
2012-03-19,109.908447265625
2012-03-20,109.5885238647461
2012-03-21,109.4090347290039
2012-03-22,108.62089538574219
2012-03-23,108.9720230102539
2012-03-26,110.50149536132812
2012-03-27,110.15815734863281
2012-03-28,109.61188507080078
2012-03-29,109.4245834350586
2012-03-30,109.87720489501953
2012-04-02,110.68094635009766
2012-04-03,110.22840118408203
2012-04-04,109.13591766357422
2012-04-05,109.08126068115234
2012-04-09,107.85612487792969
2012-04-10,106.04582214355469
2012-04-11,106.90418243408203
2012-04-12,108.30094146728516
2012-04-13,107.01341247558594
2012-04-16,106.94320678710938
2012-04-17,108.52725982666016
2012-04-18,108.16053771972656
2012-04-19,107.46600341796875
2012-04-20,107.64547729492188
2012-04-23,106.74031066894531
2012-04-24,107.14610290527344
2012-04-25,108.61311340332031
2012-04-26,109.36998748779297
2012-04-27,109.54948425292969
2012-04-30,109.14375305175781
2012-05-01,109.82260131835938
2012-05-02,109.4948501586914
2012-05-03,108.65990447998047
2012-05-04,106.90418243408203
2012-05-07,106.98223114013672
2012-05-08,106.55304718017578
2012-05-09,105.92098236083984
2012-05-10,106.13949584960938
2012-05-11,105.81954956054688
2012-05-14,104.64906311035156
2012-05-15,104.04817962646484
2012-05-16,103.65020751953125
2012-05-17,102.11298370361328
2012-05-18,101.2390365600586
2012-05-21,102.97916412353516
2012-05-22,103.15862274169922
2012-05-23,103.2132568359375
2012-05-24,103.41615295410156
2012-05-25,103.08060455322266
2012-05-29,104.32913970947266
2012-05-30,102.81526184082031
2012-05-31,102.58894348144531
2012-06-01,100.00614929199219
2012-06-04,99.95930480957031
2012-06-05,100.71622467041016
2012-06-06,102.97916412353516
2012-06-07,103.04158020019531
2012-06-08,103.86092376708984
2012-06-11,102.54219055175781
2012-06-12,103.72050476074219
2012-06-13,103.05718994140625
2012-06-14,104.14961242675781
2012-06-15,105.2148208618164
2012-06-18,105.41876220703125
2012-06-19,106.43840789794922
2012-06-20,106.265869140625
2012-06-21,103.88135528564453
2012-06-22,104.68144989013672
2012-06-25,103.00291442871094
2012-06-26,103.52059173583984
2012-06-27,104.45398712158203
2012-06-28,104.15589904785156
2012-06-29,106.7521743774414
2012-07-02,107.0737533569336
2012-07-03,107.77969360351562
2012-07-05,107.29336547851562
2012-07-06,106.2737045288086
2012-07-09,106.14033508300781
2012-07-10,105.2148208618164
2012-07-11,105.2304916381836
2012-07-12,104.72066497802734
2012-07-13,106.4776382446289
2012-07-16,106.22663879394531
2012-07-17,106.95614624023438
2012-07-18,107.74829864501953
2012-07-19,108.03068542480469
2012-07-20,107.04241180419922
2012-07-23,105.95996856689453
2012-07-24,105.05007934570312
2012-07-25,105.07363891601562
2012-07-26,106.80708312988281
2012-07-27,108.77581024169922
2012-07-30,108.77581024169922
2012-07-31,108.01496124267578
2012-08-01,107.92086791992188
2012-08-02,107.17570495605469
2012-08-03,109.3013687133789
2012-08-06,109.51313781738281
2012-08-07,110.06219482421875
2012-08-08,110.19554901123047
2012-08-09,110.28968048095703
2012-08-10,110.47005462646484
2012-08-13,110.4151382446289
2012-08-14,110.43081665039062
2012-08-15,110.55638122558594
2012-08-16,111.37208557128906
2012-08-17,111.52110290527344
2012-08-20,111.52900695800781
2012-08-21,111.19169616699219
2012-08-22,111.23875427246094
2012-08-23,110.32888793945312
2012-08-24,110.99557495117188
2012-08-27,111.01913452148438
2012-08-28,110.90927124023438
2012-08-29,110.99557495117188
2012-08-30,110.19554901123047
2012-08-31,110.7210922241211
2012-09-04,110.6191177368164
2012-09-05,110.52497863769531
2012-09-06,112.76827239990234
2012-09-07,113.20750427246094
2012-09-10,112.56432342529297
2012-09-11,112.87806701660156
2012-09-12,113.25456237792969
2012-09-13,114.98017883300781
2012-09-14,115.49003601074219
2012-09-17,115.09783172607422
2012-09-18,115.00372314453125
2012-09-19,115.06642150878906
2012-09-20,115.07430267333984
2012-09-21,115.02618408203125
2012-09-24,114.85269927978516
2012-09-25,113.63043212890625
2012-09-26,112.99171447753906
2012-09-27,114.05622100830078
2012-09-28,113.5279541015625
2012-10-01,113.82757568359375
2012-10-02,113.94589233398438
2012-10-03,114.41110229492188
2012-10-04,115.23126220703125
2012-10-05,115.23908996582031
2012-10-08,114.84480285644531
2012-10-09,113.70928955078125
2012-10-10,112.98383331298828
2012-10-11,113.04691314697266
2012-10-12,112.6762924194336
2012-10-15,113.6147232055664
2012-10-16,114.76593780517578
2012-10-17,115.28644561767578
2012-10-18,114.98676300048828
2012-10-19,113.07061004638672
2012-10-22,113.08634185791016
2012-10-23,111.51712799072266
2012-10-24,111.20172882080078
2012-10-25,111.52501678466797
2012-10-26,111.46194458007812
2012-10-31,111.46194458007812
2012-11-01,112.62898254394531
2012-11-02,111.62750244140625
2012-11-05,111.8562240600586
2012-11-06,112.73153686523438
2012-11-07,110.17658996582031
2012-11-08,108.85185241699219
2012-11-09,108.94648742675781
2012-11-12,109.03319549560547
2012-11-13,108.65467834472656
2012-11-14,107.18798065185547
2012-11-15,107.00659942626953
2012-11-16,107.53495025634766
2012-11-19,109.71134948730469
2012-11-20,109.75868225097656
2012-11-21,109.96367645263672
2012-11-23,111.46194458007812
2012-11-26,111.2253646850586
2012-11-27,110.65762329101562
2012-11-28,111.54869842529297
2012-11-29,112.06913757324219
2012-11-30,112.09278869628906
2012-12-03,111.54076385498047
2012-12-04,111.38308715820312
2012-12-05,111.58021545410156
2012-12-06,111.95867919921875
2012-12-07,112.2978286743164
2012-12-10,112.34510803222656
2012-12-11,113.1100082397461
2012-12-12,113.16521453857422
2012-12-13,112.47127532958984
2012-12-14,112.05332946777344
2012-12-17,113.3702392578125
2012-12-18,114.63185119628906
2012-12-19,113.78032684326172
2012-12-20,114.43479919433594
2012-12-21,113.39606475830078
2012-12-24,113.04661560058594
2012-12-26,112.57012939453125
2012-12-27,112.41925048828125
2012-12-28,111.20420837402344
2012-12-31,113.09426879882812
2013-01-02,115.99284362792969
2013-01-03,115.7308120727539
2013-01-04,116.2391128540039
2013-01-07,115.92143249511719
2013-01-08,115.58786010742188
2013-01-09,115.88169860839844
2013-01-10,116.80292510986328
2013-01-11,116.79498291015625
2013-01-14,116.71558380126953
2013-01-15,116.79498291015625
2013-01-16,116.77912902832031
2013-01-17,117.53356170654297
2013-01-18,117.79560852050781
2013-01-22,118.43092346191406
2013-01-23,118.62149810791016
2013-01-24,118.65328979492188
2013-01-25,119.3204116821289
2013-01-28,119.17743682861328
2013-01-29,119.6459732055664
2013-01-30,119.17743682861328
2013-01-31,118.8835678100586
2013-02-01,120.10653686523438
2013-02-04,118.75650024414062
2013-02-05,119.9556655883789
2013-02-06,120.04301452636719
2013-02-07,119.88422393798828
2013-02-08,120.55133056640625
2013-02-11,120.5274887084961
2013-02-12,120.72601318359375
2013-02-13,120.82923889160156
2013-02-14,120.9404296875
2013-02-15,120.7974624633789
2013-02-19,121.70276641845703
2013-02-20,120.18595123291016
2013-02-21,119.45538330078125
2013-02-22,120.62278747558594
2013-02-25,118.32766723632812
2013-02-26,119.13764953613281
2013-02-27,120.63865661621094
2013-02-28,120.40042877197266
2013-03-01,120.7974624633789
2013-03-04,121.44073486328125
2013-03-05,122.52869415283203
2013-03-06,122.69548797607422
2013-03-07,122.91783142089844
2013-03-08,123.44198608398438
2013-03-11,123.91053771972656
2013-03-12,123.63258361816406
2013-03-13,123.80730438232422
2013-03-14,124.4664535522461
2013-03-15,124.30207061767578
2013-03-18,123.61611938476562
2013-03-19,123.32891845703125
2013-03-20,124.19039916992188
2013-03-21,123.12947082519531
2013-03-22,124.1186294555664
2013-03-25,123.60018157958984
2013-03-26,124.58927917480469
2013-03-27,124.58927917480469
2013-03-28,124.97219848632812
2013-04-01,124.47754669189453
2013-04-02,125.09180450439453
2013-04-03,123.8235092163086
2013-04-04,124.3260269165039
2013-04-05,123.76764678955078
2013-04-08,124.60515594482422
2013-04-09,125.03598022460938
2013-04-10,126.56755828857422
2013-04-11,126.98231506347656
2013-04-12,126.67120361328125
2013-04-15,123.73574829101562
2013-04-16,125.56246948242188
2013-04-17,123.72776794433594
2013-04-18,122.95401763916016
2013-04-19,124.0229263305664
2013-04-22,124.57331085205078
2013-04-23,125.85755920410156
2013-04-24,125.93734741210938
2013-04-25,126.44784545898438
2013-04-26,126.22449493408203
2013-04-29,127.0700454711914
2013-04-30,127.37316131591797
2013-05-01,126.25646209716797
2013-05-02,127.42903900146484
2013-05-03,128.7212371826172
2013-05-06,129.0482635498047
2013-05-07,129.702392578125
2013-05-08,130.2926483154297
2013-05-09,129.9257354736328
2013-05-10,130.34849548339844
2013-05-13,130.4521942138672
2013-05-14,131.80027770996094
2013-05-15,132.51023864746094
2013-05-16,131.8880157470703
2013-05-17,133.1642608642578
2013-05-20,133.15631103515625
2013-05-21,133.34774780273438
2013-05-22,132.35865783691406
2013-05-23,131.97573852539062
2013-05-24,131.86404418945312
2013-05-28,132.65377807617188
2013-05-29,131.79232788085938
2013-05-30,132.27880859375
2013-05-31,130.38038635253906
2013-06-03,131.0983123779297
2013-06-04,130.4680938720703
2013-06-05,128.64151000976562
2013-06-06,129.80604553222656
2013-06-07,131.45726013183594
2013-06-10,131.45726013183594
2013-06-11,130.10125732421875
2013-06-12,129.0243682861328
2013-06-13,130.9866485595703
2013-06-14,130.16502380371094
2013-06-17,131.17013549804688
2013-06-18,132.20712280273438
2013-06-19,130.38038635253906
2013-06-20,127.14984893798828
2013-06-21,127.55796813964844
2013-06-24,125.94612884521484
2013-06-25,127.15711975097656
2013-06-26,128.416015625
2013-06-27,129.16978454589844
2013-06-28,128.64048767089844
2013-07-01,129.3943328857422
2013-07-02,129.27401733398438
2013-07-03,129.33023071289062
2013-07-05,130.7254638671875
2013-07-08,131.47122192382812
2013-07-09,132.41749572753906
2013-07-10,132.465576171875
2013-07-11,134.2698974609375
2013-07-12,134.32601928710938
2013-07-15,134.83920288085938
2013-07-16,134.33399963378906
2013-07-17,134.67884826660156
2013-07-18,135.41656494140625
2013-07-19,135.65711975097656
2013-07-22,135.9217987060547
2013-07-23,135.6331024169922
2013-07-24,135.1359100341797
2013-07-25,135.46469116210938
2013-07-26,135.6090850830078
2013-07-29,135.19207763671875
2013-07-30,135.19207763671875
2013-07-31,135.2882537841797
2013-08-01,136.8519744873047
2013-08-02,137.08456420898438
2013-08-05,136.88404846191406
2013-08-06,136.10621643066406
2013-08-07,135.66522216796875
2013-08-08,136.16238403320312
2013-08-09,135.7694091796875
2013-08-12,135.6090850830078
2013-08-13,136.0099334716797
2013-08-14,135.31234741210938
2013-08-15,133.41981506347656
2013-08-16,132.97879028320312
2013-08-19,132.12876892089844
2013-08-20,132.77830505371094
2013-08-21,131.9604034423828
2013-08-22,133.16323852539062
2013-08-23,133.6122589111328
2013-08-26,133.11512756347656
2013-08-27,130.97401428222656
2013-08-28,131.4391632080078
2013-08-29,131.64764404296875
2013-08-30,131.23069763183594
2013-09-03,131.82406616210938
2013-09-04,132.91464233398438
2013-09-05,133.08303833007812
2013-09-06,133.147216796875
2013-09-09,134.42221069335938
2013-09-10,135.41656494140625
2013-09-11,135.8416290283203
2013-09-12,135.480712890625
2013-09-13,135.78543090820312
2013-09-16,136.5712890625
2013-09-17,137.18077087402344
2013-09-18,138.7685089111328
2013-09-19,138.53598022460938
2013-09-20,137.56741333007812
2013-09-23,136.93081665039062
2013-09-24,136.60845947265625
2013-09-25,136.21368408203125
2013-09-26,136.73744201660156
2013-09-27,136.10882568359375
2013-09-30,135.38363647460938
2013-10-01,136.45541381835938
2013-10-02,136.32644653320312
2013-10-03,135.0693817138672
2013-10-04,136.09275817871094
2013-10-07,134.91624450683594
2013-10-08,133.34498596191406
2013-10-09,133.4416046142578
2013-10-10,136.3184051513672
2013-10-11,137.19671630859375
2013-10-14,137.7447052001953
2013-10-15,136.74545288085938
2013-10-16,138.65525817871094
2013-10-17,139.58189392089844
2013-10-18,140.5247344970703
2013-10-21,140.53273010253906
2013-10-22,141.34664916992188
2013-10-23,140.6697998046875
2013-10-24,141.13705444335938
2013-10-25,141.78173828125
2013-10-28,142.00741577148438
2013-10-29,142.76483154296875
2013-10-30,142.05569458007812
2013-10-31,141.65284729003906
2013-11-01,141.99130249023438
2013-11-04,142.4908905029297
2013-11-05,142.03961181640625
2013-11-06,142.76483154296875
2013-11-07,140.9598388671875
2013-11-08,142.8615264892578
2013-11-11,142.88571166992188
2013-11-12,142.59561157226562
2013-11-13,143.7399139404297
2013-11-14,144.45706176757812
2013-11-15,145.08554077148438
2013-11-18,144.57786560058594
2013-11-19,144.26365661621094
2013-11-20,143.8123779296875
2013-11-21,144.97276306152344
2013-11-22,145.6979522705078
2013-11-25,145.55294799804688
2013-11-26,145.5931854248047
2013-11-27,145.94776916503906
2013-11-29,145.85107421875
2013-12-02,145.47239685058594
2013-12-03,144.8438720703125
2013-12-04,144.82769775390625
2013-12-05,144.191162109375
2013-12-06,145.80274963378906
2013-12-09,146.1734161376953
2013-12-10,145.649658203125
2013-12-11,144.01388549804688
2013-12-12,143.5384521484375
2013-12-13,143.5222930908203
2013-12-16,144.41673278808594
2013-12-17,143.95745849609375
2013-12-18,146.41519165039062
2013-12-19,146.24591064453125
2013-12-20,147.09666442871094
2013-12-23,147.8825225830078
2013-12-24,148.2066192626953
2013-12-26,148.96005249023438
2013-12-27,148.9519500732422
2013-12-30,148.92764282226562
2013-12-31,149.63247680664062
2014-01-02,148.198486328125
2014-01-03,148.1741485595703
2014-01-06,147.74478149414062
2014-01-07,148.65216064453125
2014-01-08,148.6845703125
2014-01-09,148.78184509277344
2014-01-10,149.18687438964844
2014-01-13,147.2019805908203
2014-01-14,148.80615234375
2014-01-15,149.60818481445312
2014-01-16,149.41371154785156
2014-01-17,148.78184509277344
2014-01-21,149.21926879882812
2014-01-22,149.31655883789062
2014-01-23,148.09312438964844
2014-01-24,144.9334259033203
2014-01-27,144.2204132080078
2014-01-28,145.07933044433594
2014-01-29,143.68576049804688
2014-01-30,145.20889282226562
2014-01-31,144.35816955566406
2014-02-03,141.10940551757812
2014-02-04,142.09783935546875
2014-02-05,141.9196014404297
2014-02-06,143.79107666015625
2014-02-07,145.573486328125
2014-02-10,145.8408203125
2014-02-11,147.4369354248047
2014-02-12,147.50979614257812
2014-02-13,148.27134704589844
2014-02-14,149.08969116210938
2014-02-18,149.26795959472656
2014-02-19,148.27952575683594
2014-02-20,149.15451049804688
2014-02-21,148.98435974121094
2014-02-24,149.81072998046875
2014-02-25,149.75401306152344
2014-02-26,149.7621612548828
2014-02-27,150.5480194091797
2014-02-28,150.92877197265625
2014-03-03,149.86744689941406
2014-03-04,151.97389221191406
2014-03-05,152.1116180419922
2014-03-06,152.46005249023438
2014-03-07,152.52481079101562
2014-03-10,152.44383239746094
2014-03-11,151.69033813476562
2014-03-12,151.73086547851562
2014-03-13,150.02951049804688
2014-03-14,149.60818481445312
2014-03-17,150.96115112304688
2014-03-18,152.03872680664062
2014-03-19,151.2285919189453
2014-03-20,152.1116180419922
2014-03-21,151.5216827392578
2014-03-24,150.89511108398438
2014-03-25,151.61119079589844
2014-03-26,150.52076721191406
2014-03-27,150.2034149169922
2014-03-28,150.9439239501953
2014-03-31,152.18081665039062
2014-04-01,153.18988037109375
2014-04-02,153.70254516601562
2014-04-03,153.4990997314453
2014-04-04,151.68443298339844
2014-04-07,150.008056640625
2014-04-08,150.62652587890625
2014-04-09,152.2459259033203
2014-04-10,149.04786682128906
2014-04-11,147.70518493652344
2014-04-14,148.86883544921875
2014-04-15,149.89418029785156
2014-04-16,151.46470642089844
2014-04-17,151.67628479003906
2014-04-21,152.20521545410156
2014-04-22,152.8969268798828
2014-04-23,152.5388641357422
2014-04-24,152.84815979003906
2014-04-25,151.5948944091797
2014-04-28,152.0750274658203
2014-04-29,152.78298950195312
2014-04-30,153.2386932373047
2014-05-01,153.25497436523438
2014-05-02,153.03521728515625
2014-05-05,153.32821655273438
2014-05-06,151.99368286132812
2014-05-07,152.88876342773438
2014-05-08,152.7259979248047
2014-05-09,152.95388793945312
2014-05-12,154.4430389404297
2014-05-13,154.58145141601562
2014-05-14,153.84901428222656
2014-05-15,152.4981689453125
2014-05-16,153.02708435058594
2014-05-19,153.588623046875
2014-05-20,152.62022399902344
2014-05-21,153.90597534179688
2014-05-22,154.2802734375
2014-05-23,154.89878845214844
2014-05-27,155.85086059570312
2014-05-28,155.7369384765625
2014-05-29,156.54258728027344
2014-05-30,156.79483032226562
2014-06-02,156.9738311767578
2014-06-03,156.89247131347656
2014-06-04,157.20977783203125
2014-06-05,158.2351531982422
2014-06-06,158.9919891357422
2014-06-09,159.15469360351562
2014-06-10,159.1709747314453
2014-06-11,158.61761474609375
2014-06-12,157.49461364746094
2014-06-13,157.97479248046875
2014-06-16,158.10498046875
2014-06-17,158.54443359375
2014-06-18,159.70811462402344
2014-06-19,159.88706970214844
2014-06-20,160.2117462158203
2014-06-23,160.16261291503906
2014-06-24,159.1978302001953
2014-06-25,159.91734313964844
2014-06-26,159.80291748046875
2014-06-27,160.1136474609375
2014-06-30,160.0318603515625
2014-07-01,161.10296630859375
2014-07-02,161.26649475097656
2014-07-03,162.05963134765625
2014-07-07,161.49546813964844
2014-07-08,160.4569854736328
2014-07-09,161.17652893066406
2014-07-10,160.53880310058594
2014-07-11,160.75950622558594
2014-07-14,161.56900024414062
2014-07-15,161.26649475097656
2014-07-16,161.86334228515625
2014-07-17,160.023681640625
2014-07-18,161.65899658203125
2014-07-21,161.35643005371094
2014-07-22,162.05963134765625
2014-07-23,162.41937255859375
2014-07-24,162.4275360107422
2014-07-25,161.6671600341797
2014-07-28,161.73255920410156
2014-07-29,161.0375213623047
2014-07-30,161.0620880126953
2014-07-31,157.88134765625
2014-08-01,157.39898681640625
2014-08-04,158.53549194335938
2014-08-05,156.99830627441406
2014-08-06,157.04736328125
2014-08-07,156.197021484375
2014-08-08,158.0040283203125
2014-08-11,158.46194458007812
2014-08-12,158.2411346435547
2014-08-13,159.31227111816406
2014-08-14,160.06455993652344
2014-08-15,160.0318603515625
2014-08-18,161.37271118164062
2014-08-19,162.21493530273438
2014-08-20,162.64828491210938
2014-08-21,163.1226043701172
2014-08-22,162.8690948486328
2014-08-25,163.6949462890625
2014-08-26,163.80125427246094
2014-08-27,163.73583984375
2014-08-28,163.6458740234375
2014-08-29,164.11196899414062
2014-09-02,164.03021240234375
2014-09-03,163.940185546875
2014-09-04,163.70309448242188
2014-09-05,164.4390106201172
2014-09-08,164.01380920410156
2014-09-09,162.97537231445312
2014-09-10,163.588623046875
2014-09-11,163.77670288085938
2014-09-12,162.82000732421875
2014-09-15,162.69735717773438
2014-09-16,163.9238739013672
2014-09-17,164.14468383789062
2014-09-18,165.01951599121094
2014-09-19,164.87078857421875
2014-09-22,163.59756469726562
2014-09-23,162.6610870361328
2014-09-24,163.9343719482422
2014-09-25,161.28915405273438
2014-09-26,162.5707550048828
2014-09-29,162.27500915527344
2014-09-30,161.84779357910156
2014-10-01,159.65443420410156
2014-10-02,159.67909240722656
2014-10-03,161.4370574951172
2014-10-06,161.24813842773438
2014-10-07,158.75900268554688
2014-10-08,161.53562927246094
2014-10-09,158.33184814453125
2014-10-10,156.52462768554688
2014-10-13,153.9534149169922
2014-10-14,154.191650390625
2014-10-15,153.1483612060547
2014-10-16,153.01687622070312
2014-10-17,154.82415771484375
2014-10-20,156.3274688720703
2014-10-21,159.42442321777344
2014-10-22,158.29086303710938
2014-10-23,160.13088989257812
2014-10-24,161.3631591796875
2014-10-27,161.14132690429688
2014-10-28,162.98965454101562
2014-10-29,162.7432098388672
2014-10-30,163.7865447998047
2014-10-31,165.65943908691406
2014-11-03,165.7498016357422
2014-11-04,165.17483520507812
2014-11-05,166.2180938720703
2014-11-06,166.88345336914062
2014-11-07,167.03956604003906
2014-11-10,167.56536865234375
2014-11-11,167.7295684814453
2014-11-12,167.54884338378906
2014-11-13,167.73785400390625
2014-11-14,167.7788848876953
2014-11-17,167.88568115234375
2014-11-18,168.85498046875
2014-11-19,168.58395385742188
2014-11-20,168.8796844482422
2014-11-21,169.7832489013672
2014-11-24,170.25970458984375
2014-11-25,170.13650512695312
2014-11-26,170.57192993164062
2014-11-28,170.21047973632812
2014-12-01,169.0275115966797
2014-12-02,170.1200714111328
2014-12-03,170.77723693847656
2014-12-04,170.58837890625
2014-12-05,170.86764526367188
2014-12-08,169.72581481933594
2014-12-09,169.6107635498047
2014-12-10,166.89170837402344
2014-12-11,167.73785400390625
2014-12-12,165.0269317626953
2014-12-15,163.89328002929688
2014-12-16,162.57888793945312
2014-12-17,165.76625061035156
2014-12-18,169.86544799804688
2014-12-19,170.58819580078125
2014-12-22,171.3728790283203
2014-12-23,171.60423278808594
2014-12-24,171.62069702148438
2014-12-26,172.17413330078125
2014-12-29,172.40545654296875
2014-12-30,171.48031616210938
2014-12-31,169.77871704101562
2015-01-02,169.68785095214844
2015-01-05,166.62330627441406
2015-01-06,165.0539093017578
2015-01-07,167.1107177734375
2015-01-08,170.07601928710938
2015-01-09,168.71311950683594
2015-01-12,167.3915252685547
2015-01-13,166.9207000732422
2015-01-14,165.9129638671875
2015-01-15,164.3931121826172
2015-01-16,166.54896545410156
2015-01-20,166.90419006347656
2015-01-21,167.74671936035156
2015-01-22,170.24130249023438
2015-01-23,169.30787658691406
2015-01-26,169.70433044433594
2015-01-27,167.46583557128906
2015-01-28,165.31825256347656
2015-01-29,166.8463897705078
2015-01-30,164.748291015625
2015-02-02,166.78854370117188
2015-02-03,169.20053100585938
2015-02-04,168.5561981201172
2015-02-05,170.25779724121094
2015-02-06,169.78689575195312
2015-02-09,169.02700805664062
2015-02-10,170.82777404785156
2015-02-11,170.92686462402344
2015-02-12,172.57064819335938
2015-02-13,173.2810516357422
2015-02-17,173.55357360839844
2015-02-18,173.57009887695312
2015-02-19,173.44619750976562
2015-02-20,174.4870147705078
2015-02-23,174.4622344970703
2015-02-24,174.9578094482422
2015-02-25,174.80911254882812
2015-02-26,174.60264587402344
2015-02-27,174.0079345703125
2015-03-02,175.1064910888672
2015-03-03,174.38784790039062
2015-03-04,173.65272521972656
2015-03-05,173.84271240234375
2015-03-06,171.39768981933594
2015-03-09,172.1080780029297
2015-03-10,169.316162109375
2015-03-11,168.91966247558594
2015-03-12,171.06732177734375
2015-03-13,170.01824951171875
2015-03-16,172.28976440429688
2015-03-17,171.77772521972656
2015-03-18,173.84271240234375
2015-03-19,173.04969787597656
2015-03-20,174.5771942138672
2015-03-23,174.23699951171875
2015-03-24,173.25796508789062
2015-03-25,170.71908569335938
2015-03-26,170.31251525878906
2015-03-27,170.70254516601562
2015-03-30,172.78500366210938
2015-03-31,171.27499389648438
2015-04-01,170.66934204101562
2015-04-02,171.28330993652344
2015-04-06,172.4365692138672
2015-04-07,171.98023986816406
2015-04-08,172.56100463867188
2015-04-09,173.32431030273438
2015-04-10,174.2702178955078
2015-04-13,173.4819793701172
2015-04-14,173.81385803222656
2015-04-15,174.59378051757812
2015-04-16,174.54400634765625
2015-04-17,172.5362091064453
2015-04-20,174.1125946044922
2015-04-21,173.90518188476562
2015-04-22,174.7596893310547
2015-04-23,175.19949340820312
2015-04-24,175.60606384277344
2015-04-27,174.87594604492188
2015-04-28,175.4318084716797
2015-04-29,174.7099609375
2015-04-30,172.95932006835938
2015-05-01,174.83445739746094
2015-05-04,175.33221435546875
2015-05-05,173.32431030273438
2015-05-06,172.6107940673828
2015-05-07,173.2994842529297
2015-05-08,175.5811767578125
2015-05-11,174.74313354492188
2015-05-12,174.22039794921875
2015-05-13,174.25360107421875
2015-05-14,176.07066345214844
2015-05-15,176.26153564453125
2015-05-18,176.80908203125
2015-05-19,176.75103759765625
2015-05-20,176.62661743164062
2015-05-21,177.14100646972656
2015-05-22,176.71778869628906
2015-05-26,174.81781005859375
2015-05-27,176.47723388671875
2015-05-28,176.27810668945312
2015-05-29,175.18289184570312
2015-06-01,175.53964233398438
2015-06-02,175.36541748046875
2015-06-03,175.83006286621094
2015-06-04,174.34487915039062
2015-06-05,174.04620361328125
2015-06-08,172.9758758544922
2015-06-09,172.9510040283203
2015-06-10,175.02523803710938
2015-06-11,175.5894317626953
2015-06-12,174.2453155517578
2015-06-15,173.49856567382812
2015-06-16,174.4444580078125
2015-06-17,174.7264862060547
2015-06-18,176.54360961914062
2015-06-19,175.75985717773438
2015-06-22,176.66030883789062
2015-06-23,176.78538513183594
2015-06-24,175.50143432617188
2015-06-25,174.96780395507812
2015-06-26,174.9344940185547
2015-06-29,171.2660369873047
2015-06-30,171.62454223632812
2015-07-01,173.00025939941406
2015-07-02,172.84182739257812
2015-07-06,172.34994506835938
2015-07-07,173.43373107910156
2015-07-08,170.52406311035156
2015-07-09,170.83248901367188
2015-07-10,172.98353576660156
2015-07-13,174.89283752441406
2015-07-14,175.65147399902344
2015-07-15,175.59312438964844
2015-07-16,177.002197265625
2015-07-17,177.1521759033203
2015-07-20,177.24391174316406
2015-07-21,176.54359436035156
2015-07-22,176.22674560546875
2015-07-23,175.2345733642578
2015-07-24,173.4171142578125
2015-07-27,172.4082489013672
2015-07-28,174.5259246826172
2015-07-29,175.7265167236328
2015-07-30,175.76821899414062
2015-07-31,175.50143432617188
2015-08-03,174.909423828125
2015-08-04,174.56768798828125
2015-08-05,175.14295959472656
2015-08-06,173.7089080810547
2015-08-07,173.3754119873047
2015-08-10,175.5597686767578
2015-08-11,173.97572326660156
2015-08-12,174.1841583251953
2015-08-13,173.96737670898438
2015-08-14,174.6009521484375
2015-08-17,175.57643127441406
2015-08-18,175.06787109375
2015-08-19,173.68389892578125
2015-08-20,170.05714416503906
2015-08-21,164.9380340576172
2015-08-24,157.9929656982422
2015-08-25,156.13369750976562
2015-08-26,162.1282958984375
2015-08-27,166.13853454589844
2015-08-28,166.1468963623047
2015-08-31,164.8046112060547
2015-09-01,159.8855438232422
2015-09-02,162.9203643798828
2015-09-03,163.03712463378906
2015-09-04,160.56918334960938
2015-09-08,164.6044921875
2015-09-09,162.40342712402344
2015-09-10,163.2871856689453
2015-09-11,164.02923583984375
2015-09-14,163.42056274414062
2015-09-15,165.46324157714844
2015-09-16,166.897216796875
2015-09-17,166.5220489501953
2015-09-18,163.8008270263672
2015-09-21,164.64735412597656
2015-09-22,162.51025390625
2015-09-23,162.25039672851562
2015-09-24,161.66380310058594
2015-09-25,161.62188720703125
2015-09-28,157.56564331054688
2015-09-29,157.65782165527344
2015-09-30,160.59945678710938
2015-10-01,161.0184783935547
2015-10-02,163.42373657226562
2015-10-05,166.3318328857422
2015-10-06,165.761962890625
2015-10-07,167.11961364746094
2015-10-08,168.628173828125
2015-10-09,168.72874450683594
2015-10-12,168.88803100585938
2015-10-13,167.82362365722656
2015-10-14,167.01901245117188
2015-10-15,169.58355712890625
2015-10-16,170.35458374023438
2015-10-19,170.43838500976562
2015-10-20,170.22042846679688
2015-10-21,169.16452026367188
2015-10-22,172.02232360839844
2015-10-23,173.90802001953125
2015-10-26,173.48062133789062
2015-10-27,173.14541625976562
2015-10-28,175.1148681640625
2015-10-29,175.01426696777344
2015-10-30,174.2599639892578
2015-11-02,176.32164001464844
2015-11-03,176.83285522460938
2015-11-04,176.29652404785156
2015-11-05,176.12049865722656
2015-11-06,176.0282745361328
2015-11-09,174.38571166992188
2015-11-10,174.78797912597656
2015-11-11,174.10073852539062
2015-11-12,171.67030334472656
2015-11-13,169.74276733398438
2015-11-16,172.3240509033203
2015-11-17,172.1983184814453
2015-11-18,174.93040466308594
2015-11-19,174.7796173095703
2015-11-20,175.41647338867188
2015-11-23,175.2154083251953
2015-11-24,175.45004272460938
2015-11-25,175.42495727539062
2015-11-27,175.62603759765625
2015-11-30,174.89694213867188
2015-12-01,176.56468200683594
2015-12-02,174.7628631591797
2015-12-03,172.31568908691406
2015-12-04,175.67628479003906
2015-12-07,174.6119842529297
2015-12-08,173.43865966796875
2015-12-09,172.0894012451172
2015-12-10,172.5335235595703
2015-12-11,169.18968200683594
2015-12-14,170.0444793701172
2015-12-15,171.8295440673828
2015-12-16,174.3437957763672
2015-12-17,171.6870880126953
2015-12-18,168.6284942626953
2015-12-21,170.01954650878906
2015-12-22,171.5623321533203
2015-12-23,173.68682861328125
2015-12-24,173.40020751953125
2015-12-28,173.0039825439453
2015-12-29,174.8502197265625
2015-12-30,173.61094665527344
2015-12-31,171.87428283691406
2016-01-04,169.4715576171875
2016-01-05,169.75819396972656
2016-01-06,167.6168212890625
2016-01-07,163.595458984375
2016-01-08,161.79977416992188
2016-01-11,161.9598846435547
2016-01-12,163.2666015625
2016-01-13,159.19473266601562
2016-01-14,161.8081817626953
2016-01-15,158.33473205566406
2016-01-19,158.5454864501953
2016-01-20,156.5137481689453
2016-01-21,157.39048767089844
2016-01-22,160.6194305419922
2016-01-25,158.19142150878906
2016-01-26,160.34963989257812
2016-01-27,158.60450744628906
2016-01-28,159.43069458007812
2016-01-29,163.31724548339844
2016-02-01,163.25820922851562
2016-02-02,160.3159637451172
2016-02-03,161.27700805664062
2016-02-04,161.5299530029297
2016-02-05,158.45278930664062
2016-02-08,156.31988525390625
2016-02-09,156.32827758789062
2016-02-10,156.193359375
2016-02-11,154.16168212890625
2016-02-12,157.3399658203125
2016-02-16,159.99559020996094
2016-02-17,162.6090850830078
2016-02-18,161.94305419921875
2016-02-19,161.86717224121094
2016-02-22,164.2108917236328
2016-02-23,162.1370086669922
2016-02-24,162.87887573242188
2016-02-25,164.85162353515625
2016-02-26,164.47219848632812
2016-02-29,163.18234252929688
2016-03-01,167.0182647705078
2016-03-02,167.76856994628906
2016-03-03,168.4261016845703
2016-03-04,168.9741668701172
2016-03-07,169.10902404785156
2016-03-08,167.2627410888672
2016-03-09,168.08892822265625
2016-03-10,168.22377014160156
2016-03-11,170.9384765625
2016-03-14,170.7192840576172
2016-03-15,170.44110107421875
2016-03-16,171.42742919921875
2016-03-17,172.51498413085938
2016-03-18,173.19293212890625
2016-03-21,173.43862915039062
2016-03-22,173.34544372558594
2016-03-23,172.2014617919922
2016-03-24,172.1251220703125
2016-03-28,172.22683715820312
2016-03-29,173.81997680664062
2016-03-30,174.5826416015625
2016-03-31,174.158935546875
2016-04-01,175.3452911376953
2016-04-04,174.77752685546875
2016-04-05,173.03195190429688
2016-04-06,174.9215850830078
2016-04-07,172.82855224609375
2016-04-08,173.2946319580078
2016-04-11,172.88787841796875
2016-04-12,174.49794006347656
2016-04-13,176.2605438232422
2016-04-14,176.2689666748047
2016-04-15,176.0740966796875
2016-04-18,177.31129455566406
2016-04-19,177.87054443359375
2016-04-20,178.0401153564453
2016-04-21,177.08253479003906
2016-04-22,177.08253479003906
2016-04-25,176.7774658203125
2016-04-26,177.0401611328125
2016-04-27,177.404541015625
2016-04-28,175.7944793701172
2016-04-29,174.8453826904297
2016-05-02,176.235107421875
2016-05-03,174.7012939453125
2016-05-04,173.72679138183594
2016-05-05,173.69288635253906
2016-05-06,174.32843017578125
2016-05-09,174.47244262695312
2016-05-10,176.64181518554688
2016-05-11,174.9894256591797
2016-05-12,175.04026794433594
2016-05-13,173.51492309570312
2016-05-16,175.22665405273438
2016-05-17,173.59121704101562
2016-05-18,173.64202880859375
2016-05-19,173.04034423828125
2016-05-20,174.1334991455078
2016-05-23,173.89627075195312
2016-05-24,176.1503448486328
2016-05-25,177.34523010253906
2016-05-26,177.3960418701172
2016-05-27,178.1587677001953
2016-05-31,177.81973266601562
2016-06-01,178.18417358398438
2016-06-02,178.72647094726562
2016-06-03,178.1925811767578
2016-06-06,179.0993194580078
2016-06-07,179.37896728515625
2016-06-08,179.96368408203125
2016-06-09,179.7179412841797
2016-06-10,178.01467895507812
2016-06-13,176.64181518554688
2016-06-14,176.29443359375
2016-06-15,176.0486602783203
2016-06-16,176.5740509033203
2016-06-17,175.91650390625
2016-06-20,177.0493927001953
2016-06-21,177.5519561767578
2016-06-22,177.26234436035156
2016-06-23,179.5707550048828
2016-06-24,173.1224822998047
2016-06-27,170.0219268798828
2016-06-28,173.0884246826172
2016-06-29,176.03573608398438
2016-06-30,178.4378204345703
2016-07-01,178.81260681152344
2016-07-05,177.52638244628906
2016-07-06,178.59121704101562
2016-07-07,178.48043823242188
2016-07-08,181.13804626464844
2016-07-11,181.77691650390625
2016-07-12,183.0972442626953
2016-07-13,183.0716552734375
2016-07-14,184.0938720703125
2016-07-15,183.84683227539062
2016-07-18,184.34091186523438
2016-07-19,184.15350341796875
2016-07-20,184.9201202392578
2016-07-21,184.22161865234375
2016-07-22,185.0478973388672
2016-07-25,184.5452880859375
2016-07-26,184.63050842285156
2016-07-27,184.4346160888672
2016-07-28,184.6475372314453
2016-07-29,184.94564819335938
2016-08-01,184.79234313964844
2016-08-02,183.60836791992188
2016-08-03,184.14498901367188
2016-08-04,184.34091186523438
2016-08-05,185.8485870361328
2016-08-08,185.73785400390625
2016-08-09,185.8485870361328
2016-08-10,185.3886260986328
2016-08-11,186.2489471435547
2016-08-12,186.08712768554688
2016-08-15,186.62376403808594
2016-08-16,185.66127014160156
2016-08-17,186.0104522705078
2016-08-18,186.4278106689453
2016-08-19,186.15525817871094
2016-08-22,186.1467742919922
2016-08-23,186.52157592773438
2016-08-24,185.56748962402344
2016-08-25,185.43972778320312
2016-08-26,185.09048461914062
2016-08-29,186.00192260742188
2016-08-30,185.6952667236328
2016-08-31,185.1671905517578
2016-09-01,185.17567443847656
2016-09-02,186.0104522705078
2016-09-06,186.57264709472656
2016-09-07,186.5556182861328
2016-09-08,186.12969970703125
2016-09-09,181.67474365234375
2016-09-12,184.28125
2016-09-13,181.63214111328125
2016-09-14,181.56394958496094
2016-09-15,183.37835693359375
2016-09-16,182.66949462890625
2016-09-19,182.70376586914062
2016-09-20,182.7122802734375
2016-09-21,184.76693725585938
2016-09-22,185.93128967285156
2016-09-23,184.91250610351562
2016-09-26,183.41433715820312
2016-09-27,184.55294799804688
2016-09-28,185.46900939941406
2016-09-29,183.79098510742188
2016-09-30,185.17788696289062
2016-10-03,184.73272705078125
2016-10-04,183.79098510742188
2016-10-05,184.60430908203125
2016-10-06,184.73272705078125
2016-10-07,184.09918212890625
2016-10-10,185.05807495117188
2016-10-11,182.72085571289062
2016-10-12,182.96055603027344
2016-10-13,182.3612823486328
2016-10-14,182.4553985595703
2016-10-17,181.8219757080078
2016-10-18,182.96055603027344
2016-10-19,183.44850158691406
2016-10-20,183.1060791015625
2016-10-21,183.1916961669922
2016-10-24,183.9707489013672
2016-10-25,183.35438537597656
2016-10-26,182.9862518310547
2016-10-27,182.49827575683594
2016-10-28,181.9589080810547
2016-10-31,181.9674530029297
2016-11-01,180.6490936279297
2016-11-02,179.561767578125
2016-11-03,178.7399139404297
2016-11-04,178.54302978515625
2016-11-07,182.4811248779297
2016-11-08,183.30300903320312
2016-11-09,185.2464141845703
2016-11-10,185.70872497558594
2016-11-11,185.28065490722656
2016-11-14,185.4261474609375
2016-11-15,186.87298583984375
2016-11-16,186.5220184326172
2016-11-17,187.48089599609375
2016-11-18,187.0613250732422
2016-11-21,188.47398376464844
2016-11-22,188.84207153320312
2016-11-23,188.94476318359375
2016-11-25,189.64683532714844
2016-11-28,188.7564239501953
2016-11-29,189.12457275390625
2016-11-30,188.67088317871094
2016-12-01,187.9773712158203
2016-12-02,188.07154846191406
2016-12-05,189.20162963867188
2016-12-06,189.8009033203125
2016-12-07,192.28366088867188
2016-12-08,192.7545166015625
2016-12-09,193.9188690185547
2016-12-12,193.6962432861328
2016-12-13,194.98898315429688
2016-12-14,193.37953186035156
2016-12-15,194.17567443847656
2016-12-16,193.7958984375
2016-12-19,194.21786499023438
2016-12-20,194.96710205078125
2016-12-21,194.424560546875
2016-12-22,194.08872985839844
2016-12-23,194.37294006347656
2016-12-27,194.85516357421875
2016-12-28,193.24478149414062
2016-12-29,193.20172119140625
2016-12-30,192.4955596923828
2017-01-03,193.96817016601562
2017-01-04,195.1221160888672
2017-01-05,194.96710205078125
2017-01-06,195.66464233398438
2017-01-09,195.01878356933594
2017-01-10,195.01878356933594
2017-01-11,195.56993103027344
2017-01-12,195.0790252685547
2017-01-13,195.52682495117188
2017-01-17,194.83790588378906
2017-01-18,195.26852416992188
2017-01-19,194.5451202392578
2017-01-20,195.2598876953125
2017-01-23,194.75186157226562
2017-01-24,196.00047302246094
2017-01-25,197.69699096679688
2017-01-26,197.4902801513672
2017-01-27,197.18028259277344
2017-01-30,195.95745849609375
2017-01-31,195.94021606445312
2017-02-01,196.0176544189453
2017-02-02,196.14688110351562
2017-02-03,197.4989471435547
2017-02-06,197.14584350585938
2017-02-07,197.15443420410156
2017-02-08,197.4127655029297
2017-02-09,198.58399963378906
2017-02-10,199.3676300048828
2017-02-13,200.4527130126953
2017-02-14,201.25360107421875
2017-02-15,202.30418395996094
2017-02-16,202.13197326660156
2017-02-17,202.45065307617188
2017-02-21,203.65626525878906
2017-02-22,203.47537231445312
2017-02-23,203.61317443847656
2017-02-24,203.8715057373047
2017-02-27,204.1901397705078
2017-02-28,203.63897705078125
2017-03-01,206.4894561767578
2017-03-02,205.18905639648438
2017-03-03,205.31826782226562
2017-03-06,204.70681762695312
2017-03-07,204.09539794921875
2017-03-08,203.7164764404297
2017-03-09,203.97486877441406
2017-03-10,204.68963623046875
2017-03-13,204.79293823242188
2017-03-14,204.00929260253906
2017-03-15,205.77464294433594
2017-03-16,205.36988830566406
2017-03-17,205.00929260253906
2017-03-20,204.78439331054688
2017-03-21,202.155029296875
2017-03-22,202.6307830810547
2017-03-23,202.41455078125
2017-03-24,202.26747131347656
2017-03-27,202.05990600585938
2017-03-28,203.5302276611328
2017-03-29,203.7205810546875
2017-03-30,204.36923217773438
2017-03-31,203.89352416992188
2017-04-03,203.5388641357422
2017-04-04,203.66868591308594
2017-04-05,203.06320190429688
2017-04-06,203.63404846191406
2017-04-07,203.42648315429688
2017-04-10,203.54754638671875
2017-04-11,203.30535888671875
2017-04-12,202.41455078125
2017-04-13,201.09991455078125
2017-04-17,202.88162231445312
2017-04-18,202.27618408203125
2017-04-19,201.90428161621094
2017-04-20,203.54754638671875
2017-04-21,202.89886474609375
2017-04-24,205.13035583496094
2017-04-25,206.32391357421875
2017-04-26,206.19418334960938
2017-04-27,206.36717224121094
2017-04-28,205.91748046875
2017-05-01,206.43638610839844
2017-05-02,206.51419067382812
2017-05-03,206.26333618164062
2017-05-04,206.5055694580078
2017-05-05,207.3185577392578
2017-05-08,207.28396606445312
2017-05-09,207.09368896484375
2017-05-10,207.46559143066406
2017-05-11,207.04180908203125
2017-05-12,206.69583129882812
2017-05-15,207.83755493164062
2017-05-16,207.64727783203125
2017-05-17,203.9626922607422
2017-05-18,204.78439331054688
2017-05-19,206.1163330078125
2017-05-22,207.16287231445312
2017-05-23,207.62132263183594
2017-05-24,208.1056365966797
2017-05-25,209.1002655029297
2017-05-26,209.0570068359375
2017-05-30,208.8754119873047
2017-05-31,208.823486328125
2017-06-01,210.48416137695312
2017-06-02,211.1846466064453
2017-06-05,211.0290069580078
2017-06-06,210.3543701171875
2017-06-07,210.7436065673828
2017-06-08,210.84742736816406
2017-06-09,210.52740478515625
2017-06-12,210.48416137695312
2017-06-13,211.5133819580078
2017-06-14,211.24525451660156
2017-06-15,210.83871459960938
2017-06-16,210.88478088378906
2017-06-19,212.6404571533203
2017-06-20,211.20640563964844
2017-06-21,211.1542205810547
2017-06-22,211.05860900878906
2017-06-23,211.31072998046875
2017-06-26,211.4497528076172
2017-06-27,209.74623107910156
2017-06-28,211.6235809326172
2017-06-29,209.76365661621094
2017-06-30,210.15476989746094
2017-07-03,210.51107788085938
2017-07-05,210.99777221679688
2017-07-06,209.06829833984375
2017-07-07,210.42420959472656
2017-07-10,210.65011596679688
2017-07-11,210.4936981201172
2017-07-12,212.07550048828125
2017-07-13,212.4318389892578
2017-07-14,213.42263793945312
2017-07-17,213.39657592773438
2017-07-18,213.50958251953125
2017-07-19,214.66555786132812
2017-07-20,214.76113891601562
2017-07-21,214.56991577148438
2017-07-24,214.51779174804688
2017-07-25,215.0392608642578
2017-07-26,215.04791259765625
2017-07-27,214.84805297851562
2017-07-28,214.5960235595703
2017-07-31,214.47433471679688
2017-08-01,214.95228576660156
2017-08-02,215.05661010742188
2017-08-03,214.63943481445312
2017-08-04,215.0305633544922
2017-08-07,215.43032836914062
2017-08-08,214.90016174316406
2017-08-09,214.8914794921875
2017-08-10,211.8582000732422
2017-08-11,212.171142578125
2017-08-14,214.27444458007812
2017-08-15,214.24835205078125
2017-08-16,214.6220703125
2017-08-17,211.27590942382812
2017-08-18,210.94561767578125
2017-08-21,211.11077880859375
2017-08-22,213.3184051513672
2017-08-23,212.5535430908203
2017-08-24,212.05812072753906
2017-08-25,212.5535430908203
2017-08-28,212.5622100830078
2017-08-29,212.80560302734375
2017-08-30,213.8137664794922
2017-08-31,215.10006713867188
2017-09-01,215.40426635742188
2017-09-05,213.85723876953125
2017-09-06,214.58729553222656
2017-09-07,214.56118774414062
2017-09-08,214.30917358398438
2017-09-11,216.5950164794922
2017-09-12,217.32505798339844
2017-09-13,217.42935180664062
2017-09-14,217.35980224609375
2017-09-15,217.6523895263672
2017-09-18,218.11537170410156
2017-09-19,218.33367919921875
2017-09-20,218.41224670410156
2017-09-21,217.82711791992188
2017-09-22,217.8707733154297
2017-09-25,217.4253387451172
2017-09-26,217.55633544921875
2017-09-27,218.403564453125
2017-09-28,218.66561889648438
2017-09-29,219.43423461914062
2017-10-02,220.38626098632812
2017-10-03,220.85794067382812
2017-10-04,221.12001037597656
2017-10-05,222.4301300048828
2017-10-06,222.1768035888672
2017-10-09,221.8099822998047
2017-10-10,222.3952178955078
2017-10-11,222.7445831298828
2017-10-12,222.4126434326172
2017-10-13,222.68341064453125
2017-10-16,222.9803924560547
2017-10-17,223.13763427734375
2017-10-18,223.35597229003906
2017-10-19,223.41708374023438
2017-10-20,224.57000732421875
2017-10-23,223.6966094970703
2017-10-24,224.08969116210938
2017-10-25,222.9803924560547
2017-10-26,223.26861572265625
2017-10-27,225.09413146972656
2017-10-30,224.25559997558594
2017-10-31,224.60504150390625
2017-11-01,224.90194702148438
2017-11-02,224.9893035888672
2017-11-03,225.74041748046875
2017-11-06,226.0898895263672
2017-11-07,225.93264770507812
2017-11-08,226.31690979003906
2017-11-09,225.49594116210938
2017-11-10,225.426025390625
2017-11-13,225.63565063476562
2017-11-14,225.11160278320312
2017-11-15,223.98487854003906
2017-11-16,225.88897705078125
2017-11-17,225.2251434326172
2017-11-20,225.60943603515625
2017-11-21,227.08554077148438
2017-11-22,226.88470458984375
2017-11-24,227.40872192382812
2017-11-27,227.29513549804688
2017-11-28,229.60105895996094
2017-11-29,229.46127319335938
2017-11-30,231.4702606201172
2017-12-01,230.98976135253906
2017-12-04,230.71034240722656
2017-12-05,229.88055419921875
2017-12-06,229.92422485351562
2017-12-07,230.64918518066406
2017-12-08,231.90696716308594
2017-12-11,232.60565185546875
2017-12-12,233.0161895751953
2017-12-13,232.9899444580078
2017-12-14,232.0379638671875
2017-12-15,233.9702911376953
2017-12-18,235.45388793945312
2017-12-19,234.5496063232422
2017-12-20,234.42674255371094
2017-12-21,234.9095458984375
2017-12-22,234.8480987548828
2017-12-26,234.5672149658203
2017-12-27,234.6813507080078
2017-12-28,235.1641845703125
2017-12-29,234.27748107910156
2018-01-02,235.9542694091797
2018-01-03,237.44679260253906
2018-01-04,238.447509765625
2018-01-05,240.03652954101562
2018-01-08,240.4755401611328
2018-01-09,241.01988220214844
2018-01-10,240.651123046875
2018-01-11,242.4069061279297
2018-01-12,243.98715209960938
2018-01-16,243.15313720703125
2018-01-17,245.4707489013672
2018-01-18,245.05819702148438
2018-01-19,246.1731414794922
2018-01-22,248.17466735839844
2018-01-23,248.7014923095703
2018-01-24,248.60482788085938
2018-01-25,248.7103271484375
2018-01-26,251.5897979736328
2018-01-29,249.9217071533203
2018-01-30,247.35829162597656
2018-01-31,247.481201171875
2018-02-01,247.20025634765625
2018-02-02,241.81866455078125
2018-02-05,231.70523071289062
2018-02-06,236.2703094482422
2018-02-07,234.9886016845703
2018-02-08,226.17446899414062
2018-02-09,229.5718994140625
2018-02-12,232.94305419921875
2018-02-13,233.52244567871094
2018-02-14,236.6741485595703
2018-02-15,239.69418334960938
2018-02-16,239.7644500732422
2018-02-20,238.26318359375
2018-02-21,237.0779266357422
2018-02-22,237.38531494140625
2018-02-23,241.1690673828125
2018-02-26,243.96958923339844
2018-02-27,240.9232177734375
2018-02-28,238.48268127441406
2018-03-01,235.0149383544922
2018-03-02,236.2264862060547
2018-03-05,238.95668029785156
2018-03-06,239.56248474121094
2018-03-07,239.47467041015625
2018-03-08,240.63356018066406
2018-03-09,244.8211212158203
2018-03-12,244.51390075683594
2018-03-13,242.9336395263672
2018-03-14,241.68698120117188
2018-03-15,241.4236602783203
2018-03-16,241.68531799316406
2018-03-19,238.4154052734375
2018-03-20,238.82086181640625
2018-03-21,238.3624725341797
2018-03-22,232.40406799316406
2018-03-23,227.45045471191406
2018-03-26,233.67327880859375
2018-03-27,229.6980743408203
2018-03-28,229.0194091796875
2018-03-29,231.94569396972656
2018-04-02,226.93930053710938
2018-04-03,229.84791564941406
2018-04-04,232.30711364746094
2018-04-05,234.1405029296875
2018-04-06,228.92250061035156
2018-04-09,230.0506591796875
2018-04-10,233.7085418701172
2018-04-11,232.4834442138672
2018-04-12,234.39608764648438
2018-04-13,233.7085418701172
2018-04-16,235.6300506591797
2018-04-17,238.15084838867188
2018-04-18,238.32723999023438
2018-04-19,237.00509643554688
2018-04-20,234.99542236328125
2018-04-23,234.96017456054688
2018-04-24,231.79592895507812
2018-04-25,232.36875915527344
2018-04-26,234.73097229003906
2018-04-27,234.9513702392578
2018-04-30,233.14451599121094
2018-05-01,233.5587158203125
2018-05-02,231.98976135253906
2018-05-03,231.47853088378906
2018-05-04,234.47543334960938
2018-05-07,235.2686767578125
2018-05-08,235.2686767578125
2018-05-09,237.54275512695312
2018-05-10,239.7639617919922
2018-05-11,240.4955596923828
2018-05-14,240.61013793945312
2018-05-15,238.9530792236328
2018-05-16,239.95777893066406
2018-05-17,239.75506591796875
2018-05-18,239.15577697753906
2018-05-21,240.953857421875
2018-05-22,240.28395080566406
2018-05-23,240.94508361816406
2018-05-24,240.4514923095703
2018-05-25,239.87855529785156
2018-05-29,237.11965942382812
2018-05-30,240.28395080566406
2018-05-31,238.81202697753906
2018-06-01,241.15663146972656
2018-06-04,242.30242919921875
2018-06-05,242.47869873046875
2018-06-06,244.50596618652344
2018-06-07,244.4794158935547
2018-06-08,245.20223999023438
2018-06-11,245.52841186523438
2018-06-12,245.84571838378906
2018-06-13,245.06129455566406
2018-06-14,245.67823791503906
2018-06-15,245.3647918701172
2018-06-18,244.86021423339844
2018-06-19,243.9217071533203
2018-06-20,244.33786010742188
2018-06-21,242.80599975585938
2018-06-22,243.24876403808594
2018-06-25,239.9374542236328
2018-06-26,240.46864318847656
2018-06-27,238.4765625
2018-06-28,239.84010314941406
2018-06-29,240.18539428710938
2018-07-02,240.69891357421875
2018-07-03,239.84896850585938
2018-07-05,241.8056640625
2018-07-06,243.85084533691406
2018-07-09,246.04660034179688
2018-07-10,246.9319305419922
2018-07-11,245.12570190429688
2018-07-12,247.34808349609375
2018-07-13,247.54283142089844
2018-07-16,247.3214569091797
2018-07-17,248.32199096679688
2018-07-18,248.8443603515625
2018-07-19,247.9058380126953
2018-07-20,247.6226043701172
2018-07-23,248.0829315185547
2018-07-24,249.33126831054688
2018-07-25,251.45616149902344
2018-07-26,250.86305236816406
2018-07-27,249.16314697265625
2018-07-30,247.86158752441406
2018-07-31,249.0834197998047
2018-08-01,248.66729736328125
2018-08-02,250.0219268798828
2018-08-03,251.0932159423828
2018-08-06,252.0139923095703
2018-08-07,252.84632873535156
2018-08-08,252.739990234375
2018-08-09,252.39474487304688
2018-08-10,250.7036590576172
2018-08-13,249.76522827148438
2018-08-14,251.35887145996094
2018-08-15,249.4818115234375
2018-08-16,251.50047302246094
2018-08-17,252.3859405517578
2018-08-20,252.926025390625
2018-08-21,253.51919555664062
2018-08-22,253.36863708496094
2018-08-23,253.0321502685547
2018-08-24,254.55508422851562
2018-08-27,256.56488037109375
2018-08-28,256.6887512207031
2018-08-29,258.07000732421875
2018-08-30,257.02520751953125
2018-08-31,257.03411865234375
2018-09-04,256.5914611816406
2018-09-05,255.90086364746094
2018-09-06,255.13059997558594
2018-09-07,254.634765625
2018-09-10,255.077392578125
2018-09-11,255.91854858398438
2018-09-12,255.98045349121094
2018-09-13,257.4944763183594
2018-09-14,257.5386962890625
2018-09-17,256.17529296875
2018-09-18,257.5653076171875
2018-09-19,257.8397216796875
2018-09-20,259.92919921875
2018-09-21,259.69189453125
2018-09-24,258.8291320800781
2018-09-25,258.58905029296875
2018-09-26,257.81524658203125
2018-09-27,258.53558349609375
2018-09-28,258.5622863769531
2018-10-01,259.4605712890625
2018-10-02,259.3094482421875
2018-10-03,259.45166015625
2018-10-04,257.42388916015625
2018-10-05,255.98306274414062
2018-10-08,255.98306274414062
2018-10-09,255.6094970703125
2018-10-10,247.51609802246094
2018-10-11,242.06417846679688
2018-10-12,245.4261932373047
2018-10-15,244.0475311279297
2018-10-16,249.38388061523438
2018-10-17,249.42835998535156
2018-10-18,245.82623291015625
2018-10-19,245.69285583496094
2018-10-22,244.59007263183594
2018-10-23,243.3448486328125
2018-10-24,235.971923828125
2018-10-25,240.20538330078125
2018-10-26,235.98080444335938
2018-10-29,234.67340087890625
2018-10-30,238.15090942382812
2018-10-31,240.69456481933594
2018-11-01,243.25604248046875
2018-11-02,241.81521606445312
2018-11-05,243.1492919921875
2018-11-06,244.6878662109375
2018-11-07,249.92640686035156
2018-11-08,249.47276306152344
2018-11-09,247.03590393066406
2018-11-12,242.419921875
2018-11-13,241.96633911132812
2018-11-14,240.3120880126953
2018-11-15,242.8201446533203
2018-11-16,243.45167541503906
2018-11-19,239.33384704589844
2018-11-20,234.9046173095703
2018-11-21,235.70504760742188
2018-11-23,234.130859375
2018-11-26,237.91075134277344
2018-11-27,238.71119689941406
2018-11-28,244.20758056640625
2018-11-29,243.67398071289062
2018-11-30,245.1592559814453
2018-12-03,248.40550231933594
2018-12-04,240.3566131591797
2018-12-06,239.99191284179688
2018-12-07,234.4154815673828
2018-12-10,234.86024475097656
2018-12-11,234.91355895996094
2018-12-12,236.09637451171875
2018-12-13,236.01632690429688
2018-12-14,231.6583709716797
2018-12-17,227.11366271972656
2018-12-18,226.8645477294922
2018-12-19,223.4670867919922
2018-12-20,219.82957458496094
2018-12-21,215.32533264160156
2018-12-24,209.6358184814453
2018-12-26,220.2276153564453
2018-12-27,221.91839599609375
2018-12-28,221.63214111328125
2018-12-31,223.5733642578125
2019-01-02,223.80599975585938
2019-01-03,218.46530151367188
2019-01-04,225.78298950195312
2019-01-07,227.56320190429688
2019-01-08,229.7012481689453
2019-01-09,230.7747039794922
2019-01-10,231.58885192871094
2019-01-11,231.67825317382812
2019-01-14,230.2648468017578
2019-01-15,232.90380859375
2019-01-16,233.4674835205078
2019-01-17,235.23867797851562
2019-01-18,238.36972045898438
2019-01-22,235.14918518066406
2019-01-23,235.64125061035156
2019-01-24,235.76649475097656
2019-01-25,237.7613983154297
2019-01-28,235.9544219970703
2019-01-29,235.64125061035156
2019-01-30,239.37164306640625
2019-01-31,241.47390747070312
2019-02-01,241.5902099609375
2019-02-04,243.28988647460938
2019-02-05,244.30970764160156
2019-02-06,243.98764038085938
2019-02-07,241.66172790527344
2019-02-08,241.95700073242188
2019-02-11,242.0911407470703
2019-02-12,245.20431518554688
2019-02-13,246.00050354003906
2019-02-14,245.45484924316406
2019-02-15,248.1295166015625
2019-02-19,248.55902099609375
2019-02-20,249.05992126464844
2019-02-21,248.17437744140625
2019-02-22,249.71302795410156
2019-02-25,250.0529327392578
2019-02-26,249.87403869628906
2019-02-27,249.7667236328125
2019-02-28,249.30145263671875
2019-03-01,250.85804748535156
2019-03-04,249.94557189941406
2019-03-05,249.60565185546875
2019-03-06,248.09376525878906
2019-03-07,246.0183868408203
2019-03-08,245.52635192871094
2019-03-11,249.0867462158203
2019-03-12,250.02609252929688
2019-03-13,251.6809844970703
2019-03-14,251.5200653076172
2019-03-15,252.76271057128906
2019-03-18,253.6791534423828
2019-03-19,253.74208068847656
2019-03-20,252.97837829589844
2019-03-21,255.83560180664062
2019-03-22,250.91175842285156
2019-03-25,250.7230682373047
2019-03-26,252.5919189453125
2019-03-27,251.27110290527344
2019-03-28,252.2235870361328
2019-03-29,253.81402587890625
2019-04-01,256.823974609375
2019-04-02,256.94976806640625
2019-04-03,257.3541259765625
2019-04-04,258.0369567871094
2019-04-05,259.2860107421875
2019-04-08,259.4836730957031
2019-04-09,258.15386962890625
2019-04-10,259.034423828125
2019-04-11,258.9624328613281
2019-04-12,260.7145690917969
2019-04-15,260.5438232421875
2019-04-16,260.7145690917969
2019-04-17,260.0766906738281
2019-04-18,260.5887756347656
2019-04-22,260.8133850097656
2019-04-23,263.15863037109375
2019-04-24,262.5745544433594
2019-04-25,262.41278076171875
2019-04-26,263.634765625
2019-04-29,264.048095703125
2019-04-30,264.1828918457031
2019-05-01,262.1971130371094
2019-05-02,261.631103515625
2019-05-03,264.1919250488281
2019-05-06,263.10467529296875
2019-05-07,258.7108154296875
2019-05-08,258.3515625
2019-05-09,257.56976318359375
2019-05-10,258.86358642578125
2019-05-13,252.3583984375
2019-05-14,254.64065551757812
2019-05-15,256.1321716308594
2019-05-16,258.5042724609375
2019-05-17,256.8330078125
2019-05-20,255.13482666015625
2019-05-21,257.4350280761719
2019-05-22,256.6443176269531
2019-05-23,253.50836181640625
2019-05-24,254.08352661132812
2019-05-28,251.72036743164062
2019-05-29,250.03111267089844
2019-05-30,250.71400451660156
2019-05-31,247.33566284179688
2019-06-03,246.7067108154297
2019-06-04,252.0618438720703
2019-06-05,254.24520874023438
2019-06-06,255.8985595703125
2019-06-07,258.4593505859375
2019-06-10,259.64544677734375
2019-06-11,259.58245849609375
2019-06-12,259.124267578125
2019-06-13,260.19342041015625
2019-06-14,259.9058532714844
2019-06-17,260.0047607421875
2019-06-18,262.727294921875
2019-06-19,263.32037353515625
2019-06-20,265.836181640625
2019-06-21,265.44970703125
2019-06-24,265.1247253417969
2019-06-25,262.52435302734375
2019-06-26,262.2625427246094
2019-06-27,263.1924743652344
2019-06-28,264.5468444824219
2019-07-01,266.9484558105469
2019-07-02,267.6437072753906
2019-07-03,269.7835693359375
2019-07-05,269.4766845703125
2019-07-08,267.9958801269531
2019-07-09,268.3299255371094
2019-07-10,269.612060546875
2019-07-11,270.2439880371094
2019-07-12,271.4539794921875
2019-07-15,271.5442199707031
2019-07-16,270.66845703125
2019-07-17,268.8265686035156
2019-07-18,269.8106384277344
2019-07-19,268.3119812011719
2019-07-22,268.97100830078125
2019-07-23,270.89410400390625
2019-07-24,272.1672668457031
2019-07-25,270.8670654296875
2019-07-26,272.68182373046875
2019-07-29,272.185302734375
2019-07-30,271.51708984375
2019-07-31,268.54669189453125
2019-08-01,266.2080993652344
2019-08-02,264.2036437988281
2019-08-05,256.2583312988281
2019-08-06,259.85174560546875
2019-08-07,260.00531005859375
2019-08-08,265.10662841796875
2019-08-09,263.3008728027344
2019-08-12,260.0954895019531
2019-08-13,264.1405029296875
2019-08-14,256.33056640625
2019-08-15,257.0077209472656
2019-08-16,260.79986572265625
2019-08-19,263.9417724609375
2019-08-20,261.9194641113281
2019-08-21,264.0502624511719
2019-08-22,263.968994140625
2019-08-23,257.1882629394531
2019-08-26,260.0324401855469
2019-08-27,259.0121154785156
2019-08-28,260.8359680175781
2019-08-29,264.1676330566406
2019-08-30,264.0502624511719
2019-09-03,262.50628662109375
2019-09-04,265.48583984375
2019-09-05,268.8987731933594
2019-09-06,269.1064147949219
2019-09-09,269.2419128417969
2019-09-10,269.1786804199219
2019-09-11,271.0928039550781
2019-09-12,272.03179931640625
2019-09-13,271.8512268066406
2019-09-16,271.0115661621094
2019-09-17,271.6977233886719
2019-09-18,271.86029052734375
2019-09-19,271.8422546386719
2019-09-20,270.5578308105469
2019-09-23,270.4942321777344
2019-09-24,268.3717346191406
2019-09-25,269.95916748046875
2019-09-26,269.396728515625
2019-09-27,267.9454040527344
2019-09-30,269.1881103515625
2019-10-01,265.9862976074219
2019-10-02,261.2876281738281
2019-10-03,263.4283142089844
2019-10-04,266.99298095703125
2019-10-07,265.841064453125
2019-10-08,261.7140197753906
2019-10-09,264.1993103027344
2019-10-10,265.9862976074219
2019-10-11,268.74371337890625
2019-10-14,268.4443664550781
2019-10-15,271.1020812988281
2019-10-16,270.66668701171875
2019-10-17,271.4648742675781
2019-10-18,270.276611328125
2019-10-21,272.1087951660156
2019-10-22,271.219970703125
2019-10-23,272.00921630859375
2019-10-24,272.4535217285156
2019-10-25,273.56915283203125
2019-10-28,275.1112060546875
2019-10-29,275.0296325683594
2019-10-30,275.8731689453125
2019-10-31,275.1383972167969
2019-11-01,277.68731689453125
2019-11-04,278.8029479980469
2019-11-05,278.4945983886719
2019-11-06,278.5580139160156
2019-11-07,279.5377197265625
2019-11-08,280.2270202636719
2019-11-11,279.69183349609375
2019-11-12,280.2815246582031
2019-11-13,280.37213134765625
2019-11-14,280.7803649902344
2019-11-15,282.81219482421875
2019-11-18,283.020751953125
2019-11-19,282.93914794921875
2019-11-20,281.8869934082031
2019-11-21,281.4334716796875
2019-11-22,282.05938720703125
2019-11-25,284.2453308105469
2019-11-26,284.8893127441406
2019-11-27,286.15924072265625
2019-11-29,285.097900390625
2019-12-02,282.6761779785156
2019-12-03,280.7803649902344
2019-12-04,282.5127868652344
2019-12-05,283.020751953125
2019-12-06,285.60589599609375
2019-12-09,284.7079162597656
2019-12-10,284.3905029296875
2019-12-11,285.1977233886719
2019-12-12,287.6558837890625
2019-12-13,287.8282165527344
2019-12-16,289.8056945800781
2019-12-17,289.8691711425781
2019-12-18,289.88726806640625
2019-12-19,291.0754699707031
2019-12-20,292.3515625
2019-12-23,292.79827880859375
2019-12-24,292.8074035644531
2019-12-26,294.3661193847656
2019-12-27,294.2930908203125
2019-12-30,292.6706237792969
2019-12-31,293.3815612792969
2020-01-02,296.125244140625
2020-01-03,293.88299560546875
2020-01-06,295.00408935546875
2020-01-07,294.17462158203125
2020-01-08,295.742431640625
2020-01-09,297.747802734375
2020-01-10,296.8909606933594
2020-01-13,298.932861328125
2020-01-14,298.4770202636719
2020-01-15,299.1515808105469
2020-01-16,301.6400146484375
2020-01-17,302.5788269042969
2020-01-21,301.986328125
2020-01-22,302.0228576660156
2020-01-23,302.3691711425781
2020-01-24,299.6802062988281
2020-01-27,294.87652587890625
2020-01-28,297.9665222167969
2020-01-29,297.720458984375
2020-01-30,298.68670654296875
2020-01-31,293.2630310058594
2020-02-03,295.44171142578125
2020-02-04,299.944580078125
2020-02-05,303.4083557128906
2020-02-06,304.4292297363281
2020-02-07,302.8067626953125
2020-02-10,305.0672912597656
2020-02-11,305.5960388183594
2020-02-12,307.5649108886719
2020-02-13,307.2366638183594
2020-02-14,307.7289733886719
2020-02-18,306.9358825683594
2020-02-19,308.40350341796875
2020-02-20,307.136474609375
2020-02-21,303.9734802246094
2020-02-24,293.89208984375
2020-02-25,284.9865417480469
2020-02-26,283.938232421875
2020-02-27,271.1861572265625
2020-02-28,270.0467529296875
2020-03-02,281.7414855957031
2020-03-03,273.6745910644531
2020-03-04,285.1779479980469
2020-03-05,275.6981201171875
2020-03-06,271.14056396484375
2020-03-09,249.9659881591797
2020-03-10,262.9005126953125
2020-03-11,250.08448791503906
2020-03-12,226.15711975097656
2020-03-13,245.4904327392578
2020-03-16,218.62794494628906
2020-03-17,230.43209838867188
2020-03-18,218.7646026611328
2020-03-19,219.22952270507812
2020-03-20,209.78201293945312
2020-03-23,204.41824340820312
2020-03-24,222.93917846679688
2020-03-25,226.27664184570312
2020-03-26,239.48890686035156
2020-03-27,232.35556030273438
2020-03-30,239.9014892578125
2020-03-31,236.32562255859375
2020-04-01,225.6898651123047
2020-04-02,230.89773559570312
2020-04-03,227.56024169921875
2020-04-06,242.84461975097656
2020-04-07,243.09225463867188
2020-04-08,251.25244140625
2020-04-09,255.07582092285156
2020-04-13,252.74697875976562
2020-04-14,260.2012023925781
2020-04-15,254.67239379882812
2020-04-16,255.90101623535156
2020-04-17,262.8143005371094
2020-04-20,258.18402099609375
2020-04-21,250.34474182128906
2020-04-22,255.90101623535156
2020-04-23,255.8826904296875
2020-04-24,259.4493408203125
2020-04-27,263.1901550292969
2020-04-28,261.97998046875
2020-04-29,268.83819580078125
2020-04-30,266.3351135253906
2020-05-01,259.28436279296875
2020-05-04,259.99951171875
2020-05-05,262.4016418457031
2020-05-06,260.6229248046875
2020-05-07,263.76788330078125
2020-05-08,268.1321716308594
2020-05-11,268.1872253417969
2020-05-12,262.8418273925781
2020-05-13,258.1932373046875
2020-05-14,261.28314208984375
2020-05-15,262.48419189453125
2020-05-18,270.47943115234375
2020-05-19,267.70123291015625
2020-05-20,272.2489929199219
2020-05-21,270.3694763183594
2020-05-22,270.8828430175781
2020-05-26,274.22027587890625
2020-05-27,278.3004455566406
2020-05-28,277.7869567871094
2020-05-29,279.02471923828125
2020-06-01,280.1524658203125
2020-06-02,282.47216796875
2020-06-03,286.2313537597656
2020-06-04,285.4796142578125
2020-06-05,292.7961730957031
2020-06-08,296.33538818359375
2020-06-09,294.1257629394531
2020-06-10,292.4845275878906
2020-06-11,275.62310791015625
2020-06-12,278.9238586425781
2020-06-15,281.5277099609375
2020-06-16,286.946533203125
2020-06-17,285.754638671875
2020-06-18,285.8645935058594
2020-06-19,284.2309265136719
2020-06-22,286.0543518066406
2020-06-23,287.3712463378906
2020-06-24,280.040771484375
2020-06-25,283.0429992675781
2020-06-26,276.3202819824219
2020-06-29,280.3814697265625
2020-06-30,283.97308349609375
2020-07-01,285.9622497558594
2020-07-02,287.5370178222656
2020-07-06,291.9757995605469
2020-07-07,288.9644775390625
2020-07-08,291.174560546875
2020-07-09,289.51702880859375
2020-07-10,292.4731140136719
2020-07-13,289.94061279296875
2020-07-14,293.6979064941406
2020-07-15,296.396240234375
2020-07-16,295.42010498046875
2020-07-17,296.2765808105469
2020-07-20,298.67083740234375
2020-07-21,299.3063659667969
2020-07-22,301.0099792480469
2020-07-23,297.41845703125
2020-07-24,295.5029602050781
2020-07-27,297.65789794921875
2020-07-28,295.7699890136719
2020-07-29,299.40765380859375
2020-07-30,298.3392639160156
2020-07-31,300.6968688964844
2020-08-03,302.787353515625
2020-08-04,303.9568786621094
2020-08-05,305.8447265625
2020-08-06,307.8892822265625
2020-08-07,308.1103210449219
2020-08-10,309.03118896484375
2020-08-11,306.480224609375
2020-08-12,310.75323486328125
2020-08-13,310.19146728515625
2020-08-14,310.2007141113281
2020-08-17,311.1861877441406
2020-08-18,311.8583984375
2020-08-19,310.5599365234375
2020-08-20,311.52685546875
2020-08-21,312.63189697265625
2020-08-24,315.7999267578125
2020-08-25,316.90496826171875
2020-08-26,320.0821228027344
2020-08-27,320.78192138671875
2020-08-28,322.85406494140625
2020-08-31,321.68450927734375
2020-09-01,324.71429443359375
2020-09-02,329.4109802246094
2020-09-03,318.0745544433594
2020-09-04,315.4776306152344
2020-09-08,306.8577880859375
2020-09-09,312.9174499511719
2020-09-10,307.4840393066406
2020-09-11,307.6405334472656
2020-09-14,311.6925964355469
2020-09-15,313.2673034667969
2020-09-16,312.0242004394531
2020-09-17,309.2798156738281
2020-09-18,305.71917724609375
2020-09-21,302.3166198730469
2020-09-22,305.3955993652344
2020-09-23,298.31304931640625
2020-09-24,299.10833740234375
2020-09-25,303.94390869140625
2020-09-28,308.99224853515625
2020-09-29,307.3094482421875
2020-09-30,309.6395263671875
2020-10-01,311.62738037109375
2020-10-02,308.6686096191406
2020-10-05,314.142333984375
2020-10-06,309.67645263671875
2020-10-07,315.06689453125
2020-10-08,317.859130859375
2020-10-09,320.69769287109375
2020-10-12,325.8569641113281
2020-10-13,323.73046875
2020-10-14,321.6962585449219
2020-10-15,321.29864501953125
2020-10-16,321.1045227050781
2020-10-19,316.2226257324219
2020-10-20,317.4893798828125
2020-10-21,316.8883361816406
2020-10-22,318.6265869140625
2020-10-23,319.70843505859375
2020-10-26,313.8002014160156
2020-10-27,312.7184143066406
2020-10-28,302.0299072265625
2020-10-29,305.0997009277344
2020-10-30,301.91900634765625
2020-11-02,305.30303955078125
2020-11-03,310.69354248046875
2020-11-04,317.6372985839844
2020-11-05,323.8320617675781
2020-11-06,323.7581481933594
2020-11-09,327.8263244628906
2020-11-10,327.3456115722656
2020-11-11,329.7773742675781
2020-11-12,326.5781555175781
2020-11-13,331.0994567871094
2020-11-16,335.2324523925781
2020-11-17,333.429443359375
2020-11-18,329.416748046875
2020-11-19,330.80364990234375
2020-11-20,328.5383605957031
2020-11-23,330.5076904296875
2020-11-24,335.8334045410156
2020-11-25,335.315673828125
2020-11-27,336.24951171875
2020-11-30,334.7608642578125
2020-12-01,338.4222717285156
2020-12-02,339.1341857910156
2020-12-03,339.0417175292969
2020-12-04,341.9634704589844
2020-12-07,341.2608642578125
2020-12-08,342.2593688964844
2020-12-09,339.18975830078125
2020-12-10,339.0787048339844
2020-12-11,338.6811828613281
2020-12-14,337.164794921875
2020-12-15,341.72308349609375
2020-12-16,342.2593688964844
2020-12-17,344.17333984375
2020-12-18,342.7990417480469
2020-12-21,341.5733337402344
2020-12-22,340.9976806640625
2020-12-23,341.30413818359375
2020-12-24,342.6319580078125
2020-12-28,345.5754089355469
2020-12-29,344.9161071777344
2020-12-30,345.4082336425781
2020-12-31,347.1632385253906
2021-01-04,342.4368896484375
2021-01-05,344.7953796386719
2021-01-06,346.85675048828125
2021-01-07,352.01019287109375
2021-01-08,354.0158996582031
2021-01-11,351.6295471191406
2021-01-12,351.7037048339844
2021-01-13,352.65087890625
2021-01-14,351.4158630371094
2021-01-15,348.8532409667969
2021-01-19,351.59234619140625
2021-01-20,356.45794677734375
2021-01-21,356.7828674316406
2021-01-22,355.52008056640625
2021-01-25,356.9222106933594
2021-01-26,356.3649597167969
2021-01-27,347.6553955078125
2021-01-28,350.6452941894531
2021-01-29,343.62548828125
2021-02-01,349.34527587890625
2021-02-02,354.28509521484375
2021-02-03,354.5636901855469
2021-02-04,358.5935974121094
2021-02-05,360.0049133300781
2021-02-08,362.6048583984375
2021-02-09,362.36334228515625
2021-02-10,362.20556640625
2021-02-11,362.7905578613281
2021-02-12,364.5826416015625
2021-02-16,364.26690673828125
2021-02-17,364.3505859375
2021-02-18,362.7998046875
2021-02-19,362.1591796875
2021-02-22,359.3735046386719
2021-02-23,359.8099670410156
2021-02-24,363.7747497558594
2021-02-25,355.0093688964844
2021-02-26,353.18011474609375
2021-03-01,361.7413024902344
2021-03-02,358.9186096191406
2021-03-03,354.1644592285156
2021-03-04,349.78167724609375
2021-03-05,356.21649169921875
2021-03-08,354.4429931640625
2021-03-09,359.5035095214844
2021-03-10,361.7413024902344
2021-03-11,365.4090881347656
2021-03-12,365.90118408203125
2021-03-15,368.0832824707031
2021-03-16,367.6189270019531
2021-03-17,368.8725891113281
2021-03-18,363.5054931640625
2021-03-19,362.8329772949219
2021-03-22,365.73016357421875
2021-03-23,362.85162353515625
2021-03-24,361.0069885253906
2021-03-25,363.03790283203125
2021-03-26,368.8882141113281
2021-03-29,368.701904296875
2021-03-30,367.72369384765625
2021-03-31,369.2142639160156
2021-04-01,373.201416015625
2021-04-05,378.55810546875
2021-04-06,378.33441162109375
2021-04-07,378.7723693847656
2021-04-08,380.5702819824219
2021-04-09,383.3370666503906
2021-04-12,383.4768981933594
2021-04-13,384.6133117675781
2021-04-14,383.2998046875
2021-04-15,387.41741943359375
2021-04-16,388.71234130859375
2021-04-19,386.8025207519531
2021-04-20,383.97064208984375
2021-04-21,387.60369873046875
2021-04-22,384.06365966796875
2021-04-23,388.22796630859375
2021-04-26,389.0382995605469
2021-04-27,388.9544982910156
2021-04-28,388.8426513671875
2021-04-29,391.32073974609375
2021-04-30,388.74957275390625
2021-05-03,389.5880126953125
2021-05-04,387.18450927734375
2021-05-05,387.3056640625
2021-05-06,390.39849853515625
2021-05-07,393.2398986816406
2021-05-10,389.3458251953125
2021-05-11,385.8709716796875
2021-05-12,377.67303466796875
2021-05-13,382.20989990234375
2021-05-14,388.07879638671875
2021-05-17,387.09136962890625
2021-05-18,383.75628662109375
2021-05-19,382.7501220703125
2021-05-20,386.8677978515625
2021-05-21,386.551025390625
2021-05-24,390.4916687011719
2021-05-25,389.625244140625
2021-05-26,390.39849853515625
2021-05-27,390.60345458984375
2021-05-28,391.3021240234375
2021-06-01,390.95745849609375
2021-06-02,391.572265625
2021-06-03,390.1189880371094
2021-06-04,393.68695068359375
2021-06-07,393.30499267578125
2021-06-08,393.388916015625
2021-06-09,392.8020324707031
2021-06-10,394.6278076171875
2021-06-11,395.2799987792969
2021-06-14,396.1649475097656
2021-06-15,395.4383544921875
2021-06-16,393.23052978515625
2021-06-17,393.10009765625
2021-06-18,387.7969665527344
2021-06-21,393.3486328125
2021-06-22,395.4516296386719
2021-06-23,394.9749450683594
2021-06-24,397.31146240234375
2021-06-25,398.7228088378906
2021-06-28,399.526611328125
2021-06-29,399.7415466308594
2021-06-30,400.07806396484375
2021-07-01,402.2930603027344
2021-07-02,405.3680419921875
2021-07-06,404.6296691894531
2021-07-07,406.0596618652344
2021-07-08,402.7511291503906
2021-07-09,407.05035400390625
2021-07-12,408.50836181640625
2021-07-13,407.1158142089844
2021-07-14,407.7232971191406
2021-07-15,406.3307189941406
2021-07-16,403.14361572265625
2021-07-19,397.19000244140625
2021-07-20,402.8819580078125
2021-07-21,406.1437072753906
2021-07-22,406.9942932128906
2021-07-23,411.1814880371094
2021-07-26,412.1908874511719
2021-07-27,410.3122253417969
2021-07-28,410.1440124511719
2021-07-29,411.844970703125
2021-07-30,409.8449401855469
2021-08-02,408.9850158691406
2021-08-03,412.3123779296875
2021-08-04,410.2841796875
2021-08-05,412.8824768066406
2021-08-06,413.56475830078125
2021-08-09,413.2283020019531
2021-08-10,413.74237060546875
2021-08-11,414.77044677734375
2021-08-12,416.013427734375
2021-08-13,416.7705993652344
2021-08-16,417.7519226074219
2021-08-17,415.013427734375
2021-08-18,410.47113037109375
2021-08-19,411.106689453125
2021-08-20,414.3779296875
2021-08-23,418.0229187011719
2021-08-24,418.6864929199219
2021-08-25,419.56500244140625
2021-08-26,417.0883483886719
2021-08-27,420.8174743652344
2021-08-30,422.6680603027344
2021-08-31,422.0419006347656
2021-09-01,422.26611328125
2021-09-02,423.5653381347656
2021-09-03,423.4624938964844
2021-09-07,421.9483947753906
2021-09-08,421.43438720703125
2021-09-09,419.63055419921875
2021-09-10,416.32183837890625
2021-09-13,417.38739013671875
2021-09-14,415.13494873046875
2021-09-15,418.6024475097656
2021-09-16,417.93878173828125
2021-09-17,413.8677062988281
2021-09-20,406.9667663574219
2021-09-21,406.58233642578125
2021-09-22,410.5484619140625
2021-09-23,415.53668212890625
2021-09-24,416.2211608886719
2021-09-27,415.0303039550781
2021-09-28,406.66668701171875
2021-09-29,407.3511962890625
2021-09-30,402.3724365234375
2021-10-01,407.15423583984375
2021-10-04,401.9035339355469
2021-10-05,406.0853576660156
2021-10-06,407.7730712890625
2021-10-07,411.29852294921875
2021-10-08,410.5484619140625
2021-10-11,407.576171875
2021-10-12,406.57293701171875
2021-10-13,408.03564453125
2021-10-14,414.8990783691406
2021-10-15,418.0588073730469
2021-10-18,419.2965087890625
2021-10-19,422.5313415527344
2021-10-20,424.1909484863281
2021-10-21,425.29730224609375
2021-10-22,424.8566589355469
2021-10-25,427.13507080078125
2021-10-26,427.5195007324219
2021-10-27,425.6255187988281
2021-10-28,429.7322998046875
2021-10-29,430.604248046875
2021-11-01,431.344970703125
2021-11-02,433.0889587402344
2021-11-03,435.7331237792969
2021-11-04,437.7865295410156
2021-11-05,439.30548095703125
2021-11-08,439.6805114746094
2021-11-09,438.22723388671875
2021-11-10,434.7016906738281
2021-11-11,434.8423156738281
2021-11-12,438.1239929199219
2021-11-15,438.2740478515625
2021-11-16,440.0085754394531
2021-11-17,438.9397888183594
2021-11-18,440.4306335449219
2021-11-19,439.6429748535156
2021-11-22,438.4053039550781
2021-11-23,438.9866943359375
2021-11-24,440.1586608886719
2021-11-26,430.3417053222656
2021-11-29,435.6205749511719
2021-11-30,427.1444091796875
2021-12-01,422.40008544921875
2021-12-02,428.86962890625
2021-12-03,425.1379699707031
2021-12-06,430.1729736328125
2021-12-07,439.0710144042969
2021-12-08,440.2337341308594
2021-12-09,437.2613830566406
2021-12-10,441.3775939941406
2021-12-13,437.4676513671875
2021-12-14,434.4579772949219
2021-12-15,441.24627685546875
2021-12-16,437.3551330566406
2021-12-17,432.700439453125
2021-12-20,428.0993957519531
2021-12-21,435.7020263671875
2021-12-22,440.0584411621094
2021-12-23,442.7965087890625
2021-12-27,449.06304931640625
2021-12-28,448.696044921875
2021-12-29,449.27001953125
2021-12-30,448.0280456542969
2021-12-31,446.8989562988281
2022-01-03,449.48638916015625
2022-01-04,449.33587646484375
2022-01-05,440.7076721191406
2022-01-06,440.2937316894531
2022-01-07,438.5530090332031
2022-01-10,438.0073547363281
2022-01-11,441.99676513671875
2022-01-12,443.1916809082031
2022-01-13,437.08514404296875
2022-01-14,437.2638854980469
2022-01-18,429.5201110839844
2022-01-19,425.0601501464844
2022-01-20,420.3556213378906
2022-01-21,412.1037292480469
2022-01-24,413.8537902832031
2022-01-25,408.8011779785156
2022-01-26,407.7755126953125
2022-01-27,405.7619323730469
2022-01-28,415.83917236328125
2022-01-31,423.32891845703125
2022-02-01,426.18927001953125
2022-02-02,430.32940673828125
2022-02-03,420.2145080566406
2022-02-04,422.1903991699219
2022-02-07,420.8354797363281
2022-02-08,424.2980651855469
2022-02-09,430.5080871582031
2022-02-10,422.7737731933594
2022-02-11,414.4372863769531
2022-02-14,413.0822448730469
2022-02-15,419.74395751953125
2022-02-16,420.2145080566406
2022-02-17,411.23809814453125
2022-02-18,408.5753479003906
2022-02-22,404.190673828125
2022-02-23,397.02081298828125
2022-02-24,402.9956359863281
2022-02-25,411.8873291015625
2022-02-28,410.83349609375
2022-03-01,404.57647705078125
2022-03-02,412.01910400390625
2022-03-03,409.9678955078125
2022-03-04,406.6369934082031
2022-03-07,394.64971923828125
2022-03-08,391.65753173828125
2022-03-09,402.15826416015625
2022-03-10,400.3421936035156
2022-03-11,395.2518615722656
2022-03-14,392.3633117675781
2022-03-15,400.99151611328125
2022-03-16,409.8831481933594
2022-03-17,415.01116943359375
2022-03-18,419.5566711425781
2022-03-21,419.43402099609375
2022-03-22,424.342041015625
2022-03-23,418.8771667480469
2022-03-24,425.1913757324219
2022-03-25,427.26788330078125
2022-03-28,430.30712890625
2022-03-29,435.63031005859375
2022-03-30,432.9404296875
2022-03-31,426.2768249511719
2022-04-01,427.4849853515625
2022-04-04,431.1470947265625
2022-04-05,425.7011413574219
2022-04-06,421.4443664550781
2022-04-07,423.5680847167969
2022-04-08,422.4353942871094
2022-04-11,415.2150573730469
2022-04-12,413.6765441894531
2022-04-13,418.4146423339844
2022-04-14,413.2047119140625
2022-04-18,413.3746032714844
2022-04-19,420.0475158691406
2022-04-20,419.7360534667969
2022-04-21,413.45953369140625
2022-04-22,402.1144714355469
2022-04-25,404.44580078125
2022-04-26,392.7326965332031
2022-04-27,393.83697509765625
2022-04-28,403.7850646972656
2022-04-29,388.8630065917969
2022-05-02,391.2037353515625
2022-05-03,392.99700927734375
2022-05-04,404.9649658203125
2022-05-05,390.5713195800781
2022-05-06,388.24005126953125
2022-05-09,375.8096618652344
2022-05-10,376.677978515625
2022-05-11,370.6940002441406
2022-05-12,370.3070373535156
2022-05-13,379.1603088378906
2022-05-16,377.6217956542969
2022-05-17,385.38970947265625
2022-05-18,369.8540344238281
2022-05-19,367.5887451171875
2022-05-20,367.74920654296875
2022-05-23,374.62994384765625
2022-05-24,371.76995849609375
2022-05-25,375.0545349121094
2022-05-26,382.54864501953125
2022-05-27,391.9399108886719
2022-05-31,389.7407531738281
2022-06-01,386.5882873535156
2022-06-02,393.9503173828125
2022-06-03,387.4849853515625
2022-06-06,388.66473388671875
2022-06-07,392.3929443359375
2022-06-08,388.126708984375
2022-06-09,378.8959655761719
2022-06-10,367.9096374511719
2022-06-13,353.9407958984375
2022-06-14,352.87432861328125
2022-06-15,357.905029296875
2022-06-16,346.0597229003906
2022-06-17,346.80572509765625
2022-06-21,355.5361022949219
2022-06-22,354.8915710449219
2022-06-23,358.3703918457031
2022-06-24,369.76434326171875
2022-06-27,368.3519287109375
2022-06-28,360.82550048828125
2022-06-29,360.53167724609375
2022-06-30,357.6025390625
2022-07-01,361.38470458984375
2022-07-05,362.0672302246094
2022-07-06,363.2900085449219
2022-07-07,368.73114013671875
2022-07-08,368.42779541015625
2022-07-11,364.2190246582031
2022-07-12,360.9961242675781
2022-07-13,359.10028076171875
2022-07-14,358.22821044921875
2022-07-15,365.0721740722656
2022-07-18,362.0577697753906
2022-07-19,371.8403015136719
2022-07-20,374.2101135253906
2022-07-21,378.02069091796875
2022-07-22,374.513427734375
2022-07-25,374.9684143066406
2022-07-26,370.5321960449219
2022-07-27,380.1535339355469
2022-07-28,384.9216003417969
2022-07-29,390.53326416015625
2022-08-01,389.37677001953125
2022-08-02,386.8079833984375
2022-08-03,392.8651428222656
2022-08-04,392.59979248046875
2022-08-05,391.93609619140625
2022-08-08,391.4812316894531
2022-08-09,389.9266052246094
2022-08-10,398.1165771484375
2022-08-11,398.1165771484375
2022-08-12,404.85638427734375
2022-08-15,406.5246276855469
2022-08-16,407.3208923339844
2022-08-17,404.42974853515625
2022-08-18,405.6052551269531
2022-08-19,400.1546325683594
2022-08-22,391.8224792480469
2022-08-23,390.8745422363281
2022-08-24,392.1258239746094
2022-08-25,397.6615905761719
2022-08-26,384.2011413574219
2022-08-29,381.6607971191406
2022-08-30,377.470947265625
2022-08-31,374.59869384765625
2022-09-01,375.774169921875
2022-09-02,371.8118591308594
2022-09-06,370.4089660644531
2022-09-07,377.0633239746094
2022-09-08,379.528076171875
2022-09-09,385.4239807128906
2022-09-12,389.56640625
2022-09-13,372.62713623046875
2022-09-14,374.0489807128906
2022-09-15,369.8022766113281
2022-09-16,366.9810485839844
2022-09-19,369.82696533203125
2022-09-20,365.5819396972656
2022-09-21,359.2048034667969
2022-09-22,356.18756103515625
2022-09-23,350.2196960449219
2022-09-26,346.7550354003906
2022-09-27,345.86981201171875
2022-09-28,352.67535400390625
2022-09-29,345.3083801269531
2022-09-30,339.9685974121094
2022-10-03,348.9442138671875
2022-10-04,359.75677490234375
2022-10-05,358.91925048828125
2022-10-06,355.2167053222656
2022-10-07,345.3083801269531
2022-10-10,342.6717529296875
2022-10-11,340.5016174316406
2022-10-12,339.3785705566406
2022-10-13,348.3350830078125
2022-10-14,340.39697265625
2022-10-17,349.1441345214844
2022-10-18,353.24639892578125
2022-10-19,350.7431335449219
2022-10-20,347.8020935058594
2022-10-21,356.254150390625
2022-10-24,360.6134338378906
2022-10-25,366.3719482421875
2022-10-26,363.6116943359375
2022-10-27,361.66998291015625
2022-10-28,370.27435302734375
2022-10-31,367.59979248046875
2022-11-01,365.9912109375
2022-11-02,356.8062438964844
2022-11-03,353.13226318359375
2022-11-04,358.2148742675781
2022-11-07,361.6414489746094
2022-11-08,363.5926513671875
2022-11-09,356.1018981933594
2022-11-10,375.67120361328125
2022-11-11,379.3070373535156
2022-11-14,376.0804138183594
2022-11-15,379.28802490234375
2022-11-16,376.39453125
2022-11-17,375.24285888671875
2022-11-18,376.9466247558594
2022-11-21,375.575927734375
2022-11-22,380.63006591796875
2022-11-23,383.0286560058594
2022-11-25,382.9429931640625
2022-11-28,376.8323974609375
2022-11-29,376.1851806640625
2022-11-30,388.0351867675781
2022-12-01,387.7496337890625
2022-12-02,387.3023376464844
2022-12-05,380.33502197265625
2022-12-06,374.8525085449219
2022-12-07,374.21484375
2022-12-08,377.1464538574219
2022-12-09,374.3291320800781
2022-12-12,379.72589111328125
2022-12-13,382.6003112792969
2022-12-14,380.1542053222656
2022-12-15,370.8549499511719
2022-12-16,366.4765625
2022-12-19,363.3690185546875
2022-12-20,363.86627197265625
2022-12-21,369.3070068359375
2022-12-22,364.03839111328125
2022-12-23,366.1324462890625
2022-12-27,364.68853759765625
2022-12-28,360.15625
2022-12-29,366.63916015625
2022-12-30,365.67340087890625
2023-01-03,364.13397216796875
2023-01-04,366.9451904296875
2023-01-05,362.7571105957031
2023-01-06,371.0758361816406
2023-01-09,370.865478515625
2023-01-10,373.4662780761719
2023-01-11,378.1898498535156
2023-01-12,379.5667724609375
2023-01-13,381.03924560546875
2023-01-17,380.34124755859375
2023-01-18,374.3364562988281
2023-01-19,371.6112976074219
2023-01-20,378.5340576171875
2023-01-23,383.07598876953125
2023-01-24,382.6648254394531
2023-01-25,382.8082275390625
2023-01-26,387.01544189453125
2023-01-27,387.9046630859375
2023-01-30,383.0377197265625
2023-01-31,388.6696472167969
2023-02-01,392.8003234863281
2023-02-02,398.518310546875
2023-02-03,394.282470703125
2023-02-06,391.87286376953125
2023-02-07,396.99798583984375
2023-02-08,392.6569519042969
2023-02-09,389.2529296875
2023-02-10,390.1612854003906
2023-02-13,394.7413635253906
2023-02-14,394.5596923828125
2023-02-15,395.8409729003906
2023-02-16,390.39068603515625
2023-02-17,389.41546630859375
2023-02-21,381.60345458984375
2023-02-22,381.07757568359375
2023-02-23,383.1046447753906
2023-02-24,379.01214599609375
2023-02-27,380.30303955078125
2023-02-28,378.8974914550781
2023-03-01,377.44403076171875
2023-03-02,380.3795166015625
2023-03-03,386.47998046875
2023-03-06,386.74774169921875
2023-03-07,380.8193359375
2023-03-08,381.4408874511719
2023-03-09,374.40338134765625
2023-03-10,369.0009460449219
2023-03-13,368.47503662109375
2023-03-14,374.56591796875
2023-03-15,372.2232666015625
2023-03-16,378.7539978027344
2023-03-17,374.3253173828125
2023-03-20,377.92474365234375
2023-03-21,382.8870849609375
2023-03-22,376.360107421875
2023-03-23,377.37762451171875
2023-03-24,379.8539733886719
2023-03-27,380.5641784667969
2023-03-28,379.71002197265625
2023-03-29,385.22906494140625
2023-03-30,387.4847106933594
2023-03-31,392.9461364746094
2023-04-03,394.4434509277344
2023-04-04,392.2550964355469
2023-04-05,391.22802734375
2023-04-06,392.7541198730469
2023-04-10,393.1572265625
2023-04-11,393.2629089355469
2023-04-12,391.6599426269531
2023-04-13,396.8621520996094
2023-04-14,395.8927917480469
2023-04-17,397.3133850097656
2023-04-18,397.572509765625
2023-04-19,397.50531005859375
2023-04-20,395.3360900878906
2023-04-21,395.6432189941406
2023-04-24,396.0559997558594
2023-04-25,389.7690734863281
2023-04-26,388.1181640625
2023-04-27,395.8448181152344
2023-04-28,399.2234191894531
2023-05-01,398.8203125
2023-05-02,394.3378601074219
2023-05-03,391.631103515625
2023-05-04,388.85723876953125
2023-05-05,396.0559997558594
2023-05-08,396.1615295410156
2023-05-09,394.4242248535156
2023-05-10,396.2671813964844
2023-05-11,395.5760192871094
2023-05-12,395.0577392578125
2023-05-15,396.42071533203125
2023-05-16,393.7715759277344
2023-05-17,398.551513671875
2023-05-18,402.390869140625
2023-05-19,401.8053894042969
2023-05-22,401.9685974121094
2023-05-23,397.4573059082031
2023-05-24,394.5778503417969
2023-05-25,397.9947509765625
2023-05-26,403.1491394042969
2023-05-30,403.30267333984375
2023-05-31,401.0662841796875
2023-06-01,404.8768310546875
2023-06-02,410.7318115234375
2023-06-05,409.94476318359375
2023-06-06,410.8373718261719
2023-06-07,409.4168395996094
2023-06-08,411.8931884765625
2023-06-09,412.6322937011719
2023-06-12,416.37567138671875
2023-06-13,419.12078857421875
2023-06-14,419.619873046875
2023-06-15,424.82220458984375
2023-06-16,423.3751220703125
2023-06-20,421.1785888671875
2023-06-21,419.0205993652344
2023-06-22,420.53314208984375
2023-06-23,417.3539123535156
2023-06-26,415.648681640625
2023-06-27,420.2055969238281
2023-06-28,420.41748046875
2023-06-29,422.0745544433594
2023-06-30,427.0552978515625
2023-07-03,427.5466613769531
2023-07-05,426.9107971191406
2023-07-06,423.5678405761719
2023-07-07,422.4984130859375
2023-07-10,423.5678405761719
2023-07-11,426.26531982421875
2023-07-12,429.6950378417969
2023-07-13,433.10546875
2023-07-14,432.83575439453125
2023-07-17,434.3386535644531
2023-07-18,437.5660400390625
2023-07-19,438.5390625
2023-07-20,435.629638671875
2023-07-21,435.629638671875
2023-07-24,437.5756530761719
2023-07-25,438.77020263671875
2023-07-26,438.8377380371094
2023-07-27,435.92822265625
2023-07-28,440.1961364746094
2023-07-31,441.0342712402344
2023-08-01,439.772216796875
2023-08-02,433.6546325683594
2023-08-03,432.4118347167969
2023-08-04,430.45611572265625
2023-08-07,434.21337890625
2023-08-08,432.3251037597656
2023-08-09,429.4349060058594
2023-08-10,429.5890808105469
2023-08-11,429.338623046875
2023-08-14,431.7085876464844
2023-08-15,426.67962646484375
2023-08-16,423.548583984375
2023-08-17,420.3211975097656
2023-08-18,420.52349853515625
2023-08-21,423.259521484375
2023-08-22,422.1130676269531
2023-08-23,426.8144836425781
2023-08-24,420.899169921875
2023-08-25,423.8664855957031
2023-08-28,426.5543518066406
2023-08-29,432.7200622558594
2023-08-30,434.50244140625
2023-08-31,433.8666076660156
2023-09-01,434.67578125
2023-09-05,432.7971496582031
2023-09-06,429.8877258300781
2023-09-07,428.56787109375
2023-09-08,429.21331787109375
2023-09-11,432.0361328125
2023-09-12,429.6661071777344
2023-09-13,430.1671142578125
2023-09-14,433.876220703125
2023-09-15,428.6487121582031
2023-09-18,428.90008544921875
2023-09-19,428.0106201171875
2023-09-20,424.07574462890625
2023-09-21,417.0664978027344
2023-09-22,416.1287536621094
2023-09-25,417.8786315917969
2023-09-26,411.73944091796875
2023-09-27,411.90374755859375
2023-09-28,414.2917785644531
2023-09-29,413.2863464355469
2023-10-02,413.12200927734375
2023-10-03,407.5919189453125
2023-10-04,410.5599060058594
2023-10-05,410.4052429199219
2023-10-06,415.2779235839844
2023-10-09,417.9366455078125
2023-10-10,420.11187744140625
2023-10-11,421.8327941894531
2023-10-12,419.2611083984375
2023-10-13,417.1728515625
2023-10-16,421.56207275390625
2023-10-17,421.542724609375
2023-10-18,415.9256591796875
2023-10-19,412.2711486816406
2023-10-20,407.2051696777344
2023-10-23,406.4993896484375
2023-10-24,409.5641784667969
2023-10-25,403.6860656738281
2023-10-26,398.8520202636719
2023-10-27,397.0440979003906
2023-10-30,401.7911071777344
2023-10-31,404.314453125
2023-11-01,408.6263427734375
2023-11-02,416.4574279785156
2023-11-03,420.2569580078125
2023-11-06,421.22369384765625
2023-11-07,422.4225158691406
2023-11-08,422.7319641113281
2023-11-09,419.43511962890625
2023-11-10,425.98028564453125
2023-11-13,425.57427978515625
2023-11-14,433.8307189941406
2023-11-15,434.7491760253906
2023-11-16,435.28094482421875
2023-11-17,435.8223571777344
2023-11-20,439.1771240234375
2023-11-21,438.219970703125
2023-11-22,439.911865234375
2023-11-24,440.18255615234375
2023-11-27,439.38983154296875
2023-11-28,439.82489013671875
2023-11-29,439.5154724121094
2023-11-30,441.2460632324219
2023-12-01,443.85650634765625
2023-12-04,441.5264587402344
2023-12-05,441.4394226074219
2023-12-06,439.6605529785156
2023-12-07,443.01531982421875
2023-12-08,444.919921875
2023-12-11,446.6505126953125
2023-12-12,448.6903991699219
2023-12-13,454.87786865234375
2023-12-14,456.33782958984375
2023-12-15,455.58642578125
2023-12-18,458.149169921875
2023-12-19,460.93505859375
2023-12-20,454.54779052734375
2023-12-21,458.8577575683594
2023-12-22,459.7799072265625
2023-12-26,461.7213439941406
2023-12-27,462.55621337890625
2023-12-28,462.7309265136719
2023-12-29,461.39129638671875
2024-01-02,458.8091735839844
2024-01-03,455.0622253417969
2024-01-04,453.5964660644531
2024-01-05,454.2177734375
2024-01-08,460.70208740234375
2024-01-09,460.00323486328125
2024-01-10,462.6047058105469
2024-01-11,462.4009094238281
2024-01-12,462.7212219238281
2024-01-16,461.0224304199219
2024-01-17,458.4597473144531
2024-01-18,462.5367736816406
2024-01-19,468.3028564453125
2024-01-22,469.2929382324219
2024-01-23,470.6616516113281
2024-01-24,471.1761779785156
2024-01-25,473.73883056640625
2024-01-26,473.13702392578125
2024-01-29,476.8839111328125
2024-01-30,476.51507568359375
2024-01-31,468.7396545410156
2024-02-01,474.8746032714844
2024-02-02,479.873779296875
2024-02-05,478.12646484375
2024-02-06,479.5146179199219
2024-02-07,483.5140075683594
2024-02-08,483.72747802734375
2024-02-09,486.5232238769531
2024-02-12,486.3096618652344
2024-02-13,479.6116638183594
2024-02-14,483.9701843261719
2024-02-15,487.3094787597656
2024-02-16,484.8826904296875
2024-02-20,482.21319580078125
2024-02-21,482.6499938964844
2024-02-22,492.638671875
2024-02-23,492.97845458984375
2024-02-26,491.1728820800781
2024-02-27,492.08538818359375
2024-02-28,491.43499755859375
2024-02-29,493.20166015625
2024-03-01,497.83197021484375
2024-03-04,497.2981262207031
2024-03-05,492.32806396484375
2024-03-06,494.82281494140625
2024-03-07,499.7345886230469
2024-03-08,496.735107421875
2024-03-11,496.3080139160156
2024-03-12,501.64697265625
2024-03-13,500.8606262207031
2024-03-14,499.87054443359375
2024-03-15,496.4381103515625
2024-03-18,499.3885803222656
2024-03-19,502.1636962890625
2024-03-20,506.808349609375
2024-03-21,508.483154296875
2024-03-22,507.519287109375
2024-03-25,506.1170654296875
2024-03-26,505.18231201171875
2024-03-27,509.4276428222656
2024-03-28,509.330322265625
2024-04-01,508.4442443847656
2024-04-02,505.2114562988281
2024-04-03,505.7664794921875
2024-04-04,499.5930480957031
2024-04-05,504.8122863769531
2024-04-08,505.09466552734375
2024-04-09,505.6788330078125
2024-04-10,500.615478515625
2024-04-11,504.3935546875
2024-04-12,497.4313659667969
2024-04-15,491.1994323730469
2024-04-16,490.3036193847656
2024-04-17,487.4018859863281
2024-04-18,486.39892578125
2024-04-19,482.1534729003906
2024-04-22,486.59368896484375
2024-04-23,492.3679504394531
2024-04-24,492.1342468261719
2024-04-25,490.2646789550781
2024-04-26,494.9093933105469
2024-04-29,496.6620788574219
2024-04-30,488.7943420410156
2024-05-01,487.2071533203125
2024-05-02,491.76422119140625
2024-05-03,497.8598327636719
2024-05-06,503.0011291503906
2024-05-07,503.55609130859375
2024-05-08,503.6048278808594
2024-05-09,506.506591796875
2024-05-10,507.1589660644531
2024-05-13,507.22698974609375
2024-05-14,509.5543212890625
2024-05-15,515.8640747070312
2024-05-16,514.8027954101562
2024-05-17,515.5428466796875
2024-05-20,516.1367797851562
2024-05-21,517.402587890625
2024-05-22,515.912841796875
2024-05-23,512.1444702148438
2024-05-24,515.532958984375
2024-05-28,515.8933715820312
2024-05-29,512.2808227539062
2024-05-30,508.88238525390625
2024-05-31,513.517333984375
2024-06-03,513.9360961914062
2024-06-04,514.5105590820312
2024-06-05,520.6256103515625
2024-06-06,520.6159057617188
2024-06-07,519.9830322265625
2024-06-10,521.5895385742188
2024-06-11,522.8458251953125
2024-06-12,527.139892578125
2024-06-13,528.2013549804688
2024-06-14,528.5225830078125
2024-06-17,532.7291259765625
2024-06-18,534.0825805664062
2024-06-20,532.6317749023438
2024-06-21,531.917724609375
2024-06-24,530.1885375976562
2024-06-25,532.2302856445312
2024-06-26,532.89453125
2024-06-27,533.7347412109375
2024-06-28,531.6343383789062
2024-07-01,532.7285766601562
2024-07-02,536.3135986328125
2024-07-03,538.7069702148438
2024-07-05,541.8134155273438
2024-07-08,542.438720703125
2024-07-09,542.9661865234375
2024-07-10,548.3389892578125
2024-07-11,543.61083984375
2024-07-12,547.0396728515625
2024-07-15,548.5441284179688
2024-07-16,551.797119140625
2024-07-17,544.0602416992188
2024-07-18,539.8792114257812
2024-07-19,536.2940673828125
2024-07-22,541.8232421875
2024-07-23,540.9734497070312
2024-07-24,528.7135620117188
2024-07-25,525.9586791992188
2024-07-26,531.8492431640625
2024-07-29,532.1619262695312
2024-07-30,529.4656982421875
2024-07-31,538.072021484375
2024-08-01,530.452392578125
2024-08-02,520.5762329101562
2024-08-05,505.4150695800781
2024-08-06,510.0748291015625
2024-08-07,506.6654968261719
2024-08-08,518.378173828125
2024-08-09,520.6640625
2024-08-12,520.9376220703125
2024-08-13,529.5048217773438
2024-08-14,531.1754150390625
2024-08-15,540.2797241210938
2024-08-16,541.4910278320312
2024-08-19,546.6685180664062
2024-08-20,545.7794799804688
2024-08-21,547.6550903320312
2024-08-22,543.3568725585938
2024-08-23,549.1302490234375
2024-08-26,547.8212280273438
2024-08-27,548.5734252929688
2024-08-28,545.3887939453125
2024-08-29,545.4375610351562
2024-08-30,550.6444091796875
2024-09-03,539.3125610351562
2024-09-04,538.2088623046875
2024-09-05,536.8997802734375
2024-09-06,527.8637084960938
2024-09-09,533.7737426757812
2024-09-10,536.0986328125
2024-09-11,541.5985107421875
2024-09-12,546.1605224609375
2024-09-13,549.0130615234375
2024-09-16,549.8238525390625
2024-09-17,550.0485229492188
2024-09-18,548.4171752929688
2024-09-19,557.7754516601562
2024-09-20,556.8113403320312
2024-09-23,558.2028198242188
2024-09-24,559.7999877929688
2024-09-25,558.5653076171875
2024-09-26,560.7798461914062
2024-09-27,559.9664916992188
2024-09-30,562.2103881835938
2024-10-01,557.1738891601562
2024-10-02,557.4091186523438
2024-10-03,556.389892578125
2024-10-04,561.4461059570312
2024-10-07,556.3703002929688
2024-10-08,561.6322021484375
2024-10-09,565.5223999023438
2024-10-10,564.5328369140625
2024-10-11,567.9132690429688
2024-10-14,572.5579223632812
2024-10-15,568.109375
2024-10-16,570.57861328125
2024-10-17,570.6275024414062
2024-10-18,572.8224487304688
2024-10-21,571.8818359375
2024-10-22,571.5780029296875
2024-10-23,566.3552856445312
2024-10-24,567.5802001953125
2024-10-25,567.3840942382812
2024-10-28,569.1381225585938
2024-10-29,570.0592041015625
2024-10-30,568.3346557617188
2024-10-31,557.1934814453125
2024-11-01,559.545166015625
2024-11-04,558.3399658203125
2024-11-05,565.09130859375
2024-11-06,579.142578125
2024-11-07,583.6204833984375
2024-11-08,586.1487426757812
2024-11-11,586.7071533203125
2024-11-12,584.8845825195312
2024-11-13,585.1688232421875
2024-11-14,581.4061279296875
2024-11-15,573.9590454101562
2024-11-18,576.3108520507812
2024-11-19,578.41748046875
2024-11-20,578.613525390625
2024-11-21,581.7196655273438
2024-11-22,583.5226440429688
2024-11-25,585.5020751953125
2024-11-26,588.5591430664062
2024-11-27,586.7758178710938
2024-11-29,590.4208374023438
2024-12-02,591.4791259765625
2024-12-03,591.7534790039062
2024-12-04,595.4280395507812
2024-12-05,594.4481201171875
2024-12-06,595.574951171875
2024-12-09,592.508056640625
2024-12-10,590.6658935546875
2024-12-11,595.2320556640625
2024-12-12,592.1650390625
2024-12-13,592.0474853515625
2024-12-16,594.5755004882812
2024-12-17,592.1258544921875
2024-12-18,574.478515625
2024-12-19,574.3019409179688
2024-12-20,581.2000122070312
2024-12-23,584.6803588867188
2024-12-24,591.1790771484375
2024-12-26,591.2184448242188
2024-12-27,584.9950561523438
2024-12-30,578.3192138671875
2024-12-31,576.2152709960938
2025-01-02,574.7994384765625
2025-01-03,581.9865112304688
2025-01-06,585.3390502929688
2025-01-07,578.7223510742188
2025-01-08,579.5678100585938
2025-01-10,570.7193603515625
2025-01-13,571.6043090820312
2025-01-14,572.3906860351562
2025-01-15,582.8025512695312
2025-01-16,581.6817016601562
2025-01-17,587.521728515625
2025-01-21,592.8995971679688
2025-01-22,596.2326049804688
2025-01-23,599.48681640625
2025-01-24,597.73681640625
2025-01-27,589.2815551757812
2025-01-28,594.3449096679688
2025-01-29,591.6804809570312
2025-01-30,594.8560791015625
2025-01-31,591.6903686523438
2025-02-03,587.7086181640625
2025-02-04,591.651123046875
2025-02-05,594.0498657226562
2025-02-06,596.1146850585938
2025-02-07,590.6580810546875
2025-02-10,594.6693725585938
2025-02-11,595.1216430664062
2025-02-12,593.204345703125
2025-02-13,599.4671630859375
2025-02-14,599.4378051757812
2025-02-18,601.1976318359375
2025-02-19,602.61328125
2025-02-20,600.1063232421875
2025-02-21,589.8419799804688
2025-02-24,587.157958984375
2025-02-25,584.2379150390625
2025-02-26,584.5328369140625
2025-02-27,575.20263671875
2025-02-28,584.178955078125
2025-03-03,573.9441528320312
2025-03-04,567.1505126953125
2025-03-05,573.2461547851562
2025-03-06,563.0703125
2025-03-07,566.2262573242188
2025-03-10,551.1444702148438
2025-03-11,546.5629272460938
2025-03-12,549.4631958007812
2025-03-13,542.138671875
2025-03-14,553.3369140625
2025-03-17,557.6039428710938
2025-03-18,551.5770874023438
2025-03-19,557.584228515625
2025-03-20,555.9718017578125
2025-03-21,556.1552734375
2025-03-24,566.1151733398438
2025-03-25,567.4760131835938
2025-03-26,560.7012939453125
2025-03-27,559.2122802734375
2025-03-28,547.9506225585938
2025-03-31,551.62890625
2025-04-01,553.18701171875
2025-04-02,556.687744140625
2025-04-03,529.2537841796875
2025-04-04,498.2696838378906
2025-04-07,497.3822021484375
2025-04-08,489.591796875
2025-04-09,541.0084838867188
2025-04-10,517.3018798828125
2025-04-11,526.5320434570312
2025-04-14,531.6401977539062
2025-04-15,530.151123046875
2025-04-16,518.366943359375
2025-04-17,519.1065673828125
2025-04-21,506.7503356933594
2025-04-22,519.9348754882812
2025-04-23,527.9915161132812
2025-04-24,539.1051635742188
2025-04-25,543.0003662109375
2025-04-28,543.2074584960938
2025-04-29,546.6293334960938
2025-04-30,546.84619140625
2025-05-01,550.7217407226562
2025-05-02,558.8966674804688
2025-05-05,555.6918334960938
2025-05-06,551.047119140625
2025-05-07,553.3645629882812
2025-05-08,557.2203369140625
2025-05-09,556.5103149414062
2025-05-12,574.9015502929688
2025-05-13,578.6981811523438
2025-05-14,579.437744140625
2025-05-15,582.2678833007812
2025-05-16,585.9559936523438
2025-05-19,586.596923828125
2025-05-20,584.6246948242188
2025-05-21,574.7733154296875
2025-05-22,575.0001831054688
2025-05-23,571.0753173828125
2025-05-27,582.9483642578125
2025-05-28,579.5757446289062
2025-05-29,581.8636474609375
2025-05-30,581.2127685546875
2025-06-02,584.4866943359375
2025-06-03,587.8197631835938
2025-06-04,587.6619873046875
2025-06-05,584.8218994140625
2025-06-06,590.8274536132812
2025-06-09,591.3599853515625
2025-06-10,594.7128295898438
2025-06-11,593.0166625976562
2025-06-12,595.3734741210938
2025-06-13,588.7172241210938
2025-06-16,594.318359375
2025-06-17,589.2398681640625
2025-06-18,589.1510009765625
2025-06-20,587.7673950195312
2025-06-23,593.5730590820312
2025-06-24,600.13037109375
2025-06-25,600.4666137695312
2025-06-26,605.1646118164062
2025-06-27,608.1712036132812
2025-06-30,611.0790405273438
2025-07-01,610.88134765625
2025-07-02,613.6505737304688
2025-07-03,618.4869995117188
2025-07-07,613.8780517578125
2025-07-08,613.541748046875
2025-07-09,617.2210083007812
2025-07-10,618.9617919921875
2025-07-11,616.7858276367188
2025-07-14,617.9627685546875
2025-07-15,615.3220825195312
2025-07-16,617.3792114257812
2025-07-17,621.1573486328125
2025-07-18,620.7025146484375
2025-07-21,621.87939453125
2025-07-22,621.9683837890625
2025-07-23,627.2597045898438
2025-07-24,627.4674682617188
2025-07-25,630.1181030273438
2025-07-28,629.9598388671875
2025-07-29,628.2982788085938
2025-07-30,627.5070190429688
2025-07-31,625.1531982421875
2025-08-01,614.9066162109375
2025-08-04,624.2530517578125
2025-08-05,621.0880737304688
2025-08-06,625.8455200195312
2025-08-07,625.3212890625
2025-08-08,630.1972045898438
2025-08-11,628.9509887695312
2025-08-12,635.6467895507812
2025-08-13,637.8228149414062
2025-08-14,637.882080078125
2025-08-15,636.3886108398438
2025-08-18,636.2501831054688
2025-08-19,632.7984008789062
2025-08-20,631.1170043945312
2025-08-21,628.5850830078125
2025-08-22,638.2381591796875
2025-08-25,635.4292602539062
2025-08-26,638.0897827148438
2025-08-27,639.5436401367188
2025-08-28,641.8085327148438
2025-08-29,637.9810180664062
2025-09-02,633.2533569335938
2025-09-03,636.6853637695312
2025-09-04,642.0064086914062
2025-09-05,640.1470336914062
2025-09-08,641.7195434570312
2025-09-09,643.203125
2025-09-10,645.0625610351562
2025-09-11,650.423095703125
2025-09-12,650.20556640625
2025-09-15,653.6671142578125
2025-09-16,652.7671508789062
2025-09-17,651.9561157226562
2025-09-18,655.0023803710938
2025-09-19,658.2465209960938
2025-09-22,661.3607177734375
2025-09-23,657.7605590820312
2025-09-24,655.6677856445312
2025-09-25,652.6429443359375
2025-09-26,656.3819580078125
2025-09-29,658.2266845703125
2025-09-30,660.7061157226562
2025-10-01,662.9574584960938
2025-10-02,663.7210693359375
2025-10-03,663.7112426757812
2025-10-06,666.0914916992188
2025-10-07,663.6219482421875
2025-10-08,667.5791625976562
2025-10-09,665.6452026367188
2025-10-10,647.6542358398438
2025-10-13,657.5919189453125
2025-10-14,656.78857421875
2025-10-15,659.7044067382812
2025-10-16,655.2117309570312
2025-10-17,658.9308471679688
2025-10-20,665.7840576171875
2025-10-21,665.7741088867188
2025-10-22,662.3128051757812
2025-10-23,666.2402954101562
2025-10-24,671.6851806640625
2025-10-27,679.6094970703125
2025-10-28,681.4144897460938
2025-10-29,681.7418823242188
2025-10-30,674.2440185546875
2025-10-31,676.4556274414062
2025-11-03,677.7251586914062
2025-11-04,669.6917114257812
2025-11-05,672.012451171875
2025-11-06,664.8021850585938
2025-11-07,665.4567260742188
2025-11-10,675.8407592773438
2025-11-11,677.3878784179688
2025-11-12,677.7647705078125
2025-11-13,666.5180053710938
2025-11-14,666.4088745117188
2025-11-17,660.2002563476562
2025-11-18,654.6561889648438
2025-11-19,657.185302734375
2025-11-20,647.1683349609375
2025-11-21,653.6148681640625
2025-11-24,663.2351684570312
2025-11-25,669.4734497070312
2025-11-26,674.09521484375
2025-11-28,677.7747192382812
2025-12-01,674.6802978515625
2025-12-02,675.9300537109375
2025-12-03,678.2706298828125
2025-12-04,678.7665405273438
2025-12-05,680.0557861328125
2025-12-08,678.0127563476562
2025-12-09,677.4276123046875
2025-12-10,681.92041015625
2025-12-11,683.5072631835938
2025-12-12,676.1581420898438
2025-12-15,675.1365356445312
2025-12-16,673.2918701171875
2025-12-17,665.8832397460938
2025-12-18,670.9114990234375
2025-12-19,676.9923095703125
2025-12-22,681.2098388671875
2025-12-23,684.3233032226562
2025-12-24,686.7305297851562
2025-12-26,686.660888671875
2025-12-29,684.2138671875
2025-12-30,683.3782958984375
2025-12-31,678.3152465820312
2026-01-02,679.55859375
2026-01-05,684.0845947265625
2026-01-06,688.1529541015625
2026-01-07,685.9347534179688
2026-01-08,685.8651123046875
2026-01-09,690.4010009765625
2026-01-12,691.4852294921875
2026-01-13,690.1026000976562
2026-01-14,686.7105712890625
2026-01-15,688.5806884765625
2026-01-16,688.0037231445312
2026-01-20,673.9981689453125
2026-01-21,681.77685546875
2026-01-22,685.3379516601562
2026-01-23,685.5865478515625
2026-01-26,689.068115234375
2026-01-27,691.8134765625
2026-01-28,691.7438354492188
2026-01-29,690.3711547851562
2026-01-30,688.3121337890625
2026-02-02,691.73388671875
2026-02-03,685.885009765625
2026-02-04,682.5626831054688
2026-02-05,674.0379638671875
2026-02-06,686.96923828125
2026-02-09,690.2816162109375
2026-02-10,688.4613037109375
2026-02-11,688.3021850585938
2026-02-12,677.668701171875
2026-02-13,678.1461181640625
2026-02-17,679.2402954101562
2026-02-18,682.662109375
2026-02-19,680.8616943359375
2026-02-20,685.7855834960938
2026-02-23,678.7827758789062
2026-02-24,683.7164916992188
2026-02-25,689.4859008789062
2026-02-26,685.6561889648438
2026-02-27,682.3637084960938
2026-03-02,682.7516479492188
2026-03-03,676.7337036132812
2026-03-04,681.50830078125
2026-03-05,677.7084350585938
2026-03-06,668.8256225585938
2026-03-09,674.6845092773438
2026-03-10,673.6002807617188
2026-03-11,672.7548217773438
2026-03-12,662.5390625
2026-03-13,658.7890014648438
2026-03-16,665.493408203125
2026-03-17,667.2440185546875
2026-03-18,657.9335327148438
2026-03-19,656.3121337890625
2026-03-20,646.9034423828125
2026-03-23,653.6959228515625
2026-03-24,651.5015869140625
2026-03-25,655.1322021484375
2026-03-26,643.432373046875
2026-03-27,632.4606323242188
2026-03-30,630.3460693359375
2026-03-31,648.6688842773438
2026-04-01,653.5562744140625
2026-04-02,654.144775390625
2026-04-06,657.23681640625
2026-04-07,657.5260009765625
2026-04-08,674.27294921875
2026-04-09,678.162841796875
2026-04-10,677.7140502929688
2026-04-13,684.3369750976562
2026-04-14,692.675537109375
2026-04-15,698.1414184570312
2026-04-16,699.8569946289062
2026-04-17,708.3152465820312
2026-04-20,706.8988037109375
2026-04-21,702.2708129882812
2026-04-22,709.3825073242188
2026-04-23,706.6295776367188
2026-04-24,712.10546875
2026-04-27,713.332275390625
2026-04-28,709.8612060546875
2026-04-29,709.7515258789062
2026-04-30,716.8132934570312
2026-05-01,718.7982177734375
2026-05-04,716.1649780273438
2026-05-05,721.9102172851562
2026-05-06,731.9443359375
2026-05-07,729.7001342773438
2026-05-08,735.724609375
2026-05-11,737.4002685546875
2026-05-12,736.2831420898438
2026-05-13,740.4025268554688
2026-05-14,746.2474975585938
2026-05-15,737.2706298828125
2026-05-18,736.751953125
2026-05-19,731.8446044921875
2026-05-20,739.3452758789062
2026-05-21,740.8114624023438
2026-05-22,743.7239990234375
2026-05-26,748.6613159179688
2026-05-27,748.5316162109375
2026-05-28,752.6609497070312
2026-05-29,754.5361328125
2026-06-01,756.5908203125
2026-06-02,757.6182250976562
2026-06-03,752.3018798828125
2026-06-04,755.1445922851562
2026-06-05,735.65478515625
2026-06-08,737.3204345703125
2026-06-09,735.1560668945312
2026-06-10,723.56591796875
2026-06-11,735.8642578125
2026-06-12,739.843994140625
2026-06-15,752.890380859375
2026-06-16,748.4019775390625
2026-06-17,739.0560302734375
2026-06-18,746.739990234375
2026-06-22,744.3900146484375
2026-06-23,733.5800170898438
2026-06-24,733.239990234375
2026-06-25,734.2999877929688
2026-06-26,728.989990234375
2026-06-29,741.0
2026-06-30,746.77001953125
2026-07-01,745.760009765625
2026-07-02,744.780029296875
2026-07-06,751.280029296875
2026-07-07,747.7100219726562
2026-07-08,745.4000244140625
2026-07-09,751.7100219726562
2026-07-10,754.9500122070312
2026-07-13,749.1699829101562
2026-07-14,751.8300170898438
2026-07-15,754.8099975585938
2026-07-16,750.719970703125
2026-07-17,743.2899780273438
2026-07-20,742.0900268554688
2026-07-21,748.280029296875
2026-07-22,747.4099731445312
