Date,adj_close
2006-06-21,3.6431567668914795
2006-06-22,3.604433536529541
2006-06-23,3.60392427444458
2006-06-26,3.6248137950897217
2006-06-27,3.5606131553649902
2006-06-28,3.59220552444458
2006-06-29,3.7445545196533203
2006-06-30,3.7425155639648438
2006-07-03,3.793470621109009
2006-07-05,3.7430262565612793
2006-07-06,3.7547447681427
2006-07-07,3.711435317993164
2006-07-10,3.7180609703063965
2006-07-11,3.749648332595825
2006-07-12,3.675766706466675
2006-07-13,3.5646910667419434
2006-07-14,3.5325894355773926
2006-07-17,3.5290229320526123
2006-07-18,3.534627676010132
2006-07-19,3.655895233154297
2006-07-20,3.613095998764038
2006-07-21,3.5560286045074463
2006-07-24,3.6686344146728516
2006-07-25,3.7150015830993652
2006-07-26,3.7221364974975586
2006-07-27,3.686466693878174
2006-07-28,3.770540952682495
2006-07-31,3.760350465774536
2006-08-01,3.7267203330993652
2006-08-02,3.755253791809082
2006-08-03,3.7741079330444336
2006-08-04,3.7730889320373535
2006-08-07,3.7521979808807373
2006-08-08,3.7216267585754395
2006-08-09,3.6930930614471436
2006-08-10,3.7257018089294434
2006-08-11,3.6986963748931885
2006-08-14,3.711435317993164
2006-08-15,3.8026397228240967
2006-08-16,3.8663330078125
2006-08-17,3.8821282386779785
2006-08-18,3.8979241847991943
2006-08-21,3.87958025932312
2006-08-22,3.886204719543457
2006-08-23,3.851045846939087
2006-08-24,3.8653149604797363
2006-08-25,3.872448444366455
2006-08-28,3.905566930770874
2006-08-29,3.9239096641540527
2006-08-30,3.9233996868133545
2006-08-31,3.920344114303589
2006-09-01,3.9600884914398193
2006-09-05,3.9672210216522217
2006-09-06,3.8979241847991943
2006-09-07,3.8586905002593994
2006-09-08,3.886204719543457
2006-09-11,3.885185480117798
2006-09-12,3.961106777191162
2006-09-13,3.9998278617858887
2006-09-14,3.980469226837158
2006-09-15,4.014606952667236
2006-09-18,4.014097213745117
2006-09-19,3.988110303878784
2006-09-20,4.036518096923828
2006-09-21,3.9926974773406982
2006-09-22,3.9707863330841064
2006-09-25,4.044668674468994
2006-09-26,4.097660064697266
2006-09-27,4.107851028442383
2006-09-28,4.121099472045898
2006-09-29,4.104284286499023
2006-10-02,4.0701446533203125
2006-10-03,4.084921836853027
2006-10-04,4.180714130401611
2006-10-05,4.200586795806885
2006-10-06,4.188356399536133
2006-10-09,4.192432403564453
2006-10-10,4.205172538757324
2006-10-11,4.188356399536133
2006-10-12,4.263258934020996
2006-10-13,4.283130645751953
2006-10-16,4.296379089355469
2006-10-17,4.261730194091797
2006-10-18,4.273959159851074
2006-10-19,4.28160285949707
2006-10-20,4.287716865539551
2006-10-23,4.327462196350098
2006-10-24,4.346823215484619
2006-10-25,4.371278762817383
2006-10-26,4.408984184265137
2006-10-27,4.350898742675781
2006-10-30,4.345293998718262
2006-10-31,4.331026554107666
2006-11-01,4.279564380645752
2006-11-02,4.275997638702393
2006-11-03,4.249499797821045
2006-11-06,4.352934837341309
2006-11-07,4.375866413116455
2006-11-08,4.4044013023376465
2006-11-09,4.353955268859863
2006-11-10,4.361599445343018
2006-11-13,4.379432678222656
2006-11-14,4.441595554351807
2006-11-15,4.473186016082764
2006-11-16,4.49254846572876
2006-11-17,4.491528511047363
2006-11-20,4.4889817237854
2006-11-21,4.502739906311035
2006-11-22,4.522102355957031
2006-11-24,4.486434459686279
2006-11-27,4.366692543029785
2006-11-28,4.3936991691589355
2006-11-29,4.472675800323486
2006-11-30,4.476245403289795
2006-12-01,4.455861568450928
2006-12-04,4.527196884155273
2006-12-05,4.5638837814331055
2006-12-06,4.550633907318115
2006-12-07,4.518533706665039
2006-12-08,4.527707099914551
2006-12-11,4.551143169403076
2006-12-12,4.54299259185791
2006-12-13,4.56541109085083
2006-12-14,4.6265549659729
2006-12-15,4.645918369293213
2006-12-18,4.6163649559021
2006-12-19,4.641331672668457
2006-12-20,4.623627662658691
2006-12-21,4.595980644226074
2006-12-22,4.530581474304199
2006-12-26,4.5906596183776855
2006-12-27,4.6549973487854
2006-12-28,4.636387348175049
2006-12-29,4.588536739349365
2007-01-03,4.558760166168213
2007-01-04,4.582155704498291
2007-01-05,4.509843349456787
2007-01-08,4.5475945472717285
2007-01-09,4.5358991622924805
2007-01-10,4.556632995605469
2007-01-11,4.6113972663879395
2007-01-12,4.66563081741333
2007-01-16,4.658719062805176
2007-01-17,4.656591892242432
2007-01-18,4.617776393890381
2007-01-19,4.645427227020264
2007-01-22,4.595447063446045
2007-01-23,4.627880573272705
2007-01-24,4.700191497802734
2007-01-25,4.605548858642578
2007-01-26,4.593852519989014
2007-01-29,4.580028057098389
2007-01-30,4.628411769866943
2007-01-31,4.685832500457764
2007-02-01,4.7406005859375
2007-02-02,4.756551265716553
2007-02-05,4.750169277191162
2007-02-06,4.750169277191162
2007-02-07,4.766653060913086
2007-02-08,4.757081508636475
2007-02-09,4.700721263885498
2007-02-12,4.661378860473633
2007-02-13,4.733156681060791
2007-02-14,4.804934978485107
2007-02-15,4.803869724273682
2007-02-16,4.802807807922363
2007-02-20,4.825672149658203
2007-02-21,4.8166327476501465
2007-02-22,4.808125972747803
2007-02-23,4.782072067260742
2007-02-26,4.7698445320129395
2007-02-27,4.387022972106934
2007-02-28,4.471562385559082
2007-03-01,4.459865570068359
2007-03-02,4.333319664001465
2007-03-05,4.247717380523682
2007-03-06,4.394464492797852
2007-03-07,4.377452373504639
2007-03-08,4.429024696350098
2007-03-09,4.447635173797607
2007-03-12,4.471562385559082
2007-03-13,4.289190769195557
2007-03-14,4.354057312011719
2007-03-15,4.374261856079102
2007-03-16,4.337044715881348
2007-03-19,4.443381309509277
2007-03-20,4.494956016540527
2007-03-21,4.643301963806152
2007-03-22,4.641170501708984
2007-03-23,4.64223575592041
2007-03-26,4.651806831359863
2007-03-27,4.605417251586914
2007-03-28,4.537696838378906
2007-03-29,4.559025287628174
2007-03-30,4.556359767913818
2007-04-02,4.567026615142822
2007-04-03,4.657138824462891
2007-04-04,4.663002967834473
2007-04-05,4.692864418029785
2007-04-09,4.706193923950195
2007-04-10,4.710994243621826
2007-04-11,4.658204555511475
2007-04-12,4.718990325927734
2007-04-13,4.753116130828857
2007-04-16,4.84269905090332
2007-04-17,4.865627765655518
2007-04-18,4.868826866149902
2007-04-19,4.872025012969971
2007-04-20,4.954675197601318
2007-04-23,4.930147647857666
2007-04-24,4.932278633117676
2007-04-25,5.017595291137695
2007-04-26,5.033591270446777
2007-04-27,5.016529083251953
2007-04-30,4.946676254272461
2007-05-01,4.958942413330078
2007-05-02,5.019195079803467
2007-05-03,5.064517498016357
2007-05-04,5.100244045257568
2007-05-07,5.103444576263428
2007-05-08,5.097579002380371
2007-05-09,5.131171703338623
2007-05-10,5.014928340911865
2007-05-11,5.093311786651611
2007-05-14,5.074649810791016
2007-05-15,5.06078577041626
2007-05-16,5.141835689544678
2007-05-17,5.129037380218506
2007-05-18,5.206353664398193
2007-05-21,5.1988911628723145
2007-05-22,5.207953929901123
2007-05-23,5.202089786529541
2007-05-24,5.0922465324401855
2007-05-25,5.132236957550049
2007-05-29,5.171695709228516
2007-05-30,5.2570109367370605
2007-05-31,5.251676082611084
2007-06-01,5.292736530303955
2007-06-04,5.293270587921143
2007-06-05,5.251144886016846
2007-06-06,5.134370803833008
2007-06-07,4.960540294647217
2007-06-08,5.07091760635376
2007-06-11,5.100244045257568
2007-06-12,4.974939346313477
2007-06-13,5.129570484161377
2007-06-14,5.18556022644043
2007-06-15,5.243678092956543
2007-06-18,5.2308831214904785
2007-06-19,5.253811359405518
2007-06-20,5.109308242797852
2007-06-21,5.170628547668457
2007-06-22,5.075182914733887
2007-06-25,5.023993968963623
2007-06-26,4.9332451820373535
2007-06-27,5.070680141448975
2007-06-28,5.059450149536133
2007-06-29,5.053565979003906
2007-07-02,5.153568267822266
2007-07-03,5.179772853851318
2007-07-05,5.167470932006836
2007-07-06,5.222017765045166
2007-07-09,5.223623275756836
2007-07-10,5.064796447753906
2007-07-11,5.150896072387695
2007-07-12,5.324160099029541
2007-07-13,5.356247425079346
2007-07-16,5.347155570983887
2007-07-17,5.3369951248168945
2007-07-18,5.322022438049316
2007-07-19,5.354640960693359
2007-07-20,5.240200996398926
2007-07-23,5.279239177703857
2007-07-24,5.10330057144165
2007-07-25,5.117741107940674
2007-07-26,4.87441873550415
2007-07-27,4.697409629821777
2007-07-30,4.8236165046691895
2007-07-31,4.697946548461914
2007-08-01,4.76104736328125
2007-08-02,4.827359199523926
2007-08-03,4.55623197555542
2007-08-06,4.735381603240967
2007-08-07,4.8236165046691895
2007-08-08,4.959981918334961
2007-08-09,4.67602014541626
2007-08-10,4.609708309173584
2007-08-13,4.655696868896484
2007-08-14,4.501149654388428
2007-08-15,4.389384746551514
2007-08-16,4.435909271240234
2007-08-17,4.618800163269043
2007-08-20,4.607036113739014
2007-08-21,4.624682903289795
2007-08-22,4.72468376159668
2007-08-23,4.715592384338379
2007-08-24,4.8236165046691895
2007-08-27,4.740725994110107
2007-08-28,4.544466972351074
2007-08-29,4.707035541534424
2007-08-30,4.681902885437012
2007-08-31,4.749818325042725
2007-09-04,4.87281608581543
2007-09-05,4.764791488647461
2007-09-06,4.8123860359191895
2007-09-07,4.66799783706665
2007-09-10,4.63698148727417
2007-09-11,4.764791488647461
2007-09-12,4.786182403564453
2007-09-13,4.837519645690918
2007-09-14,4.845005989074707
2007-09-17,4.782973766326904
2007-09-18,5.064796447753906
2007-09-19,5.13217830657959
2007-09-20,5.0642619132995605
2007-09-21,5.080306529998779
2007-09-24,5.069609642028809
2007-09-25,5.053201675415039
2007-09-26,5.090732574462891
2007-09-27,5.152390480041504
2007-09-28,5.1191511154174805
2007-10-01,5.245682239532471
2007-10-02,5.2317399978637695
2007-10-03,5.194748401641846
2007-10-04,5.211367607116699
2007-10-05,5.336828231811523
2007-10-08,5.281603813171387
2007-10-09,5.3673882484436035
2007-10-10,5.344870090484619
2007-10-11,5.305196285247803
2007-10-12,5.355593681335449
2007-10-15,5.272486686706543
2007-10-16,5.2097578048706055
2007-10-17,5.219411849975586
2007-10-18,5.188313961029053
2007-10-19,4.895040988922119
2007-10-22,4.964738845825195
2007-10-23,5.015673637390137
2007-10-24,5.023715972900391
2007-10-25,5.043553829193115
2007-10-26,5.161505222320557
2007-10-29,5.183488368988037
2007-10-30,5.111108779907227
2007-10-31,5.226917266845703
2007-11-01,4.977071285247803
2007-11-02,4.988865852355957
2007-11-05,4.902009963989258
2007-11-06,5.046769618988037
2007-11-07,4.779231071472168
2007-11-08,4.717039585113525
2007-11-09,4.598013401031494
2007-11-12,4.519735336303711
2007-11-13,4.777088165283203
2007-11-14,4.725080490112305
2007-11-15,4.604982852935791
2007-11-16,4.606591701507568
2007-11-19,4.471479415893555
2007-11-20,4.522953033447266
2007-11-21,4.352456092834473
2007-11-23,4.482204437255859
2007-11-26,4.310637474060059
2007-11-27,4.413577556610107
2007-11-28,4.666105270385742
2007-11-29,4.682189464569092
2007-11-30,4.782449722290039
2007-12-03,4.699345588684082
2007-12-04,4.632327556610107
2007-12-05,4.776550769805908
2007-12-06,4.910052299499512
2007-12-07,4.921847343444824
2007-12-10,4.9818949699401855
2007-12-11,4.718111991882324
2007-12-12,4.801213264465332
2007-12-13,4.7996039390563965
2007-12-14,4.6602067947387695
2007-12-17,4.511695384979248
2007-12-18,4.5690598487854
2007-12-19,4.576030731201172
2007-12-20,4.620222568511963
2007-12-21,4.772010326385498
2007-12-24,4.847623348236084
2007-12-26,4.844821453094482
2007-12-27,4.7187981605529785
2007-12-28,4.706477165222168
2007-12-31,4.637587547302246
2008-01-02,4.540689945220947
2008-01-03,4.539010047912598
2008-01-04,4.323931694030762
2008-01-07,4.312731742858887
2008-01-08,4.164307594299316
2008-01-09,4.257843494415283
2008-01-10,4.323931694030762
2008-01-11,4.2432780265808105
2008-01-14,4.31777286529541
2008-01-15,4.114455699920654
2008-01-16,4.060127258300781
2008-01-17,3.8349714279174805
2008-01-18,3.756556987762451
2008-01-22,3.6753427982330322
2008-01-23,3.862975597381592
2008-01-24,3.920663595199585
2008-01-25,3.795764207839966
2008-01-28,3.9346673488616943
2008-01-29,3.9604315757751465
2008-01-30,3.9105818271636963
2008-01-31,4.0410847663879395
2008-02-01,4.171587944030762
2008-02-04,4.07020902633667
2008-02-05,3.8534529209136963
2008-02-06,3.7834417819976807
2008-02-07,3.840571403503418
2008-02-08,3.7806406021118164
2008-02-11,3.8198461532592773
2008-02-12,3.903862476348877
2008-02-13,3.97723388671875
2008-02-14,3.887059211730957
2008-02-15,3.9033031463623047
2008-02-19,3.937469959259033
2008-02-20,3.9419476985931396
2008-02-21,3.8730580806732178
2008-02-22,3.931866407394409
2008-02-25,4.027082920074463
2008-02-26,4.0746917724609375
2008-02-27,4.067969799041748
2008-02-28,3.9817144870758057
2008-02-29,3.8220880031585693
2008-03-03,3.7812013626098633
2008-03-04,3.7660775184631348
2008-03-05,3.8136868476867676
2008-03-06,3.651258945465088
2008-03-07,3.584047794342041
2008-03-10,3.4798696041107178
2008-03-11,3.7408738136291504
2008-03-12,3.6719818115234375
2008-03-13,3.6854248046875
2008-03-14,3.5694854259490967
2008-03-17,3.491072654724121
2008-03-18,3.7800796031951904
2008-03-19,3.58516788482666
2008-03-20,3.7190299034118652
2008-03-24,3.8780972957611084
2008-03-25,3.8778176307678223
2008-03-26,3.7784574031829834
2008-03-27,3.7554426193237305
2008-03-28,3.683028221130371
2008-03-31,3.704920768737793
2008-04-01,3.9603357315063477
2008-04-02,3.983912229537964
2008-04-03,4.004120826721191
2008-04-04,3.9906487464904785
2008-04-07,3.985597610473633
2008-04-08,3.9811086654663086
2008-04-09,3.918795347213745
2008-04-10,3.9378812313079834
2008-04-11,3.784633159637451
2008-04-14,3.7498292922973633
2008-04-15,3.7840728759765625
2008-04-16,3.974931001663208
2008-04-17,3.9788594245910645
2008-04-18,4.07316780090332
2008-04-21,4.079904556274414
2008-04-22,4.038364887237549
2008-04-23,4.024327754974365
2008-04-24,4.056328296661377
2008-04-25,4.127618312835693
2008-04-28,4.13098669052124
2008-04-29,4.093937873840332
2008-04-30,4.051275730133057
2008-05-01,4.214066982269287
2008-05-02,4.235397815704346
2008-05-05,4.2062087059021
2008-05-06,4.269640922546387
2008-05-07,4.1147074699401855
2008-05-08,4.101795673370361
2008-05-09,4.079904556274414
2008-05-12,4.180386543273926
2008-05-13,4.182631492614746
2008-05-14,4.204523086547852
2008-05-15,4.299392223358154
2008-05-16,4.30949592590332
2008-05-19,4.322407245635986
2008-05-20,4.254484176635742
2008-05-21,4.10909366607666
2008-05-22,4.10909366607666
2008-05-23,4.00748872756958
2008-05-27,4.056887626647949
2008-05-28,4.1046037673950195
2008-05-29,4.139407634735107
2008-05-30,4.146705627441406
2008-06-02,4.059133052825928
2008-06-03,4.0305047035217285
2008-06-04,4.015346527099609
2008-06-05,4.180386543273926
2008-06-06,3.9148671627044678
2008-06-09,3.939004421234131
2008-06-10,3.889045476913452
2008-06-11,3.777895450592041
2008-06-12,3.8059637546539307
2008-06-13,3.9002702236175537
2008-06-16,3.906445026397705
2008-06-17,3.8620991706848145
2008-06-18,3.776772975921631
2008-06-19,3.7952990531921387
2008-06-20,3.667870044708252
2008-06-23,3.656083345413208
2008-06-24,3.648423910140991
2008-06-25,3.6833419799804688
2008-06-26,3.473832607269287
2008-06-27,3.441728353500366
2008-06-30,3.471579074859619
2008-07-01,3.4862215518951416
2008-07-02,3.3600640296936035
2008-07-03,3.3690757751464844
2008-07-07,3.298675298690796
2008-07-08,3.4186367988586426
2008-07-09,3.2823424339294434
2008-07-10,3.3262722492218018
2008-07-11,3.2451705932617188
2008-07-14,3.174769401550293
2008-07-15,3.0897271633148193
2008-07-16,3.2722041606903076
2008-07-17,3.3014910221099854
2008-07-18,3.34373140335083
2008-07-21,3.3600640296936035
2008-07-22,3.429900884628296
2008-07-23,3.460313558578491
2008-07-24,3.304871082305908
2008-07-25,3.317260265350342
2008-07-28,3.211378812789917
2008-07-29,3.352179527282715
2008-07-30,3.4743943214416504
2008-07-31,3.3831560611724854
2008-08-01,3.3476736545562744
2008-08-04,3.288538932800293
2008-08-05,3.457498788833618
2008-08-06,3.4839694499969482
2008-08-07,3.3842830657958984
2008-08-08,3.5149447917938232
2008-08-11,3.5712649822235107
2008-08-12,3.5059328079223633
2008-08-13,3.4648196697235107
2008-08-14,3.5132553577423096
2008-08-15,3.54761004447937
2008-08-18,3.4529924392700195
2008-08-19,3.378649950027466
2008-08-20,3.4068102836608887
2008-08-21,3.41638445854187
2008-08-22,3.5019912719726562
2008-08-25,3.3747079372406006
2008-08-26,3.39216685295105
2008-08-27,3.447360038757324
2008-08-28,3.5340940952301025
2008-08-29,3.4591879844665527
2008-09-02,3.4203264713287354
2008-09-03,3.413569688796997
2008-09-04,3.2108161449432373
2008-09-05,3.2299647331237793
2008-09-08,3.3634440898895264
2008-09-09,3.153933048248291
2008-09-10,3.182093620300293
2008-09-11,3.273895025253296
2008-09-12,3.3037445545196533
2008-09-15,2.993419885635376
2008-09-16,3.077335834503174
2008-09-17,2.8160104751586914
2008-09-18,2.9945454597473145
2008-09-19,3.223769187927246
2008-09-22,3.068326473236084
2008-09-23,2.9297776222229004
2008-09-24,2.9514050483703613
2008-09-25,3.0236799716949463
2008-09-26,3.0457005500793457
2008-09-29,2.6256027221679688
2008-09-30,2.7803163528442383
2008-10-01,2.780881881713867
2008-10-02,2.5527641773223877
2008-10-03,2.4827489852905273
2008-10-06,2.280040740966797
2008-10-07,2.0349841117858887
2008-10-08,1.950851559638977
2008-10-09,1.6769986152648926
2008-10-10,1.6374733448028564
2008-10-13,2.004493474960327
2008-10-14,1.9768246412277222
2008-10-15,1.638602375984192
2008-10-16,1.7458850145339966
2008-10-17,1.7447561025619507
2008-10-20,1.8983397483825684
2008-10-21,1.78992760181427
2008-10-22,1.6109347343444824
2008-10-23,1.612628698348999
2008-10-24,1.4963115453720093
2008-10-27,1.3963690996170044
2008-10-28,1.705230951309204
2008-10-29,1.6634469032287598
2008-10-30,1.7413676977157593
2008-10-31,1.809125542640686
2008-11-03,1.833970308303833
2008-11-04,1.9339120388031006
2008-11-05,1.7537906169891357
2008-11-06,1.5866549015045166
2008-11-07,1.6713522672653198
2008-11-10,1.6013363599777222
2008-11-11,1.5522115230560303
2008-11-12,1.4025806188583374
2008-11-13,1.5866549015045166
2008-11-14,1.43589448928833
2008-11-17,1.3805596828460693
2008-11-18,1.3907229900360107
2008-11-19,1.2523847818374634
2008-11-20,1.0733915567398071
2008-11-21,1.1976139545440674
2008-11-24,1.3353875875473022
2008-11-25,1.376042366027832
2008-11-26,1.4686437845230103
2008-11-28,1.5019581317901611
2008-12-01,1.2422209978103638
2008-12-02,1.3297414779663086
2008-12-03,1.4020158052444458
2008-12-04,1.322400450706482
2008-12-05,1.4161317348480225
2008-12-08,1.516074776649475
2008-12-09,1.4601744413375854
2008-12-10,1.4884068965911865
2008-12-11,1.4116151332855225
2008-12-12,1.4262958765029907
2008-12-15,1.393546223640442
2008-12-16,1.5318841934204102
2008-12-17,1.5042166709899902
2008-12-18,1.4483163356781006
2008-12-19,1.4381531476974487
2008-12-22,1.3918522596359253
2008-12-23,1.3680238723754883
2008-12-24,1.3810420036315918
2008-12-26,1.3963239192962646
2008-12-29,1.3917955160140991
2008-12-30,1.4478304386138916
2008-12-31,1.4868842363357544
2009-01-02,1.5785765647888184
2009-01-05,1.5768784284591675
2009-01-06,1.6023480892181396
2009-01-07,1.5106565952301025
2009-01-08,1.5208443403244019
2009-01-09,1.4529244899749756
2009-01-12,1.38726806640625
2009-01-13,1.3884000778198242
2009-01-14,1.301802158355713
2009-01-15,1.3046321868896484
2009-01-16,1.3216122388839722
2009-01-20,1.1829415559768677
2009-01-21,1.2836899757385254
2009-01-22,1.2463339567184448
2009-01-23,1.257088303565979
2009-01-26,1.269539713859558
2009-01-27,1.2972743511199951
2009-01-28,1.3850042819976807
2009-01-29,1.3001042604446411
2009-01-30,1.2418062686920166
2009-02-02,1.238976001739502
2009-02-03,1.2729358673095703
2009-02-04,1.2610496282577515
2009-02-05,1.2938780784606934
2009-02-06,1.3674585819244385
2009-02-09,1.3731181621551514
2009-02-10,1.2474658489227295
2009-02-11,1.2661441564559937
2009-02-12,1.2684077024459839
2009-02-13,1.2361457347869873
2009-02-17,1.1303038597106934
2009-02-18,1.123511791229248
2009-02-19,1.1014373302459717
2009-02-20,1.0770992040634155
2009-02-23,1.0018213987350464
2009-02-24,1.0776655673980713
2009-02-25,1.0584213733673096
2009-02-26,1.026159644126892
2009-02-27,0.9797467589378357
2009-03-02,0.891451358795166
2009-03-03,0.8733393549919128
2009-03-04,0.9163554906845093
2009-03-05,0.8427751064300537
2009-03-06,0.8410772681236267
2009-03-09,0.8229652643203735
2009-03-10,0.9231471419334412
2009-03-11,0.9322034120559692
2009-03-12,1.0069153308868408
2009-03-13,1.023329257965088
2009-03-16,1.0193676948547363
2009-03-17,1.0804951190948486
2009-03-18,1.1257754564285278
2009-03-19,1.09917414188385
2009-03-20,1.05389404296875
2009-03-23,1.2044497728347778
2009-03-24,1.158255934715271
2009-03-25,1.1775981187820435
2009-03-26,1.2299355268478394
2009-03-27,1.1844251155853271
2009-03-30,1.102505087852478
2009-03-31,1.1224161386489868
2009-04-01,1.1656519174575806
2009-04-02,1.232211709022522
2009-04-03,1.2583801746368408
2009-04-06,1.2401759624481201
2009-04-07,1.181580662727356
2009-04-08,1.2077491283416748
2009-04-09,1.3027536869049072
2009-04-13,1.3090113401412964
2009-04-14,1.2617934942245483
2009-04-15,1.287393569946289
2009-04-16,1.3272159099578857
2009-04-17,1.3402999639511108
2009-04-20,1.2276604175567627
2009-04-21,1.2765851020812988
2009-04-22,1.2617934942245483
2009-04-23,1.2845488786697388
2009-04-24,1.324371337890625
2009-04-27,1.298771619796753
2009-04-28,1.2902382612228394
2009-04-29,1.3454203605651855
2009-04-30,1.3505399227142334
2009-05-01,1.3636243343353271
2009-05-04,1.454647183418274
2009-05-05,1.4421316385269165
2009-05-06,1.4910554885864258
2009-05-07,1.4557851552963257
2009-05-08,1.5206376314163208
2009-05-11,1.463748812675476
2009-05-12,1.4500958919525146
2009-05-13,1.384104609489441
2009-05-14,1.4034470319747925
2009-05-15,1.3795537948608398
2009-05-18,1.4609047174453735
2009-05-19,1.455215573310852
2009-05-20,1.4370113611221313
2009-05-21,1.3932065963745117
2009-05-22,1.3886557817459106
2009-05-26,1.4620424509048462
2009-05-27,1.4079978466033936
2009-05-28,1.4466822147369385
2009-05-29,1.501863956451416
2009-06-01,1.5701313018798828
2009-06-02,1.5769579410552979
2009-06-03,1.5331536531448364
2009-06-04,1.5615977048873901
2009-06-05,1.5633043050765991
2009-06-08,1.5507893562316895
2009-06-09,1.5627355575561523
2009-06-10,1.5576152801513672
2009-06-11,1.5712685585021973
2009-06-12,1.581508755683899
2009-06-15,1.5041401386260986
2009-06-16,1.4671622514724731
2009-06-17,1.4597666263580322
2009-06-18,1.4813843965530396
2009-06-19,1.4921931028366089
2009-06-22,1.402877688407898
2009-06-23,1.4079978466033936
2009-06-24,1.428321123123169
2009-06-25,1.4922585487365723
2009-06-26,1.485407829284668
2009-06-29,1.513381004333496
2009-06-30,1.4922585487365723
2009-07-01,1.4996795654296875
2009-07-02,1.4191868305206299
2009-07-06,1.4197580814361572
2009-07-07,1.36324143409729
2009-07-08,1.361528992652893
2009-07-09,1.3700922727584839
2009-07-10,1.3592456579208374
2009-07-13,1.427179217338562
2009-07-14,1.4437346458435059
2009-07-15,1.5247982740402222
2009-07-16,1.552200198173523
2009-07-17,1.5544840097427368
2009-07-20,1.5853108167648315
2009-07-21,1.6012953519821167
2009-07-22,1.6007239818572998
2009-07-23,1.6703706979751587
2009-07-24,1.6886383295059204
2009-07-27,1.6972018480300903
2009-07-28,1.6874969005584717
2009-07-29,1.6709414720535278
2009-07-30,1.7057642936706543
2009-07-31,1.7080484628677368
2009-08-03,1.7662771940231323
2009-08-04,1.7765525579452515
2009-08-05,1.7668483257293701
2009-08-06,1.7491512298583984
2009-08-07,1.7925372123718262
2009-08-10,1.783974528312683
2009-08-11,1.7388755083084106
2009-08-12,1.7771233320236206
2009-08-13,1.8056672811508179
2009-08-14,1.7799781560897827
2009-08-17,1.6874969005584717
2009-08-18,1.7188951969146729
2009-08-19,1.7485803365707397
2009-08-20,1.7851158380508423
2009-08-21,1.8496243953704834
2009-08-24,1.854191541671753
2009-08-25,1.859329342842102
2009-08-26,1.8599001169204712
2009-08-27,1.8701759576797485
2009-08-28,1.8633251190185547
2009-08-31,1.834210991859436
2009-09-01,1.752576231956482
2009-09-02,1.7394460439682007
2009-09-03,1.7674189805984497
2009-09-04,1.8176554441452026
2009-09-08,1.849053978919983
2009-09-09,1.8781681060791016
2009-09-10,1.914132833480835
2009-09-11,1.9147043228149414
2009-09-14,1.9369678497314453
2009-09-15,1.9483859539031982
2009-09-16,2.007756233215332
2009-09-17,2.0037600994110107
2009-09-18,2.0060431957244873
2009-09-21,1.998051404953003
2009-09-22,2.018601655960083
2009-09-23,1.9872039556503296
2009-09-24,1.9414160251617432
2009-09-25,1.9231007099151611
2009-09-28,1.9877768754959106
2009-09-29,1.9763299226760864
2009-09-30,1.9643094539642334
2009-10-01,1.8664382696151733
2009-10-02,1.849267601966858
2009-10-05,1.901352047920227
2009-10-06,1.9562970399856567
2009-10-07,1.9683159589767456
2009-10-08,1.9992241859436035
2009-10-09,2.0204007625579834
2009-10-12,2.0392892360687256
2009-10-13,2.031848192214966
2009-10-14,2.0993857383728027
2009-10-15,2.1119766235351562
2009-10-16,2.082214117050171
2009-10-19,2.117128610610962
2009-10-20,2.0965237617492676
2009-10-21,2.0570313930511475
2009-10-22,2.095951557159424
2009-10-23,2.0530247688293457
2009-10-26,2.0060925483703613
2009-10-27,1.9872045516967773
2009-10-28,1.9139434099197388
2009-10-29,1.992928147315979
2009-10-30,1.8801745176315308
2009-11-02,1.9065032005310059
2009-11-03,1.9162325859069824
2009-11-04,1.9248181581497192
2009-11-05,1.9975064992904663
2009-11-06,2.0089542865753174
2009-11-09,2.1011016368865967
2009-11-10,2.1011016368865967
2009-11-11,2.122279405593872
2009-11-12,2.0793540477752686
2009-11-13,2.1022465229034424
2009-11-16,2.162916421890259
2009-11-17,2.167494297027588
2009-11-18,2.166350841522217
2009-11-19,2.1091156005859375
2009-11-20,2.095951557159424
2009-11-23,2.1503241062164307
2009-11-24,2.152613878250122
2009-11-25,2.167494297027588
2009-11-27,2.0982413291931152
2009-11-30,2.1119766235351562
2009-12-01,2.160054922103882
2009-12-02,2.1634886264801025
2009-12-03,2.129148006439209
2009-12-04,2.15204119682312
2009-12-07,2.144028663635254
2009-12-08,2.0993857383728027
2009-12-09,2.112548589706421
2009-12-10,2.136589288711548
2009-12-11,2.156620740890503
2009-12-14,2.184666395187378
2009-12-15,2.1640610694885254
2009-12-16,2.171501398086548
2009-12-17,2.1194164752960205
2009-12-18,2.14231276512146
2009-12-21,2.1829490661621094
2009-12-22,2.2006916999816895
2009-12-23,2.210367202758789
2009-12-24,2.2344107627868652
2009-12-28,2.240708827972412
2009-12-29,2.23612904548645
2009-12-30,2.230403423309326
2009-12-31,2.189185380935669
2010-01-04,2.259600877761841
2010-01-05,2.2744853496551514
2010-01-06,2.276202440261841
2010-01-07,2.295095443725586
2010-01-08,2.311124563217163
2010-01-11,2.3185665607452393
2010-01-12,2.2750582695007324
2010-01-13,2.311697006225586
2010-01-14,2.324864149093628
2010-01-15,2.2739133834838867
2010-01-19,2.3300178050994873
2010-01-20,2.281355619430542
2010-01-21,2.1943371295928955
2010-01-22,2.0987329483032227
2010-01-25,2.1164793968200684
2010-01-26,2.099304676055908
2010-01-27,2.1193418502807617
2010-01-28,2.0706799030303955
2010-01-29,2.0248820781707764
2010-02-01,2.086709976196289
2010-02-02,2.1382339000701904
2010-02-03,2.117624282836914
2010-02-04,1.9882420301437378
2010-02-05,1.9985475540161133
2010-02-08,1.9664887189865112
2010-02-09,2.0145766735076904
2010-02-10,2.005988597869873
2010-02-11,2.0472090244293213
2010-02-12,2.0443460941314697
2010-02-16,2.109036922454834
2010-02-17,2.1290736198425293
2010-02-18,2.1548359394073486
2010-02-19,2.166285514831543
2010-02-22,2.1639950275421143
2010-02-23,2.113043785095215
2010-02-24,2.1491105556488037
2010-02-25,2.145676851272583
2010-02-26,2.14853835105896
2010-03-01,2.191476345062256
2010-03-02,2.2023520469665527
2010-03-03,2.2075047492980957
2010-03-04,2.219527244567871
2010-03-05,2.284789800643921
2010-03-08,2.28536319732666
2010-03-09,2.2922322750091553
2010-03-10,2.3122687339782715
2010-03-11,2.3323068618774414
2010-03-12,2.3323068618774414
2010-03-15,2.3340237140655518
2010-03-16,2.371234893798828
2010-03-17,2.3992881774902344
2010-03-18,2.3969972133636475
2010-03-19,2.3729522228240967
2010-03-22,2.3969972133636475
2010-03-23,2.431918144226074
2010-03-24,2.4086437225341797
2010-03-25,2.3982994556427
2010-03-26,2.4005978107452393
2010-03-29,2.4258859157562256
2010-03-30,2.4304826259613037
2010-03-31,2.4143903255462646
2010-04-01,2.4465744495391846
2010-04-05,2.48622989654541
2010-04-06,2.4982998371124268
2010-04-07,2.4712889194488525
2010-04-08,2.48622989654541
2010-04-09,2.5189895629882812
2010-04-12,2.528184413909912
2010-04-13,2.532208204269409
2010-04-14,2.587955951690674
2010-04-15,2.593127727508545
2010-04-16,2.5120928287506104
2010-04-19,2.529909133911133
2010-04-20,2.5730133056640625
2010-04-21,2.5632426738739014
2010-04-22,2.5787601470947266
2010-04-23,2.6109437942504883
2010-04-26,2.59255313873291
2010-04-27,2.4712889194488525
2010-04-28,2.5057711601257324
2010-04-29,2.567265510559082
2010-04-30,2.4822075366973877
2010-05-03,2.5494487285614014
2010-05-04,2.4276092052459717
2010-05-05,2.3959999084472656
2010-05-06,2.2356536388397217
2010-05-07,2.1712841987609863
2010-05-10,2.3620920181274414
2010-05-11,2.3477237224578857
2010-05-12,2.4143903255462646
2010-05-13,2.354618787765503
2010-05-14,2.270136594772339
2010-05-17,2.2718613147735596
2010-05-18,2.2103652954101562
2010-05-19,2.1856529712677
2010-05-20,2.0184106826782227
2010-05-21,2.077605724334717
2010-05-24,2.0241572856903076
2010-05-25,2.028754949569702
2010-05-26,2.0017433166503906
2010-05-27,2.137951612472534
2010-05-28,2.0827791690826416
2010-06-01,2.012662172317505
2010-06-02,2.1161117553710938
2010-06-03,2.1356523036956787
2010-06-04,1.9868005514144897
2010-06-07,1.9322024583816528
2010-06-08,1.972432017326355
2010-06-09,1.9523165225982666
2010-06-10,2.0684115886688232
2010-06-11,2.087376117706299
2010-06-14,2.0833535194396973
2010-06-15,2.176457166671753
2010-06-16,2.174159288406372
2010-06-17,2.180480718612671
2010-06-18,2.1845030784606934
2010-06-21,2.1724345684051514
2010-06-22,2.10107421875
2010-06-23,2.086674690246582
2010-06-24,2.0187134742736816
2010-06-25,2.036567449569702
2010-06-28,2.0210163593292236
2010-06-29,1.8983391523361206
2010-06-30,1.85514235496521
2010-07-01,1.8470793962478638
2010-07-02,1.823465347290039
2010-07-06,1.8470793962478638
2010-07-07,1.963421106338501
2010-07-08,2.001434564590454
2010-07-09,2.030808210372925
2010-07-12,2.0354158878326416
2010-07-13,2.097618579864502
2010-07-14,2.095890522003174
2010-07-15,2.097618579864502
2010-07-16,1.9801239967346191
2010-07-19,2.004890203475952
2010-07-20,2.047511339187622
2010-07-21,1.996250867843628
2010-07-22,2.084371566772461
2010-07-23,2.11950421333313
2010-07-26,2.1678853034973145
2010-07-27,2.1632771492004395
2010-07-28,2.1362075805664062
2010-07-29,2.1148979663848877
2010-07-30,2.116049289703369
2010-08-02,2.2087771892547607
2010-08-03,2.1886181831359863
2010-08-04,2.2174174785614014
2010-08-05,2.2133841514587402
2010-08-06,2.1943795680999756
2010-08-09,2.217991590499878
2010-08-10,2.1949546337127686
2010-08-11,2.074004650115967
2010-08-12,2.0480868816375732
2010-08-13,2.0348403453826904
2010-08-16,2.0348403453826904
2010-08-17,2.0820682048797607
2010-08-18,2.0918588638305664
2010-08-19,2.019864797592163
2010-08-20,2.0054664611816406
2010-08-23,1.9910670518875122
2010-08-24,1.9311689138412476
2010-08-25,1.9444156885147095
2010-08-26,1.9179209470748901
2010-08-27,1.9783968925476074
2010-08-30,1.9219532012939453
2010-08-31,1.9202251434326172
2010-09-01,2.035991668701172
2010-09-02,2.0734283924102783
2010-09-03,2.128143787384033
2010-09-07,2.0809149742126465
2010-09-08,2.107985019683838
2010-09-09,2.1287193298339844
2010-09-10,2.1511824131011963
2010-09-13,2.1984100341796875
2010-09-14,2.1943795680999756
2010-09-15,2.211081027984619
2010-09-16,2.2093539237976074
2010-09-17,2.213961124420166
2010-09-20,2.279042959213257
2010-09-21,2.270263671875
2010-09-22,2.250044345855713
2010-09-23,2.2107622623443604
2010-09-24,2.300302267074585
2010-09-27,2.280660390853882
2010-09-28,2.297414541244507
2010-09-29,2.28643798828125
2010-09-30,2.274306058883667
2010-10-01,2.292792558670044
2010-10-04,2.257554054260254
2010-10-05,2.3494040966033936
2010-10-06,2.349982261657715
2010-10-07,2.344205856323242
2010-10-08,2.3690452575683594
2010-10-11,2.374244451522827
2010-10-12,2.3886866569519043
2010-10-13,2.4245033264160156
2010-10-14,2.409482717514038
2010-10-15,2.416414260864258
2010-10-18,2.4418323040008545
2010-10-19,2.373667001724243
2010-10-20,2.421613931655884
2010-10-21,2.431434392929077
2010-10-22,2.442410945892334
2010-10-25,2.4539642333984375
2010-10-26,2.4551191329956055
2010-10-27,2.4418323040008545
2010-10-28,2.445298194885254
2010-10-29,2.446453809738159
2010-11-01,2.4481866359710693
2010-11-02,2.486314058303833
2010-11-03,2.5082647800445557
2010-11-04,2.60300350189209
2010-11-05,2.623800277709961
2010-11-08,2.6151344776153564
2010-11-09,2.5752763748168945
2010-11-10,2.596071720123291
2010-11-11,2.575852870941162
2010-11-12,2.514620065689087
2010-11-15,2.5071091651916504
2010-11-16,2.4285457134246826
2010-11-17,2.429124116897583
2010-11-18,2.5042216777801514
2010-11-19,2.516352891921997
2010-11-22,2.5128865242004395
2010-11-23,2.4400992393493652
2010-11-24,2.5117316246032715
2010-11-26,2.457429885864258
2010-11-29,2.4689836502075195
2010-11-30,2.436633825302124
2010-12-01,2.5423479080200195
2010-12-02,2.6087803840637207
2010-12-03,2.6214897632598877
2010-12-06,2.6157124042510986
2010-12-07,2.619755983352661
2010-12-08,2.6405529975891113
2010-12-09,2.6590383052825928
2010-12-10,2.691965103149414
2010-12-13,2.6931209564208984
2010-12-14,2.698319673538208
2010-12-15,2.675213575363159
2010-12-16,2.702942132949829
2010-12-17,2.7104523181915283
2010-12-20,2.7214276790618896
2010-12-21,2.755509853363037
2010-12-22,2.7734174728393555
2010-12-23,2.767061948776245
2010-12-27,2.77052903175354
2010-12-28,2.775728940963745
2010-12-29,2.779773712158203
2010-12-30,2.7728402614593506
2010-12-31,2.7763071060180664
2011-01-03,2.829465389251709
2011-01-04,2.825420379638672
2011-01-05,2.854887008666992
2011-01-06,2.8444862365722656
2011-01-07,2.8335084915161133
2011-01-10,2.825997829437256
2011-01-11,2.845064401626587
2011-01-12,2.897644519805908
2011-01-13,2.8912880420684814
2011-01-14,2.9282665252685547
2011-01-18,2.939824104309082
2011-01-19,2.881465435028076
2011-01-20,2.8745317459106445
2011-01-21,2.8860883712768555
2011-01-24,2.9219119548797607
2011-01-25,2.9207563400268555
2011-01-26,2.9432899951934814
2011-01-27,2.9600465297698975
2011-01-28,2.8560423851013184
2011-01-31,2.896488904953003
2011-02-01,2.991823673248291
2011-02-02,2.9785351753234863
2011-02-03,2.9924025535583496
2011-02-04,3.0103142261505127
2011-02-07,3.0478708744049072
2011-02-08,3.0756049156188965
2011-02-09,3.0594265460968018
2011-02-10,3.063471794128418
2011-02-11,3.0992953777313232
2011-02-14,3.113738536834717
2011-02-15,3.0969839096069336
2011-02-16,3.131650686264038
2011-02-17,3.1524510383605957
2011-02-18,3.1651628017425537
2011-02-22,3.038626194000244
2011-02-23,2.998758316040039
2011-02-24,2.997025489807129
2011-02-25,3.0594265460968018
2011-02-28,3.0975608825683594
2011-03-01,2.99298095703125
2011-03-02,3.0056917667388916
2011-03-03,3.1085398197174072
2011-03-04,3.064049243927002
2011-03-07,3.0143582820892334
2011-03-08,3.065782308578491
2011-03-09,3.0582711696624756
2011-03-10,2.9450230598449707
2011-03-11,2.9860477447509766
2011-03-14,2.950223445892334
2011-03-15,2.88435435295105
2011-03-16,2.7751519680023193
2011-03-17,2.8444862365722656
2011-03-18,2.8675990104675293
2011-03-21,2.955425262451172
2011-03-22,2.934622287750244
2011-03-23,2.9534478187561035
2011-03-24,3.0084731578826904
2011-03-25,3.027588367462158
2011-03-28,3.0131072998046875
2011-03-29,3.054811477661133
2011-03-30,3.0930395126342773
2011-03-31,3.0855095386505127
2011-04-01,3.110417127609253
2011-04-04,3.1179473400115967
2011-04-05,3.1162097454071045
2011-04-06,3.1341652870178223
2011-04-07,3.122001886367798
2011-04-08,3.097095251083374
2011-04-11,3.0802979469299316
2011-04-12,3.032801628112793
2011-04-13,3.0310637950897217
2011-04-14,3.036276340484619
2011-04-15,3.0606043338775635
2011-04-18,2.988781213760376
2011-04-19,3.0223755836486816
2011-04-20,3.1052041053771973
2011-04-21,3.1359024047851562
2011-04-25,3.1330065727233887
2011-04-26,3.1857151985168457
2011-04-27,3.2262613773345947
2011-04-28,3.2500088214874268
2011-04-29,3.2627525329589844
2011-05-02,3.254063367843628
2011-05-03,3.227419137954712
2011-05-04,3.1845574378967285
2011-05-05,3.1289517879486084
2011-05-06,3.1544382572174072
2011-05-09,3.179924488067627
2011-05-10,3.234949827194214
2011-05-11,3.1683402061462402
2011-05-12,3.196141481399536
2011-05-13,3.1463284492492676
2011-05-16,3.1057825088500977
2011-05-17,3.1063618659973145
2011-05-18,3.1596508026123047
2011-05-19,3.1752898693084717
2011-05-20,3.1266345977783203
2011-05-23,3.053074359893799
2011-05-24,3.0484399795532227
2011-05-25,3.066396474838257
2011-05-26,3.0936198234558105
2011-05-27,3.1173675060272217
2011-05-31,3.1851367950439453
2011-06-01,3.0391719341278076
2011-06-02,3.0333809852600098
2011-06-03,2.9737205505371094
2011-06-06,2.9111649990081787
2011-06-07,2.905372381210327
2011-06-08,2.8810458183288574
2011-06-09,2.9244868755340576
2011-06-10,2.8439745903015137
2011-06-13,2.846292495727539
2011-06-14,2.919273853302002
2011-06-15,2.8167524337768555
2011-06-16,2.8271780014038086
2011-06-17,2.8457136154174805
2011-06-20,2.874094009399414
2011-06-21,2.950551748275757
2011-06-22,2.9164655208587646
2011-06-23,2.9019734859466553
2011-06-24,2.8341476917266846
2011-06-27,2.879944324493408
2011-06-28,2.9570443630218506
2011-06-29,3.0109567642211914
2011-06-30,3.066028118133545
2011-07-01,3.1564619541168213
2011-07-05,3.1512441635131836
2011-07-06,3.155881404876709
2011-07-07,3.2271835803985596
2011-07-08,3.1790692806243896
2011-07-11,3.0654478073120117
2011-07-12,3.0364644527435303
2011-07-13,3.0561745166778564
2011-07-14,3.016174077987671
2011-07-15,3.0492167472839355
2011-07-18,2.9976227283477783
2011-07-19,3.094433069229126
2011-07-20,3.0915346145629883
2011-07-21,3.177330493927002
2011-07-22,3.1813886165618896
2011-07-25,3.147766590118408
2011-07-26,3.1239984035491943
2011-07-27,2.9964640140533447
2011-07-28,2.97733473777771
2011-07-29,2.936755418777466
2011-08-01,2.9089300632476807
2011-08-02,2.76110577583313
2011-08-03,2.792410373687744
2011-08-04,2.529226303100586
2011-08-05,2.5176329612731934
2011-08-08,2.194159746170044
2011-08-09,2.3987936973571777
2011-08-10,2.17734956741333
2011-08-11,2.379084825515747
2011-08-12,2.4127070903778076
2011-08-15,2.5135746002197266
2011-08-16,2.471257209777832
2011-08-17,2.474156141281128
2011-08-18,2.2590866088867188
2011-08-19,2.187204360961914
2011-08-22,2.1877846717834473
2011-08-23,2.334447145462036
2011-08-24,2.3964757919311523
2011-08-25,2.3263323307037354
2011-08-26,2.3929965496063232
2011-08-29,2.53096604347229
2011-08-30,2.540241241455078
2011-08-31,2.560530185699463
2011-09-01,2.5141537189483643
2011-09-02,2.381983757019043
2011-09-06,2.3483598232269287
2011-09-07,2.4811112880706787
2011-09-08,2.428358793258667
2011-09-09,2.300245761871338
2011-09-12,2.3327085971832275
2011-09-13,2.3744471073150635
2011-09-14,2.4387929439544678
2011-09-15,2.523430109024048
2011-09-16,2.5547332763671875
2011-09-19,2.503140449523926
2011-09-20,2.4979233741760254
2011-09-21,2.3430192470550537
2011-09-22,2.197814464569092
2011-09-23,2.2181427478790283
2011-09-26,2.3290796279907227
2011-09-27,2.3813536167144775
2011-09-28,2.2820332050323486
2011-09-29,2.3203680515289307
2011-09-30,2.205366373062134
2011-10-03,2.080488920211792
2011-10-04,2.162384271621704
2011-10-05,2.250669479370117
2011-10-06,2.3314030170440674
2011-10-07,2.3023619651794434
2011-10-10,2.453956127166748
2011-10-11,2.456278085708618
2011-10-12,2.500420331954956
2011-10-13,2.4911282062530518
2011-10-14,2.577670097351074
2011-10-17,2.478931427001953
2011-10-18,2.5770885944366455
2011-10-19,2.5131993293762207
2011-10-20,2.5341079235076904
2011-10-21,2.6293623447418213
2011-10-24,2.6961562633514404
2011-10-25,2.5939319133758545
2011-10-26,2.6450448036193848
2011-10-27,2.8274216651916504
2011-10-28,2.8274216651916504
2011-10-31,2.6862831115722656
2011-11-01,2.541658639907837
2011-11-02,2.6223928928375244
2011-11-03,2.718809127807617
2011-11-04,2.6839592456817627
2011-11-07,2.7182273864746094
2011-11-08,2.7873451709747314
2011-11-09,2.57999324798584
2011-11-10,2.6287808418273926
2011-11-11,2.7310054302215576
2011-11-14,2.6781516075134277
2011-11-15,2.706611156463623
2011-11-16,2.621812343597412
2011-11-17,2.5341079235076904
2011-11-18,2.530042886734009
2011-11-21,2.4330458641052246
2011-11-22,2.41271710395813
2011-11-23,2.307589054107666
2011-11-25,2.295973300933838
2011-11-28,2.4295618534088135
2011-11-29,2.442920684814453
2011-11-30,2.644463539123535
2011-12-01,2.645625352859497
2011-12-02,2.642141103744507
2011-12-05,2.698479175567627
2011-12-06,2.7002227306365967
2011-12-07,2.714742660522461
2011-12-08,2.6014840602874756
2011-12-09,2.686863422393799
2011-12-12,2.6078720092773438
2011-12-13,2.5619869232177734
2011-12-14,2.5056488513946533
2011-12-15,2.5230727195739746
2011-12-16,2.529461145401001
2011-12-19,2.4771883487701416
2011-12-20,2.62471604347229
2011-12-21,2.6357510089874268
2011-12-22,2.685701370239258
2011-12-23,2.7303755283355713
2011-12-27,2.7338616847991943
2011-12-28,2.6682159900665283
2011-12-29,2.715852737426758
2011-12-30,2.6949386596679688
2012-01-03,2.7780120372772217
2012-01-04,2.784982919692993
2012-01-05,2.8024117946624756
2012-01-06,2.790792942047119
2012-01-09,2.7977640628814697
2012-01-10,2.8465614318847656
2012-01-11,2.8506288528442383
2012-01-12,2.8628275394439697
2012-01-13,2.844238042831421
2012-01-17,2.8523712158203125
2012-01-18,2.916273832321167
2012-01-19,2.9488065242767334
2012-01-20,2.9528725147247314
2012-01-23,2.9557766914367676
2012-01-24,2.949387788772583
2012-01-25,2.9981849193573
2012-01-26,2.9668145179748535
2012-01-27,2.9627487659454346
2012-01-30,2.944740056991577
2012-01-31,2.93660569190979
2012-02-01,2.9888904094696045
2012-02-02,3.0010902881622314
2012-02-03,3.087648391723633
2012-02-06,3.083001136779785
2012-02-07,3.096362590789795
2012-02-08,3.1155333518981934
2012-02-09,3.1230852603912354
2012-02-10,3.0806772708892822
2012-02-13,3.12018084526062
2012-02-14,3.11785626411438
2012-02-15,3.0870673656463623
2012-02-16,3.1503896713256836
2012-02-17,3.168978691101074
2012-02-21,3.1747887134552
2012-02-22,3.1527130603790283
2012-02-23,3.18001651763916
2012-02-24,3.1939597129821777
2012-02-27,3.207901954650879
2012-02-28,3.2241671085357666
2012-02-29,3.184663772583008
2012-03-01,3.2340428829193115
2012-03-02,3.21429181098938
2012-03-05,3.1887314319610596
2012-03-06,3.0911343097686768
2012-03-07,3.133542537689209
2012-03-08,3.1957008838653564
2012-03-09,3.2195193767547607
2012-03-12,3.221843719482422
2012-03-13,3.3397722244262695
2012-03-14,3.331639528274536
2012-03-15,3.3664956092834473
2012-03-16,3.3798561096191406
2012-03-19,3.4054181575775146
2012-03-20,3.3856663703918457
2012-03-21,3.3726818561553955
2012-03-22,3.32493257522583
2012-03-23,3.3464770317077637
2012-03-26,3.43906307220459
2012-03-27,3.418682813644409
2012-03-28,3.3849098682403564
2012-03-29,3.372098684310913
2012-03-30,3.3983023166656494
2012-04-02,3.4477977752685547
2012-04-03,3.4239237308502197
2012-04-04,3.3493895530700684
2012-04-05,3.3499715328216553
2012-04-09,3.277766466140747
2012-04-10,3.163053274154663
2012-04-11,3.209636688232422
2012-04-12,3.301640272140503
2012-04-13,3.2183713912963867
2012-04-16,3.21254825592041
2012-04-17,3.3115386962890625
2012-04-18,3.28824782371521
2012-04-19,3.2498154640197754
2012-04-20,3.2573862075805664
2012-04-23,3.2003207206726074
2012-04-24,3.2265238761901855
2012-04-25,3.3173625469207764
2012-04-26,3.361035108566284
2012-04-27,3.3744280338287354
2012-04-30,3.3435657024383545
2012-05-01,3.3854918479919434
2012-05-02,3.3668582439422607
2012-05-03,3.3161981105804443
2012-05-04,3.209054946899414
2012-05-07,3.2113852500915527
2012-05-08,3.187509775161743
2012-05-09,3.1473309993743896
2012-05-10,3.1589772701263428
2012-05-11,3.142090082168579
2012-05-14,3.072796106338501
2012-05-15,3.0396058559417725
2012-05-16,3.0151491165161133
2012-05-17,2.92372727394104
2012-05-18,2.8719027042388916
2012-05-21,2.9714767932891846
2012-05-22,2.9819583892822266
2012-05-23,2.9877817630767822
2012-05-24,2.99942684173584
2012-05-25,2.977299928665161
2012-05-29,3.0506694316864014
2012-05-30,2.960994243621826
2012-05-31,2.9633243083953857
2012-06-01,2.7991158962249756
2012-06-04,2.7991158962249756
2012-06-05,2.835801362991333
2012-06-06,2.967400074005127
2012-06-07,2.967400074005127
2012-06-08,3.0174789428710938
2012-06-11,2.942361354827881
2012-06-12,3.0093257427215576
2012-06-13,2.9691474437713623
2012-06-14,3.0308711528778076
2012-06-15,3.092013359069824
2012-06-18,3.104823112487793
2012-06-19,3.1677122116088867
2012-06-20,3.1571030616760254
2012-06-21,3.014286756515503
2012-06-22,3.0556743144989014
2012-06-25,2.9612417221069336
2012-06-26,2.9909708499908447
2012-06-27,3.0445988178253174
2012-06-28,3.0282773971557617
2012-06-29,3.1786696910858154
2012-07-02,3.197324752807617
2012-07-03,3.2410428524017334
2012-07-05,3.2113137245178223
2012-07-06,3.14835786819458
2012-07-09,3.139031171798706
2012-07-10,3.0894827842712402
2012-07-11,3.088899612426758
2012-07-12,3.060337543487549
2012-07-13,3.1541872024536133
2012-07-16,3.1448609828948975
2012-07-17,3.18683123588562
2012-07-18,3.232881546020508
2012-07-19,3.249204635620117
2012-07-20,3.1914944648742676
2012-07-23,3.129122495651245
2012-07-24,3.0795741081237793
2012-07-25,3.0731618404388428
2012-07-26,3.1705093383789062
2012-07-27,3.294088840484619
2012-07-30,3.2911746501922607
2012-07-31,3.2591123580932617
2012-08-01,3.241626501083374
2012-08-02,3.197906255722046
2012-08-03,3.321485757827759
2012-08-06,3.3331446647644043
2012-08-07,3.3652055263519287
2012-08-08,3.3756978511810303
2012-08-09,3.3832767009735107
2012-08-10,3.393185615539551
2012-08-13,3.393185615539551
2012-08-14,3.390270471572876
2012-08-15,3.3937695026397705
2012-08-16,3.4468140602111816
2012-08-17,3.4578895568847656
2012-08-20,3.4578895568847656
2012-08-21,3.4351561069488525
2012-08-22,3.4369046688079834
2012-08-23,3.382692813873291
2012-08-24,3.423497438430786
2012-08-27,3.423497438430786
2012-08-28,3.419416904449463
2012-08-29,3.421748161315918
2012-08-30,3.3739497661590576
2012-08-31,3.4095077514648438
2012-09-04,3.386772871017456
2012-09-05,3.3908543586730957
2012-09-06,3.529006242752075
2012-09-07,3.559901475906372
2012-09-10,3.517930507659912
2012-09-11,3.53658390045166
2012-09-12,3.559901475906372
2012-09-13,3.6724042892456055
2012-09-14,3.6998016834259033
2012-09-17,3.6782338619232178
2012-09-18,3.6741533279418945
2012-09-19,3.6741533279418945
2012-09-20,3.675902843475342
2012-09-21,3.6700727939605713
2012-09-24,3.6578316688537598
2012-09-25,3.589968204498291
2012-09-26,3.5432469844818115
2012-09-27,3.610992908477783
2012-09-28,3.575368642807007
2012-10-01,3.5952260494232178
2012-10-02,3.6010653972625732
2012-10-03,3.630265712738037
2012-10-04,3.6875
2012-10-05,3.682827949523926
2012-10-08,3.6571314334869385
2012-10-09,3.587632894515991
2012-10-10,3.542078733444214
2012-10-11,3.5432469844818115
2012-10-12,3.520470142364502
2012-10-15,3.575368642807007
2012-10-16,3.6483712196350098
2012-10-17,3.6845803260803223
2012-10-18,3.6670587062835693
2012-10-19,3.5409111976623535
2012-10-22,3.54266357421875
2012-10-23,3.443964719772339
2012-10-24,3.4264438152313232
2012-10-25,3.4422121047973633
2012-10-26,3.4381237030029297
2012-10-31,3.427027702331543
2012-11-01,3.5117108821868896
2012-11-02,3.4474680423736572
2012-11-05,3.462069034576416
2012-11-06,3.5134620666503906
2012-11-07,3.358696699142456
2012-11-08,3.273430109024048
2012-11-09,3.2798542976379395
2012-11-12,3.2851107120513916
2012-11-13,3.2646701335906982
2012-11-14,3.1758992671966553
2012-11-15,3.1636343002319336
2012-11-16,3.191667318344116
2012-11-19,3.321319580078125
2012-11-20,3.329495906829834
2012-11-21,3.3411760330200195
2012-11-23,3.4299473762512207
2012-11-26,3.4200191497802734
2012-11-27,3.3873143196105957
2012-11-28,3.432283878326416
2012-11-29,3.4690773487091064
2012-11-30,3.459148645401001
2012-12-03,3.432283878326416
2012-12-04,3.4223549365997314
2012-12-05,3.436955451965332
2012-12-06,3.4556450843811035
2012-12-07,3.4813408851623535
2012-12-10,3.4836764335632324
2012-12-11,3.5298147201538086
2012-12-12,3.5333192348480225
2012-12-13,3.4947731494903564
2012-12-14,3.4655725955963135
2012-12-17,3.544999122619629
2012-12-18,3.6267614364624023
2012-12-19,3.570112466812134
2012-12-20,3.612746000289917
2012-12-21,3.5461668968200684
2012-12-24,3.5239741802215576
2012-12-26,3.491325855255127
2012-12-27,3.48840069770813
2012-12-28,3.4111664295196533
2012-12-31,3.5311124324798584
2013-01-02,3.703134536743164
2013-01-03,3.684995412826538
2013-01-04,3.7171764373779297
2013-01-07,3.6996231079101562
2013-01-08,3.6773886680603027
2013-01-09,3.6978681087493896
2013-01-10,3.7522823810577393
2013-01-11,3.755208969116211
2013-01-14,3.746431350708008
2013-01-15,3.7528676986694336
2013-01-16,3.7516984939575195
2013-01-17,3.799091339111328
2013-01-18,3.817814350128174
2013-01-22,3.8576014041900635
2013-01-23,3.8687193393707275
2013-01-24,3.8716437816619873
2013-01-25,3.9172818660736084
2013-01-28,3.909675359725952
2013-01-29,3.937760829925537
2013-01-30,3.907921314239502
2013-01-31,3.8938775062561035
2013-02-01,3.964092254638672
2013-02-04,3.8786675930023193
2013-02-05,3.95706844329834
2013-02-06,3.961749792098999
2013-02-07,3.953559160232544
2013-02-08,3.9933459758758545
2013-02-11,3.9927620887756348
2013-02-12,4.0056328773498535
2013-02-13,4.013240814208984
2013-02-14,4.022017478942871
2013-02-15,4.012655735015869
2013-02-19,4.068825721740723
2013-02-20,3.9664318561553955
2013-02-21,3.9207937717437744
2013-02-22,3.9951021671295166
2013-02-25,3.8482396602630615
2013-02-26,3.8968045711517334
2013-02-27,3.9945151805877686
2013-02-28,3.9781334400177
2013-03-01,4.003876209259033
2013-03-04,4.045419692993164
2013-03-05,4.119144439697266
2013-03-06,4.132602691650391
2013-03-07,4.150156497955322
2013-03-08,4.184675693511963
2013-03-11,4.213931560516357
2013-03-12,4.1946234703063965
2013-03-13,4.203984260559082
2013-03-14,4.2490386962890625
2013-03-15,4.237921714782715
2013-03-18,4.193452835083008
2013-03-19,4.172389507293701
2013-03-20,4.226358890533447
2013-03-21,4.158458709716797
2013-03-22,4.221090793609619
2013-03-25,4.192407608032227
2013-03-26,4.256213665008545
2013-03-27,4.252115726470947
2013-03-28,4.272017478942871
2013-04-01,4.245676040649414
2013-04-02,4.288994789123535
2013-04-03,4.201188087463379
2013-04-04,4.235724925994873
2013-04-05,4.197091579437256
2013-04-08,4.25504207611084
2013-04-09,4.281970024108887
2013-04-10,4.390264511108398
2013-04-11,4.417774677276611
2013-04-12,4.394944667816162
2013-04-15,4.1929931640625
2013-04-16,4.312408447265625
2013-04-17,4.185970306396484
2013-04-18,4.1327009201049805
2013-04-19,4.20060396194458
2013-04-22,4.245676040649414
2013-04-23,4.332310676574707
2013-04-24,4.343432903289795
2013-04-25,4.373871803283691
2013-04-26,4.35748291015625
2013-04-29,4.412506580352783
2013-04-30,4.43709135055542
2013-05-01,4.35689640045166
2013-05-02,4.435335159301758
2013-05-03,4.521971225738525
2013-05-06,4.5529937744140625
2013-05-07,4.596899032592773
2013-05-08,4.639044284820557
2013-05-09,4.616214752197266
2013-05-10,4.6448974609375
2013-05-13,4.650752067565918
2013-05-14,4.748508453369141
2013-05-15,4.79826545715332
2013-05-16,4.753191947937012
2013-05-17,4.846264839172363
2013-05-20,4.843337535858154
2013-05-21,4.860312461853027
2013-05-22,4.777192115783691
2013-05-23,4.7602152824401855
2013-05-24,4.747337818145752
2013-05-28,4.800019264221191
2013-05-29,4.743825912475586
2013-05-30,4.776604652404785
2013-05-31,4.639044284820557
2013-06-03,4.68821382522583
2013-06-04,4.6478271484375
2013-06-05,4.513775825500488
2013-06-06,4.593386650085449
2013-06-07,4.70753288269043
2013-06-10,4.70753288269043
2013-06-11,4.615046501159668
2013-06-12,4.5407023429870605
2013-06-13,4.675337314605713
2013-06-14,4.616214752197266
2013-06-17,4.687042713165283
2013-06-18,4.75728702545166
2013-06-19,4.629679203033447
2013-06-20,4.400799751281738
2013-06-21,4.424799919128418
2013-06-24,4.315337181091309
2013-06-25,4.3984575271606445
2013-06-26,4.48181676864624
2013-06-27,4.533949375152588
2013-06-28,4.49470329284668
2013-07-01,4.545079708099365
2013-07-02,4.533949375152588
2013-07-03,4.544493675231934
2013-07-05,4.644075870513916
2013-07-08,4.695039749145508
2013-07-09,4.764162063598633
2013-07-10,4.766505241394043
2013-07-11,4.897134304046631
2013-07-12,4.895965099334717
2013-07-15,4.9422407150268555
2013-07-16,4.900648593902588
2013-07-17,4.927009105682373
2013-07-18,4.97973108291626
2013-07-19,5.000816345214844
2013-07-22,5.0183916091918945
2013-07-23,4.997303485870361
2013-07-24,4.959813117980957
2013-07-25,4.97914457321167
2013-07-26,4.989687919616699
2013-07-29,4.960983753204346
2013-07-30,4.962154865264893
2013-07-31,4.962742805480957
2013-08-01,5.082241535186768
2013-08-02,5.100399971008301
2013-08-05,5.086342811584473
2013-08-06,5.031864643096924
2013-08-07,4.997303485870361
2013-08-08,5.024835586547852
2013-08-09,4.998475074768066
2013-08-12,4.987932205200195
2013-08-13,5.019562244415283
2013-08-14,4.970355987548828
2013-08-15,4.8227410316467285
2013-08-16,4.796967029571533
2013-08-19,4.734872817993164
2013-08-20,4.778221130371094
2013-08-21,4.719642162322998
2013-08-22,4.803995609283447
2013-08-23,4.835628509521484
2013-08-26,4.802824020385742
2013-08-27,4.645249366760254
2013-08-28,4.676881790161133
2013-08-29,4.692697048187256
2013-08-30,4.661064624786377
2013-09-03,4.702654838562012
2013-09-04,4.7829060554504395
2013-09-05,4.7887654304504395
2013-09-06,4.79579496383667
2013-09-09,4.893033981323242
2013-09-10,4.963328838348389
2013-09-11,4.992617130279541
2013-09-12,4.97152853012085
2013-09-13,4.987932205200195
2013-09-16,5.049436092376709
2013-09-17,5.0933732986450195
2013-09-18,5.210526943206787
2013-09-19,5.194711208343506
2013-09-20,5.116216659545898
2013-09-23,5.075211048126221
2013-09-24,5.048266887664795
2013-09-25,5.023990154266357
2013-09-26,5.055654048919678
2013-09-27,5.0134358406066895
2013-09-30,4.963008403778076
2013-10-01,5.036890983581543
2013-10-02,5.020473003387451
2013-10-03,4.937209606170654
2013-10-04,5.0052289962768555
2013-10-07,4.922548770904541
2013-10-08,4.807621002197266
2013-10-09,4.808207035064697
2013-10-10,5.015781402587891
2013-10-11,5.083214282989502
2013-10-14,5.126018047332764
2013-10-15,5.0521368980407715
2013-10-16,5.190518379211426
2013-10-17,5.26029634475708
2013-10-18,5.330074787139893
2013-10-21,5.330660343170166
2013-10-22,5.3904709815979
2013-10-23,5.342974662780762
2013-10-24,5.380502223968506
2013-10-25,5.422719955444336
2013-10-28,5.443828582763672
2013-10-29,5.503052711486816
2013-10-30,5.446174144744873
2013-10-31,5.4133381843566895
2013-11-01,5.434447765350342
2013-11-04,5.476666450500488
2013-11-05,5.4455885887146
2013-11-06,5.497188568115234
2013-11-07,5.3570475578308105
2013-11-08,5.4995341300964355
2013-11-11,5.503052711486816
2013-11-12,5.480184555053711
2013-11-13,5.56931209564209
2013-11-14,5.6273627281188965
2013-11-15,5.674272537231445
2013-11-18,5.636157512664795
2013-11-19,5.608011245727539
2013-11-20,5.576934337615967
2013-11-21,5.664888858795166
2013-11-22,5.717077732086182
2013-11-25,5.7153167724609375
2013-11-26,5.711796283721924
2013-11-27,5.734668254852295
2013-11-29,5.725872039794922
2013-12-02,5.7041778564453125
2013-12-03,5.658439636230469
2013-12-04,5.6467108726501465
2013-12-05,5.60038948059082
2013-12-06,5.726456642150879
2013-12-09,5.751084804534912
2013-12-10,5.71004056930542
2013-12-11,5.581624984741211
2013-12-12,5.548202037811279
2013-12-13,5.543511390686035
2013-12-16,5.613289833068848
2013-12-17,5.571072101593018
2013-12-18,5.759881496429443
2013-12-19,5.758121013641357
2013-12-20,5.816171646118164
2013-12-23,5.881258010864258
2013-12-24,5.9084930419921875
2013-12-26,5.968356132507324
2013-12-27,5.967769622802734
2013-12-30,5.961901664733887
2013-12-31,6.019418239593506
2014-01-02,5.903797626495361
2014-01-03,5.896165370941162
2014-01-06,5.869167804718018
2014-01-07,5.9366631507873535
2014-01-08,5.939012050628662
2014-01-09,5.94840145111084
2014-01-10,5.974225997924805
2014-01-13,5.820454120635986
2014-01-14,5.943707466125488
2014-01-15,6.012374401092529
2014-01-16,5.992420196533203
2014-01-17,5.941945552825928
2014-01-21,5.974812030792236
2014-01-22,5.986551284790039
2014-01-23,5.88970947265625
2014-01-24,5.636162281036377
2014-01-27,5.576296329498291
2014-01-28,5.64379358291626
2014-01-29,5.5357985496521
2014-01-30,5.654356002807617
2014-01-31,5.583926200866699
2014-02-03,5.328031539916992
2014-02-04,5.40609073638916
2014-02-05,5.393764972686768
2014-02-06,5.531103134155273
2014-02-07,5.674311637878418
2014-02-10,5.691332817077637
2014-02-11,5.816345691680908
2014-02-12,5.825149059295654
2014-02-13,5.883254528045654
2014-02-14,5.947229862213135
2014-02-18,5.964249134063721
2014-02-19,5.885601043701172
2014-02-20,5.947814464569092
2014-02-21,5.937838077545166
2014-02-24,5.9971184730529785
2014-02-25,5.998291015625
2014-02-26,5.996528625488281
2014-02-27,6.061676025390625
2014-02-28,6.089848518371582
2014-03-03,6.005920886993408
2014-03-04,6.180233955383301
2014-03-05,6.179059982299805
2014-03-06,6.214860916137695
2014-03-07,6.216624736785889
2014-03-10,6.215449333190918
2014-03-11,6.151473522186279
2014-03-12,6.154410362243652
2014-03-13,6.015896797180176
2014-03-14,5.980682373046875
2014-03-17,6.085153579711914
2014-03-18,6.174951076507568
2014-03-19,6.115085124969482
2014-03-20,6.176711559295654
2014-03-21,6.130932807922363
2014-03-24,6.081631660461426
2014-03-25,6.139736652374268
2014-03-26,6.0487380027771
2014-03-27,6.028777599334717
2014-03-28,6.079267978668213
2014-03-31,6.182592868804932
2014-04-01,6.261850833892822
2014-04-02,6.304705619812012
2014-04-03,6.290618419647217
2014-04-04,6.14208459854126
2014-04-07,6.005294322967529
2014-04-08,6.0516743659973145
2014-04-09,6.1831817626953125
2014-04-10,5.9207539558410645
2014-04-11,5.815664291381836
2014-04-14,5.906076431274414
2014-04-15,5.990617275238037
2014-04-16,6.108621597290039
2014-04-17,6.126821041107178
2014-04-21,6.173786640167236
2014-04-22,6.224276065826416
2014-04-23,6.201966285705566
2014-04-24,6.221928119659424
2014-04-25,6.1232991218566895
2014-04-28,6.160284042358398
2014-04-29,6.213709354400635
2014-04-30,6.258915901184082
2014-05-01,6.2524566650390625
2014-05-02,6.23601770401001
2014-05-05,6.260674953460693
2014-05-06,6.153237819671631
2014-05-07,6.222516059875488
2014-05-08,6.207839488983154
2014-05-09,6.2301483154296875
2014-05-12,6.348151206970215
2014-05-13,6.357544422149658
2014-05-14,6.30001163482666
2014-05-15,6.187877655029297
2014-05-16,6.233670234680176
2014-05-19,6.27770471572876
2014-05-20,6.1908135414123535
2014-05-21,6.297664165496826
2014-05-22,6.330539703369141
2014-05-23,6.382203578948975
2014-05-27,6.460873126983643
2014-05-28,6.449131011962891
2014-05-29,6.5172319412231445
2014-05-30,6.534844875335693
2014-06-02,6.550694942474365
2014-06-03,6.545999526977539
2014-06-04,6.573005676269531
2014-06-05,6.655198574066162
2014-06-06,6.7197771072387695
2014-06-09,6.734454154968262
2014-06-10,6.736801624298096
2014-06-11,6.689836025238037
2014-06-12,6.594729423522949
2014-06-13,6.633477687835693
2014-06-16,6.642281532287598
2014-06-17,6.677506446838379
2014-06-18,6.776137351989746
2014-06-19,6.794924736022949
2014-06-20,6.819582462310791
2014-06-23,6.817819595336914
2014-06-24,6.733280181884766
2014-06-25,6.792094707489014
2014-06-26,6.7815165519714355
2014-06-27,6.80854606628418
2014-06-30,6.802670001983643
2014-07-01,6.892567157745361
2014-07-02,6.905491352081299
2014-07-03,6.978935241699219
2014-07-07,6.926642894744873
2014-07-08,6.834985733032227
2014-07-09,6.897852897644043
2014-07-10,6.843211650848389
2014-07-11,6.860249996185303
2014-07-14,6.929582595825195
2014-07-15,6.905491352081299
2014-07-16,6.95660924911499
2014-07-17,6.7967939376831055
2014-07-18,6.934280872344971
2014-07-21,6.905491352081299
2014-07-22,6.966009140014648
2014-07-23,6.998913764953613
2014-07-24,6.997150421142578
2014-07-25,6.932518005371094
2014-07-28,6.9360456466674805
2014-07-29,6.876701354980469
2014-07-30,6.881401538848877
2014-07-31,6.6070170402526855
2014-08-01,6.567648887634277
2014-08-04,6.65930700302124
2014-08-05,6.530045509338379
2014-08-06,6.531808853149414
2014-08-07,6.460714817047119
2014-08-08,6.611128330230713
2014-08-11,6.647557258605957
2014-08-12,6.629929542541504
2014-08-13,6.72335147857666
2014-08-14,6.783868789672852
2014-08-15,6.782105922698975
2014-08-18,6.8949151039123535
2014-08-19,6.964834213256836
2014-08-20,7.0036115646362305
2014-08-21,7.04180383682251
2014-08-22,7.020063877105713
2014-08-25,7.092919826507568
2014-08-26,7.104082107543945
2014-08-27,7.098207473754883
2014-08-28,7.087045192718506
2014-08-29,7.126998424530029
2014-09-02,7.11936092376709
2014-09-03,7.114658355712891
2014-09-04,7.089395523071289
2014-09-05,7.155789375305176
2014-09-08,7.118187427520752
2014-09-09,7.030053615570068
2014-09-10,7.081169128417969
2014-09-11,7.092919826507568
2014-09-12,7.012425422668457
2014-09-15,6.999499797821045
2014-09-16,7.107609748840332
2014-09-17,7.123472213745117
2014-09-18,7.199267864227295
2014-09-19,7.185755729675293
2014-09-22,7.077056407928467
2014-09-23,6.997150421142578
2014-09-24,7.106598854064941
2014-09-25,6.872064113616943
2014-09-26,6.985510349273682
2014-09-29,6.957884788513184
2014-09-30,6.917913436889648
2014-10-01,6.735691547393799
2014-10-02,6.735105037689209
2014-10-03,6.8826446533203125
2014-10-06,6.865009784698486
2014-10-07,6.656927108764648
2014-10-08,6.886170864105225
2014-10-09,6.610489845275879
2014-10-10,6.462949752807617
2014-10-13,6.247811794281006
2014-10-14,6.27543830871582
2014-10-15,6.17727518081665
2014-10-16,6.167283535003662
2014-10-17,6.317760467529297
2014-10-20,6.44061279296875
2014-10-21,6.69513463973999
2014-10-22,6.602259159088135
2014-10-23,6.7515645027160645
2014-10-24,6.849728107452393
2014-10-27,6.789183139801025
2014-10-28,6.99080228805542
2014-10-29,6.973756313323975
2014-10-30,7.062513828277588
2014-10-31,7.220634460449219
2014-11-03,7.228275299072266
2014-11-04,7.181839466094971
2014-11-05,7.272362232208252
2014-11-06,7.331142425537109
2014-11-07,7.342310905456543
2014-11-10,7.386396884918213
2014-11-11,7.400505065917969
2014-11-12,7.387570858001709
2014-11-13,7.398739337921143
2014-11-14,7.40520715713501
2014-11-17,7.414610862731934
2014-11-18,7.499256134033203
2014-11-19,7.472803592681885
2014-11-20,7.5016069412231445
2014-11-21,7.576846599578857
2014-11-24,7.6256327629089355
2014-11-25,7.617990970611572
2014-11-26,7.65208625793457
2014-11-28,7.6203460693359375
2014-12-01,7.513363838195801
2014-12-02,7.604473114013672
2014-12-03,7.667370319366455
2014-12-04,7.646207809448242
2014-12-05,7.676185131072998
2014-12-08,7.572143077850342
2014-12-09,7.558624744415283
2014-12-10,7.318798542022705
2014-12-11,7.385220527648926
2014-12-12,7.153036117553711
2014-12-15,7.046643257141113
2014-12-16,6.935547351837158
2014-12-17,7.215932846069336
2014-12-18,7.570380687713623
2014-12-19,7.632100582122803
2014-12-22,7.699472427368164
2014-12-23,7.724793434143066
2014-12-24,7.724206924438477
2014-12-26,7.776620864868164
2014-12-29,7.790753364562988
2014-12-30,7.711249351501465
2014-12-31,7.556365489959717
2015-01-02,7.546354293823242
2015-01-05,7.2713303565979
2015-01-06,7.140592575073242
2015-01-07,7.318444728851318
2015-01-08,7.575799942016602
2015-01-09,7.4450602531433105
2015-01-12,7.330222129821777
2015-01-13,7.292532444000244
2015-01-14,7.201837539672852
2015-01-15,7.071099758148193
2015-01-16,7.251896858215332
2015-01-20,7.285462856292725
2015-01-21,7.357311725616455
2015-01-22,7.576388835906982
2015-01-23,7.490996360778809
2015-01-26,7.5275092124938965
2015-01-27,7.3296332359313965
2015-01-28,7.138824462890625
2015-01-29,7.275453090667725
2015-01-30,7.091712951660156
2015-02-02,7.260141372680664
2015-02-03,7.471561431884766
2015-02-04,7.415026664733887
2015-02-05,7.5716776847839355
2015-02-06,7.523975849151611
2015-02-09,7.455660820007324
2015-02-10,7.6111345291137695
2015-02-11,7.623501300811768
2015-02-12,7.768372535705566
2015-02-13,7.83197546005249
2015-02-17,7.862011909484863
2015-02-18,7.860246181488037
2015-02-19,7.851411819458008
2015-02-20,7.941515922546387
2015-02-23,7.9391608238220215
2015-02-24,7.985684871673584
2015-02-25,7.966838836669922
2015-02-26,7.949759483337402
2015-02-27,7.900289535522461
2015-03-02,7.9956955909729
2015-03-03,7.927971363067627
2015-03-04,7.864365100860596
2015-03-05,7.878500461578369
2015-03-06,7.658246994018555
2015-03-09,7.721260070800781
2015-03-10,7.468616962432861
2015-03-11,7.436227798461914
2015-03-12,7.622323036193848
2015-03-13,7.532809734344482
2015-03-16,7.731861114501953
2015-03-17,7.681805610656738
2015-03-18,7.864955425262451
2015-03-19,7.791932106018066
2015-03-20,7.929738521575928
2015-03-23,7.904414653778076
2015-03-24,7.808420658111572
2015-03-25,7.5851616859436035
2015-03-26,7.550350666046143
2015-03-27,7.580441474914551
2015-03-30,7.76688289642334
2015-03-31,7.628822326660156
2015-04-01,7.578670978546143
2015-04-02,7.623513221740723
2015-04-06,7.729711532592773
2015-04-07,7.693133354187012
2015-04-08,7.739744663238525
2015-04-09,7.809956073760986
2015-04-10,7.8907856941223145
2015-04-13,7.822934150695801
2015-04-14,7.850666046142578
2015-04-15,7.920286178588867
2015-04-16,7.914977550506592
2015-04-17,7.733255386352539
2015-04-20,7.874857425689697
2015-04-21,7.85538387298584
2015-04-22,7.931496620178223
2015-04-23,7.9710283279418945
2015-04-24,8.007017135620117
2015-04-27,7.939756870269775
2015-04-28,7.991087436676025
2015-04-29,7.923234462738037
2015-04-30,7.769244194030762
2015-05-01,7.932677745819092
2015-05-04,7.983415126800537
2015-05-05,7.797564506530762
2015-05-06,7.730895519256592
2015-05-07,7.791663646697998
2015-05-08,7.999349117279053
2015-05-11,7.91910982131958
2015-05-12,7.871905326843262
2015-05-13,7.8766279220581055
2015-05-14,8.038881301879883
2015-05-15,8.0565824508667
2015-05-18,8.104371070861816
2015-05-19,8.097881317138672
2015-05-20,8.08666706085205
2015-05-21,8.13623046875
2015-05-22,8.098470687866211
2015-05-26,7.9261860847473145
2015-05-27,8.066608428955078
2015-05-28,8.052450180053711
2015-05-29,7.948606014251709
2015-06-01,7.981649398803711
2015-06-02,7.969848155975342
2015-06-03,8.014687538146973
2015-06-04,7.886064052581787
2015-06-05,7.850666046142578
2015-06-08,7.749185085296631
2015-06-09,7.749185085296631
2015-06-10,7.929727077484131
2015-06-11,7.9792890548706055
2015-06-12,7.863647937774658
2015-06-15,7.789302825927734
2015-06-16,7.875448226928711
2015-06-17,7.901408672332764
2015-06-18,8.059528350830078
2015-06-19,7.9674859046936035
2015-06-22,8.07958984375
2015-06-23,8.08666706085205
2015-06-24,7.968298435211182
2015-06-25,7.917494773864746
2015-06-26,7.918683052062988
2015-06-29,7.596167087554932
2015-06-30,7.6233391761779785
2015-07-01,7.736751556396484
2015-07-02,7.724937915802002
2015-07-06,7.678862571716309
2015-07-07,7.7674641609191895
2015-07-08,7.514655113220215
2015-07-09,7.537097930908203
2015-07-10,7.72966194152832
2015-07-13,7.899777412414551
2015-07-14,7.971843719482422
2015-07-15,7.964752197265625
2015-07-16,8.085250854492188
2015-07-17,8.101794242858887
2015-07-20,8.11124038696289
2015-07-21,8.043904304504395
2015-07-22,8.00964641571045
2015-07-23,7.928131103515625
2015-07-24,7.7591962814331055
2015-07-27,7.669412136077881
2015-07-28,7.853704929351807
2015-07-29,7.963571071624756
2015-07-30,7.968298435211182
2015-07-31,7.944672584533691
2015-08-03,7.887962341308594
2015-08-04,7.854885578155518
2015-08-05,7.9139556884765625
2015-08-06,7.793455600738525
2015-08-07,7.754469871520996
2015-08-10,7.9458513259887695
2015-08-11,7.798181533813477
2015-08-12,7.815903663635254
2015-08-13,7.800543785095215
2015-08-14,7.854885578155518
2015-08-17,7.944672584533691
2015-08-18,7.896233081817627
2015-08-19,7.771008014678955
2015-08-20,7.448497295379639
2015-08-21,6.984221935272217
2015-08-24,6.4065351486206055
2015-08-25,6.252956867218018
2015-08-26,6.737316608428955
2015-08-27,7.064554214477539
2015-08-28,7.0633721351623535
2015-08-31,6.953505992889404
2015-09-01,6.531759262084961
2015-09-02,6.784571170806885
2015-09-03,6.795201778411865
2015-09-04,6.589645862579346
2015-09-08,6.926334857940674
2015-09-09,6.733772277832031
2015-09-10,6.805835247039795
2015-09-11,6.866086006164551
2015-09-14,6.816469192504883
2015-09-15,6.986583709716797
2015-09-16,7.111807346343994
2015-09-17,7.07636833190918
2015-09-18,6.847182750701904
2015-09-21,6.912158012390137
2015-09-22,6.738496780395508
2015-09-23,6.708966255187988
2015-09-24,6.671159744262695
2015-09-25,6.661707878112793
2015-09-28,6.325020790100098
2015-09-29,6.333291530609131
2015-09-30,6.568382263183594
2015-10-01,6.60618257522583
2015-10-02,6.802291393280029
2015-10-05,7.042108535766602
2015-10-06,6.993673324584961
2015-10-07,7.1082658767700195
2015-10-08,7.237035274505615
2015-10-09,7.244121551513672
2015-10-12,7.257115840911865
2015-10-13,7.168514728546143
2015-10-14,7.092906951904297
2015-10-15,7.315003871917725
2015-10-16,7.374070644378662
2015-10-19,7.382341384887695
2015-10-20,7.365801811218262
2015-10-21,7.2807416915893555
2015-10-22,7.517016410827637
2015-10-23,7.690676212310791
2015-10-26,7.652873992919922
2015-10-27,7.618613243103027
2015-10-28,7.792273998260498
2015-10-29,7.7863664627075195
2015-10-30,7.714303493499756
2015-11-02,7.893868446350098
2015-11-03,7.941125392913818
2015-11-04,7.896233081817627
2015-11-05,7.878511905670166
2015-11-06,7.872609615325928
2015-11-09,7.726119041442871
2015-11-10,7.752109527587891
2015-11-11,7.697765350341797
2015-11-12,7.483936786651611
2015-11-13,7.313821792602539
2015-11-16,7.5347371101379395
2015-11-17,7.518198013305664
2015-11-18,7.763922691345215
2015-11-19,7.749746322631836
2015-11-20,7.806447505950928
2015-11-23,7.789912223815918
2015-11-24,7.807631969451904
2015-11-25,7.80881404876709
2015-11-27,7.821808338165283
2015-11-30,7.760377883911133
2015-12-01,7.90686559677124
2015-12-02,7.743836879730225
2015-12-03,7.522924900054932
2015-12-04,7.81708288192749
2015-12-07,7.721391677856445
2015-12-08,7.619793891906738
2015-12-09,7.499297618865967
2015-12-10,7.538280963897705
2015-12-11,7.23821496963501
2015-12-14,7.319728851318359
2015-12-15,7.4756693840026855
2015-12-16,7.688315391540527
2015-12-17,7.463855266571045
2015-12-18,7.181509494781494
2015-12-21,7.303189754486084
2015-12-22,7.436392307281494
2015-12-23,7.617709159851074
2015-12-24,7.586897373199463
2015-12-28,7.563196659088135
2015-12-29,7.71962833404541
2015-12-30,7.616525173187256
2015-12-31,7.466019153594971
2016-01-04,7.251520156860352
2016-01-05,7.283515930175781
2016-01-06,7.087979316711426
2016-01-07,6.7502288818359375
2016-01-08,6.605648994445801
2016-01-11,6.609205722808838
2016-01-12,6.712306499481201
2016-01-13,6.3828535079956055
2016-01-14,6.591428279876709
2016-01-15,6.305823802947998
2016-01-19,6.321231365203857
2016-01-20,6.171909332275391
2016-01-21,6.235903739929199
2016-01-22,6.488325595855713
2016-01-25,6.2975287437438965
2016-01-26,6.4598846435546875
2016-01-27,6.323599338531494
2016-01-28,6.391149997711182
2016-01-29,6.692162036895752
2016-02-01,6.698085308074951
2016-02-02,6.4468488693237305
2016-02-03,6.527434349060059
2016-02-04,6.546395778656006
2016-02-05,6.303454875946045
2016-02-08,6.128061294555664
2016-02-09,6.122135162353516
2016-02-10,6.115025997161865
2016-02-11,5.965704441070557
2016-02-12,6.20272159576416
2016-02-16,6.407742500305176
2016-02-17,6.619869709014893
2016-02-18,6.56654167175293
2016-02-19,6.559431552886963
2016-02-22,6.747859001159668
2016-02-23,6.587874412536621
2016-02-24,6.6435723304748535
2016-02-25,6.802373886108398
2016-02-26,6.770376205444336
2016-02-29,6.650684356689453
2016-03-01,6.978951454162598
2016-03-02,7.041759014129639
2016-03-03,7.0903496742248535
2016-03-04,7.133012294769287
2016-03-07,7.1543426513671875
2016-03-08,6.9908013343811035
2016-03-09,7.061906337738037
2016-03-10,7.069015979766846
2016-03-11,7.303664207458496
2016-03-14,7.278776168823242
2016-03-15,7.263370990753174
2016-03-16,7.3463263511657715
2016-03-17,7.435207843780518
2016-03-18,7.495646953582764
2016-03-21,7.514608383178711
2016-03-22,7.505128860473633
2016-03-23,7.394914150238037
2016-03-24,7.385433673858643
2016-03-28,7.391359329223633
2016-03-29,7.537125110626221
2016-03-30,7.597564697265625
2016-03-31,7.563196659088135
2016-04-01,7.660373210906982
2016-04-04,7.611783504486084
2016-04-05,7.461278438568115
2016-04-06,7.617709159851074
2016-04-07,7.435207843780518
2016-04-08,7.481426239013672
2016-04-11,7.44113302230835
2016-04-12,7.584527969360352
2016-04-13,7.731477737426758
2016-04-14,7.732662677764893
2016-04-15,7.711330890655518
2016-04-18,7.821544647216797
2016-04-19,7.867763519287109
2016-04-20,7.8855390548706055
2016-04-21,7.799026966094971
2016-04-22,7.806137561798096
2016-04-25,7.770583629608154
2016-04-26,7.799026966094971
2016-04-27,7.832209587097168
2016-04-28,7.693554401397705
2016-04-29,7.608229637145996
2016-05-02,7.721997261047363
2016-05-03,7.588082313537598
2016-05-04,7.49920129776001
2016-05-05,7.505128860473633
2016-05-06,7.55371618270874
2016-05-09,7.571491241455078
2016-05-10,7.751626491546631
2016-05-11,7.610600471496582
2016-05-12,7.615339279174805
2016-05-13,7.481426239013672
2016-05-16,7.626004695892334
2016-05-17,7.489721775054932
2016-05-18,7.492091655731201
2016-05-19,7.439948081970215
2016-05-20,7.52527379989624
2016-05-23,7.506311416625977
2016-05-24,7.699481010437012
2016-05-25,7.8002119064331055
2016-05-26,7.808508396148682
2016-05-27,7.87250280380249
2016-05-31,7.849985599517822
2016-06-01,7.881985664367676
2016-06-02,7.928202152252197
2016-06-03,7.8784284591674805
2016-06-06,7.962569713592529
2016-06-07,7.982717037200928
2016-06-08,8.033676147460938
2016-06-09,8.012344360351562
2016-06-10,7.864208221435547
2016-06-13,7.7409586906433105
2016-06-14,7.711330890655518
2016-06-15,7.686446189880371
2016-06-16,7.735031604766846
2016-06-17,7.673409461975098
2016-06-20,7.770583629608154
2016-06-21,7.815617084503174
2016-06-22,7.789155960083008
2016-06-23,7.988512992858887
2016-06-24,7.408242702484131
2016-06-27,7.147180080413818
2016-06-28,7.403496742248535
2016-06-29,7.662184715270996
2016-06-30,7.862730026245117
2016-07-01,7.899514198303223
2016-07-05,7.787968158721924
2016-07-06,7.880528926849365
2016-07-07,7.867476940155029
2016-07-08,8.103618621826172
2016-07-11,8.16413688659668
2016-07-12,8.280430793762207
2016-07-13,8.275683403015137
2016-07-14,8.367055892944336
2016-07-15,8.34925651550293
2016-07-18,8.393160820007324
2016-07-19,8.372986793518066
2016-07-20,8.445371627807617
2016-07-21,8.376547813415527
2016-07-22,8.458427429199219
2016-07-25,8.413334846496582
2016-07-26,8.414519309997559
2016-07-27,8.396719932556152
2016-07-28,8.414519309997559
2016-07-29,8.444186210632324
2016-08-01,8.427572250366211
2016-08-02,8.32314682006836
2016-08-03,8.372986793518066
2016-08-04,8.383666038513184
2016-08-05,8.5177583694458
2016-08-08,8.51419734954834
2016-08-09,8.518946647644043
2016-08-10,8.482159614562988
2016-08-11,8.555732727050781
2016-08-12,8.541492462158203
2016-08-15,8.590143203735352
2016-08-16,8.504705429077148
2016-08-17,8.530808448791504
2016-08-18,8.57115650177002
2016-08-19,8.548609733581543
2016-08-22,8.545053482055664
2016-08-23,8.573533058166504
2016-08-24,8.495209693908691
2016-08-25,8.479785919189453
2016-08-26,8.445371627807617
2016-08-29,8.526062965393066
2016-08-30,8.496400833129883
2016-08-31,8.452493667602539
2016-09-01,8.450119018554688
2016-09-02,8.524880409240723
2016-09-06,8.578278541564941
2016-09-07,8.579465866088867
2016-09-08,8.539118766784668
2016-09-09,8.123790740966797
2016-09-12,8.35993480682373
2016-09-13,8.11904239654541
2016-09-14,8.10599136352539
2016-09-15,8.275683403015137
2016-09-16,8.20804214477539
2016-09-19,8.210416793823242
2016-09-20,8.212788581848145
2016-09-21,8.389877319335938
2016-09-22,8.50032901763916
2016-09-23,8.405316352844238
2016-09-26,8.271106719970703
2016-09-27,8.372061729431152
2016-09-28,8.455199241638184
2016-09-29,8.304360389709473
2016-09-30,8.429069519042969
2016-10-03,8.38037395477295
2016-10-04,8.30673885345459
2016-10-05,8.373248100280762
2016-10-06,8.387497901916504
2016-10-07,8.325737953186035
2016-10-10,8.408879280090332
2016-10-11,8.204593658447266
2016-10-12,8.222411155700684
2016-10-13,8.165401458740234
2016-10-14,8.173715591430664
2016-10-17,8.120269775390625
2016-10-18,8.211721420288086
2016-10-19,8.25209903717041
2016-10-20,8.228348731994629
2016-10-21,8.230725288391113
2016-10-24,8.298421859741211
2016-10-25,8.248541831970215
2016-10-26,8.212910652160645
2016-10-27,8.172526359558105
2016-10-28,8.121458053588867
2016-10-31,8.11907958984375
2016-11-01,8.007436752319336
2016-11-02,7.906483173370361
2016-11-03,7.834033012390137
2016-11-04,7.812655925750732
2016-11-07,8.152337074279785
2016-11-08,8.225973129272461
2016-11-09,8.410062789916992
2016-11-10,8.446887016296387
2016-11-11,8.408879280090332
2016-11-14,8.423130989074707
2016-11-15,8.551403999328613
2016-11-16,8.521707534790039
2016-11-17,8.609597206115723
2016-11-18,8.571595191955566
2016-11-21,8.692737579345703
2016-11-22,8.730743408203125
2016-11-23,8.740246772766113
2016-11-25,8.80438232421875
2016-11-28,8.72836971282959
2016-11-29,8.756875991821289
2016-11-30,8.705802917480469
2016-12-01,8.640478134155273
2016-12-02,8.654735565185547
2016-12-05,8.756875991821289
2016-12-06,8.81387996673584
2016-12-07,9.038355827331543
2016-12-08,9.090615272521973
2016-12-09,9.193943977355957
2016-12-12,9.173751831054688
2016-12-13,9.29727554321289
2016-12-14,9.146438598632812
2016-12-15,9.212947845458984
2016-12-16,9.185629844665527
2016-12-19,9.215325355529785
2016-12-20,9.28539752960205
2016-12-21,9.244253158569336
2016-12-22,9.210959434509277
2016-12-23,9.233551025390625
2016-12-27,9.277546882629395
2016-12-28,9.130095481872559
2016-12-29,9.12058162689209
2016-12-30,9.053991317749023
2017-01-03,9.187175750732422
2017-01-04,9.295385360717773
2017-01-05,9.27873706817627
2017-01-06,9.346518516540527
2017-01-09,9.284683227539062
2017-01-10,9.283495903015137
2017-01-11,9.334626197814941
2017-01-12,9.291818618774414
2017-01-13,9.331060409545898
2017-01-17,9.264469146728516
2017-01-18,9.303707122802734
2017-01-19,9.239495277404785
2017-01-20,9.29419994354248
2017-01-23,9.253764152526855
2017-01-24,9.363162994384766
2017-01-25,9.522507667541504
2017-01-26,9.51180362701416
2017-01-27,9.486835479736328
2017-01-30,9.37267780303955
2017-01-31,9.367919921875
2017-02-01,9.370301246643066
2017-02-02,9.3750581741333
2017-02-03,9.507051467895508
2017-02-06,9.473755836486816
2017-02-07,9.47732162475586
2017-02-08,9.502293586730957
2017-02-09,9.603370666503906
2017-02-10,9.67828369140625
2017-02-13,9.786493301391602
2017-02-14,9.869734764099121
2017-02-15,9.967241287231445
2017-02-16,9.955348014831543
2017-02-17,9.975564002990723
2017-02-21,10.095664978027344
2017-02-22,10.082590103149414
2017-02-23,10.100423812866211
2017-02-24,10.11825942993164
2017-02-27,10.155123710632324
2017-02-28,10.101613998413086
2017-03-01,10.36916446685791
2017-03-02,10.253822326660156
2017-03-03,10.25976848602295
2017-03-06,10.19674015045166
2017-03-07,10.140851974487305
2017-03-08,10.095664978027344
2017-03-09,10.121828079223633
2017-03-10,10.184850692749023
2017-03-13,10.200308799743652
2017-03-14,10.126583099365234
2017-03-15,10.293061256408691
2017-03-16,10.258574485778809
2017-03-17,10.21933650970459
2017-03-20,10.194364547729492
2017-03-21,9.932754516601562
2017-03-22,9.980252265930176
2017-03-23,9.95644474029541
2017-03-24,9.944540023803711
2017-03-27,9.918351173400879
2017-03-28,10.06000804901123
2017-03-29,10.085006713867188
2017-03-30,10.139766693115234
2017-03-31,10.099291801452637
2017-04-03,10.062392234802246
2017-04-04,10.079056739807129
2017-04-05,10.01477336883545
2017-04-06,10.061200141906738
2017-04-07,10.043343544006348
2017-04-10,10.055246353149414
2017-04-11,10.03262996673584
2017-04-12,9.949304580688477
2017-04-13,9.821928977966309
2017-04-17,9.988587379455566
2017-04-18,9.923113822937012
2017-04-19,9.889781951904297
2017-04-20,10.043343544006348
2017-04-21,9.987395286560059
2017-04-24,10.199284553527832
2017-04-25,10.315943717956543
2017-04-26,10.309991836547852
2017-04-27,10.323084831237793
2017-04-28,10.286184310913086
2017-05-01,10.32904052734375
2017-05-02,10.336180686950684
2017-05-03,10.31118392944336
2017-05-04,10.331419944763184
2017-05-05,10.420699119567871
2017-05-08,10.413558006286621
2017-05-09,10.392131805419922
2017-05-10,10.424269676208496
2017-05-11,10.384986877441406
2017-05-12,10.35641860961914
2017-05-15,10.45402717590332
2017-05-16,10.442123413085938
2017-05-17,10.075483322143555
2017-05-18,10.1469087600708
2017-05-19,10.281425476074219
2017-05-22,10.382607460021973
2017-05-23,10.427841186523438
2017-05-24,10.474266052246094
2017-05-25,10.568306922912598
2017-05-26,10.57306957244873
2017-05-30,10.552830696105957
2017-05-31,10.548070907592773
2017-06-01,10.706396102905273
2017-06-02,10.776625633239746
2017-06-05,10.768294334411621
2017-06-06,10.7052001953125
2017-06-07,10.73496150970459
2017-06-08,10.74805736541748
2017-06-09,10.713533401489258
2017-06-12,10.706396102905273
2017-06-13,10.807577133178711
2017-06-14,10.788527488708496
2017-06-15,10.742104530334473
2017-06-16,10.743294715881348
2017-06-19,10.917091369628906
2017-06-20,10.776625633239746
2017-06-21,10.766140937805176
2017-06-22,10.755417823791504
2017-06-23,10.785204887390137
2017-06-26,10.789971351623535
2017-06-27,10.62435531616211
2017-06-28,10.801887512207031
2017-06-29,10.62435531616211
2017-06-30,10.65771484375
2017-07-03,10.695843696594238
2017-07-05,10.735161781311035
2017-07-06,10.546911239624023
2017-07-07,10.679162979125977
2017-07-10,10.701798439025879
2017-07-11,10.679162979125977
2017-07-12,10.842394828796387
2017-07-13,10.87456226348877
2017-07-14,10.972262382507324
2017-07-17,10.97584056854248
2017-07-18,10.987754821777344
2017-07-19,11.102134704589844
2017-07-20,11.108094215393066
2017-07-21,11.094985008239746
2017-07-24,11.084260940551758
2017-07-25,11.131921768188477
2017-07-26,11.142646789550781
2017-07-27,11.120009422302246
2017-07-28,11.089029312133789
2017-07-31,11.07830810546875
2017-08-01,11.120009422302246
2017-08-02,11.130729675292969
2017-08-03,11.09617805480957
2017-08-04,11.130729675292969
2017-08-07,11.167665481567383
2017-08-08,11.120009422302246
2017-08-09,11.106900215148926
2017-08-10,10.803074836730957
2017-08-11,10.824522972106934
2017-08-14,11.042560577392578
2017-08-15,11.040178298950195
2017-08-16,11.074732780456543
2017-08-17,10.731589317321777
2017-08-18,10.694656372070312
2017-08-21,10.712525367736816
2017-08-22,10.925799369812012
2017-08-23,10.855501174926758
2017-08-24,10.806649208068848
2017-08-25,10.853120803833008
2017-08-28,10.857884407043457
2017-08-29,10.873373031616211
2017-08-30,10.978222846984863
2017-08-31,11.112861633300781
2017-09-01,11.147411346435547
2017-09-05,10.98298454284668
2017-09-06,11.054475784301758
2017-09-07,11.052094459533691
2017-09-08,11.02111530303955
2017-09-11,11.248687744140625
2017-09-12,11.329706192016602
2017-09-13,11.34281063079834
2017-09-14,11.334473609924316
2017-09-15,11.367833137512207
2017-09-18,11.411916732788086
2017-09-19,11.42859935760498
2017-09-20,11.438129425048828
2017-09-21,11.374981880187988
2017-09-22,11.379752159118652
2017-09-25,11.332091331481934
2017-09-26,11.344005584716797
2017-09-27,11.432258605957031
2017-09-28,11.45849609375
2017-09-29,11.53720474243164
2017-10-02,11.63022518157959
2017-10-03,11.686281204223633
2017-10-04,11.71490478515625
2017-10-05,11.846088409423828
2017-10-06,11.823430061340332
2017-10-09,11.784075736999512
2017-10-10,11.842512130737305
2017-10-11,11.875903129577637
2017-10-12,11.837739944458008
2017-10-13,11.868745803833008
2017-10-16,11.902139663696289
2017-10-17,11.918839454650879
2017-10-18,11.934341430664062
2017-10-19,11.940302848815918
2017-10-20,12.06433391571045
2017-10-23,11.971309661865234
2017-10-24,12.008280754089355
2017-10-25,11.891408920288086
2017-10-26,11.918839454650879
2017-10-27,12.10965347290039
2017-10-30,12.023783683776855
2017-10-31,12.059564590454102
2017-11-01,12.091763496398926
2017-11-02,12.098918914794922
2017-11-03,12.175244331359863
2017-11-06,12.20744514465332
2017-11-07,12.20386791229248
2017-11-08,12.24322509765625
2017-11-09,12.150199890136719
2017-11-10,12.1394681930542
2017-11-13,12.15974235534668
2017-11-14,12.103691101074219
2017-11-15,11.980849266052246
2017-11-16,12.176436424255371
2017-11-17,12.10965347290039
2017-11-20,12.145432472229004
2017-11-21,12.3028564453125
2017-11-22,12.284969329833984
2017-11-24,12.33863353729248
2017-11-27,12.329092025756836
2017-11-28,12.568804740905762
2017-11-29,12.560454368591309
2017-11-30,12.767966270446777
2017-12-01,12.717878341674805
2017-12-04,12.686870574951172
2017-12-05,12.599809646606445
2017-12-06,12.601003646850586
2017-12-07,12.678522109985352
2017-12-08,12.813288688659668
2017-12-11,12.89438533782959
2017-12-12,12.940896034240723
2017-12-13,12.931356430053711
2017-12-14,12.826407432556152
2017-12-15,13.03987979888916
2017-12-18,13.19849681854248
2017-12-19,13.10785961151123
2017-12-20,13.0875825881958
2017-12-21,13.132904052734375
2017-12-22,13.126940727233887
2017-12-26,13.093618392944336
2017-12-27,13.109147071838379
2017-12-28,13.158112525939941
2017-12-29,13.069732666015625
2018-01-02,13.24649429321289
2018-01-03,13.405341148376465
2018-01-04,13.5247802734375
2018-01-05,13.694374084472656
2018-01-08,13.745728492736816
2018-01-09,13.80783748626709
2018-01-10,13.763647079467773
2018-01-11,13.955936431884766
2018-01-12,14.141060829162598
2018-01-16,14.043121337890625
2018-01-17,14.314239501953125
2018-01-18,14.264078140258789
2018-01-19,14.388287544250488
2018-01-22,14.618796348571777
2018-01-23,14.68090534210205
2018-01-24,14.672541618347168
2018-01-25,14.678515434265137
2018-01-26,15.014124870300293
2018-01-29,14.813477516174316
2018-01-30,14.500557899475098
2018-01-31,14.52922248840332
2018-02-01,14.491005897521973
2018-02-02,13.861580848693848
2018-02-05,12.735313415527344
2018-02-06,13.196331024169922
2018-02-07,13.043455123901367
2018-02-08,12.079619407653809
2018-02-09,12.446282386779785
2018-02-12,12.784279823303223
2018-02-13,12.857135772705078
2018-02-14,13.205885887145996
2018-02-15,13.533135414123535
2018-02-16,13.541498184204102
2018-02-20,13.379066467285156
2018-02-21,13.23096752166748
2018-02-22,13.260828018188477
2018-02-23,13.688401222229004
2018-02-26,14.008487701416016
2018-02-27,13.654960632324219
2018-02-28,13.356372833251953
2018-03-01,12.994488716125488
2018-03-02,13.12706184387207
2018-03-05,13.42564582824707
2018-03-06,13.492531776428223
2018-03-07,13.47700023651123
2018-03-08,13.603605270385742
2018-03-09,14.070594787597656
2018-03-12,14.044317245483398
2018-03-13,13.865166664123535
2018-03-14,13.718259811401367
2018-03-15,13.689597129821777
2018-03-16,13.714679718017578
2018-03-19,13.346819877624512
2018-03-20,13.38862133026123
2018-03-21,13.328818321228027
2018-03-22,12.667400360107422
2018-03-23,12.122000694274902
2018-03-26,12.791790008544922
2018-03-27,12.33848762512207
2018-03-28,12.276293754577637
2018-03-29,12.615972518920898
2018-04-02,12.046651840209961
2018-04-03,12.345664024353027
2018-04-04,12.623147010803223
2018-04-05,12.804945945739746
2018-04-06,12.239215850830078
2018-04-09,12.339683532714844
2018-04-10,12.737969398498535
2018-04-11,12.611186981201172
2018-04-12,12.806143760681152
2018-04-13,12.737969398498535
2018-04-16,12.942493438720703
2018-04-17,13.215193748474121
2018-04-18,13.236723899841309
2018-04-19,13.082433700561523
2018-04-20,12.867141723632812
2018-04-23,12.858771324157715
2018-04-24,12.51669692993164
2018-04-25,12.571715354919434
2018-04-26,12.8204984664917
2018-04-27,12.849201202392578
2018-04-30,12.64108657836914
2018-05-01,12.6961088180542
2018-05-02,12.519089698791504
2018-05-03,12.46168041229248
2018-05-04,12.783418655395508
2018-05-07,12.858771324157715
2018-05-08,12.862358093261719
2018-05-09,13.115921974182129
2018-05-10,13.355132102966309
2018-05-11,13.410149574279785
2018-05-14,13.441246032714844
2018-05-15,13.25705337524414
2018-05-16,13.373068809509277
2018-05-17,13.349152565002441
2018-05-18,13.284564018249512
2018-05-21,13.474740028381348
2018-05-22,13.398191452026367
2018-05-23,13.475934028625488
2018-05-24,13.42091178894043
2018-05-25,13.351540565490723
2018-05-29,13.054922103881836
2018-05-30,13.38503360748291
2018-05-31,13.198448181152344
2018-06-01,13.475934028625488
2018-06-04,13.606302261352539
2018-06-05,13.639790534973145
2018-06-06,13.859868049621582
2018-06-07,13.843123435974121
2018-06-08,13.92684555053711
2018-06-11,13.960336685180664
2018-06-12,14.004589080810547
2018-06-13,13.894552230834961
2018-06-14,13.974687576293945
2018-06-15,13.936412811279297
2018-06-18,13.877808570861816
2018-06-19,13.770163536071777
2018-06-20,13.816766738891602
2018-06-21,13.63825798034668
2018-06-22,13.681389808654785
2018-06-25,13.310007095336914
2018-06-26,13.363916397094727
2018-06-27,13.138684272766113
2018-06-28,13.29443073272705
2018-06-29,13.332764625549316
2018-07-02,13.395059585571289
2018-07-03,13.281251907348633
2018-07-05,13.501687049865723
2018-07-06,13.716129302978516
2018-07-09,13.970110893249512
2018-07-10,14.061164855957031
2018-07-11,13.867080688476562
2018-07-12,14.10788345336914
2018-07-13,14.129449844360352
2018-07-16,14.103093147277832
2018-07-17,14.22768497467041
2018-07-18,14.28039836883545
2018-07-19,14.173774719238281
2018-07-20,14.139031410217285
2018-07-23,14.189349174499512
2018-07-24,14.32113265991211
2018-07-25,14.58229923248291
2018-07-26,14.493647575378418
2018-07-27,14.30076789855957
2018-07-30,14.140231132507324
2018-07-31,14.27800464630127
2018-08-01,14.243261337280273
2018-08-02,14.37743854522705
2018-08-03,14.516409873962402
2018-08-06,14.620636940002441
2018-08-07,14.705696105957031
2018-08-08,14.692516326904297
2018-08-09,14.65298080444336
2018-08-10,14.449318885803223
2018-08-13,14.33670711517334
2018-08-14,14.524796485900879
2018-08-15,14.305560111999512
2018-08-16,14.53917121887207
2018-08-17,14.627824783325195
2018-08-20,14.69851016998291
2018-08-21,14.757213592529297
2018-08-22,14.746426582336426
2018-08-23,14.70090389251709
2018-08-24,14.877012252807617
2018-08-27,15.105836868286133
2018-08-28,15.123804092407227
2018-08-29,15.289133071899414
2018-08-30,15.15495491027832
2018-08-31,15.156152725219727
2018-09-04,15.111825942993164
2018-09-05,15.015984535217285
2018-09-06,14.930924415588379
2018-09-07,14.865034103393555
2018-09-10,14.915349960327148
2018-09-11,15.02316951751709
2018-09-12,15.027962684631348
2018-09-13,15.192092895507812
2018-09-14,15.200479507446289
2018-09-17,15.035152435302734
2018-09-18,15.196883201599121
2018-09-19,15.228034973144531
2018-09-20,15.465240478515625
2018-09-21,15.446072578430176
2018-09-24,15.344240188598633
2018-09-25,15.307101249694824
2018-09-26,15.21117115020752
2018-09-27,15.296308517456055
2018-09-28,15.291511535644531
2018-10-01,15.398236274719238
2018-10-02,15.381448745727539
2018-10-03,15.404234886169434
2018-10-04,15.160804748535156
2018-10-05,14.992926597595215
2018-10-08,14.972540855407715
2018-10-09,14.937765121459961
2018-10-10,13.978447914123535
2018-10-11,13.365681648254395
2018-10-12,13.742216110229492
2018-10-15,13.59112548828125
2018-10-16,14.172708511352539
2018-10-17,14.172708511352539
2018-10-18,13.769801139831543
2018-10-19,13.743415832519531
2018-10-22,13.619903564453125
2018-10-23,13.476005554199219
2018-10-24,12.66418170928955
2018-10-25,13.112663269042969
2018-10-26,12.647397994995117
2018-10-29,12.507097244262695
2018-10-30,12.872834205627441
2018-10-31,13.148640632629395
2018-11-01,13.412453651428223
2018-11-02,13.266155242919922
2018-11-05,13.40645694732666
2018-11-06,13.573136329650879
2018-11-07,14.146330833435059
2018-11-08,14.09476375579834
2018-11-09,13.83694839477539
2018-11-12,13.29493522644043
2018-11-13,13.25296688079834
2018-11-14,13.059900283813477
2018-11-15,13.33450698852539
2018-11-16,13.404054641723633
2018-11-19,12.950780868530273
2018-11-20,12.472321510314941
2018-11-21,12.55026626586914
2018-11-23,12.394378662109375
2018-11-26,12.77570629119873
2018-11-27,12.859643936157227
2018-11-28,13.438831329345703
2018-11-29,13.394464492797852
2018-11-30,13.562342643737793
2018-12-03,13.907702445983887
2018-12-04,13.023926734924316
2018-12-06,12.984357833862305
2018-12-07,12.364396095275879
2018-12-10,12.396773338317871
2018-12-11,12.407567977905273
2018-12-12,12.534675598144531
2018-12-13,12.525081634521484
2018-12-14,12.052618026733398
2018-12-17,11.566965103149414
2018-12-18,11.552577018737793
2018-12-19,11.201227188110352
2018-12-20,10.842679977416992
2018-12-21,10.383407592773438
2018-12-24,9.81021499633789
2018-12-26,10.80203628540039
2018-12-27,11.01487922668457
2018-12-28,10.960766792297363
2018-12-31,11.161582946777344
2019-01-02,11.174812316894531
2019-01-03,10.622864723205566
2019-01-04,11.355186462402344
2019-01-07,11.519926071166992
2019-01-08,11.731568336486816
2019-01-09,11.839790344238281
2019-01-10,11.931180000305176
2019-01-11,11.926371574401855
2019-01-14,11.79289436340332
2019-01-15,12.06225299835205
2019-01-16,12.109150886535645
2019-01-17,12.287120819091797
2019-01-18,12.611793518066406
2019-01-22,12.284717559814453
2019-01-23,12.317182540893555
2019-01-24,12.337625503540039
2019-01-25,12.540846824645996
2019-01-28,12.360472679138184
2019-01-29,12.315978050231934
2019-01-30,12.704387664794922
2019-01-31,12.917228698730469
2019-02-01,12.943684577941895
2019-02-04,13.125260353088379
2019-02-05,13.231081008911133
2019-02-06,13.186589241027832
2019-02-07,12.937670707702637
2019-02-08,12.964126586914062
2019-02-11,12.978557586669922
2019-02-12,13.316458702087402
2019-02-13,13.393417358398438
2019-02-14,13.32848072052002
2019-02-15,13.619489669799805
2019-02-19,13.66999340057373
2019-02-20,13.719294548034668
2019-02-21,13.619489669799805
2019-02-22,13.785433769226074
2019-02-25,13.833532333374023
2019-02-26,13.798659324645996
2019-02-27,13.78903865814209
2019-02-28,13.719294548034668
2019-03-01,13.914098739624023
2019-03-04,13.799860954284668
2019-03-05,13.760180473327637
2019-03-06,13.584616661071777
2019-03-07,13.360949516296387
2019-03-08,13.305638313293457
2019-03-11,13.697650909423828
2019-03-12,13.78422737121582
2019-03-13,13.9730224609375
2019-03-14,13.953779220581055
2019-03-15,14.088461875915527
2019-03-18,14.194281578063965
2019-03-19,14.197888374328613
2019-03-20,14.09187126159668
2019-03-21,14.414741516113281
2019-03-22,13.858154296875
2019-03-25,13.842489242553711
2019-03-26,14.037657737731934
2019-03-27,13.896703720092773
2019-03-28,14.009949684143066
2019-03-29,14.19186782836914
2019-04-01,14.509915351867676
2019-04-02,14.520759582519531
2019-04-03,14.573766708374023
2019-04-04,14.641233444213867
2019-04-05,14.766528129577637
2019-04-08,14.80025863647461
2019-04-09,14.642437934875488
2019-04-10,14.737615585327148
2019-04-11,14.730384826660156
2019-04-12,14.927964210510254
2019-04-15,14.90868854522705
2019-04-16,14.923144340515137
2019-04-17,14.852066040039062
2019-04-18,14.902663230895996
2019-04-22,14.924345970153809
2019-04-23,15.19662094116211
2019-04-24,15.127950668334961
2019-04-25,15.101445198059082
2019-04-26,15.24481201171875
2019-04-29,15.283361434936523
2019-04-30,15.286974906921387
2019-05-01,15.076146125793457
2019-05-02,15.003863334655762
2019-05-03,15.285772323608398
2019-05-06,15.15927505493164
2019-05-07,14.654487609863281
2019-05-08,14.613526344299316
2019-05-09,14.517147064208984
2019-05-10,14.647256851196289
2019-05-13,13.925617218017578
2019-05-14,14.174999237060547
2019-05-15,14.329205513000488
2019-05-16,14.596659660339355
2019-05-17,14.413538932800293
2019-05-20,14.22439193725586
2019-05-21,14.468954086303711
2019-05-22,14.385828971862793
2019-05-23,14.031636238098145
2019-05-24,14.081028938293457
2019-05-28,13.819602012634277
2019-05-29,13.6412992477417
2019-05-30,13.700332641601562
2019-05-31,13.334090232849121
2019-06-03,13.259394645690918
2019-06-04,13.832853317260742
2019-06-05,14.071390151977539
2019-06-06,14.256922721862793
2019-06-07,14.535215377807617
2019-06-10,14.67737865447998
2019-06-11,14.666532516479492
2019-06-12,14.614729881286621
2019-06-13,14.74243450164795
2019-06-14,14.690629959106445
2019-06-17,14.713519096374512
2019-06-18,14.996634483337402
2019-06-19,15.083373069763184
2019-06-20,15.35805606842041
2019-06-21,15.319502830505371
2019-06-24,15.280953407287598
2019-06-25,14.975029945373535
2019-06-26,14.937605857849121
2019-06-27,15.052294731140137
2019-06-28,15.212862968444824
2019-07-01,15.465182304382324
2019-07-02,15.548483848571777
2019-07-03,15.788731575012207
2019-07-05,15.750102043151855
2019-07-08,15.575044631958008
2019-07-09,15.625746726989746
2019-07-10,15.758550643920898
2019-07-11,15.828571319580078
2019-07-12,15.975862503051758
2019-07-15,15.984310150146484
2019-07-16,15.87565803527832
2019-07-17,15.657140731811523
2019-07-18,15.771833419799805
2019-07-19,15.591947555541992
2019-07-22,15.666797637939453
2019-07-23,15.887726783752441
2019-07-24,16.032604217529297
2019-07-25,15.879274368286133
2019-07-26,16.09054946899414
2019-07-29,16.037433624267578
2019-07-30,15.957749366760254
2019-07-31,15.595568656921387
2019-08-01,15.317893981933594
2019-08-02,15.119901657104492
2019-08-05,14.212032318115234
2019-08-06,14.581457138061523
2019-08-07,14.589910507202148
2019-08-08,15.14767074584961
2019-08-09,14.9520902633667
2019-08-12,14.59232234954834
2019-08-13,15.030563354492188
2019-08-14,14.15046215057373
2019-08-15,14.226518630981445
2019-08-16,14.643031120300293
2019-08-19,14.996761322021484
2019-08-20,14.758927345275879
2019-08-21,14.991931915283203
2019-08-22,14.978650093078613
2019-08-23,14.205995559692383
2019-08-26,14.517471313476562
2019-08-27,14.402780532836914
2019-08-28,14.604397773742676
2019-08-29,14.979857444763184
2019-08-30,14.965370178222656
2019-09-03,14.790316581726074
2019-09-04,15.117486953735352
2019-09-05,15.51347541809082
2019-09-06,15.533997535705566
2019-09-09,15.544861793518066
2019-09-10,15.547279357910156
2019-09-11,15.759757995605469
2019-09-12,15.869621276855469
2019-09-13,15.841851234436035
2019-09-16,15.742854118347168
2019-09-17,15.817706108093262
2019-09-18,15.840645790100098
2019-09-19,15.830989837646484
2019-09-20,15.66800308227539
2019-09-23,15.671625137329102
2019-09-24,15.421721458435059
2019-09-25,15.595568656921387
2019-09-26,15.538827896118164
2019-09-27,15.367392539978027
2019-09-30,15.507434844970703
2019-10-01,15.139220237731934
2019-10-02,14.6068115234375
2019-10-03,14.830157279968262
2019-10-04,15.229763984680176
2019-10-07,15.105413436889648
2019-10-08,14.633370399475098
2019-10-09,14.898970603942871
2019-10-10,15.101791381835938
2019-10-11,15.420514106750488
2019-10-14,15.392746925354004
2019-10-15,15.689737319946289
2019-10-16,15.636615753173828
2019-10-17,15.717501640319824
2019-10-18,15.58349609375
2019-10-21,15.804426193237305
2019-10-22,15.687321662902832
2019-10-23,15.780280113220215
2019-10-24,15.834607124328613
2019-10-25,15.963786125183105
2019-10-28,16.1436710357666
2019-10-29,16.12556266784668
2019-10-30,16.226974487304688
2019-10-31,16.127975463867188
2019-11-01,16.43824577331543
2019-11-04,16.554141998291016
2019-11-05,16.519132614135742
2019-11-06,16.529998779296875
2019-11-07,16.642276763916016
2019-11-08,16.72316551208496
2019-11-11,16.65797233581543
2019-11-12,16.717130661010742
2019-11-13,16.730403900146484
2019-11-14,16.775074005126953
2019-11-15,17.020151138305664
2019-11-18,17.038259506225586
2019-11-19,17.022565841674805
2019-11-20,16.904258728027344
2019-11-21,16.848716735839844
2019-11-22,16.91753387451172
2019-11-25,17.175891876220703
2019-11-26,17.25556755065918
2019-11-27,17.40406608581543
2019-11-29,17.267642974853516
2019-12-02,16.98031234741211
2019-12-03,16.74368667602539
2019-12-04,16.957374572753906
2019-12-05,17.01532745361328
2019-12-06,17.318347930908203
2019-12-09,17.215730667114258
2019-12-10,17.168649673461914
2019-12-11,17.266437530517578
2019-12-12,17.559803009033203
2019-12-13,17.5815372467041
2019-12-16,17.8217830657959
2019-12-17,17.827817916870117
2019-12-18,17.831438064575195
2019-12-19,17.97269058227539
2019-12-20,18.15498924255371
2019-12-23,18.1839599609375
2019-12-24,18.18625831604004
2019-12-26,18.365257263183594
2019-12-27,18.358001708984375
2019-12-30,18.16207504272461
2019-12-31,18.24310302734375
2020-01-02,18.570863723754883
2020-01-03,18.295114517211914
2020-01-06,18.432987213134766
2020-01-07,18.325345993041992
2020-01-08,18.511600494384766
2020-01-09,18.765579223632812
2020-01-10,18.65552520751953
2020-01-13,18.90950584411621
2020-01-14,18.855077743530273
2020-01-15,18.932483673095703
2020-01-16,19.24451446533203
2020-01-17,19.377553939819336
2020-01-21,19.288057327270508
2020-01-22,19.300153732299805
2020-01-23,19.334016799926758
2020-01-24,18.979650497436523
2020-01-27,18.376144409179688
2020-01-28,18.759536743164062
2020-01-29,18.73050880432129
2020-01-30,18.836936950683594
2020-01-31,18.163278579711914
2020-02-03,18.43419647216797
2020-02-04,18.990541458129883
2020-02-05,19.427146911621094
2020-02-06,19.558963775634766
2020-02-07,19.344898223876953
2020-02-10,19.636377334594727
2020-02-11,19.696847915649414
2020-02-12,19.948410034179688
2020-02-13,19.904869079589844
2020-02-14,19.96291732788086
2020-02-18,19.858909606933594
2020-02-19,20.04274559020996
2020-02-20,19.881887435913086
2020-02-21,19.46100616455078
2020-02-24,18.141510009765625
2020-02-25,17.073583602905273
2020-02-26,16.944171905517578
2020-02-27,15.416659355163574
2020-02-28,15.354975700378418
2020-03-02,16.597064971923828
2020-03-03,15.66338062286377
2020-03-04,16.961105346679688
2020-03-05,15.827866554260254
2020-03-06,15.31264591217041
2020-03-09,12.928852081298828
2020-03-10,14.254390716552734
2020-03-11,12.839354515075684
2020-03-12,10.387829780578613
2020-03-13,12.302366256713867
2020-03-16,9.42874813079834
2020-03-17,10.600690841674805
2020-03-18,9.513410568237305
2020-03-19,9.50736141204834
2020-03-20,8.645035743713379
2020-03-23,8.14916706085205
2020-03-24,9.688776969909668
2020-03-25,9.961332321166992
2020-03-26,11.134963989257812
2020-03-27,10.446307182312012
2020-03-30,11.126477241516113
2020-03-31,10.7797212600708
2020-04-01,9.809778213500977
2020-04-02,10.270501136779785
2020-04-03,9.977093696594238
2020-04-06,11.325318336486816
2020-04-07,11.336228370666504
2020-04-08,12.098849296569824
2020-04-09,12.458940505981445
2020-04-13,12.228577613830566
2020-04-14,12.959672927856445
2020-04-15,12.403169631958008
2020-04-16,12.530474662780762
2020-04-17,13.200945854187012
2020-04-20,12.734159469604492
2020-04-21,11.947294235229492
2020-04-22,12.489252090454102
2020-04-23,12.481975555419922
2020-04-24,12.839641571044922
2020-04-27,13.208221435546875
2020-04-28,13.079703330993652
2020-04-29,13.762301445007324
2020-04-30,13.494354248046875
2020-05-01,12.780234336853027
2020-05-04,12.862679481506348
2020-05-05,13.095464706420898
2020-05-06,12.916024208068848
2020-05-07,13.225196838378906
2020-05-08,13.662884712219238
2020-05-11,13.67379379272461
2020-05-12,13.111227035522461
2020-05-13,12.655351638793945
2020-05-14,12.962098121643066
2020-05-15,13.078492164611816
2020-05-18,13.877484321594238
2020-05-19,13.593774795532227
2020-05-20,14.049647331237793
2020-05-21,13.841111183166504
2020-05-22,13.89930534362793
2020-05-26,14.256974220275879
2020-05-27,14.666777610778809
2020-05-28,14.618278503417969
2020-05-29,14.729822158813477
2020-06-01,14.86561393737793
2020-06-02,15.111738204956055
2020-06-03,15.516692161560059
2020-06-04,15.420907974243164
2020-06-05,16.218687057495117
2020-06-08,16.623638153076172
2020-06-09,16.370241165161133
2020-06-10,16.179893493652344
2020-06-11,14.307896614074707
2020-06-12,14.66192626953125
2020-06-15,14.922598838806152
2020-06-16,15.49850082397461
2020-06-17,15.368772506713867
2020-06-18,15.3772611618042
2020-06-19,15.196609497070312
2020-06-22,15.40999698638916
2020-06-23,15.537300109863281
2020-06-24,14.752859115600586
2020-06-25,15.05354118347168
2020-06-26,14.351545333862305
2020-06-29,14.76740837097168
2020-06-30,15.16508674621582
2020-07-01,15.357861518859863
2020-07-02,15.51911449432373
2020-07-06,15.999238967895508
2020-07-07,15.664607048034668
2020-07-08,15.907094955444336
2020-07-09,15.727654457092285
2020-07-10,16.050161361694336
2020-07-13,15.77857494354248
2020-07-14,16.17504119873047
2020-07-15,16.484214782714844
2020-07-16,16.37145233154297
2020-07-17,16.45389747619629
2020-07-20,16.731542587280273
2020-07-21,16.78853416442871
2020-07-22,16.9788818359375
2020-07-23,16.583629608154297
2020-07-24,16.36660385131836
2020-07-27,16.596965789794922
2020-07-28,16.394489288330078
2020-07-29,16.78853416442871
2020-07-30,16.672136306762695
2020-07-31,16.937658309936523
2020-08-03,17.171655654907227
2020-08-04,17.29896354675293
2020-08-05,17.517200469970703
2020-08-06,17.751201629638672
2020-08-07,17.771814346313477
2020-08-10,17.877286911010742
2020-08-11,17.586307525634766
2020-08-12,18.070066452026367
2020-08-13,18.010662078857422
2020-08-14,18.009445190429688
2020-08-17,18.123416900634766
2020-08-18,18.19373321533203
2020-08-19,18.055522918701172
2020-08-20,18.162216186523438
2020-08-21,18.28346061706543
2020-08-24,18.661741256713867
2020-08-25,18.79267692565918
2020-08-26,19.166105270385742
2020-08-27,19.250980377197266
2020-08-28,19.491037368774414
2020-08-31,19.357669830322266
2020-09-01,19.7165470123291
2020-09-02,20.286396026611328
2020-09-03,18.89452362060547
2020-09-04,18.576868057250977
2020-09-08,17.563278198242188
2020-09-09,18.25678062438965
2020-09-10,17.614192962646484
2020-09-11,17.63117027282715
2020-09-14,18.089466094970703
2020-09-15,18.281028747558594
2020-09-16,18.13311767578125
2020-09-17,17.82515525817871
2020-09-18,17.405658721923828
2020-09-21,17.017677307128906
2020-09-22,17.362010955810547
2020-09-23,16.55452537536621
2020-09-24,16.641826629638672
2020-09-25,17.177719116210938
2020-09-28,17.754837036132812
2020-09-29,17.563278198242188
2020-09-30,17.81546401977539
2020-10-01,18.053096771240234
2020-10-02,17.701488494873047
2020-10-05,18.329526901245117
2020-10-06,17.80576515197754
2020-10-07,18.42652702331543
2020-10-08,18.749027252197266
2020-10-09,19.09093475341797
2020-10-12,19.702003479003906
2020-10-13,19.440114974975586
2020-10-14,19.20732879638672
2020-10-15,19.146703720092773
2020-10-16,19.127309799194336
2020-10-19,18.54048728942871
2020-10-20,18.68355941772461
2020-10-21,18.61566162109375
2020-10-22,18.824201583862305
2020-10-23,18.943021774291992
2020-10-26,18.251934051513672
2020-10-27,18.120990753173828
2020-10-28,16.88916015625
2020-10-29,17.226219177246094
2020-10-30,16.857637405395508
2020-11-02,17.23834228515625
2020-11-03,17.842132568359375
2020-11-04,18.63991355895996
2020-11-05,19.369794845581055
2020-11-06,19.36737060546875
2020-11-09,19.852346420288086
2020-11-10,19.7868709564209
2020-11-11,20.077856063842773
2020-11-12,19.694726943969727
2020-11-13,20.237892150878906
2020-11-16,20.73256492614746
2020-11-17,20.521604537963867
2020-11-18,20.014808654785156
2020-11-19,20.177276611328125
2020-11-20,19.905685424804688
2020-11-23,20.150598526000977
2020-11-24,20.79076385498047
2020-11-25,20.730140686035156
2020-11-27,20.84410858154297
2020-11-30,20.652545928955078
2020-12-01,21.10599708557129
2020-12-02,21.19086265563965
2020-12-03,21.18116569519043
2020-12-04,21.542469024658203
2020-12-07,21.462453842163086
2020-12-08,21.5764217376709
2020-12-09,21.193296432495117
2020-12-10,21.18116569519043
2020-12-11,21.118118286132812
2020-12-14,20.933835983276367
2020-12-15,21.496395111083984
2020-12-16,21.566722869873047
2020-12-17,21.814058303833008
2020-12-18,21.66129493713379
2020-12-21,21.484275817871094
2020-12-22,21.406679153442383
2020-12-23,21.43677520751953
2020-12-24,21.601825714111328
2020-12-28,21.9780330657959
2020-12-29,21.900365829467773
2020-12-30,21.951337814331055
2020-12-31,22.172208786010742
2021-01-04,21.56784439086914
2021-01-05,21.859102249145508
2021-01-06,22.123668670654297
2021-01-07,22.77414894104004
2021-01-08,23.041135787963867
2021-01-11,22.725603103637695
2021-01-12,22.72803497314453
2021-01-13,22.856670379638672
2021-01-14,22.686765670776367
2021-01-15,22.35666847229004
2021-01-19,22.711042404174805
2021-01-20,23.332395553588867
2021-01-21,23.378511428833008
2021-01-22,23.2086124420166
2021-01-25,23.388221740722656
2021-01-26,23.317834854125977
2021-01-27,22.172208786010742
2021-01-28,22.538707733154297
2021-01-29,21.662498474121094
2021-02-01,22.363954544067383
2021-02-02,22.999874114990234
2021-02-03,23.04356575012207
2021-02-04,23.562976837158203
2021-02-05,23.742589950561523
2021-02-08,24.084821701049805
2021-02-09,24.045982360839844
2021-02-10,24.03870964050293
2021-02-11,24.113948822021484
2021-02-12,24.35423469543457
2021-02-16,24.310546875
2021-02-17,24.325111389160156
2021-02-18,24.111520767211914
2021-02-19,24.004722595214844
2021-02-22,23.65764045715332
2021-02-23,23.7086124420166
2021-02-24,24.225595474243164
2021-02-25,23.0629825592041
2021-02-26,22.808130264282227
2021-03-01,23.91734504699707
2021-03-02,23.545991897583008
2021-03-03,22.924631118774414
2021-03-04,22.354244232177734
2021-03-05,23.17220687866211
2021-03-08,22.944047927856445
2021-03-09,23.592103958129883
2021-03-10,23.88578987121582
2021-03-11,24.376083374023438
2021-03-12,24.44646644592285
2021-03-15,24.740156173706055
2021-03-16,24.67947769165039
2021-03-17,24.82025718688965
2021-03-18,24.099382400512695
2021-03-19,24.004722595214844
2021-03-22,24.39550018310547
2021-03-23,24.01416778564453
2021-03-24,23.77370834350586
2021-03-25,24.031166076660156
2021-03-26,24.80112075805664
2021-03-29,24.77682876586914
2021-03-30,24.645671844482422
2021-03-31,24.849693298339844
2021-04-01,25.369470596313477
2021-04-05,26.09813117980957
2021-04-06,26.06898307800293
2021-04-07,26.132129669189453
2021-04-08,26.375017166137695
2021-04-09,26.758779525756836
2021-04-12,26.78307342529297
2021-04-13,26.931230545043945
2021-04-14,26.76120948791504
2021-04-15,27.324708938598633
2021-04-16,27.516586303710938
2021-04-19,27.24941062927246
2021-04-20,26.84136390686035
2021-04-21,27.341705322265625
2021-04-22,26.848649978637695
2021-04-23,27.42428970336914
2021-04-26,27.54087257385254
2021-04-27,27.52387237548828
2021-04-28,27.4898681640625
2021-04-29,27.84691619873047
2021-04-30,27.485010147094727
2021-05-03,27.59673500061035
2021-05-04,27.256694793701172
2021-05-05,27.26883888244629
2021-05-06,27.71332359313965
2021-05-07,28.099512100219727
2021-05-10,27.562734603881836
2021-05-11,27.07453155517578
2021-05-12,25.913536071777344
2021-05-13,26.528043746948242
2021-05-14,27.336851119995117
2021-05-17,27.208118438720703
2021-05-18,26.732059478759766
2021-05-19,26.598474502563477
2021-05-20,27.159542083740234
2021-05-21,27.125537872314453
2021-05-24,27.66474723815918
2021-05-25,27.55059242248535
2021-05-26,27.65260124206543
2021-05-27,27.669599533081055
2021-05-28,27.783754348754883
2021-06-01,27.727903366088867
2021-06-02,27.82505226135254
2021-06-03,27.616167068481445
2021-06-04,28.109230041503906
2021-06-07,28.065505981445312
2021-06-08,28.067935943603516
2021-06-09,27.975637435913086
2021-06-10,28.23310089111328
2021-06-11,28.33025360107422
2021-06-14,28.468700408935547
2021-06-15,28.35697364807129
2021-06-16,28.033933639526367
2021-06-17,28.007213592529297
2021-06-18,27.25912857055664
2021-06-21,28.02907943725586
2021-06-22,28.324050903320312
2021-06-23,28.258451461791992
2021-06-24,28.588899612426758
2021-06-25,28.78814125061035
2021-06-28,28.90719985961914
2021-06-29,28.938793182373047
2021-06-30,28.997100830078125
2021-07-01,29.305686950683594
2021-07-02,29.757627487182617
2021-07-06,29.64099884033203
2021-07-07,29.84996223449707
2021-07-08,29.36643409729004
2021-07-09,29.971452713012695
2021-07-12,30.20713996887207
2021-07-13,29.998178482055664
2021-07-14,30.073501586914062
2021-07-15,29.871826171875
2021-07-16,29.40045166015625
2021-07-19,28.523296356201172
2021-07-20,29.344560623168945
2021-07-21,29.823232650756836
2021-07-22,29.95686912536621
2021-07-23,30.547311782836914
2021-07-26,30.702817916870117
2021-07-27,30.420961380004883
2021-07-28,30.39423179626465
2021-07-29,30.644502639770508
2021-07-30,30.35049819946289
2021-08-02,30.224145889282227
2021-08-03,30.712533950805664
2021-08-04,30.4088134765625
2021-08-05,30.795146942138672
2021-08-06,30.8923397064209
2021-08-09,30.846176147460938
2021-08-10,30.906919479370117
2021-08-11,31.064857482910156
2021-08-12,31.23980140686035
2021-08-13,31.361289978027344
2021-08-16,31.511938095092773
2021-08-17,31.106159210205078
2021-08-18,30.413671493530273
2021-08-19,30.488996505737305
2021-08-20,30.98710060119629
2021-08-23,31.53380584716797
2021-08-24,31.62613296508789
2021-08-25,31.767066955566406
2021-08-26,31.39044761657715
2021-08-27,31.942005157470703
2021-08-30,32.22386169433594
2021-08-31,32.148536682128906
2021-09-01,32.165550231933594
2021-09-02,32.35750198364258
2021-09-03,32.3453483581543
2021-09-07,32.112098693847656
2021-09-08,32.036773681640625
2021-09-09,31.75005340576172
2021-09-10,31.26167106628418
2021-09-13,31.395307540893555
2021-09-14,31.067283630371094
2021-09-15,31.57268524169922
2021-09-16,31.46577262878418
2021-09-17,30.8680419921875
2021-09-20,29.832948684692383
2021-09-21,29.78921890258789
2021-09-22,30.347755432128906
2021-09-23,31.09393310546875
2021-09-24,31.193584442138672
2021-09-27,31.021015167236328
2021-09-28,29.75713348388672
2021-09-29,29.854351043701172
2021-09-30,29.122758865356445
2021-10-01,29.810604095458984
2021-10-04,29.054704666137695
2021-10-05,29.64775848388672
2021-10-06,29.895673751831055
2021-10-07,30.406085968017578
2021-10-08,30.28942108154297
2021-10-11,29.85921287536621
2021-10-12,29.708518981933594
2021-10-13,29.917545318603516
2021-10-14,30.9164981842041
2021-10-15,31.392885208129883
2021-10-18,31.592191696166992
2021-10-19,32.06128692626953
2021-10-20,32.3091926574707
2021-10-21,32.48906707763672
2021-10-22,32.416141510009766
2021-10-25,32.7467041015625
2021-10-26,32.82204055786133
2021-10-27,32.51580047607422
2021-10-28,33.14773941040039
2021-10-29,33.281410217285156
2021-11-01,33.400508880615234
2021-11-02,33.66543960571289
2021-11-03,34.08592987060547
2021-11-04,34.38731384277344
2021-11-05,34.62793731689453
2021-11-08,34.693565368652344
2021-11-09,34.467525482177734
2021-11-10,33.90364456176758
2021-11-11,33.92794418334961
2021-11-12,34.433494567871094
2021-11-15,34.443214416503906
2021-11-16,34.708152770996094
2021-11-17,34.54530334472656
2021-11-18,34.77620315551758
2021-11-19,34.652244567871094
2021-11-22,34.45536422729492
2021-11-23,34.567176818847656
2021-11-24,34.71057891845703
2021-11-26,33.2085075378418
2021-11-29,33.99599838256836
2021-11-30,32.71023941040039
2021-12-01,31.93976593017578
2021-12-02,32.89253616333008
2021-12-03,32.34809112548828
2021-12-06,33.101558685302734
2021-12-07,34.467525482177734
2021-12-08,34.64495086669922
2021-12-09,34.17586135864258
2021-12-10,34.81509780883789
2021-12-13,34.214744567871094
2021-12-14,33.7262077331543
2021-12-15,34.785926818847656
2021-12-16,34.16857147216797
2021-12-17,33.43940353393555
2021-12-20,32.717529296875
2021-12-21,33.8890495300293
2021-12-22,34.559879302978516
2021-12-23,34.98894500732422
2021-12-27,35.97889709472656
2021-12-28,35.92295455932617
2021-12-29,36.01051712036133
2021-12-30,35.81106948852539
2021-12-31,35.601890563964844
2022-01-03,36.02268600463867
2022-01-04,36.00322723388672
2022-01-05,34.633827209472656
2022-01-06,34.55113220214844
2022-01-07,34.290870666503906
2022-01-10,34.196014404296875
2022-01-11,34.79922866821289
2022-01-12,34.99867248535156
2022-01-13,34.028175354003906
2022-01-14,34.04764175415039
2022-01-18,32.86066436767578
2022-01-19,32.16015625
2022-01-20,31.45478057861328
2022-01-21,30.199705123901367
2022-01-24,30.457530975341797
2022-01-25,29.708375930786133
2022-01-26,29.58675765991211
2022-01-27,29.270559310913086
2022-01-28,30.7202205657959
2022-01-31,31.82935905456543
2022-02-01,32.267173767089844
2022-02-02,32.88985061645508
2022-02-03,31.342893600463867
2022-02-04,31.64936637878418
2022-02-07,31.43045997619629
2022-02-08,31.94124984741211
2022-02-09,32.855796813964844
2022-02-10,31.69801902770996
2022-02-11,30.4283390045166
2022-02-14,30.243488311767578
2022-02-15,31.206682205200195
2022-02-16,31.284517288208008
2022-02-17,29.95160675048828
2022-02-18,29.547840118408203
2022-02-22,28.9251651763916
2022-02-23,27.88413429260254
2022-02-24,28.711122512817383
2022-02-25,29.98079490661621
2022-02-28,29.829992294311523
2022-03-01,28.9251651763916
2022-03-02,29.966203689575195
2022-03-03,29.684049606323242
2022-03-04,29.197587966918945
2022-03-07,27.480371475219727
2022-03-08,27.05714225769043
2022-03-09,28.497079849243164
2022-03-10,28.248981475830078
2022-03-11,27.529014587402344
2022-03-14,27.12038803100586
2022-03-15,28.297624588012695
2022-03-16,29.567296981811523
2022-03-17,30.30185890197754
2022-03-18,30.94886016845703
2022-03-21,30.963455200195312
2022-03-22,31.663959503173828
2022-03-23,30.851064682006836
2022-03-24,31.77591323852539
2022-03-25,32.082584381103516
2022-03-28,32.530399322509766
2022-03-29,33.362770080566406
2022-03-30,32.95388412475586
2022-03-31,31.93655014038086
2022-04-01,32.087440490722656
2022-04-04,32.63749313354492
2022-04-05,31.82945442199707
2022-04-06,31.177200317382812
2022-04-07,31.488727569580078
2022-04-08,31.328096389770508
2022-04-11,30.25234603881836
2022-04-12,30.01869773864746
2022-04-13,30.714773178100586
2022-04-14,29.955419540405273
2022-04-18,29.96515655517578
2022-04-19,30.914344787597656
2022-04-20,30.870534896850586
2022-04-21,29.950551986694336
2022-04-22,28.305295944213867
2022-04-25,28.621692657470703
2022-04-26,26.9715633392334
2022-04-27,27.12245750427246
2022-04-28,28.495134353637695
2022-04-29,26.38257598876953
2022-05-02,26.698972702026367
2022-05-03,26.952089309692383
2022-05-04,28.58275032043457
2022-05-05,26.567548751831055
2022-05-06,26.2316837310791
2022-05-09,24.56208038330078
2022-05-10,24.65943717956543
2022-05-11,23.870880126953125
2022-05-12,23.827070236206055
2022-05-13,24.956361770629883
2022-05-16,24.77138900756836
2022-05-17,25.759517669677734
2022-05-18,23.695642471313477
2022-05-19,23.384117126464844
2022-05-20,23.403587341308594
2022-05-23,24.289499282836914
2022-05-24,23.92442512512207
2022-05-25,24.35764503479004
2022-05-26,25.30683708190918
2022-05-27,26.552946090698242
2022-05-31,26.246286392211914
2022-06-01,25.827667236328125
2022-06-02,26.791461944580078
2022-06-03,25.925020217895508
2022-06-06,26.071048736572266
2022-06-07,26.562681198120117
2022-06-08,25.993167877197266
2022-06-09,24.751920700073242
2022-06-10,23.306236267089844
2022-06-13,21.52954864501953
2022-06-14,21.393251419067383
2022-06-15,21.996837615966797
2022-06-16,20.58035659790039
2022-06-17,20.614429473876953
2022-06-21,21.660974502563477
2022-06-22,21.578224182128906
2022-06-23,22.011442184448242
2022-06-24,23.39871597290039
2022-06-27,23.233219146728516
2022-06-28,22.27916145324707
2022-06-29,22.225616455078125
2022-06-30,21.855676651000977
2022-07-01,22.3132381439209
2022-07-05,22.400854110717773
2022-07-06,22.561485290527344
2022-07-07,23.2137508392334
2022-07-08,23.179676055908203
2022-07-11,22.658836364746094
2022-07-12,22.249954223632812
2022-07-13,22.011442184448242
2022-07-14,21.889751434326172
2022-07-15,22.726980209350586
2022-07-18,22.352174758911133
2022-07-19,23.55935287475586
2022-07-20,23.866012573242188
2022-07-21,24.343034744262695
2022-07-22,23.89521598815918
2022-07-25,23.93902587890625
2022-07-26,23.364646911621094
2022-07-27,24.5864200592041
2022-07-28,25.194875717163086
2022-07-29,25.939624786376953
2022-08-01,25.774124145507812
2022-08-02,25.438257217407227
2022-08-03,26.22194480895996
2022-08-04,26.18300437927246
2022-08-05,26.071048736572266
2022-08-08,26.032106399536133
2022-08-09,25.813060760498047
2022-08-10,26.893678665161133
2022-08-11,26.898544311523438
2022-08-12,27.789325714111328
2022-08-15,28.0278377532959
2022-08-16,28.13005828857422
2022-08-17,27.735774993896484
2022-08-18,27.876941680908203
2022-08-19,27.12732696533203
2022-08-22,25.998035430908203
2022-08-23,25.85687255859375
2022-08-24,26.022375106811523
2022-08-25,26.752519607543945
2022-08-26,24.936891555786133
2022-08-29,24.59615707397461
2022-08-30,24.050983428955078
2022-08-31,23.68590545654297
2022-09-01,23.822200775146484
2022-09-02,23.320837020874023
2022-09-06,23.145601272583008
2022-09-07,23.977962493896484
2022-09-08,24.279762268066406
2022-09-09,25.034242630004883
2022-09-12,25.564815521240234
2022-09-13,23.350046157836914
2022-09-14,23.50580596923828
2022-09-15,22.975234985351562
2022-09-16,22.6296329498291
2022-09-19,22.965499877929688
2022-09-20,22.439796447753906
2022-09-21,21.651235580444336
2022-09-22,21.271560668945312
2022-09-23,20.55601692199707
2022-09-26,20.161739349365234
2022-09-27,20.044918060302734
2022-09-28,20.8286075592041
2022-09-29,19.96703338623047
2022-09-30,19.334245681762695
2022-10-03,20.36131477355957
2022-10-04,21.60256004333496
2022-10-05,21.51494789123535
2022-10-06,21.052515029907227
2022-10-07,19.879419326782227
2022-10-10,19.56789207458496
2022-10-11,19.309904098510742
2022-10-12,19.18821144104004
2022-10-13,20.195817947387695
2022-10-14,19.275827407836914
2022-10-17,20.254228591918945
2022-10-18,20.721521377563477
2022-10-19,20.444063186645508
2022-10-20,20.083858489990234
2022-10-21,21.057382583618164
2022-10-24,21.568490982055664
2022-10-25,22.249954223632812
2022-10-26,21.918956756591797
2022-10-27,21.66583824157715
2022-10-28,22.697778701782227
2022-10-31,22.376514434814453
2022-11-01,22.17207145690918
2022-11-02,21.047653198242188
2022-11-03,20.604700088500977
2022-11-04,21.198545455932617
2022-11-07,21.6074275970459
2022-11-08,21.83620834350586
2022-11-09,20.925962448120117
2022-11-10,23.218616485595703
2022-11-11,23.681039810180664
2022-11-14,23.277027130126953
2022-11-15,23.67617416381836
2022-11-16,23.306236267089844
2022-11-17,23.145601272583008
2022-11-18,23.345170974731445
2022-11-21,23.16020393371582
2022-11-22,23.778392791748047
2022-11-23,24.08018684387207
2022-11-25,24.060714721679688
2022-11-28,23.2916316986084
2022-11-29,23.2137508392334
2022-11-30,24.63996696472168
2022-12-01,24.63022804260254
2022-12-02,24.557214736938477
2022-12-05,23.671308517456055
2022-12-06,22.989837646484375
2022-12-07,22.89735221862793
2022-12-08,23.242950439453125
2022-12-09,22.902217864990234
2022-12-12,23.54961395263672
2022-12-13,23.919557571411133
2022-12-14,23.612892150878906
2022-12-15,22.439796447753906
2022-12-16,21.904356002807617
2022-12-19,21.51494789123535
2022-12-20,21.578224182128906
2022-12-21,22.230487823486328
2022-12-22,21.581003189086914
2022-12-23,21.82046890258789
2022-12-27,21.639650344848633
2022-12-28,21.10207748413086
2022-12-29,21.840011596679688
2022-12-30,21.72272491455078
2023-01-03,21.527244567871094
2023-01-04,21.86933708190918
2023-01-05,21.356203079223633
2023-01-06,22.32871437072754
2023-01-09,22.309167861938477
2023-01-10,22.621936798095703
2023-01-11,23.174165725708008
2023-01-12,23.335433959960938
2023-01-13,23.521142959594727
2023-01-17,23.42828941345215
2023-01-18,22.695241928100586
2023-01-19,22.343374252319336
2023-01-20,23.16927719116211
2023-01-23,23.70684814453125
2023-01-24,23.653095245361328
2023-01-25,23.687305450439453
2023-01-26,24.190662384033203
2023-01-27,24.298181533813477
2023-01-30,23.682415008544922
2023-01-31,24.37636947631836
2023-02-01,24.894393920898438
2023-02-02,25.603002548217773
2023-02-03,25.060548782348633
2023-02-06,24.74289321899414
2023-02-07,25.397754669189453
2023-02-08,24.835744857788086
2023-02-09,24.386144638061523
2023-02-10,24.488771438598633
2023-02-13,25.0654354095459
2023-02-14,25.04100227355957
2023-02-15,25.2022705078125
2023-02-16,24.488771438598633
2023-02-17,24.356822967529297
2023-02-21,23.374536514282227
2023-02-22,23.320777893066406
2023-02-23,23.545578002929688
2023-02-24,23.02756118774414
2023-02-27,23.174165725708008
2023-02-28,23.00311851501465
2023-03-01,22.836963653564453
2023-03-02,23.174165725708008
2023-03-03,23.9121036529541
2023-03-06,23.93653678894043
2023-03-07,23.203489303588867
2023-03-08,23.27190589904785
2023-03-09,22.402019500732422
2023-03-10,21.747161865234375
2023-03-13,21.66408348083496
2023-03-14,22.397138595581055
2023-03-15,22.12346076965332
2023-03-16,22.86139488220215
2023-03-17,22.3531494140625
2023-03-20,22.758771896362305
2023-03-21,23.354990005493164
2023-03-22,22.56328773498535
2023-03-23,22.665918350219727
2023-03-24,22.959138870239258
2023-03-27,23.051992416381836
2023-03-28,22.949363708496094
2023-03-29,23.60422134399414
2023-03-30,23.86323356628418
2023-03-31,24.532752990722656
2023-04-03,24.713573455810547
2023-04-04,24.44967269897461
2023-04-05,24.298181533813477
2023-04-06,24.474109649658203
2023-04-10,24.527868270874023
2023-04-11,24.53763771057129
2023-04-12,24.342161178588867
2023-04-13,24.962810516357422
2023-04-14,24.845521926879883
2023-04-17,25.021453857421875
2023-04-18,25.045886993408203
2023-04-19,25.036113739013672
2023-04-20,24.747777938842773
2023-04-21,24.7673282623291
2023-04-24,24.821083068847656
2023-04-25,24.024505615234375
2023-04-26,23.824138641357422
2023-04-27,24.757553100585938
2023-04-28,25.163175582885742
2023-05-01,25.11919593811035
2023-05-02,24.547412872314453
2023-05-03,24.205326080322266
2023-05-04,23.85346221923828
2023-05-05,24.728233337402344
2023-05-08,24.74289321899414
2023-05-09,24.527868270874023
2023-05-10,24.747777938842773
2023-05-11,24.650035858154297
2023-05-12,24.57185173034668
2023-05-15,24.73311996459961
2023-05-16,24.410581588745117
2023-05-17,24.992130279541016
2023-05-18,25.466171264648438
2023-05-19,25.383089065551758
2023-05-22,25.387977600097656
2023-05-23,24.830860137939453
2023-05-24,24.454565048217773
2023-05-25,24.869953155517578
2023-05-26,25.505266189575195
2023-05-30,25.510156631469727
2023-05-31,25.236482620239258
2023-06-01,25.69586181640625
2023-06-02,26.453346252441406
2023-06-05,26.326284408569336
2023-06-06,26.448455810546875
2023-06-07,26.26763916015625
2023-06-08,26.570634841918945
2023-06-09,26.64882469177246
2023-06-12,27.137523651123047
2023-06-13,27.479612350463867
2023-06-14,27.548032760620117
2023-06-15,28.20777702331543
2023-06-16,28.002525329589844
2023-06-20,27.728853225708008
2023-06-21,27.42097282409668
2023-06-22,27.616453170776367
2023-06-23,27.18151092529297
2023-06-26,26.961593627929688
2023-06-27,27.55292320251465
2023-06-28,27.58224105834961
2023-06-29,27.772838592529297
2023-06-30,28.417922973632812
2023-07-03,28.491226196289062
2023-07-05,28.383712768554688
2023-07-06,27.929222106933594
2023-07-07,27.787498474121094
2023-07-10,27.919445037841797
2023-07-11,28.276195526123047
2023-07-12,28.725801467895508
2023-07-13,29.14608383178711
2023-07-14,29.111873626708984
2023-07-17,29.30735206604004
2023-07-18,29.732524871826172
2023-07-19,29.854700088500977
2023-07-20,29.45396614074707
2023-07-21,29.458850860595703
2023-07-24,29.70808982849121
2023-07-25,29.87424659729004
2023-07-26,29.87424659729004
2023-07-27,29.4637393951416
2023-07-28,30.020856857299805
2023-07-31,30.147918701171875
2023-08-01,29.952438354492188
2023-08-02,29.136308670043945
2023-08-03,28.93593978881836
2023-08-04,28.68181610107422
2023-08-07,29.165630340576172
2023-08-08,28.9115047454834
2023-08-09,28.51565933227539
2023-08-10,28.525434494018555
2023-08-11,28.481449127197266
2023-08-14,28.794212341308594
2023-08-15,28.12470245361328
2023-08-16,27.679981231689453
2023-08-17,27.245038986206055
2023-08-18,27.26458740234375
2023-08-21,27.631113052368164
2023-08-22,27.46984100341797
2023-08-23,28.07094383239746
2023-08-24,27.293909072875977
2023-08-25,27.660432815551758
2023-08-28,28.012296676635742
2023-08-29,28.818655014038086
2023-08-30,29.043455123901367
2023-08-31,28.93593978881836
2023-09-01,29.048343658447266
2023-09-05,28.789331436157227
2023-09-06,28.388599395751953
2023-09-07,28.20777702331543
2023-09-08,28.290857315063477
2023-09-11,28.652498245239258
2023-09-12,28.3299560546875
2023-09-13,28.398374557495117
2023-09-14,28.86752700805664
2023-09-15,28.163795471191406
2023-09-18,28.198007583618164
2023-09-19,28.080718994140625
2023-09-20,27.53337287902832
2023-09-21,26.63905143737793
2023-09-22,26.49732780456543
2023-09-25,26.71235466003418
2023-09-26,25.925548553466797
2023-09-27,25.945096969604492
2023-09-28,26.233430862426758
2023-09-29,26.08681869506836
2023-10-02,26.072158813476562
2023-10-03,25.378206253051758
2023-10-04,25.734956741333008
2023-10-05,25.69586181640625
2023-10-06,26.29207420349121
2023-10-09,26.6243896484375
2023-10-10,26.888288497924805
2023-10-11,27.11798095703125
2023-10-12,26.78566551208496
2023-10-13,26.511991500854492
2023-10-16,27.0593318939209
2023-10-17,27.049558639526367
2023-10-18,26.331172943115234
2023-10-19,25.83269500732422
2023-10-20,25.2022705078125
2023-10-23,25.10942268371582
2023-10-24,25.4808349609375
2023-10-25,24.75267219543457
2023-10-26,24.14668083190918
2023-10-27,23.9121036529541
2023-10-30,24.488771438598633
2023-10-31,24.78199005126953
2023-11-01,25.300012588500977
2023-11-02,26.272525787353516
2023-11-03,26.736787796020508
2023-11-06,26.85407829284668
2023-11-07,26.995803833007812
2023-11-08,27.034894943237305
2023-11-09,26.59995460510254
2023-11-10,27.435632705688477
2023-11-13,27.37698745727539
2023-11-14,28.422805786132812
2023-11-15,28.549867630004883
2023-11-16,28.598737716674805
2023-11-17,28.66716194152832
2023-11-20,29.102102279663086
2023-11-21,28.960376739501953
2023-11-22,29.170516967773438
2023-11-24,29.194955825805664
2023-11-27,29.09232521057129
2023-11-28,29.136308670043945
2023-11-29,29.10698890686035
2023-11-30,29.30735206604004
2023-12-01,29.64455795288086
2023-12-04,29.326900482177734
2023-12-05,29.317129135131836
2023-12-06,29.07278060913086
2023-12-07,29.497947692871094
2023-12-08,29.74229621887207
2023-12-11,29.976871490478516
2023-12-12,30.250547409057617
2023-12-13,31.061790466308594
2023-12-14,31.267044067382812
2023-12-15,31.144868850708008
2023-12-18,31.501617431640625
2023-12-19,31.87303352355957
2023-12-20,30.92715072631836
2023-12-21,31.534236907958984
2023-12-22,31.661527633666992
2023-12-26,31.90631675720215
2023-12-27,32.023826599121094
2023-12-28,32.02872085571289
2023-12-29,31.85736083984375
2024-01-02,31.48038101196289
2024-01-03,30.956525802612305
2024-01-04,30.741107940673828
2024-01-05,30.819438934326172
2024-01-08,31.695798873901367
2024-01-09,31.583194732666016
2024-01-10,31.94059181213379
2024-01-11,31.896528244018555
2024-01-12,31.921005249023438
2024-01-16,31.68111228942871
2024-01-17,31.328611373901367
2024-01-18,31.867155075073242
2024-01-19,32.65049362182617
2024-01-22,32.7875862121582
2024-01-23,32.98830795288086
2024-01-24,33.03236770629883
2024-01-25,33.389766693115234
2024-01-26,33.301639556884766
2024-01-29,33.81081008911133
2024-01-30,33.74226760864258
2024-01-31,32.65049362182617
2024-02-01,33.48279571533203
2024-02-02,34.17310333251953
2024-02-05,33.92341232299805
2024-02-06,34.10456466674805
2024-02-07,34.662689208984375
2024-02-08,34.69206237792969
2024-02-09,35.088626861572266
2024-02-12,35.0347785949707
2024-02-13,34.07518768310547
2024-02-14,34.68227005004883
2024-02-15,35.13759231567383
2024-02-16,34.78019332885742
2024-02-20,34.3983154296875
2024-02-21,34.442378997802734
2024-02-22,35.857276916503906
2024-02-23,35.90134048461914
2024-02-26,35.6320686340332
2024-02-27,35.74468231201172
2024-02-28,35.63697052001953
2024-02-29,35.88176345825195
2024-03-01,36.552494049072266
2024-03-04,36.45457458496094
2024-03-05,35.729984283447266
2024-03-06,36.0873908996582
2024-03-07,36.79728698730469
2024-03-08,36.351768493652344
2024-03-11,36.268531799316406
2024-03-12,37.042076110839844
2024-03-13,36.92947006225586
2024-03-14,36.74343490600586
2024-03-15,36.23426818847656
2024-03-18,36.67489242553711
2024-03-19,37.08124542236328
2024-03-20,37.73295211791992
2024-03-21,37.95378112792969
2024-03-22,37.84090805053711
2024-03-25,37.61517333984375
2024-03-26,37.44342041015625
2024-03-27,38.071556091308594
2024-03-28,38.042110443115234
2024-04-01,37.90961456298828
2024-04-02,37.40415954589844
2024-04-03,37.487586975097656
2024-04-04,36.53554153442383
2024-04-05,37.306007385253906
2024-04-08,37.330543518066406
2024-04-09,37.409061431884766
2024-04-10,36.663143157958984
2024-04-11,37.19804000854492
2024-04-12,36.147865295410156
2024-04-15,35.239990234375
2024-04-16,35.11240005493164
2024-04-17,34.6756477355957
2024-04-18,34.513702392578125
2024-04-19,33.915008544921875
2024-04-22,34.513702392578125
2024-04-23,35.35285949707031
2024-04-24,35.308692932128906
2024-04-25,34.99953079223633
2024-04-26,35.68165969848633
2024-04-29,35.91721725463867
2024-04-30,34.77870178222656
2024-05-01,34.54314422607422
2024-05-02,35.1663818359375
2024-05-03,36.04970932006836
2024-05-06,36.78091049194336
2024-05-07,36.854522705078125
2024-05-08,36.859432220458984
2024-05-09,37.25202178955078
2024-05-10,37.359989166259766
2024-05-13,37.359989166259766
2024-05-14,37.6789665222168
2024-05-15,38.60646438598633
2024-05-16,38.424896240234375
2024-05-17,38.54757308959961
2024-05-20,38.621185302734375
2024-05-21,38.797847747802734
2024-05-22,38.557395935058594
2024-05-23,37.98322677612305
2024-05-24,38.488685607910156
2024-05-28,38.523040771484375
2024-05-29,37.97341537475586
2024-05-30,37.4581413269043
2024-05-31,38.115718841552734
2024-06-03,38.174617767333984
2024-06-04,38.24822998046875
2024-06-05,39.17081832885742
2024-06-06,39.15118408203125
2024-06-07,39.02849578857422
2024-06-10,39.26405715942383
2024-06-11,39.44072341918945
2024-06-12,40.09831619262695
2024-06-13,40.235721588134766
2024-06-14,40.26516342163086
2024-06-17,40.898223876953125
2024-06-18,41.09942626953125
2024-06-20,40.85895919799805
2024-06-21,40.68229293823242
2024-06-24,40.446739196777344
2024-06-25,40.780433654785156
2024-06-26,40.87438201904297
2024-06-27,40.98259735107422
2024-06-28,40.628448486328125
2024-07-01,40.80552673339844
2024-07-02,41.33675003051758
2024-07-03,41.68597412109375
2024-07-05,42.17292022705078
2024-07-08,42.2467041015625
2024-07-09,42.32048416137695
2024-07-10,43.1517448425293
2024-07-11,42.38442611694336
2024-07-12,42.9008903503418
2024-07-15,43.1320686340332
2024-07-16,43.64852523803711
2024-07-17,42.40410232543945
2024-07-18,41.7449951171875
2024-07-19,41.1744270324707
2024-07-22,42.020442962646484
2024-07-23,41.87287902832031
2024-07-24,39.95458984375
2024-07-25,39.52666091918945
2024-07-26,40.38251876831055
2024-07-29,40.456302642822266
2024-07-30,40.02345657348633
2024-07-31,41.25804901123047
2024-08-01,40.14149856567383
2024-08-02,38.6314582824707
2024-08-05,36.35902404785156
2024-08-06,37.03779983520508
2024-08-07,36.516414642333984
2024-08-08,38.1986198425293
2024-08-09,38.52324295043945
2024-08-12,38.547847747802734
2024-08-13,39.82670593261719
2024-08-14,40.0726432800293
2024-08-15,41.440040588378906
2024-08-16,41.58267593383789
2024-08-19,42.37458801269531
2024-08-20,42.23194885253906
2024-08-21,42.53199005126953
2024-08-22,41.84337615966797
2024-08-23,42.69921875
2024-08-26,42.48772048950195
2024-08-27,42.605770111083984
2024-08-28,42.10898208618164
2024-08-29,42.08930587768555
2024-08-30,42.866458892822266
2024-09-03,41.105560302734375
2024-09-04,40.9088134765625
2024-09-05,40.712066650390625
2024-09-06,39.339752197265625
2024-09-09,40.19068908691406
2024-09-10,40.539920806884766
2024-09-11,41.346580505371094
2024-09-12,42.054874420166016
2024-09-13,42.463130950927734
2024-09-16,42.59592819213867
2024-09-17,42.625450134277344
2024-09-18,42.34507369995117
2024-09-19,43.791175842285156
2024-09-20,43.594425201416016
2024-09-23,43.8206901550293
2024-09-24,44.071537017822266
2024-09-25,43.87194061279297
2024-09-26,44.21200180053711
2024-09-27,44.0592155456543
2024-09-30,44.43870162963867
2024-10-01,43.61073684692383
2024-10-02,43.630455017089844
2024-10-03,43.46781921386719
2024-10-04,44.22677993774414
2024-10-07,43.44318389892578
2024-10-08,44.2415657043457
2024-10-09,44.83789825439453
2024-10-10,44.69004440307617
2024-10-11,45.177947998046875
2024-10-14,45.922122955322266
2024-10-15,45.20259094238281
2024-10-16,45.58207321166992
2024-10-17,45.577144622802734
2024-10-18,45.912269592285156
2024-10-21,45.769344329833984
2024-10-22,45.700347900390625
2024-10-23,44.84775161743164
2024-10-24,45.035030364990234
2024-10-25,45.000526428222656
2024-10-28,45.25680160522461
2024-10-29,45.394798278808594
2024-10-30,45.108951568603516
2024-10-31,43.329830169677734
2024-11-01,43.67973709106445
2024-11-04,43.492462158203125
2024-11-05,44.53234100341797
2024-11-06,46.740234375
2024-11-07,47.454833984375
2024-11-08,47.849098205566406
2024-11-11,47.9181022644043
2024-11-12,47.61254119873047
2024-11-13,47.66182327270508
2024-11-14,47.031002044677734
2024-11-15,45.79891586303711
2024-11-18,46.183326721191406
2024-11-19,46.493812561035156
2024-11-20,46.52831268310547
2024-11-21,47.0063591003418
2024-11-22,47.27248764038086
2024-11-25,47.582969665527344
2024-11-26,48.10044860839844
2024-11-27,47.77024841308594
2024-11-29,48.33208084106445
2024-12-02,48.51443099975586
2024-12-03,48.5390625
2024-12-04,49.13539505004883
2024-12-05,48.97275924682617
2024-12-06,49.15018081665039
2024-12-09,48.62285232543945
2024-12-10,48.33208084106445
2024-12-11,49.05653762817383
2024-12-12,48.5390625
2024-12-13,48.50457000732422
2024-12-16,48.89883804321289
2024-12-17,48.47499465942383
2024-12-18,45.68063735961914
2024-12-19,45.5525016784668
2024-12-20,46.58744812011719
2024-12-23,47.17791748046875
2024-12-24,48.176029205322266
2024-12-26,48.18590545654297
2024-12-27,47.15814971923828
2024-12-30,46.07110595703125
2024-12-31,45.71040344238281
2025-01-02,45.46828842163086
2025-01-03,46.584983825683594
2025-01-06,47.138389587402344
2025-01-07,46.076045989990234
2025-01-08,46.16004180908203
2025-01-10,44.74687576293945
2025-01-13,44.88522720336914
2025-01-14,44.993934631347656
2025-01-15,46.619571685791016
2025-01-16,46.44168472290039
2025-01-17,47.32615280151367
2025-01-21,48.18590545654297
2025-01-22,48.70966720581055
2025-01-23,49.248252868652344
2025-01-24,48.9419059753418
2025-01-27,47.553443908691406
2025-01-28,48.35390853881836
2025-01-29,47.91908645629883
2025-01-30,48.41320037841797
2025-01-31,47.874610900878906
2025-02-03,47.22238540649414
2025-02-04,47.85485076904297
2025-02-05,48.23038101196289
2025-02-06,48.561431884765625
2025-02-07,47.652259826660156
2025-02-10,48.284732818603516
2025-02-11,48.33908462524414
2025-02-12,48.04261779785156
2025-02-13,49.04566192626953
2025-02-14,49.016014099121094
2025-02-18,49.2729606628418
2025-02-19,49.51507568359375
2025-02-20,49.09507369995117
2025-02-21,47.39532470703125
2025-02-24,46.9456901550293
2025-02-25,46.47134017944336
2025-02-26,46.4911003112793
2025-02-27,45.01864242553711
2025-02-28,46.38239669799805
2025-03-03,44.791351318359375
2025-03-04,43.694419860839844
2025-03-05,44.63323211669922
2025-03-06,43.0570182800293
2025-03-07,43.47700881958008
2025-03-10,41.179386138916016
2025-03-11,40.49750900268555
2025-03-12,40.902679443359375
2025-03-13,39.810691833496094
2025-03-14,41.41655349731445
2025-03-17,42.03913879394531
2025-03-18,41.14973831176758
2025-03-19,42.01443099975586
2025-03-20,41.80690383911133
2025-03-21,41.797019958496094
2025-03-24,43.26948165893555
2025-03-25,43.45724105834961
2025-03-26,42.450321197509766
2025-03-27,42.18794250488281
2025-03-28,40.4948844909668
2025-03-31,40.98003005981445
2025-04-01,41.242401123046875
2025-04-02,41.75230026245117
2025-04-03,37.77212142944336
2025-04-04,33.25233459472656
2025-04-07,33.118675231933594
2025-04-08,32.079078674316406
2025-04-09,38.09389877319336
2025-04-10,35.425594329833984
2025-04-11,36.638465881347656
2025-04-14,37.35132598876953
2025-04-15,37.163211822509766
2025-04-16,35.499855041503906
2025-04-17,35.569156646728516
2025-04-21,33.881046295166016
2025-04-22,35.593910217285156
2025-04-23,36.7176628112793
2025-04-24,38.24241256713867
2025-04-25,38.777069091796875
2025-04-28,38.826568603515625
2025-04-29,39.28201675415039
2025-04-30,39.29191970825195
2025-05-01,39.87112045288086
2025-05-02,41.014678955078125
2025-05-05,40.56913757324219
2025-05-06,39.8859748840332
2025-05-07,40.22755813598633
2025-05-08,40.7523078918457
2025-05-09,40.63844680786133
2025-05-12,43.30179977416992
2025-05-13,43.89091110229492
2025-05-14,43.980010986328125
2025-05-15,44.40575408935547
2025-05-16,44.955257415771484
2025-05-19,45.06416702270508
2025-05-20,44.72753143310547
2025-05-21,43.23249435424805
2025-05-22,43.23744583129883
2025-05-23,42.638431549072266
2025-05-27,44.39090347290039
2025-05-28,43.87605285644531
2025-05-29,44.202789306640625
2025-05-30,44.09387969970703
2025-06-02,44.574073791503906
2025-06-03,45.0938720703125
2025-06-04,45.04931640625
2025-06-05,44.5839729309082
2025-06-06,45.49485778808594
2025-06-09,45.56416702270508
2025-06-10,46.08892059326172
2025-06-11,45.826541900634766
2025-06-12,46.16317367553711
2025-06-13,45.11862564086914
2025-06-16,45.98000717163086
2025-06-17,45.187931060791016
2025-06-18,45.158226013183594
2025-06-20,44.910709381103516
2025-06-23,45.79188919067383
2025-06-24,46.801788330078125
2025-06-25,46.853878021240234
2025-06-26,47.58814239501953
2025-06-27,47.99496078491211
2025-06-30,48.481163024902344
2025-07-01,48.416664123535156
2025-07-02,48.85325622558594
2025-07-03,49.582557678222656
2025-07-07,48.873104095458984
2025-07-08,48.788761138916016
2025-07-09,49.36426544189453
2025-07-10,49.647056579589844
2025-07-11,49.26007843017578
2025-07-14,49.433719635009766
2025-07-15,48.997135162353516
2025-07-16,49.329532623291016
2025-07-17,49.93976974487305
2025-07-18,49.84054183959961
2025-07-21,50.01914596557617
2025-07-22,50.02906799316406
2025-07-23,50.867515563964844
2025-07-24,50.912166595458984
2025-07-25,51.29418182373047
2025-07-28,51.2644157409668
2025-07-29,50.98162841796875
2025-07-30,50.867515563964844
2025-07-31,50.4458122253418
2025-08-01,48.77387237548828
2025-08-04,50.242401123046875
2025-08-05,49.751243591308594
2025-08-06,50.48054122924805
2025-08-07,50.41108322143555
2025-08-08,51.150306701660156
2025-08-11,50.94193649291992
2025-08-12,52.02348327636719
2025-08-13,52.38069534301758
2025-08-14,52.38069534301758
2025-08-15,52.12270736694336
2025-08-18,52.07805633544922
2025-08-19,51.49263000488281
2025-08-20,51.214805603027344
2025-08-21,50.80302429199219
2025-08-22,52.32612228393555
2025-08-25,51.86968994140625
2025-08-26,52.28643035888672
2025-08-27,52.52457046508789
2025-08-28,52.87681579589844
2025-08-29,52.23185348510742
2025-09-02,51.443023681640625
2025-09-03,51.968910217285156
2025-09-04,52.827205657958984
2025-09-05,52.51960754394531
2025-09-08,52.767669677734375
2025-09-09,53.01076889038086
2025-09-10,53.31340408325195
2025-09-11,54.176658630371094
2025-09-12,54.11216354370117
2025-09-15,54.68766403198242
2025-09-16,54.52394485473633
2025-09-17,54.385032653808594
2025-09-18,54.9010009765625
2025-09-19,55.39216232299805
2025-09-22,55.918052673339844
2025-09-23,55.327667236328125
2025-09-24,54.93407440185547
2025-09-25,54.422203063964844
2025-09-26,55.0185546875
2025-09-29,55.32170104980469
2025-09-30,55.7242431640625
2025-10-01,56.11684036254883
2025-10-02,56.21623229980469
2025-10-03,56.20132064819336
2025-10-06,56.588951110839844
2025-10-07,56.17150115966797
2025-10-08,56.8225212097168
2025-10-09,56.489559173583984
2025-10-10,53.418338775634766
2025-10-13,55.03843688964844
2025-10-14,54.89928436279297
2025-10-15,55.36145782470703
2025-10-16,54.62099075317383
2025-10-17,55.19746017456055
2025-10-20,56.35041046142578
2025-10-21,56.3255615234375
2025-10-22,55.754058837890625
2025-10-23,56.365318298339844
2025-10-24,57.26979064941406
2025-10-27,58.626495361328125
2025-10-28,58.92964172363281
2025-10-29,58.96442794799805
2025-10-30,57.697174072265625
2025-10-31,58.02517318725586
2025-11-03,58.25873947143555
2025-11-04,56.88216018676758
2025-11-05,57.21512222290039
2025-11-06,55.977691650390625
2025-11-07,56.072113037109375
2025-11-10,57.80650329589844
2025-11-11,58.06989669799805
2025-11-12,58.12953186035156
2025-11-13,56.20132064819336
2025-11-14,56.15162658691406
2025-11-17,55.09807205200195
2025-11-18,54.17372131347656
2025-11-19,54.56135177612305
2025-11-20,52.886592864990234
2025-11-21,53.93021011352539
2025-11-24,55.52048873901367
2025-11-25,56.55416488647461
2025-11-26,57.29961013793945
2025-11-28,57.90589904785156
2025-12-01,57.37911605834961
2025-12-02,57.57790756225586
2025-12-03,57.95559310913086
2025-12-04,58.054988861083984
2025-12-05,58.22395324707031
2025-12-08,57.87607955932617
2025-12-09,57.78662872314453
2025-12-10,58.51219177246094
2025-12-11,58.790489196777344
2025-12-12,57.48845291137695
2025-12-15,57.319480895996094
2025-12-16,56.99148941040039
2025-12-17,55.719268798828125
2025-12-18,56.55416488647461
2025-12-19,57.55802536010742
2025-12-22,58.27365493774414
2025-12-23,58.77061080932617
2025-12-24,59.17493438720703
2025-12-26,59.135101318359375
2025-12-29,58.71683120727539
2025-12-30,58.557491302490234
2025-12-31,57.681121826171875
2026-01-02,57.86037826538086
2026-01-05,58.63716125488281
2026-01-06,59.32431411743164
2026-01-07,58.9359245300293
2026-01-08,58.886131286621094
2026-01-09,59.652957916259766
2026-01-12,59.832218170166016
2026-01-13,59.57328414916992
2026-01-14,59.015594482421875
2026-01-15,59.29444122314453
2026-01-16,59.17493438720703
2026-01-20,56.75495910644531
2026-01-21,58.039634704589844
2026-01-22,58.63716125488281
2026-01-23,58.657081604003906
2026-01-26,59.26456069946289
2026-01-27,59.74258804321289
2026-01-28,59.70275115966797
2026-01-29,59.43386459350586
2026-01-30,59.04547119140625
2026-02-02,59.66291427612305
2026-02-03,58.627201080322266
2026-02-04,58.039634704589844
2026-02-05,56.57570266723633
2026-02-06,58.76662826538086
2026-02-09,59.284481048583984
2026-02-10,58.97576141357422
2026-02-11,58.94588088989258
2026-02-12,57.12343215942383
2026-02-13,57.13338851928711
2026-02-17,57.31264877319336
2026-02-18,57.8902587890625
2026-02-19,57.58153533935547
2026-02-20,58.39815139770508
2026-02-23,57.19314193725586
2026-02-24,58.02967834472656
2026-02-25,58.97576141357422
2026-02-26,58.3184814453125
2026-02-27,57.770751953125
2026-03-02,57.79066467285156
2026-03-03,56.76491928100586
2026-03-04,57.57157516479492
2026-03-05,56.924259185791016
2026-03-06,55.39060592651367
2026-03-09,56.3665657043457
2026-03-10,56.137516021728516
2026-03-11,56.018009185791016
2026-03-12,54.285186767578125
2026-03-13,53.65778732299805
2026-03-16,54.72337341308594
2026-03-17,55.022132873535156
2026-03-18,53.50840377807617
2026-03-19,53.19968032836914
2026-03-20,51.6461181640625
2026-03-23,52.7415771484375
2026-03-24,52.37310791015625
2026-03-25,52.93600082397461
2026-03-26,51.05968475341797
2026-03-27,49.28317642211914
2026-03-30,48.963802337646484
2026-03-31,51.77827453613281
2026-04-01,52.5467643737793
2026-04-02,52.63658905029297
2026-04-06,53.11564636230469
2026-04-07,53.14558792114258
2026-04-08,55.8303108215332
2026-04-09,56.47903823852539
2026-04-10,56.3692512512207
2026-04-13,57.467098236083984
2026-04-14,58.874332427978516
2026-04-15,59.78254699707031
2026-04-16,60.0620002746582
2026-04-17,61.49917221069336
2026-04-20,61.249664306640625
2026-04-21,60.46121597290039
2026-04-22,61.65885925292969
2026-04-23,61.18978500366211
2026-04-24,62.088016510009766
2026-04-27,62.297603607177734
2026-04-28,61.6788215637207
2026-04-29,61.66884231567383
2026-04-30,62.8365478515625
2026-05-01,63.18586349487305
2026-05-04,62.73674392700195
2026-05-05,63.70484161376953
2026-05-06,65.48135375976562
2026-05-07,65.05219268798828
2026-05-08,66.09015655517578
2026-05-11,66.37958526611328
2026-05-12,66.19994354248047
2026-05-13,66.92850494384766
2026-05-14,67.96646881103516
2026-05-15,66.29974365234375
2026-05-18,66.17997741699219
2026-05-19,65.32166290283203
2026-05-20,66.6590347290039
2026-05-21,66.89856719970703
2026-05-22,67.37762451171875
2026-05-26,68.25589752197266
2026-05-27,68.24591827392578
2026-05-28,68.9844741821289
2026-05-29,69.30384063720703
2026-06-01,69.64317321777344
2026-06-02,69.83280181884766
2026-06-03,68.85472106933594
2026-06-04,69.33378601074219
2026-06-05,65.7308578491211
2026-06-08,66.04025268554688
2026-06-09,65.66099548339844
2026-06-10,63.5451545715332
2026-06-11,65.70092010498047
2026-06-12,66.37958526611328
2026-06-15,68.68505859375
2026-06-16,67.90658569335938
2026-06-17,66.21990203857422
2026-06-18,67.47743225097656
2026-06-22,67.06822967529297
2026-06-23,65.1520004272461
2026-06-24,65.05999755859375
2026-06-25,65.05000305175781
2026-06-26,64.41999816894531
2026-06-29,66.3499984741211
2026-06-30,67.37999725341797
2026-07-01,67.20999908447266
2026-07-02,67.0
2026-07-06,68.16000366210938
2026-07-07,67.48999786376953
2026-07-08,67.02999877929688
2026-07-09,68.16999816894531
2026-07-10,68.72000122070312
2026-07-13,67.66999816894531
2026-07-14,68.1500015258789
2026-07-15,68.66000366210938
2026-07-16,67.94999694824219
2026-07-17,66.5199966430664
2026-07-20,66.33000183105469
2026-07-21,67.44000244140625
2026-07-22,67.2699966430664
